x1,y1,z1,x2,y2,z2,x3,y3,z3,x4,y4,z4,x5,y5,z5,x6,y6,z6,x7,y7,z7,x8,y8,z8,x9,y9,z9,x10,y10,z10,x11,y11,z11,x12,y12,z12,x13,y13,z13,x14,y14,z14,x15,y15,z15,x16,y16,z16,x17,y17,z17,x18,y18,z18,x19,y19,z19,x20,y20,z20,x21,y21,z21
0.0,0.0,0.0,-0.2055489468600361,-0.16542159326390568,-0.08913665258230266,-0.37454735146442597,-0.41740221099056574,-0.11059023989614844,-0.454222602172196,-0.6782234598491446,-0.13602586834060842,-0.43091731060073524,-0.8923092934995551,-0.13432003494671693,-0.29841333707901485,-0.6691537575481328,0.09587826859755463,-0.3095660138090227,-0.870808860097406,-0.017293449941177964,-0.28032649843911117,-0.6673598503091089,-0.0865873979113548,-0.266083817263034,-0.5480914149947047,-0.11014403745269824,-0.17352802253096103,-0.6942612181012779,0.1060678380260121,-0.17922741674421852,-0.8864135033796892,-0.022468715062418133,-0.15202862181169946,-0.6432151334000036,-0.07309544171360466,-0.15539046943496732,-0.5485873549643443,-0.06771517141176575,-0.045170328340687224,-0.6900789067772344,0.08440990191169329,-0.03677902821551504,-0.8532361140531405,-0.041501839219531246,-0.028172783172272564,-0.6406075202968823,-0.03914268401637523,-0.04404870702794744,-0.5469604331104905,0.004343941182560313,0.08042819447095162,-0.6769136028100429,0.054035043530495847,0.09794585047882495,-0.8263796511263299,-0.006548764270200881,0.08376996576638476,-0.6783415937011708,0.01042249540423121,0.06382012739180568,-0.5895406608883207,0.04749221852492087
0.0,0.0,0.0,-0.20454617574422118,-0.1652591277606828,-0.09002321612272265,-0.3728195513219609,-0.4123801802513979,-0.11463325972129576,-0.45177690885962085,-0.6738001755299987,-0.14325078473214126,-0.4311013061103093,-0.8904996758251218,-0.14497866747252663,-0.29718209057709616,-0.6663475231628032,0.0894158968379789,-0.30782509652806034,-0.8672058142364509,-0.025928797190498617,-0.28028712344081086,-0.6695388177077414,-0.09628529977669886,-0.2673289433057666,-0.5479988843510437,-0.12049115616647768,-0.1724136487988343,-0.6914472350971557,0.09857825960981458,-0.17910966962739305,-0.8832038761962385,-0.031410698961820444,-0.15220813916340886,-0.6450459758999662,-0.08208457376166424,-0.155635317587415,-0.5483333148326506,-0.07714333425041553,-0.04462709256824532,-0.6867351854888097,0.07596067042747945,-0.03671212911605226,-0.8498655565007935,-0.05171776342775353,-0.027725844232692937,-0.6422067738808206,-0.05020880861864717,-0.044216522488963184,-0.5462892007614724,-0.007425843361549334,0.08008915601677793,-0.6737517076015833,0.04455233945356238,0.09909444636092718,-0.8243478383077956,-0.019113004780396542,0.08463110747751545,-0.6819987628331858,-0.004190312993456309,0.06269288715053847,-0.5924129961321429,0.03161820773623582
0.0,0.0,0.0,-0.20594211545675914,-0.16070956335337755,-0.0962893934479825,-0.3760856114552149,-0.4101465250541743,-0.12178672907628565,-0.4548944854436772,-0.6710007682447955,-0.15022042671722824,-0.436448207108765,-0.8867911120446332,-0.1515182768581252,-0.30681752027928355,-0.6722965096441558,0.09032975927518096,-0.3133520487331504,-0.8683569087375276,-0.030682212221471272,-0.2809343453512217,-0.6616787304076595,-0.10571382777994019,-0.26688648898190903,-0.5400298472659468,-0.13199413492320342,-0.18032224888538204,-0.695965812268567,0.10226773312891566,-0.1830562931479166,-0.8815848220841926,-0.034504717702189415,-0.15163932076162273,-0.633806752523163,-0.08942413850497923,-0.15689167880059868,-0.5410928651742608,-0.08528710636489234,-0.050120069117160465,-0.6915926989851481,0.08147360469270573,-0.0391396616571282,-0.8470962942752565,-0.0527791673897865,-0.026764013005845598,-0.6286555691731126,-0.050980722444656804,-0.044753539688209394,-0.5385766427251335,-0.0057392894193076995,0.0759716983043385,-0.6785660586846269,0.05155860915027863,0.09493140050222201,-0.8202582871576145,-0.014256860791420738,0.08316485195785116,-0.6663310871994814,0.003497097647045468,0.06215829380232533,-0.5795408014645547,0.04258862466427045
0.0,0.0,0.0,-0.20077531227280387,-0.15500407765698432,-0.09554945754905636,-0.37173488609499294,-0.41134189038916674,-0.11907407143671447,-0.45276350257400366,-0.6744438818880987,-0.14557367915585886,-0.4354035041982822,-0.8884585547099954,-0.14469414503011926,-0.29989903232594,-0.6732870160904338,0.08740054362536491,-0.3102111388758683,-0.8756735714931667,-0.029653637190414014,-0.2767837109344521,-0.6644387094765889,-0.09990617851845421,-0.2620019444597004,-0.539106510492364,-0.12331811159911367,-0.1743267057435706,-0.7001824636100212,0.10031831359540566,-0.1784589362650735,-0.8837494462540814,-0.029972340117811212,-0.14973689189721184,-0.6310471885258674,-0.07843713754386057,-0.15515909289233532,-0.5375457355446147,-0.07152321539601583,-0.045581744257392164,-0.6958936742854692,0.08089019598386656,-0.0352216122590638,-0.8578250091602164,-0.046402800795442026,-0.02619064742585263,-0.6373526801441469,-0.0384587824188906,-0.04230445441451252,-0.545522856579185,0.008895072009522168,0.07979352837421812,-0.678700752332644,0.051886045066845826,0.09816952411538205,-0.8264161224733554,-0.009336419857831065,0.08318297710898148,-0.672260622097207,0.011291823449047495,0.0624537330038461,-0.5849182593963412,0.05122791790891246
0.0,0.0,0.0,-0.19945459523807718,-0.1562860249797915,-0.0918765148125878,-0.370553891088215,-0.41124800268516803,-0.11423889197510596,-0.4518739266304449,-0.6766759936049331,-0.14016620958525222,-0.4342565287218209,-0.8899509033071683,-0.13895233417248834,-0.29786974991931436,-0.6690263020598589,0.08763755144227493,-0.3082388204833836,-0.873608615304927,-0.02561181151286353,-0.27522024724374494,-0.6626485780480535,-0.09328134147694378,-0.2601241651976156,-0.5371014703804312,-0.11564628666594039,-0.17353487417976293,-0.6965585283947937,0.09923667997325489,-0.17831120279693644,-0.8819806333882702,-0.026149839659498533,-0.1501914320375913,-0.631321396911054,-0.07185932014059643,-0.15373884328445148,-0.5349746239620339,-0.06458957243230466,-0.04655130350006778,-0.6916619754630873,0.07922521311634123,-0.03671113042872601,-0.8572272640034032,-0.043285250919584184,-0.028488153493491514,-0.6399968442046913,-0.033302012449751436,-0.04241394018941978,-0.543871828779549,0.014030558329358844,0.07785105451396482,-0.6723126364304779,0.04983302761818226,0.09494199149748223,-0.8286143417740626,-0.008166718780822433,0.07974365537031095,-0.6790627954239605,0.013805321637569513,0.0605439093686333,-0.5887135989496424,0.053757868079295064
0.0,0.0,0.0,-0.19987644027516321,-0.15320857469560928,-0.094567821606604,-0.37211737742455403,-0.41089576696506924,-0.11730317403604326,-0.4545854110548959,-0.6761658017981811,-0.1428157072611404,-0.43595989582058414,-0.8887772803403953,-0.14125815596186592,-0.2990609465477921,-0.6661646306462803,0.08273579777703557,-0.3097153678878236,-0.8762701994220021,-0.032455686912065254,-0.2764443642170594,-0.6655585807194433,-0.10230141778854615,-0.2609274746110244,-0.5341701447077696,-0.12556032155766025,-0.17460503438757496,-0.6938694348350598,0.09660042764740981,-0.17827525018446438,-0.8813618928981032,-0.03126493649543687,-0.14940021378647012,-0.6318517678628628,-0.0802136596765223,-0.1540630418307067,-0.5295477585845684,-0.07471998698893183,-0.04790488779252175,-0.6918323489349585,0.07919532954764194,-0.038583519043758945,-0.8587815095368372,-0.04419362551226396,-0.0293307145949296,-0.6411738968432519,-0.03612821895528387,-0.044162082873978485,-0.5412027795103405,0.010298083795619594,0.07481286328287295,-0.6754639176216104,0.052258356283445495,0.09253453199885514,-0.8326545828626213,-0.006537412540030176,0.07874347039765428,-0.6825173159122836,0.014444601266680516,0.05969946097531355,-0.5891645938351384,0.05407103114533627
0.0,0.0,0.0,-0.19935749696889055,-0.15774669457089102,-0.08348562924641753,-0.37048934084221163,-0.41552732835402634,-0.1044351278609125,-0.45339430874737097,-0.6816109927228434,-0.12965986607738156,-0.43112020739432094,-0.8928831971565407,-0.12914285533895942,-0.29103058657242037,-0.6597098448906799,0.07622080019300963,-0.3040816559697553,-0.8791350002966705,-0.030381092707133506,-0.2774064908616274,-0.6723827877829831,-0.09314410840097637,-0.26273794442899323,-0.5393962974230342,-0.11379709495190958,-0.16736342291970904,-0.6878463218582771,0.08544397452997451,-0.17204476722387319,-0.8842328242816643,-0.02929043969059193,-0.15026006388863314,-0.6422312728407102,-0.07001988418764529,-0.1528791767167077,-0.5387660580975172,-0.0639240752860805,-0.04147213944985263,-0.6846295140174898,0.06597233938477612,-0.034239933444085366,-0.8650773162660329,-0.04436424998191303,-0.029648793116077682,-0.6550986553385212,-0.030768528726419678,-0.04104387793694313,-0.5502278182405654,0.014069353804752466,0.08091961180766458,-0.6646846358649815,0.03768635734281968,0.0960947857548147,-0.8362869104573895,-0.013838434333548411,0.08023412280376219,-0.6935903332421566,0.00995883854724262,0.0638132237323758,-0.5972544248151899,0.048386160092288175
0.0,0.0,0.0,-0.20063276597291316,-0.1601598800618227,-0.07976918119440662,-0.3712057349294904,-0.4163252262941238,-0.10125708790909715,-0.45390943249121896,-0.6821765556329169,-0.12746056381091836,-0.42994118347465404,-0.8936268434187542,-0.12833748000449902,-0.29014167504372335,-0.6556679883597093,0.07122553016303299,-0.3055483536991546,-0.8806136032538832,-0.03223308864907368,-0.2808571948335161,-0.6788416313986316,-0.0928804954804372,-0.2654111394716382,-0.5417955486278276,-0.11272921783073231,-0.16584398828688485,-0.6837374934300131,0.0788130645826821,-0.1730737426666204,-0.8860818212006247,-0.03146459705053165,-0.152938820203079,-0.6509664538718037,-0.07035293175183205,-0.1531755526485074,-0.5424157743473117,-0.06467923147980718,-0.04005972158361465,-0.6795115408691997,0.058895307401068006,-0.03523358880072874,-0.8677209858388204,-0.04642984984361072,-0.03233777730875037,-0.665782656426922,-0.03280114875352713,-0.042055750045480116,-0.5546493369989698,0.010156505836749586,0.08168810641525351,-0.6581829341191279,0.030442285572642017,0.09668480720407245,-0.8369253922671628,-0.01953402175948193,0.07957791647607851,-0.7020984804109225,0.003223432066211236,0.0630251899426825,-0.6021731117301821,0.04003282872244056
0.0,0.0,0.0,-0.19958575429833547,-0.16062097313720206,-0.08348490237263685,-0.3711136745865513,-0.41501145834090436,-0.1046916661913237,-0.4552875890881116,-0.6814929362611417,-0.13024794838872916,-0.43175176696089684,-0.8925663103574826,-0.1298214956988507,-0.2915467283038651,-0.6603541260124268,0.07760474959579375,-0.30733996017797155,-0.8769063344787948,-0.025396392554988254,-0.2830489742959793,-0.6722578484132335,-0.08577248376769109,-0.26763194184779504,-0.5430377339663996,-0.10565796518612292,-0.1676983591834877,-0.688891690089484,0.08678914276944581,-0.17707601148939267,-0.8850242176430698,-0.026012696047771483,-0.1580168452332465,-0.6476722810891636,-0.06605565049690018,-0.1568432309397057,-0.5440663552275079,-0.059774084290938695,-0.0426872524257155,-0.6841372829992027,0.06731885430590492,-0.03781742114408181,-0.8657408309963311,-0.041772315204865414,-0.036695949180896796,-0.6628994043273825,-0.03021187774010691,-0.046364420519437725,-0.5556110344595637,0.013024934811027372,0.07950296467704056,-0.6626983496584178,0.039035097110506345,0.09448287232047489,-0.8346746211888219,-0.013248836197405947,0.07574965004174634,-0.6981424546821193,0.00759628103546022,0.05878963065209256,-0.600624482862546,0.04395759461804186
0.0,0.0,0.0,-0.1976341956823249,-0.15817071826850465,-0.09239361245248884,-0.3734715833178064,-0.4144934548397915,-0.11600024323670632,-0.45882992995861094,-0.6802112880673494,-0.1420081611692171,-0.43065510333814605,-0.8914099847929138,-0.14062066975503995,-0.29881616654206133,-0.6626543965162782,0.07379160683985911,-0.31208324871390386,-0.8735532983280282,-0.03451786671540953,-0.2826425160117285,-0.661444681029683,-0.09675580900740366,-0.26879158786891966,-0.5399766902234968,-0.11750222068002872,-0.17389300082411915,-0.6908626784711857,0.08696224681645576,-0.18060050996388521,-0.8798743900360688,-0.03298378775535954,-0.15799969527088512,-0.6347763531943176,-0.07431239159552316,-0.16223475174400961,-0.5436087991518789,-0.06727012689111203,-0.04618409611865375,-0.6875053303885168,0.07012564229340619,-0.0399078706985901,-0.8607804551157856,-0.04453301685713737,-0.03660616815812463,-0.6514574796949231,-0.03109397250778304,-0.05190041792242314,-0.5584929083863404,0.014525578062397189,0.07675916965199626,-0.6688680313001236,0.043589154955324616,0.0931050786422771,-0.829926725135101,-0.009644688322856242,0.07597412375483412,-0.6864866665570403,0.012810650546015552,0.05586403877986744,-0.5971672422539841,0.050529625191257324
0.0,0.0,0.0,-0.19757762796471434,-0.15592441878982927,-0.0926767176713933,-0.3724153812466343,-0.41470234618590013,-0.11676152016949287,-0.45832269419826244,-0.680373697517771,-0.14272870515228553,-0.43020739310260403,-0.8914334023517176,-0.14209360802841167,-0.29649131054867817,-0.6654983693274721,0.06615621705225921,-0.31022597805346724,-0.879349421786967,-0.0414131013531895,-0.2787586160729163,-0.6676830782622426,-0.1029432198941104,-0.2624892688052548,-0.5357475524026992,-0.12267066270840744,-0.16987695930465424,-0.6945136009457225,0.08059237663908661,-0.1756590762186147,-0.8839296308990419,-0.03677183910423309,-0.15204866067438155,-0.6346654028734469,-0.07676822149739558,-0.15507009076230405,-0.5316855032441758,-0.0692020246940237,-0.04147659472251006,-0.6910851078063271,0.06613706140980816,-0.03452397233431606,-0.8659695496649569,-0.04596760101856219,-0.0311904708934059,-0.6506810441731368,-0.030561923165941154,-0.044329272446649165,-0.5466186752974294,0.01624272038922921,0.08050272706204425,-0.6681973753745667,0.04212544552520002,0.09749304261042166,-0.8306850823100791,-0.010203337774479022,0.08034611783596712,-0.6843353712983348,0.013839518838428738,0.06150428301117844,-0.5901796990345989,0.05299127726750168
0.0,0.0,0.0,-0.19661889367023727,-0.15501621366572185,-0.09195507903475209,-0.3707226372143589,-0.4137864952297273,-0.11672862174152665,-0.45859960160624136,-0.6794889802362606,-0.14348035206970516,-0.43288107240456375,-0.8898317112102847,-0.14408701505298221,-0.29428974242460304,-0.6658302684558354,0.06154537276393123,-0.3076276924829092,-0.8822193646811496,-0.04495591709325611,-0.27623347809756016,-0.6707135525126495,-0.10502868382294372,-0.2592894556159968,-0.5335811676383405,-0.12362155693640636,-0.16760538738341235,-0.6959493781773805,0.07580864571605314,-0.17237743101070235,-0.885598173072145,-0.04027546576641479,-0.14860891167500123,-0.6329012259122488,-0.07855885279431156,-0.15003712017990167,-0.5239327678203602,-0.07001931943525894,-0.039893064645691284,-0.6929032793629102,0.06191465141250001,-0.03162727617916138,-0.8693882237694401,-0.049332415786000144,-0.028841359772406525,-0.650696862858986,-0.03222912786724882,-0.04028288096075208,-0.5402543271716174,0.015760976558889188,0.08044434207434861,-0.6680817427996119,0.038649416885163074,0.09865737682755019,-0.8338491743277816,-0.013963434504779505,0.08078157536167913,-0.6855887238687611,0.01111447938939163,0.062492161201861324,-0.5869427982213659,0.05128204745514822
0.0,0.0,0.0,-0.19893363170407902,-0.15658357979202114,-0.08507625297554566,-0.37239467621426264,-0.41680708609800576,-0.10596880586718,-0.4587249516884072,-0.6822256476598956,-0.13087845012574034,-0.4346865561712137,-0.891033203993961,-0.12990529313884522,-0.2978630282202839,-0.6705642475400854,0.0748214588789924,-0.3121183941141218,-0.8844834486517537,-0.031678634455765034,-0.27888375273230104,-0.6719905709897602,-0.09236660026730509,-0.26128643293328513,-0.5402912151731634,-0.11142269954508807,-0.17070151578654258,-0.7005009728218623,0.08490868659918376,-0.17663984155785595,-0.888229780366174,-0.03152612611552621,-0.15110874518238934,-0.6341367164747937,-0.06994711290702862,-0.15289778710097318,-0.5330684510534398,-0.06099687697228334,-0.0420665938202428,-0.6968835269553584,0.06633337330104205,-0.03498683298215684,-0.8672452887432054,-0.046480056684129016,-0.029872374059180126,-0.6464954781746739,-0.029041091022026184,-0.04093884148320079,-0.5445266354866662,0.01963821811708591,0.08143524527487855,-0.6728593192664929,0.03887465278795324,0.09605501015749698,-0.8368140913319246,-0.013250313267754742,0.0796346379413888,-0.6845863117852136,0.013834881587845186,0.06325628626392014,-0.5894217910356889,0.05542485785206033
0.0,0.0,0.0,-0.19938472928912754,-0.1558654735810317,-0.09021402019566821,-0.37263604007988327,-0.4146632279200763,-0.1124789900934158,-0.4564626511519817,-0.6791356937438409,-0.13821236620196595,-0.4351888497010845,-0.889774970318146,-0.13690964139370249,-0.2980154873195361,-0.6693407147752644,0.07904736659553657,-0.30971682104295417,-0.8813602241239566,-0.03479949000971276,-0.27781896219734276,-0.6657235079396933,-0.1010090135866929,-0.26220949796739224,-0.5361963222460616,-0.12239373522002601,-0.17106801531927546,-0.6964497244536503,0.09072234185426852,-0.17560842730614692,-0.8825393564509996,-0.034459210572876334,-0.14997211100262042,-0.6278196073220574,-0.07823442851459994,-0.15436424261512738,-0.5330791886590472,-0.07066787348109932,-0.0424314291551692,-0.6936861222526179,0.07195516466855492,-0.03518482240478254,-0.8612661271548898,-0.048269774248047195,-0.028969166296137702,-0.6398182768264835,-0.03439983375416396,-0.04236468297474541,-0.5452827712119472,0.014062603411850469,0.08101465290087115,-0.6749009482060139,0.043822940641053076,0.09661973167130788,-0.8311050693535971,-0.011950222764023459,0.08050417708292124,-0.6769159750267426,0.012894005503147343,0.06273272810348009,-0.5858103478138507,0.05404977235043101
0.0,0.0,0.0,-0.20076780751471965,-0.15856300586852043,-0.09105338134168081,-0.3714158697965154,-0.41284088216307047,-0.1137963501924319,-0.4524107303684062,-0.6782544405662927,-0.14006504681377485,-0.4340929791124879,-0.890015249520219,-0.13909227108498057,-0.2963278729120945,-0.6680488543633983,0.08384597156689533,-0.30729261186310264,-0.8763264663553383,-0.02829866056122564,-0.2769662378616903,-0.6619538709100473,-0.09409726168821392,-0.26211816471253946,-0.5371675103137785,-0.11549225827108385,-0.17004353437210906,-0.6944404073960498,0.09583694894256178,-0.17465287604856816,-0.8795667190652787,-0.028547247715994706,-0.15001650483248632,-0.6282130998990992,-0.07343644047176824,-0.1541555612688572,-0.534687532356342,-0.06674049513313626,-0.04244851310256596,-0.6911178111350549,0.07687331280516965,-0.034196748078750464,-0.8569081243270772,-0.043382132797334966,-0.02825470593791146,-0.6398949961601437,-0.032375436840289214,-0.041530914615427766,-0.5448538240180115,0.01434327562203455,0.08099741247625988,-0.6735147165309827,0.04856532217496589,0.09715906529340776,-0.8311050589286015,-0.007023062339872706,0.08163641679443712,-0.6806125999355392,0.015872855343379757,0.06417367851116088,-0.5884923659100556,0.05558648536883622
0.0,0.0,0.0,-0.20259900036519468,-0.1591450254458399,-0.09209581462902755,-0.3724193684380881,-0.41238398584171126,-0.11520166120316622,-0.45132440052742107,-0.6779234072935656,-0.14187931318654096,-0.4323815450001339,-0.8905577975869801,-0.14107135760382136,-0.2973174492475772,-0.6687918515385368,0.08711073339442843,-0.3085141207919436,-0.8747596171604992,-0.026285041361718692,-0.2774954733870059,-0.6607634899340338,-0.09352859410064059,-0.26271983653346465,-0.5367445889933999,-0.1155888616257792,-0.1710988675060402,-0.6954049033068768,0.09915044596067261,-0.17663279632522677,-0.8787009195554155,-0.027376865267135436,-0.14975157228547156,-0.6287626443714782,-0.07436466937231706,-0.15386381835497895,-0.5355182844826261,-0.06825146442981378,-0.043074343276811686,-0.6921949104405415,0.07961335168781594,-0.03440342045706008,-0.8529850995683871,-0.043457191558429684,-0.026150194760140626,-0.6371081265897054,-0.03538266034505974,-0.04040640093540614,-0.5426970890862237,0.010422957602172052,0.08106486007604469,-0.67623071909873,0.050777231104902426,0.0985516156786167,-0.8308152426028133,-0.006875408127259449,0.08464416837180438,-0.6812553717078098,0.013980675881026215,0.06631224649207147,-0.5888747129731005,0.05291744152910289
0.0,0.0,0.0,-0.2026717389305414,-0.15730092372135845,-0.09435051851563248,-0.37188813474388427,-0.4108827363567591,-0.11777178853818315,-0.4498981886417761,-0.6775785300649315,-0.14430543991790984,-0.4317815686980462,-0.890539674391166,-0.14308531911030542,-0.2968430637913412,-0.6670107102793332,0.08730400715449066,-0.3071303313536631,-0.8730393955277984,-0.026071810791489486,-0.2767885066637834,-0.6587382812885205,-0.0932887426013851,-0.26247093540702615,-0.534990770106144,-0.11523784637674667,-0.1709309092868752,-0.6938561722779109,0.10050425048360612,-0.17575177612623571,-0.8779441733902711,-0.026385626186507416,-0.1492289260392609,-0.6281889012140633,-0.07366355247349232,-0.15345581004572476,-0.5340526437429511,-0.06742605171584037,-0.04344408779688924,-0.6907097167031426,0.08175142869585893,-0.03346060116900865,-0.8519234356049159,-0.04186072372940694,-0.025368092950700197,-0.636918574888671,-0.03466512461514352,-0.03979152753427998,-0.5413411901139091,0.010957121275410623,0.08025414874843646,-0.6752460591390593,0.05352446359423084,0.09869265625388497,-0.8304454607667042,-0.004581274918758206,0.08491268698314368,-0.6819712115840553,0.015325836666596038,0.06627939479248993,-0.5891555627646028,0.053772227573105416
0.0,0.0,0.0,-0.20222754055970707,-0.1551038190668743,-0.0910384339998336,-0.3716324318282373,-0.4119644909935215,-0.11315170942158706,-0.4517585722679617,-0.6776779782140744,-0.13913876265529562,-0.43393231128377985,-0.8902464284910423,-0.13827889956785877,-0.29908276676481516,-0.6669107276072641,0.08568231136203866,-0.3109750105461966,-0.8800775636873326,-0.0279366719467755,-0.2767110906208572,-0.669318284479276,-0.09568315768557752,-0.26142888337169384,-0.5370631641320326,-0.11747614319012051,-0.17217277654920732,-0.6952565269969735,0.09784374226055009,-0.17665649228199204,-0.8782539980254549,-0.02692960697792679,-0.14645072148159255,-0.6277786068040282,-0.07381017377125478,-0.15163010404750532,-0.528668325788986,-0.06785950508950594,-0.04326039045787599,-0.692585939511646,0.07889063687234679,-0.0343431035408316,-0.8561853632722145,-0.04256723531511408,-0.023467327479944813,-0.6382364593677623,-0.03331439594964282,-0.03782322431268092,-0.5397963320897056,0.013176707989708842,0.08106077642175073,-0.6745778779544854,0.05071866600744175,0.0983936317122557,-0.8315807644289883,-0.0068132576185866165,0.08591297700497079,-0.6805426378620232,0.015177327048187956,0.06799421482016976,-0.5871053294577697,0.05521435645477324
0.0,0.0,0.0,-0.19863153278633905,-0.15419351099106088,-0.09076795265589144,-0.3691478948981153,-0.4122405352645029,-0.11351646670883014,-0.4542084289620137,-0.6779059749903077,-0.13954170001726424,-0.43503469626355834,-0.8896566906397911,-0.1386815230630653,-0.29816865625448996,-0.66499170910913,0.07697128603250308,-0.3114732811876064,-0.8846323762793185,-0.03398951855839566,-0.2757615598023532,-0.674410706913043,-0.09783624186612157,-0.2606193953196767,-0.5384076322717883,-0.11748165138513274,-0.1712792675820288,-0.6946313786167788,0.0901257162725562,-0.17457517684823415,-0.8781399548074184,-0.029135572981391297,-0.14576866464843913,-0.6274372077921901,-0.07096059043230202,-0.15352576862732153,-0.5288676501197658,-0.06372606104280898,-0.04249800274585376,-0.6915706012262467,0.07313110037280769,-0.032913714251135665,-0.8586015364950198,-0.043307638696882256,-0.023363149640312476,-0.6393543004136006,-0.029873195231599786,-0.03853282620924459,-0.540862503437102,0.017262388235388067,0.0808957501192647,-0.6702437413958058,0.046879233433246,0.09924405823311239,-0.8292330397792411,-0.008343291628689546,0.08520098426929146,-0.6775726968244433,0.015321603504744347,0.06647358546904897,-0.5842302419685911,0.0554163039334056
0.0,0.0,0.0,-0.1979843403419182,-0.15436358366230368,-0.09196140230153296,-0.36964832403688164,-0.4108625962990877,-0.11583504194358349,-0.45628235983266385,-0.6755114278800889,-0.1426851566499737,-0.4353528555053653,-0.888855377048488,-0.14274162543372276,-0.29933905131307476,-0.6637847003356219,0.07417666612769469,-0.31506825171757424,-0.8843672069884727,-0.036803758069984795,-0.2806750435173374,-0.6763040317177078,-0.1006330076478222,-0.263443514376938,-0.5391112726469991,-0.12035317056667108,-0.17297047133019436,-0.6930260388602851,0.08699345456080856,-0.17881144550754507,-0.8830887717741244,-0.0344309535701989,-0.15012474648295332,-0.6357961770694427,-0.07744624725395224,-0.1531387162504834,-0.5305655761228275,-0.07020219203813541,-0.04503821947950256,-0.6902980335943214,0.0697802408973929,-0.03828789861552528,-0.8608234902630164,-0.049276971403050235,-0.02823199317710564,-0.643867163249904,-0.0379579044234428,-0.03960737776991906,-0.5389497943326929,0.008754667994768555,0.07810376661353693,-0.6705495464603226,0.04340787173591081,0.09300022958738688,-0.83083389002507,-0.014943839328713664,0.07895161338420789,-0.6794039682903592,0.006837342196881113,0.06211206893550805,-0.5813289027426967,0.04619164870354149
0.0,0.0,0.0,-0.19637932819010578,-0.15354667955968498,-0.10000233607700679,-0.36999761098463,-0.4095173867370652,-0.12724189800969182,-0.45721374065951637,-0.6737371106556431,-0.15556642112396438,-0.43197981103941663,-0.8882054088540134,-0.15584207913788894,-0.3026942263421476,-0.6663970867735964,0.06836996019390174,-0.3147801218500535,-0.8815848368291226,-0.04702932674554911,-0.27822679531320915,-0.6665638006396305,-0.11185602012189785,-0.26048543398173124,-0.53413312664919,-0.1316217331977848,-0.17554777316434922,-0.6941449796567745,0.08447497895834788,-0.17811448557657805,-0.8820929800593391,-0.04438397684928137,-0.14907016430436398,-0.6306011386596999,-0.08865114129441747,-0.15281966570751293,-0.5303034120178545,-0.08026174059058769,-0.04659273746389345,-0.6918644714515035,0.06949459088878764,-0.03807584381757907,-0.8564837141142698,-0.0558547773221484,-0.028759203683018267,-0.636530255113892,-0.04523317559255415,-0.04295633630920717,-0.5370588620517044,0.002755689447687607,0.07570505511240572,-0.6752064052367681,0.04485134510393096,0.09225122140813853,-0.82621877044374,-0.016174146898148986,0.07849326184711705,-0.6733828284803292,0.004865026229431699,0.06043641793640031,-0.5801614285364257,0.04454842626973378
0.0,0.0,0.0,-0.19539995772529747,-0.15352705167325903,-0.10036196929528163,-0.3696251503890018,-0.4097686786636101,-0.12792738370362516,-0.4573226547857965,-0.6744384888235326,-0.1562103268787295,-0.4295480180224913,-0.8893264469106761,-0.15646244083658134,-0.300143232816941,-0.6672163559486648,0.06605512774247377,-0.3132351391522814,-0.8812937186013023,-0.048812064757130395,-0.2775532055560742,-0.664869421583133,-0.11310467087675158,-0.2581317029081048,-0.5312905173267324,-0.13263564939707476,-0.17323070904857962,-0.6947429649768693,0.08268893897337976,-0.17595958056875366,-0.882821886593584,-0.04545677185213247,-0.14834628340394526,-0.6300469271155321,-0.08843132953395683,-0.1502467061967016,-0.5277067024219038,-0.07926753021406757,-0.04492191352015583,-0.691734760620621,0.06836949751985505,-0.03652306096469588,-0.8570468710027219,-0.055980051051774,-0.028870614411057965,-0.6364117470281061,-0.044648221577347054,-0.04188856729353835,-0.5351317888194935,0.0035898960994683207,0.07673976912521699,-0.6741048239598874,0.04435732937557876,0.09352118094789846,-0.8251512027815588,-0.016259955331020683,0.07894790869602686,-0.6723193694944632,0.004785698514808133,0.061562609820709324,-0.5787693561796339,0.044398584676030986
0.0,0.0,0.0,-0.20443965897685512,-0.1942495618845565,-0.02679445257814916,-0.33067783118513305,-0.44163245204407997,-0.03380247569834412,-0.4029646234689389,-0.6762704015873049,-0.05677351398803693,-0.4413141221610669,-0.8949294814090529,-0.06518356410598003,-0.26743264607452155,-0.6787876543244031,0.10709709566862342,-0.30082734717453624,-0.9126310316727497,0.033415778864576015,-0.28832841960704014,-0.7751184002295646,-0.028526288895648105,-0.2667466037704389,-0.622884740607377,-0.05266156985303831,-0.1465151237964582,-0.7042812540951208,0.08733897167162921,-0.18691078293766203,-0.9738120487998727,0.00621162246102457,-0.1810661316754074,-0.7839775063003723,-0.04690501496999387,-0.16212912211701352,-0.6264140864417769,-0.05787988995973037,-0.02384015459234841,-0.694867191572243,0.04808768558585817,-0.04463901080008427,-0.9690272513812295,-0.024029487914481423,-0.054213043163476464,-0.8124342314897479,-0.03507045337826158,-0.04482797141117542,-0.6589759892381102,-0.018491723624528424,0.10417179830707654,-0.6698707820228202,0.004835530881624075,0.10680054653607851,-0.9209174191313797,-0.027598875664734304,0.07498559227078827,-0.8255797179556117,-0.015841230516173983,0.06244324094720416,-0.6989177314083431,0.0064163087771096205
0.0,0.0,0.0,-0.20327864420624975,-0.1973198870999684,-0.027037293227756578,-0.32897852375656966,-0.4422270556049739,-0.03392111929449434,-0.4018794603073178,-0.6765030362218315,-0.05679803691905322,-0.4374765217357318,-0.8968277241788261,-0.06518366086144832,-0.26361522927491443,-0.6791382206870542,0.11196430929319678,-0.2958691602720449,-0.9103072951276645,0.04097811944570638,-0.2864356652997492,-0.7756611576315551,-0.020041228284851186,-0.2671310793609133,-0.6264091516045088,-0.04390700863607751,-0.14349497205155348,-0.7044685476623073,0.0928649470761954,-0.18465099257249684,-0.9750478893135524,0.014297638601080173,-0.18110844991943764,-0.7875882992211117,-0.03888357616196282,-0.16231299093158041,-0.6292820361575884,-0.05005856301995202,-0.021621300397379584,-0.6941847653965827,0.05403344383113036,-0.04220705610912234,-0.9674512021754411,-0.016454956775227486,-0.053592476217997516,-0.8143620394896197,-0.029721019869055766,-0.04479584350123964,-0.6613983188498742,-0.014627747503297771,0.1061356739355139,-0.6681797887619112,0.011223634830619847,0.1103611086061233,-0.9202022358569688,-0.019989915705628122,0.07725416954398243,-0.8290706514691258,-0.009781150917805077,0.06300051757941405,-0.7033650739036201,0.011162795175616674
0.0,0.0,0.0,-0.19478767049271592,-0.1887104028716478,-0.047119568926541115,-0.32312017077007726,-0.4404440455127706,-0.05861844405110496,-0.395483173463672,-0.6773924073659303,-0.08309600164451689,-0.4307967903276215,-0.8973733199102253,-0.0914695453711688,-0.2600810783960766,-0.6770955429316443,0.10502274519735727,-0.2906086860746141,-0.9045827976638527,0.02238459105011508,-0.27710906792872425,-0.76457514938496,-0.04640560533844261,-0.2563184389065897,-0.6179551326392659,-0.07385126761241935,-0.14025648067769497,-0.7024092174067635,0.09436832948919716,-0.17803828833530844,-0.9693678048074417,0.0010568576901409483,-0.1709306788198771,-0.7753484143971946,-0.06010665694232765,-0.1525518443287549,-0.6203787847462127,-0.07242776826159955,-0.019827694897320038,-0.6913003453712081,0.06116370873071512,-0.03662834711608471,-0.9574132714355844,-0.024477596747547525,-0.04518873405641272,-0.799654374255913,-0.0439851309367989,-0.03746811773845875,-0.6496006199654025,-0.027432524241097732,0.10515252955802307,-0.664680672066241,0.022590583954105334,0.11159555643177899,-0.9099648695756017,-0.018318871979077313,0.08067144163689596,-0.8190195445224339,-0.013077213566669367,0.06572730610748226,-0.6980533904757515,0.007419072705710125
0.0,0.0,0.0,-0.2001246958113986,-0.1920284608209395,-0.043668617017833124,-0.32650347555491555,-0.4427956808837856,-0.05322128730056283,-0.39701645334322777,-0.6768879755375731,-0.07772788974809368,-0.4332896297917524,-0.8968419081740336,-0.086726032316738,-0.2622461710824012,-0.6819956080559642,0.11650258066822579,-0.2936782441834148,-0.9034426311368902,0.02920950299000902,-0.280646569920602,-0.7630067811729779,-0.04547044732209324,-0.25947512791388216,-0.6177558086730878,-0.07637906917206885,-0.14187231488224397,-0.7043485418463236,0.10167840607213213,-0.18087958200766494,-0.9649093301636036,0.0009027582843000482,-0.17350860906467058,-0.7704914467606505,-0.0683805064108004,-0.15506581065279434,-0.615685760096822,-0.08442309300430445,-0.021098921477788156,-0.69370845933002,0.06340717673714788,-0.04002997854506575,-0.9503794575554804,-0.028833437813387264,-0.048599102524115464,-0.7922945203350026,-0.0554543344891827,-0.04207634924674132,-0.6446829245301267,-0.04188733455111635,0.10457128384644869,-0.6715939666088347,0.020085443739272825,0.10872873824744961,-0.9100244542393706,-0.02535375555876826,0.07798942280728076,-0.8171239384706603,-0.02368439799315892,0.06331857964049077,-0.6958654397882358,-0.004614917256586169
0.0,0.0,0.0,-0.20536484145026074,-0.19610021922632193,-0.03916116648893267,-0.32952746322377535,-0.4443836822920245,-0.04818648566329294,-0.3988819107006951,-0.6765028939849085,-0.07316600263423248,-0.43714328310756334,-0.8953860055162326,-0.08339635622859112,-0.2654501138806896,-0.6845312250264365,0.11784434506742833,-0.29836474072667574,-0.9041046506800051,0.029500553982678767,-0.28492979371517624,-0.7657003859585841,-0.047084664680974775,-0.2639339910319414,-0.6204044381092142,-0.0792375784598415,-0.1433249556467997,-0.704743267849006,0.09987176696657044,-0.18459880421215707,-0.9644624301298406,-0.0027211478998865023,-0.17776684305409587,-0.771598727960354,-0.07449325767819462,-0.15887180818748273,-0.615620141742644,-0.09245606887510566,-0.0208274900291194,-0.6936373003489744,0.058911211738797764,-0.04274904160710607,-0.9518617791650947,-0.034329943336038726,-0.053414200929482444,-0.7944452740664371,-0.06264441364509518,-0.047547183951730514,-0.6454440567844602,-0.050626442203953285,0.10673795268906172,-0.672591524167773,0.013311880561808516,0.1081227518375791,-0.9122632164712539,-0.033039150622413006,0.07591728511226156,-0.8178229435004762,-0.03185344239578297,0.06153607042221948,-0.694040582040676,-0.013321476617251886
0.0,0.0,0.0,-0.2031358352416842,-0.19321984767864211,-0.054667072587817965,-0.3296085541770184,-0.44164785392914496,-0.06684928626616418,-0.39809628537815356,-0.673664249930737,-0.09379345099242331,-0.4346046354884897,-0.8943026956634672,-0.1039037062817706,-0.2701083926255555,-0.6882819254878125,0.12639182517059663,-0.3003034083020286,-0.8984767129327518,0.020951614220222695,-0.2791646905302283,-0.7498479026396985,-0.06705919110729541,-0.2557535269863966,-0.6080621076633217,-0.10344860401271244,-0.14682082041549183,-0.7076536429712594,0.11305347082909602,-0.1836999024154245,-0.9562741291540375,-0.009483877007088937,-0.16938627638325413,-0.7510667682458323,-0.09077098781878232,-0.15294235348878787,-0.6022268533348529,-0.10865216888928793,-0.022401413278257468,-0.6986526747325612,0.07235085422322142,-0.041010570788931174,-0.9410467937709284,-0.040637849151349825,-0.045847568142936605,-0.7658619810212542,-0.07221000611287356,-0.0446173189385327,-0.6233561161640537,-0.05513420672054226,0.10576511165277977,-0.6833323662531469,0.025691024506483057,0.10707089118164365,-0.9039342713474259,-0.03083945295866164,0.07954250342246569,-0.7920106563102399,-0.0301352735222259,0.0649804320896562,-0.6725828575507717,-0.007700435584633144
0.0,0.0,0.0,-0.1996419030607141,-0.18839075729281596,-0.07292288730725431,-0.3287925340963279,-0.43913861749746463,-0.09125394536999996,-0.3957855935982353,-0.6698538522605486,-0.12193138178491943,-0.43061792446844815,-0.8917562413676481,-0.13455294618330893,-0.26832870435748846,-0.6935061747453953,0.12274360579460367,-0.2956239364513811,-0.8953823360859152,0.005324334115841614,-0.27251224748083025,-0.7425306386391763,-0.09106150820539458,-0.2498403540256748,-0.6019597502484776,-0.1310272456618748,-0.14520468040161957,-0.7117928086603165,0.11567958873518489,-0.1792986381554224,-0.9551509292035372,-0.021918897955535234,-0.16339274587292751,-0.7434865454429547,-0.1123068825178403,-0.14937011124497387,-0.5959711361928275,-0.13188640111535244,-0.021605417163189387,-0.7023001385970791,0.07811529651568154,-0.0368158615374553,-0.9354111744563907,-0.05176514463752744,-0.03904510004899266,-0.7526321138827825,-0.09172176575980383,-0.0391765256059346,-0.6100828508755989,-0.07432443443281173,0.10547604452583939,-0.6880473500742371,0.033525652636483425,0.10627177757384958,-0.8992331679674767,-0.034653721500734924,0.08254174981813554,-0.7818703761904948,-0.03985021405140203,0.06917650998660393,-0.6639165828027449,-0.018166511235445736
0.0,0.0,0.0,-0.20052693545833686,-0.1907457908134122,-0.07319585737645931,-0.3299376173759828,-0.43773588925394213,-0.0925422935261694,-0.3959845162960529,-0.6681836298140793,-0.12523805363832669,-0.4292339160913202,-0.8918337892626576,-0.14048614307892382,-0.2700209466645892,-0.6916875978012276,0.12810980754152876,-0.2974791468601036,-0.8927169537458657,0.006104354553292418,-0.271088131730821,-0.7461606242984158,-0.09715035471950194,-0.247509039452228,-0.6052601541476382,-0.14157275283581855,-0.14613559260533254,-0.7100495265251576,0.11887985646353619,-0.18106944734500052,-0.9506184584718492,-0.025004289442765656,-0.16167812020029496,-0.7423153646767807,-0.12468215602067995,-0.14736539886922786,-0.5920335318461439,-0.15003690383950738,-0.02189297810693161,-0.7022159543992694,0.07869004365003256,-0.037921633191359966,-0.9330790293730609,-0.05700962995585175,-0.03757303107470286,-0.7525516271473703,-0.10467956219887704,-0.03846570681382862,-0.6067570670207301,-0.0913640950840873,0.10572376043483697,-0.6904335150634002,0.03158897142984673,0.10524262745839358,-0.8979656451020022,-0.04106645497867907,0.08324807407659832,-0.779141757073487,-0.05008910804229036,0.07034139390667302,-0.6575339117167947,-0.03052955287020829
0.0,0.0,0.0,-0.1985117266707896,-0.1885336301012223,-0.07418925156216166,-0.3282530912209193,-0.4375244404661407,-0.0936765966898272,-0.3931047832177541,-0.6698633861723142,-0.12617124067568514,-0.4259050428103024,-0.8934471787705696,-0.14147501672376656,-0.27058486901996737,-0.6899523750481299,0.12519122668942187,-0.2946512401915086,-0.8922737914079898,0.0035491798640273197,-0.26695786189484694,-0.7473267974180143,-0.09933406992851884,-0.24436722316992818,-0.6037623140868037,-0.14371500867555378,-0.146223570090372,-0.7103309361660758,0.11651295450645446,-0.17806048679645933,-0.949333521151903,-0.02686154449437108,-0.1577658981933654,-0.7410493031769638,-0.12635144223393685,-0.14470429078262553,-0.5884695920244748,-0.15184309327640105,-0.021562369145668187,-0.7024139769374503,0.07714446280754553,-0.034634334046987854,-0.9325105834693008,-0.059102650962153405,-0.03312216368979765,-0.750856299184582,-0.10645840261479896,-0.034779207897262826,-0.6022824731238494,-0.09281230999613943,0.10603812569050566,-0.6881225301241984,0.030908838005265702,0.10771319377348185,-0.8949738601147875,-0.043284924683455364,0.08632533814607027,-0.775325180711487,-0.05230300847959891,0.07229552826627614,-0.6522055878411144,-0.032483978926097695
0.0,0.0,0.0,-0.19836822409275115,-0.18824908623214281,-0.06813041611414158,-0.3286919276455528,-0.43821635676874415,-0.08513435888510285,-0.3942766024993575,-0.6726405569177312,-0.11481223871828561,-0.42647514521149343,-0.8952099732085926,-0.12790439255148928,-0.2676847107472172,-0.687511919241293,0.12039647415730687,-0.29266680470304757,-0.8944388353007258,0.007859384657289453,-0.268985399298176,-0.7503634545293233,-0.0874511676130123,-0.24745457994114445,-0.6051159805666968,-0.1281401106964884,-0.14413277053367268,-0.7103206197749616,0.11157907680412421,-0.17660430444793873,-0.9552042254760149,-0.020395523250545076,-0.1610798403546831,-0.7501704750994569,-0.11145182621751758,-0.14715091810583855,-0.5944346605052613,-0.13388858664886844,-0.020086381371385152,-0.7024850590160769,0.07400144760108995,-0.03375767099103086,-0.9406570996499105,-0.05147394919651346,-0.03514852815559583,-0.7633489954970389,-0.09286244189955267,-0.03366182781586419,-0.6128037757432482,-0.0783659907913247,0.10732432125189723,-0.6853981093065771,0.03000302073637862,0.10786541676334693,-0.8995420498843647,-0.03841896089234342,0.0844725472465856,-0.7831462990016482,-0.0445114467338057,0.07193542834619283,-0.6588038093812445,-0.024179424319256924
0.0,0.0,0.0,-0.1999733216142502,-0.1900952190035905,-0.07055228405382458,-0.33047940517616425,-0.4410195751258855,-0.08699041972717333,-0.39576321204368414,-0.6724051250107318,-0.11630161976251882,-0.42747534403026893,-0.8947682646401607,-0.1283507992984379,-0.2654486554386179,-0.6940720919456502,0.12834628397581094,-0.2921433624478859,-0.8947105355438131,0.011454175783795931,-0.2688189842073172,-0.7481966510459253,-0.08714114997981809,-0.24682630040660783,-0.6060962597950994,-0.1290302873633045,-0.14306857040755938,-0.7141279756234331,0.11984556276475418,-0.17915587886622933,-0.9552678068059901,-0.019358278034536824,-0.16133154591080692,-0.7448630574837396,-0.11436865416176276,-0.14557922121740996,-0.59312442024857,-0.1367158063633561,-0.02003622724002537,-0.7061633837827097,0.08115257206968648,-0.03564189399392029,-0.9387832172688129,-0.051415784875394055,-0.03555114000791281,-0.7568959557128011,-0.09586183376623073,-0.034521172767030595,-0.6115726660619656,-0.08051650059719097,0.10657452084019739,-0.6924756217090595,0.03591570334668834,0.10610003687216576,-0.9011137036114871,-0.03577204997966796,0.0835199231550389,-0.7807531609801551,-0.0432594568796419,0.07070607727887063,-0.6597929707534016,-0.02241198903196385
0.0,0.0,0.0,-0.19973768151547347,-0.1912553185227046,-0.07303878172896547,-0.33087007923471706,-0.4415969956577027,-0.0903900829847956,-0.3969662479860103,-0.6722794523093996,-0.120670168132718,-0.4266052335128131,-0.8945076827525784,-0.1332256126153598,-0.265261402198847,-0.6960537511986962,0.13110285964531293,-0.2914706462459968,-0.894011786318691,0.0110518487626215,-0.2671601364472049,-0.7478098493206853,-0.08962648631258498,-0.2454396079952525,-0.6078613136934248,-0.13211767239355757,-0.14332484244849927,-0.7150201862896155,0.12318089413738201,-0.1789293539465673,-0.9525506853633542,-0.020408790017230893,-0.15915706677846309,-0.741892568203858,-0.11770506226958673,-0.14433136111044514,-0.591688546708031,-0.1400789704110464,-0.020796014926139625,-0.7078881287833323,0.08417333938131752,-0.035887582394340464,-0.9356392589317837,-0.05268860222703358,-0.03395402435012514,-0.7523702783508959,-0.09874628669806759,-0.034213822349013684,-0.6084509266456886,-0.08271688003421915,0.10527168365676327,-0.6970210842519402,0.03840668598536479,0.10484293066793257,-0.9021161666672657,-0.03576759972032127,0.08414075966173883,-0.7801535427904395,-0.04421480095988156,0.07134894290194654,-0.6597395988684351,-0.02295899663808763
0.0,0.0,0.0,-0.19921854583094034,-0.1927123506197256,-0.06935954150112068,-0.3304525416771237,-0.4410780064787908,-0.08588768900970212,-0.39870110320707497,-0.6724115970198241,-0.11568132437279148,-0.42746745398664115,-0.8948137708124464,-0.12844752193934617,-0.25831140701011324,-0.691382180119533,0.13311337256821715,-0.2870326493896903,-0.891435919885742,0.01920709962273661,-0.2682763943296536,-0.7482800248102968,-0.078614818628165,-0.24825003797808876,-0.6079879734145921,-0.12010621466756459,-0.1386928331494463,-0.7110154002068325,0.12563138902577323,-0.1787408417510717,-0.9540485353162176,-0.00960040855959502,-0.16505769842430507,-0.7483029790572586,-0.10409232442784742,-0.1488538512773545,-0.597996670107206,-0.12684490108702443,-0.01814074765805237,-0.7031807583457674,0.08809367974987699,-0.03599277659979899,-0.9413455607141519,-0.04077020808988016,-0.03945763396572677,-0.7646463884716094,-0.08585404429999907,-0.037198015630219836,-0.618119431490614,-0.07130832224729967,0.1072398402941394,-0.6894298748897913,0.04409498135217317,0.1056344279883614,-0.9047097455155677,-0.024193738118925272,0.08146776870352619,-0.7895618568682992,-0.03173852949839978,0.06956167345584485,-0.6676931325598059,-0.011317889911795812
0.0,0.0,0.0,-0.1979462646216353,-0.19365768036063302,-0.05339685559041154,-0.3289231163949277,-0.4436672985229284,-0.06357754017914559,-0.4002458442828868,-0.6792294330740074,-0.08691522401456019,-0.42712043890804596,-0.898613340128926,-0.09386910452969119,-0.2574424455722345,-0.6871266011924547,0.12105245004260999,-0.28685672423955605,-0.8999251061335404,0.027052124285923344,-0.2656686515977975,-0.7557783618499176,-0.052693702675405046,-0.24390922154857092,-0.6077679326836507,-0.08523221646072583,-0.1370220056787782,-0.7128977145372815,0.11214234483298649,-0.17682138214301038,-0.9652008024033898,0.0014125007455103988,-0.1624389082918521,-0.7617590851159773,-0.07245201899554811,-0.143691943958068,-0.6032494725123163,-0.08724225900363722,-0.014809439282410058,-0.7053685952601887,0.07811196370439633,-0.03332208409589484,-0.9579489045400226,-0.026658134921138422,-0.03719991577357982,-0.7853666067304617,-0.052811770894755604,-0.030815196815753784,-0.6327174139511564,-0.03245817232350541,0.11131612812020528,-0.6818822761762378,0.03860035291676565,0.11102369330919998,-0.9126429821604806,-0.014233467757495202,0.08356084055550728,-0.8049037210413663,-0.01010801808156361,0.07102199914412488,-0.6797349456962853,0.015018311767354974
0.0,0.0,0.0,-0.20161666459596678,-0.1966134106930143,-0.04754447384169119,-0.3311245138949442,-0.4459042926444055,-0.05684044845556817,-0.40178553731330463,-0.6791055294986557,-0.08144258172077007,-0.43012617809778564,-0.8978781030437825,-0.09032643020977912,-0.2582146543479233,-0.6897107341070212,0.1273029654752454,-0.2863422116792024,-0.9017338998338738,0.029616451830555526,-0.26627143567138806,-0.7563220369171864,-0.05500157968767048,-0.2450041931079105,-0.6068454393316137,-0.09090894661194077,-0.1380026341670076,-0.7132042143045816,0.11368839702455762,-0.17799274007559948,-0.96273104325595,6.245893955925119e-07,-0.16346326629343244,-0.7592205429123302,-0.07927002557442686,-0.14481632089431645,-0.6022501844252821,-0.09839603934304317,-0.016350466126201873,-0.7060236607402637,0.07510684734109407,-0.03667276742383796,-0.9546343070751108,-0.031324301270017244,-0.04099964212449898,-0.7793761175483238,-0.06044533811898367,-0.0358809756897603,-0.6252918753900361,-0.0428578429299995,0.10893663581979003,-0.685422366433687,0.03139629800105631,0.10758931783369077,-0.9107944150186247,-0.022271107752370574,0.07999596217861155,-0.7997471314877489,-0.019020388351248824,0.06748510552979138,-0.673483409248551,0.005045569606961336
0.0,0.0,0.0,-0.2009779250815701,-0.19419455695346255,-0.05615375196205195,-0.33081902035306976,-0.44249254064652854,-0.0694774925378538,-0.4013254752196773,-0.6765284202493307,-0.09775619368980164,-0.43066670844662236,-0.8953928662276863,-0.10992485990520715,-0.26499476851731774,-0.6888296060344755,0.12474956849441099,-0.29359130831437447,-0.8984742858629742,0.01603061285957686,-0.2675279707423075,-0.7502998512132155,-0.07647212899072939,-0.24511801927589785,-0.6033096981438426,-0.11605435363704411,-0.14266186721938134,-0.7116423757482077,0.11282034228979046,-0.17933693484481408,-0.9532027562591714,-0.013223518187483067,-0.15981463626433295,-0.745238780652952,-0.10081654800027073,-0.14410204436506008,-0.5932716304757515,-0.12327639336209706,-0.01887951428612418,-0.7055604529247348,0.07428444900554587,-0.035250487746904986,-0.9458214117575496,-0.045137224165450976,-0.036510988488515715,-0.7640095740347237,-0.0799347308906967,-0.03521418871514185,-0.6101026612149061,-0.06278668603853238,0.10681253566158577,-0.6870817389332957,0.03018227801047266,0.10766562126952317,-0.9045174463752021,-0.03261795751582238,0.08243126827449895,-0.7870612463524196,-0.032813991376265866,0.06863033076792777,-0.6595384583437289,-0.008934446214395313
0.0,0.0,0.0,-0.1952813347614229,-0.18874651803121378,-0.0570925368892713,-0.3273959991281864,-0.4427122391247582,-0.07147321938078528,-0.3967517582237319,-0.6809751053109508,-0.09859900963340873,-0.4244897214444907,-0.8985768256547486,-0.10937277522809441,-0.2607505580696118,-0.69023263878136,0.10583241002967514,-0.28629569822782525,-0.9014486318431633,0.0022896807158106092,-0.26087889654672536,-0.747036793840092,-0.08198363761637231,-0.23873432567521274,-0.5940093886475806,-0.1169708583186551,-0.13944687570483616,-0.7148680187032201,0.09622882013421746,-0.17185626539034687,-0.956219576261089,-0.019521358434934168,-0.15466229113193014,-0.7477871500444985,-0.09275476716062067,-0.13983107880980128,-0.5924922612247622,-0.107979472056304,-0.01654399228172073,-0.705281725271643,0.061379645262104224,-0.028494171455912824,-0.9478589086774466,-0.048696324498918406,-0.030312466465004205,-0.7651130623021489,-0.0697727479131425,-0.02813727543750732,-0.610633291679049,-0.04630113589865581,0.10799437979178361,-0.6780742123654415,0.020545213498196213,0.11118167798097589,-0.898017649127953,-0.0376644652617623,0.08671409596442545,-0.7833518155854434,-0.03132300957177379,0.0730673075071581,-0.6599187517286623,-0.004064766329759504
0.0,0.0,0.0,-0.19178131751367683,-0.18709102636567032,-0.04518379275108199,-0.3216872651737102,-0.44291376615556866,-0.05625255568002818,-0.3957572303579463,-0.6856476072243516,-0.07766562309621852,-0.4219088240977046,-0.9023818107891137,-0.08202491693035976,-0.25212274034300125,-0.6831011140236132,0.0811457176432398,-0.28299314536046805,-0.9098521109173939,0.003173488654928998,-0.26443095733115535,-0.7659942316911625,-0.05408307723792612,-0.2429035828745557,-0.6132451776634662,-0.0741395941415017,-0.1314180184717173,-0.7108765500492675,0.074163290021131,-0.16788672374826444,-0.9641141706288718,-0.013333219887319364,-0.15983620816366387,-0.76992247465057,-0.05936623550467733,-0.14348637785551038,-0.6140270466777745,-0.06252784677063462,-0.008917592424610304,-0.699519317401555,0.04766914603115946,-0.02434466866512139,-0.9592562464011857,-0.03345892111360707,-0.03372141132139969,-0.7914537215728263,-0.03376380090945315,-0.02792024878109555,-0.6399861892905728,-0.004469892575577901,0.11306525058999685,-0.6641041190681699,0.016070319345980674,0.11670723957513676,-0.9010268476539565,-0.021919758714998815,0.08418515685691103,-0.8000891866637336,-0.004357991060595116,0.07055215014507778,-0.6789493018386212,0.026121208072562553
0.0,0.0,0.0,-0.19418446561620933,-0.18915106719121683,-0.04070540375671691,-0.32340272383267454,-0.4433476555378806,-0.05066177633837915,-0.397654250077611,-0.685180103377778,-0.0710216662407739,-0.42463486648515003,-0.902011219711317,-0.0742044392924048,-0.253483197319158,-0.6822454418260897,0.08042025149103246,-0.28670890751351086,-0.9091958746111652,0.010447496589992356,-0.26493601004878314,-0.7651259496220594,-0.04003705445766158,-0.2434174724727744,-0.6122437238359038,-0.05657238885264662,-0.13306131435305535,-0.7098900151331472,0.07301687051020497,-0.17248652313159363,-0.9630490204987382,-0.007117994560660031,-0.16258074759205732,-0.7679866269094651,-0.04866762691695142,-0.14546474645858276,-0.6111891070967803,-0.05063980486984024,-0.01151581358918112,-0.698304711477892,0.04742465746017597,-0.028334245139973496,-0.9611002348899826,-0.025357584999189747,-0.03579814841871566,-0.7962691798088011,-0.02315172983347019,-0.028482404657241982,-0.643589904825181,0.004972365121161675,0.11007969675156618,-0.6630914994499271,0.017028084912558167,0.1149055253348914,-0.9027451982019983,-0.015318950583791777,0.08213642737135612,-0.804635134838448,0.00340861312263154,0.06845500553204087,-0.6828913139437538,0.03294365195020886
0.0,0.0,0.0,-0.18784124189053247,-0.18431373505503723,-0.056761673666285574,-0.32089832338375457,-0.44240515278594905,-0.07077251013708524,-0.3966940794211359,-0.6852599831606524,-0.09325884579594806,-0.420915294592052,-0.9013955703109892,-0.09739994565199918,-0.2560845979828478,-0.6888176306538344,0.0787400416354928,-0.2804583879048471,-0.9042718100661404,-0.0037958433232393235,-0.25207120578100506,-0.7509964156852464,-0.062044473413242235,-0.23149571661987958,-0.6000397104532267,-0.08228937704444755,-0.13719805529737916,-0.7183520730637849,0.07589328517721629,-0.16885230042862687,-0.9604300732601103,-0.01780462464944068,-0.15123993783713327,-0.7497229312566758,-0.06379599227957257,-0.1367787369256032,-0.5966403672106878,-0.06482514710947784,-0.01598627402159518,-0.7078831611187559,0.051481873955423946,-0.025396936796529265,-0.9524142562402317,-0.03814627603721928,-0.026911817783603065,-0.7694269328365895,-0.03751463008644664,-0.0242988429605593,-0.6199091544743889,-0.00512555044163723,0.104434600982734,-0.6723410417101477,0.02105119880527324,0.11477344855157079,-0.8952922032273539,-0.023788308165883603,0.0873532833523786,-0.7833893867846793,-0.0069284722458118385,0.06977887124961585,-0.6649488037868874,0.0246670768876555
0.0,0.0,0.0,-0.18560721821314685,-0.17994599837899822,-0.06462522336440842,-0.3211400023972762,-0.440495958049706,-0.08200142346653452,-0.39669354367491666,-0.6841608758232689,-0.10786995933556823,-0.418020565512531,-0.9007638300772108,-0.1147165630891458,-0.2599167345115738,-0.694220822271155,0.08091345776828221,-0.2833016125262856,-0.9072787788611931,-0.013309221908455545,-0.2505607215284395,-0.745708159438734,-0.08032523980767509,-0.22878874560049772,-0.5959007595200625,-0.10470543696083935,-0.14011494997666857,-0.7232920924032072,0.07908257135122548,-0.16770878759301738,-0.9575838425694374,-0.02585132602303391,-0.1463567604793704,-0.7376387216380893,-0.07733486083880031,-0.13402360641667188,-0.5884411252783965,-0.07890341897167874,-0.017951593844003695,-0.7136173718617125,0.05326797848046108,-0.02499208666465803,-0.9470532236112862,-0.04670154938242385,-0.022835037103387554,-0.754080010353231,-0.046934626768811924,-0.022150683099728202,-0.6077947416488156,-0.011814455486842582,0.10291615377840205,-0.6806266312067023,0.020489409890108695,0.11346378283881361,-0.892572225883792,-0.03075406119241572,0.0886788332319291,-0.7718251770599043,-0.014021425333424363,0.07088240482531744,-0.655823151461598,0.019747532322661004
0.0,0.0,0.0,-0.1845639248839908,-0.18056798509715521,-0.07065959281593043,-0.32342065587422325,-0.4406177087203085,-0.08977802527611224,-0.39972507905166876,-0.6846286243938902,-0.11634701398844374,-0.415756016163104,-0.9010022860578204,-0.1221462660831703,-0.2645172378204609,-0.7038591255262269,0.08518494566341955,-0.2854591389919071,-0.9104305099253149,-0.014098675196616076,-0.25083312782847034,-0.7410001855222548,-0.08338919956133034,-0.22883864874302223,-0.5964906909114198,-0.10814794564750896,-0.14354488262404724,-0.7307059454571135,0.08592577952447197,-0.16849879509153282,-0.9614011259629404,-0.02582429708120476,-0.14582432524227837,-0.7336623591979885,-0.07928186994792769,-0.13577472526922013,-0.592826859801361,-0.07959113433424281,-0.020067650545035995,-0.7202170525584606,0.060962200914887986,-0.02442682166499164,-0.94723235788909,-0.04489517118672838,-0.0212622647702466,-0.7491923642062903,-0.04520884396833359,-0.023493260197109313,-0.6119413594762666,-0.007995194471196473,0.10147166617076156,-0.6887693649861352,0.02859333849131584,0.11259074148870983,-0.8949299350465014,-0.023638248372511078,0.08881708978422373,-0.7681000380400282,-0.0057756400733670315,0.07030155550633664,-0.6565281131989908,0.029867711053059937
0.0,0.0,0.0,-0.18591557733531006,-0.1786323650681233,-0.07426748626637819,-0.32617011966551934,-0.4387884116902471,-0.09618101355112021,-0.4005155419332242,-0.6843075913054713,-0.12645014171619265,-0.41435368757110147,-0.8997635133234648,-0.13544460886832474,-0.2650055531722426,-0.708503599864895,0.08898087018644775,-0.28610676583860406,-0.907894475165649,-0.02154633119569975,-0.2501136243077752,-0.7292635799294938,-0.09761947556123779,-0.22582645232858062,-0.5880377176283891,-0.12520424727893137,-0.14382545669945607,-0.7335705398037413,0.08813538932505753,-0.1674233823702973,-0.9570894941343157,-0.03564087380857446,-0.14248091062545187,-0.7210090717711466,-0.09151522113554118,-0.13238079054289592,-0.5871696764890086,-0.09011543656959609,-0.019946057744060997,-0.7228154932413051,0.059414053921532234,-0.024060969543757967,-0.9399830753649295,-0.057058524814932066,-0.01904598475921538,-0.7342568905575297,-0.054673050786407225,-0.02190961865988725,-0.6035376132733153,-0.01235559422237796,0.10222979588000786,-0.6929875665805302,0.0225987250593178,0.11256618793664146,-0.89011611913152,-0.034314543767685744,0.08985741963518,-0.7553769896730653,-0.013843459406801383,0.07174531043371626,-0.6473957332118265,0.025526686222767707
0.0,0.0,0.0,-0.18657509737747913,-0.1778761549855884,-0.07578664587782369,-0.32747874316100223,-0.4369549119650277,-0.09852557009475664,-0.40102838964171195,-0.6834035336300397,-0.1296432833241951,-0.4152125684553708,-0.898921839039108,-0.13902547182259262,-0.26627076333019667,-0.7067716407369511,0.09116266498561089,-0.28667313240993875,-0.9037362696354098,-0.022345075143853817,-0.2505600194729135,-0.721992560210978,-0.10067361572560019,-0.22636894694610876,-0.5821213237481454,-0.12929732720102066,-0.1451261658817375,-0.7310035449543313,0.09065797973264629,-0.1667515389499336,-0.9510630781090088,-0.03586537679568664,-0.14111338399789183,-0.7133668457298912,-0.09285403846483012,-0.13228902099267212,-0.5830281850263663,-0.0916372429177891,-0.02131582758130096,-0.7198490101892263,0.06156341106479142,-0.024375898363354413,-0.934984514273164,-0.056384769399105056,-0.01864429457703536,-0.7297257002094375,-0.053321945263195336,-0.02244271966508226,-0.6025761025674679,-0.010207420801968724,0.10049795299727503,-0.6903160310365796,0.024071796176295943,0.11164976248646272,-0.8851559181372837,-0.032613240599771234,0.08929700963419301,-0.7498397255286356,-0.011258534312952439,0.0707799851789579,-0.6436761451712063,0.028903002698445316
0.0,0.0,0.0,-0.18705959189793975,-0.17522457283895881,-0.07864284375053096,-0.32782429439995064,-0.4352104483556821,-0.10200694353872032,-0.39978960740122105,-0.6821332248126275,-0.13335783211512608,-0.4170103027148566,-0.8975743858629488,-0.14261730706202305,-0.2667277317797851,-0.7060654940208739,0.09142276369532519,-0.2856881278978709,-0.8984472599155211,-0.025458743893502854,-0.24905955332939828,-0.7137187953006243,-0.1057751952715359,-0.2246604004585453,-0.5742764720270084,-0.1350799512664334,-0.14591324651746787,-0.7296791672669631,0.09185919131955106,-0.1659975685546342,-0.9449225994932458,-0.03847289104844678,-0.13920168197143679,-0.7049938173541732,-0.09627275809427333,-0.13043892087154133,-0.5770831174386692,-0.09446217185857225,-0.02230802243511391,-0.7182849394041293,0.0629169807311239,-0.024363320258915307,-0.9287999417999586,-0.05836680822070095,-0.017739045171834385,-0.7217751844501268,-0.05457955605525415,-0.02199970587935755,-0.5977670169622283,-0.009906670970576584,0.09907940408279814,-0.6894206517383723,0.025255173445387732,0.11105670051608474,-0.8796579140202869,-0.03326194326036894,0.08907853381127744,-0.7418858652039921,-0.011407257128194633,0.07002549598080238,-0.6379479541695554,0.02986900814251904
0.0,0.0,0.0,-0.18616006835452992,-0.17342150419868468,-0.06963294949030191,-0.32602018308776015,-0.4387617061280088,-0.0903837942691656,-0.39944189729017765,-0.6863204566783236,-0.1195115751910023,-0.4183428981345192,-0.8990945844867271,-0.1278008931592805,-0.26840572672081614,-0.7013675594617745,0.07651213319622976,-0.2916183866772651,-0.9104331226848752,-0.028650863648434735,-0.2521189694287397,-0.7310651365290637,-0.10077908315186154,-0.2267710880211611,-0.5824537175231693,-0.12713256953418706,-0.14628677268959592,-0.7287629350240663,0.07457439119545647,-0.16754163991019247,-0.9574651044497395,-0.039543978502661704,-0.14025204875253472,-0.7252247975156129,-0.08902365076798585,-0.13170019534075958,-0.5856127887820928,-0.08740703988773534,-0.021595299650260878,-0.7174646696817554,0.04696469847003754,-0.023383962951245722,-0.9482024702111886,-0.05848748058696307,-0.017386755725170733,-0.7472610106056883,-0.04928370072198847,-0.020443699479274095,-0.6093535797137791,-0.006785921617843716,0.1009771491405932,-0.6822267629826668,0.011164892723947358,0.11570905462028919,-0.8924349968029865,-0.04049924408430847,0.09289859606666273,-0.7651114755245918,-0.01706502277783311,0.07276062932161145,-0.6529206296603991,0.02208999769586272
0.0,0.0,0.0,-0.1819131189772218,-0.1731123518515748,-0.06715306047627764,-0.322407958560606,-0.43818773845930914,-0.08776798124750772,-0.3993820441159296,-0.6877452046131898,-0.11639246849894408,-0.41647751810333566,-0.9005025566007807,-0.12442765772588127,-0.2638890734711211,-0.6974203588899612,0.06969113136024324,-0.2866023946322469,-0.9115771813584307,-0.029648873956546203,-0.24948934042249982,-0.7373160081841084,-0.09706596681990963,-0.22586593860634027,-0.5866111576511052,-0.1214848552321886,-0.14289164703940194,-0.7264280354386649,0.06788610670520834,-0.1645240416801579,-0.9604545325371943,-0.038478560238733285,-0.14085296165674138,-0.7341012406273331,-0.08309441621953033,-0.13330506250724483,-0.5908318446855104,-0.08071582924282372,-0.01951183772139859,-0.7149200174752697,0.0419178699138176,-0.020398601201242726,-0.9535399403787234,-0.05606937073495552,-0.01731268332313334,-0.7579719229001683,-0.04367989671144347,-0.020101115461816338,-0.6161064514286263,-0.0014388647205409609,0.10140456381710725,-0.6767739429066408,0.007867051535826567,0.11737734855106435,-0.8960701924165019,-0.03994620873221397,0.09307413452256383,-0.775673009831541,-0.015506446446236612,0.07269870424015565,-0.6620892020498308,0.022984026806693255
0.0,0.0,0.0,-0.18412802004173612,-0.17738835819681242,-0.06516735880272284,-0.3242272332191743,-0.44042312366732195,-0.08454092030483998,-0.401053363549012,-0.6884545623285234,-0.11355484731698466,-0.4168512431208545,-0.9006491988579737,-0.1224014077134657,-0.26682615319451275,-0.6986793120960879,0.07933125113124447,-0.29067699698994487,-0.9132451302482706,-0.021852924475562543,-0.251941958264575,-0.7380532192576839,-0.09229837614973702,-0.2277983655346389,-0.5876445466713422,-0.11823214098444082,-0.14652306165339413,-0.7275036752684855,0.07605726110624875,-0.16670891023930678,-0.9580078443756681,-0.032719092072583486,-0.14050889141061168,-0.7273225797401327,-0.08095939309520048,-0.13356321577484537,-0.5820850722112861,-0.07996530360983634,-0.02304042734883456,-0.7180418996438132,0.047969120717153944,-0.024707756677729023,-0.9532928604395552,-0.05275045888334673,-0.0200678778666232,-0.7527809357261186,-0.04307084174786124,-0.02342720039528514,-0.6073323604687695,-0.0011945725635407174,0.09869418539636485,-0.6821160563942592,0.011962274478259488,0.11451339152334172,-0.9005909851323028,-0.03752449695427021,0.09168830785958584,-0.7759710226124694,-0.013841765364945314,0.07122171519372786,-0.6582491256132189,0.025096228572581668
0.0,0.0,0.0,-0.18375895392616648,-0.17553636589828162,-0.06347091482121561,-0.32404499054924707,-0.4402199069534495,-0.0833030102342556,-0.4030352005449882,-0.6893451726741276,-0.11277531956526282,-0.417797534335797,-0.9002709190094671,-0.12212452216093411,-0.26639878953790164,-0.6947566958990656,0.07459193498648678,-0.28910269353300644,-0.9154253351939962,-0.02569057053045544,-0.25071850961727105,-0.7409765743281846,-0.09517740318293723,-0.22672676997164237,-0.5861011728236878,-0.12051707399999408,-0.14697691401894586,-0.7243482297016477,0.07139597030576553,-0.16585371684828035,-0.9600372676325217,-0.03394180034278279,-0.14007724373621705,-0.7306943641101699,-0.07957971511858603,-0.1337206552897229,-0.5818064257530726,-0.07802942331985549,-0.024127480858805086,-0.7159413474404233,0.0441668591814464,-0.0251926444275975,-0.9581915063834567,-0.05135214251062873,-0.02035912761107428,-0.7586905151077643,-0.038477807409358286,-0.022880679787562155,-0.6089447417689537,0.004007159289982219,0.09621043134954685,-0.6786140909761188,0.008851649281840405,0.11251067422733016,-0.9031332278361701,-0.03721972836012097,0.09029419385718468,-0.7810525078961071,-0.012115282173628152,0.07080291035692513,-0.6613093165601752,0.02696595765883214
0.0,0.0,0.0,-0.18391021266323826,-0.17653976370502109,-0.06842663259093212,-0.3269032264369831,-0.43505681041337774,-0.08959031178629387,-0.40752825414012683,-0.6839370612863293,-0.11958025038681513,-0.4214561273554164,-0.8975666275218287,-0.1290675440882731,-0.26971502858892415,-0.6899131685549293,0.07968818913400436,-0.2918714729999208,-0.9108976100570041,-0.021741881221258717,-0.25436102503653546,-0.7415811050074996,-0.09471394350867529,-0.2307020554330955,-0.5890331647658527,-0.1222580316081607,-0.1511963404885354,-0.7186969056250105,0.07902418098235475,-0.17106630384403276,-0.9573352273233816,-0.02862990641010593,-0.14562292788852318,-0.7334614520540164,-0.0806749443481587,-0.1387389693179315,-0.5844592252483856,-0.08295286506866607,-0.030000073508922746,-0.7109012459884978,0.05338208218534187,-0.031254875859750585,-0.9540046650429472,-0.04454985401193897,-0.026315171463466337,-0.7608908996906467,-0.0394159803695065,-0.029878856167856686,-0.6121878510843155,-0.0013268029527088972,0.08885437440913303,-0.6767779290945423,0.019516030501834272,0.10434965945886304,-0.9014093103982828,-0.027959432065974125,0.08329903132498254,-0.7816385558830476,-0.007195994368132632,0.06389720408177212,-0.6610289519628421,0.028985231290822748
0.0,0.0,0.0,-0.18548311739752604,-0.17822892667289233,-0.07167644585941725,-0.32865135840568704,-0.4333806599997301,-0.092845133162345,-0.4068660701289656,-0.6825446346839572,-0.12267775587974594,-0.42079136161642594,-0.8975220404664409,-0.131667712892356,-0.26828640507558144,-0.6867922016468684,0.08909511578441394,-0.29004764179033415,-0.9051018972689833,-0.013438504618057234,-0.2556987785503606,-0.7376357170606171,-0.08999626120801749,-0.232447524901844,-0.5882533696421897,-0.11951933190994841,-0.15122253689850987,-0.7133146345377586,0.0905733471711059,-0.17111958837412336,-0.9488585873045815,-0.01804580872915481,-0.14802234354170335,-0.7300114802892267,-0.07542959171211788,-0.1413697994798152,-0.5838728714262535,-0.08089682620655123,-0.032740633348402826,-0.7048834955385008,0.06580518378342574,-0.034245262156173975,-0.9445631419175847,-0.03293096241570449,-0.030850137752797636,-0.7562044013211622,-0.03402050945602927,-0.03447272231812139,-0.6092224603850479,0.00046462126337121256,0.08399506832845922,-0.6737574786773752,0.03252942932660251,0.09766917458864038,-0.8943782690032008,-0.014457673257606128,0.07671984491680553,-0.7771086886018209,0.002917130002177445,0.05822787893165311,-0.6579361692512615,0.03680162227889294
0.0,0.0,0.0,-0.1885497683683,-0.17158330500686084,-0.062407108627946226,-0.33513077371098454,-0.43644915592551436,-0.07901200922471806,-0.41678397579963283,-0.6863343032753373,-0.10548271600219881,-0.429012775025181,-0.8960993126073938,-0.11160522623000575,-0.27918389034915264,-0.685190786132363,0.08038667731398663,-0.30907363370518176,-0.9141809817308374,-0.015300693073526621,-0.27063264337868487,-0.7439279976390158,-0.08405712033489225,-0.24428979019611155,-0.5907562486289586,-0.10948055699303985,-0.16059526655570477,-0.7178899026813871,0.07849917453054364,-0.1852019512341032,-0.9617344172169211,-0.019254948384605404,-0.15684285615013824,-0.7388246912455574,-0.06459909512902196,-0.14606922679306977,-0.5921279221321276,-0.06470302566531927,-0.03867320106793493,-0.712406600516626,0.052569717385619864,-0.0449293688283508,-0.9669192779930751,-0.03528037611587241,-0.03889213917877139,-0.7745050712056856,-0.02500579853123868,-0.03841767971796038,-0.6239916182302216,0.013397955268609284,0.08115994721670866,-0.6779109829917251,0.0183808520871882,0.09484667549697738,-0.9109184207634258,-0.022212226679278257,0.0724343854249071,-0.7929695026806314,0.001335747537066414,0.054052546477534165,-0.6693315649729193,0.037530164354567644
0.0,0.0,0.0,-0.1935782159312146,-0.16559197437079795,-0.06068183551030041,-0.34435305176107106,-0.43487713238588926,-0.07620966862711082,-0.42676845972478045,-0.683875526313126,-0.10219281040932449,-0.4368584005014926,-0.889447938844652,-0.10787706281596661,-0.2863563795294234,-0.6865710071478444,0.07605608318066423,-0.3207276840411165,-0.9218910347475027,-0.02141861507168068,-0.28007107551941035,-0.7468442696757744,-0.09021667988554524,-0.25093469971494164,-0.5914552989626929,-0.11585713220545626,-0.16618690784186474,-0.7224650964395758,0.072131964472052,-0.19448278437142336,-0.970014224612975,-0.028476712341809877,-0.16377107152304837,-0.7411042528669562,-0.0726000654222326,-0.1509348762890522,-0.5938551397649362,-0.07159782571053307,-0.043638247068484765,-0.7186944682397753,0.04449544698002986,-0.05451612914622738,-0.9774425026407105,-0.04442602687127556,-0.04670764164374151,-0.7796068837987054,-0.03080269508955943,-0.04346537346207194,-0.6269898128780015,0.00963810905083743,0.07715952107842934,-0.6850902047286822,0.008515156371047116,0.08764984907622708,-0.9207782656316785,-0.03132557821070592,0.06575811717784898,-0.8012313631896173,-0.005204655809162292,0.0497354620283135,-0.6772204828999737,0.032342330409984965
0.0,0.0,0.0,-0.19478358889637948,-0.1634795962588878,-0.06051672423456263,-0.34692128031032954,-0.4321635277009974,-0.07703397889458607,-0.4312685314378751,-0.6826597465833103,-0.1044356820862861,-0.43759821450134817,-0.8887225535601556,-0.1115883444883456,-0.286300004974839,-0.6874292492173342,0.0761012514910919,-0.32056592865666944,-0.9249874315116476,-0.023696701814221947,-0.2808728960981288,-0.7510878485003059,-0.09413216199408853,-0.25103770389894664,-0.5945302988119338,-0.12059910245810367,-0.16647234823352042,-0.7246748101558609,0.07163832885398733,-0.19569735937565616,-0.9749356372371896,-0.030865532236583754,-0.1657577380512176,-0.746516733820203,-0.07541002061460439,-0.15259386432727656,-0.5979934140400416,-0.0742483370116781,-0.0445024431873139,-0.7215578671434941,0.04330196871621227,-0.057946330014926745,-0.9829389300033987,-0.046500190052731566,-0.050220483447699235,-0.7856023976452791,-0.03210710354355228,-0.04547111751593192,-0.6321065038337579,0.009353912302715473,0.07584456191995015,-0.6881356659365558,0.006507710695706276,0.0838222554107757,-0.926747254194229,-0.0331466989284211,0.06206485377012361,-0.8104137673603958,-0.006516687243412496,0.04750595800863258,-0.6878568778256198,0.03161429975090389
0.0,0.0,0.0,-0.1944914502561783,-0.1618425266807587,-0.060769405123099376,-0.349483030623169,-0.4294720914966579,-0.07774091364414126,-0.438828218924469,-0.6809592880768517,-0.10497359825174805,-0.4414389776000558,-0.8886194139309773,-0.11116741222544044,-0.28767722402988305,-0.6861722562328605,0.07544661345614734,-0.3214911824782227,-0.9246203520711018,-0.02159825324832587,-0.28048482136490627,-0.7477112207763497,-0.08824443648554589,-0.2531131824027342,-0.592007194215002,-0.11248719110619712,-0.1693543355681306,-0.7243130338706321,0.07269957554296222,-0.199237341987015,-0.9716669568273197,-0.02620245571604703,-0.16655331398868295,-0.7385528259222263,-0.0662621444404216,-0.15547722822290733,-0.5942741338575371,-0.06270262250007277,-0.047481896596101573,-0.7223048924627817,0.04636327294815984,-0.061902205727197686,-0.9824113141319692,-0.04088160817417008,-0.052026116310518476,-0.7808719908786463,-0.022159201157547565,-0.04847370622032578,-0.6308573179720534,0.02167540125576728,0.07237685586406639,-0.6889061366238547,0.01162747563242428,0.0789804183325933,-0.9278422587320068,-0.02650980185870588,0.058583987939525045,-0.8059422445829939,0.002664211997787653,0.04367672746405761,-0.6837722048515105,0.042510051697055226
0.0,0.0,0.0,-0.19450540018744827,-0.1577904388241096,-0.05853386751848312,-0.35359130524499693,-0.42546668722277303,-0.0742324945402113,-0.4465382432436069,-0.6773213211255442,-0.10001893867927718,-0.4516099904489226,-0.8850443429396997,-0.10500593695068927,-0.2924064368293715,-0.6731821942806122,0.07274628419320595,-0.3253838461696822,-0.9146838199078493,-0.01990915723043648,-0.28077028794657377,-0.7377263601346875,-0.08275908186913715,-0.25344932317916957,-0.5793887121539796,-0.10494139405197497,-0.17450696921910452,-0.7132443875713794,0.07027375918160397,-0.20441233450644508,-0.9618409797412231,-0.02347233552333916,-0.16771642815102847,-0.729171590844949,-0.05975144862152704,-0.1561295642319266,-0.5834940479104063,-0.0547904132843339,-0.05331846802815966,-0.7127930441227827,0.04521579747117421,-0.0680784788153817,-0.9732460420661923,-0.038025819746285223,-0.054320042910138304,-0.7708963575387872,-0.016659395867725756,-0.05057414675697041,-0.620510580657053,0.02788982828898059,0.06398653058026894,-0.6804930055373757,0.012081356247408429,0.0699662064670791,-0.9189623677606811,-0.024180085349737014,0.052377926257412166,-0.7947918320107388,0.006626618762592144,0.03772213878662453,-0.6717383060486792,0.04699846902551097
0.0,0.0,0.0,-0.20084285817724357,-0.15104782573025555,-0.05904982215383865,-0.3700087517116627,-0.4147048711173775,-0.07328906258422375,-0.46619155686433833,-0.6699021479312822,-0.0967576275608812,-0.46801888408260656,-0.877524116172246,-0.09839131284891672,-0.3047277135756965,-0.6638060222662904,0.07216134424127003,-0.34272360643846816,-0.909130877699289,-0.013568422195096866,-0.2960554349762492,-0.7322341303938873,-0.0707306676871908,-0.26718277468686824,-0.5738664276252132,-0.09023780778757619,-0.18741115416002005,-0.7091891510241981,0.07149841211867182,-0.22126634871338152,-0.9589989814627202,-0.01674213975836108,-0.18115322089589553,-0.7278727239334397,-0.0503059740083652,-0.1675323673485088,-0.58135795732391,-0.04449801159683831,-0.06734214599321722,-0.7132171542016481,0.04887372904044782,-0.08585222242693116,-0.9721192573739964,-0.029361939348220685,-0.06907746202316388,-0.7714153584384558,-0.007556941474066746,-0.06352221558600377,-0.6207039159130359,0.03597362103465851,0.049653917848435314,-0.6847800721902333,0.018092935440081392,0.051630277885478144,-0.9222701721207223,-0.015197449629433774,0.03730253995333474,-0.7996012983683292,0.015322073337024336,0.025140713274380586,-0.6764233872305718,0.054649392347397144
0.0,0.0,0.0,-0.19965414071874615,-0.1413333428240512,-0.06229674440132923,-0.37115243800066455,-0.40521446849288384,-0.07773130523586622,-0.46987115562552606,-0.6647715383300731,-0.10174244988196177,-0.4702704764136909,-0.8760690930278445,-0.10344766862464738,-0.3097346181332842,-0.6504975348916013,0.06964620499629037,-0.34832426207132283,-0.9008517306104313,-0.01661688064309154,-0.3001680804322764,-0.7202613472060256,-0.07289602838949377,-0.27152971188337893,-0.5610278048902795,-0.09170908283696205,-0.19339751347974513,-0.6989106719211404,0.07113999207466173,-0.22694403416643696,-0.9461152032640943,-0.014736295315055686,-0.18414185691777368,-0.7148338029855956,-0.045704725089769666,-0.17139668398096258,-0.5711866519564957,-0.038748200626367746,-0.07388564642804502,-0.7062966062038343,0.0500973280397312,-0.09326495666153717,-0.9603176390744363,-0.025974301120613427,-0.07302082498951104,-0.7578838732765412,-0.0018668184013197484,-0.06731931378516759,-0.6099123351499536,0.04241267685873146,0.043229048236975376,-0.6825465199649459,0.020412656870431103,0.041294309682697,-0.9152878870455745,-0.01134077340878138,0.02973429141429625,-0.7916657590196226,0.019832407676027418,0.018467295694727878,-0.6715126274941501,0.0591399972209508
0.0,0.0,0.0,-0.20353141851179413,-0.13944698844697956,-0.061488266204344985,-0.3785892737893296,-0.400400738036431,-0.07700499163708052,-0.48153295636380367,-0.6592921871961346,-0.10137769091471924,-0.4795421285482573,-0.8711241525945894,-0.10367251147097309,-0.3181570719061435,-0.6449801515352583,0.06843319520297017,-0.36021128158202653,-0.9001625769438147,-0.01558218943383756,-0.31338758767289665,-0.7208767797471454,-0.07077543181698817,-0.2828281550386379,-0.5582124720339395,-0.08907317783086205,-0.20054798403285212,-0.6959229698355427,0.0702748163633836,-0.2390962978834224,-0.9459816570795965,-0.013505268043999215,-0.19717680647201175,-0.7188755879535026,-0.044320299299503374,-0.18032889550378695,-0.570625311947784,-0.037607655309784875,-0.08039756318255023,-0.7058892037630731,0.05009523468235963,-0.10581223142428517,-0.9632886258215962,-0.023428516586382328,-0.0867833336091984,-0.7647024813450279,-0.0008517133749648742,-0.0776553727587698,-0.6124175543933666,0.042050789839754035,0.03666352836044334,-0.6844833637446353,0.021374958751086942,0.029412483504498065,-0.9211534570321892,-0.009251543007413706,0.017327699887526766,-0.8028934710658648,0.020370715375565424,0.009532408327505952,-0.6802883341723139,0.05842790825221403
0.0,0.0,0.0,-0.21324014043932005,-0.13887480425691903,-0.05558781882145704,-0.39253278322103013,-0.3951794174427563,-0.06826306358174698,-0.49620501465068756,-0.6530134346681973,-0.09075679292374653,-0.496524399980672,-0.8627313447146951,-0.09188798133259397,-0.33576382484071043,-0.6343312591216974,0.07206498752599928,-0.381475929578453,-0.891692071612036,-0.007802058809246578,-0.33230114743646016,-0.7143861209740944,-0.06070063152601282,-0.3012531401000934,-0.5517975142573,-0.07778053009992025,-0.21654178301873644,-0.6892693327449237,0.07228344929036602,-0.25961435568307134,-0.9410063763098568,-0.007479324146940414,-0.2144543286905631,-0.7167949005307916,-0.03805107642229688,-0.1952718745030674,-0.5667903045142557,-0.03172752508755191,-0.09490702692966702,-0.7023576776322011,0.051654670171403266,-0.12663223946888946,-0.9572188642720181,-0.018462707526876003,-0.10554231554454312,-0.7591468317669441,0.0032753517177776122,-0.09446760598206289,-0.6047745886306897,0.04505538761153098,0.022984358332136662,-0.6831013058890202,0.023262672522310568,0.010918954868479956,-0.9184089582159846,-0.004374665729073679,0.0002201644305935748,-0.7998657084971563,0.026357729431455413,-0.005180109049711251,-0.6756528639724506,0.06483349267693161
0.0,0.0,0.0,-0.22382197855677577,-0.1367149839287941,-0.053807898583044037,-0.41573922052665335,-0.38717296001361673,-0.064841738001636,-0.5270825596132916,-0.6440194580326426,-0.08673347325933742,-0.5218116471178753,-0.8478598634014047,-0.08721491024381534,-0.365001269332801,-0.6286993740171678,0.08018940385422718,-0.41193307760093284,-0.8875738108443127,0.0012403436494494704,-0.3530356824707739,-0.7088848047652891,-0.051638370449061624,-0.31681579369067264,-0.5460740291418668,-0.06959463867248562,-0.24374364263788054,-0.6882990167217804,0.07842937235557376,-0.2885807812527662,-0.936712791370244,-0.0034103986918866515,-0.2304216509141318,-0.7074017131354937,-0.03623107435804136,-0.20764201992067438,-0.5548227421202977,-0.03107977682912804,-0.1192433826832438,-0.7073590655200519,0.055647118044161906,-0.15418926838556807,-0.9541973260863199,-0.017068899763481915,-0.12074098290890672,-0.7505371270185832,0.004164464303898964,-0.10652502891676752,-0.5914098404381816,0.04618475627445491,0.0025325934195063095,-0.6920645612507554,0.025207208090838772,-0.015167767515639672,-0.920479365822901,-0.004005600739363924,-0.016713183371582632,-0.7962439167954329,0.02728653464390752,-0.01876123857237174,-0.6694019354145277,0.06626482142350207
0.0,0.0,0.0,-0.23160012625281695,-0.1321241444977028,-0.04734734850582177,-0.43043878177987716,-0.3798817731743197,-0.05531292258057555,-0.5445393032770547,-0.6405336189487199,-0.07580001767078753,-0.530277559898567,-0.8431642117397797,-0.07509802036884089,-0.3806271183552674,-0.6238146351372014,0.08823430584035927,-0.4326576909968758,-0.8893537371647989,0.009637930231784005,-0.36890957073038644,-0.707073664792609,-0.042920090874336195,-0.3275845653909829,-0.5431348053754922,-0.06065166355011692,-0.2564193684909591,-0.6865048134240681,0.08370912359897678,-0.3028182105345887,-0.9362354281419099,0.0023460083897708576,-0.23814553648674566,-0.7026235320092553,-0.028942119514454204,-0.2123585302405071,-0.5511530346332225,-0.022516073349808673,-0.1284454671622512,-0.7088473526790029,0.05828779115980325,-0.16386456933521934,-0.9560635518062759,-0.013608232448103328,-0.1248983204780608,-0.7457026574864578,0.011122310792952103,-0.10837629558338249,-0.5864913774330339,0.05557549855401239,-0.0019746442272569587,-0.6967987876712161,0.02564204329469675,-0.022907100333740327,-0.9270533970837556,0.00042886676132223873,-0.02145800388220559,-0.7965750591180247,0.03596406789186332,-0.021621168222412078,-0.6707552319632318,0.07736048586844557
0.0,0.0,0.0,-0.23533973475692577,-0.12931739891480035,-0.04594517523733381,-0.4397986898293029,-0.3776628220248698,-0.0524285841591305,-0.5565681131862276,-0.6401432674238963,-0.0718851963655498,-0.5357102826344102,-0.8407573296767237,-0.07046091807811661,-0.3887750614834229,-0.6252352957553655,0.09170542879830867,-0.44231333123362426,-0.8893537028266278,0.014411746121468377,-0.37586813255224394,-0.7048281262097398,-0.03726470682552846,-0.33306902067048827,-0.5399086836969309,-0.05471125238759021,-0.26292234038560114,-0.6894525071223783,0.08638923269274423,-0.3092803928995383,-0.9368755072447172,0.005778112056603494,-0.24094520910636014,-0.7003708862852618,-0.025000249698960086,-0.21419682542496915,-0.5487585534795624,-0.018116533405580712,-0.13269432263199268,-0.712092887654777,0.060164310742624044,-0.16733728297228592,-0.956015245736381,-0.01230554517814185,-0.1250222378612551,-0.7406460227300977,0.013129004555656264,-0.10776917100620345,-0.5801407204583561,0.05831170073284846,-0.00336708605355573,-0.6995762788085244,0.026966119930633126,-0.025297620440998373,-0.9288067332209691,0.0023328788294243426,-0.021525022515264877,-0.793635836113685,0.03936707722522116,-0.020465368994050326,-0.6676536199866028,0.08170415785056756
0.0,0.0,0.0,-0.24007862088729504,-0.12999028478895813,-0.04268579408975409,-0.4436232065080886,-0.36939916883337076,-0.04883029366444171,-0.5582641417511183,-0.6325842364716334,-0.06851823274336066,-0.5390206073196555,-0.8392263038232219,-0.06741656418525899,-0.39084167620313676,-0.6151696148412569,0.096982629089931,-0.44490256599179845,-0.8787175498839812,0.01935681021022201,-0.38126123623922853,-0.6952536672937708,-0.033168669409804265,-0.33704692516368173,-0.5331225594516011,-0.05150987749325915,-0.26438614526774384,-0.6795510378898105,0.0899304233223901,-0.31128991986240184,-0.9281280199598009,0.009225680041424301,-0.24416318124833192,-0.6915323666136335,-0.021582329862922855,-0.21493982943868278,-0.5414666746915169,-0.015021688050699394,-0.1341168613117751,-0.7035150856057335,0.06183344995073673,-0.16937403798511236,-0.9482424038021111,-0.010687165848060568,-0.12772714956973846,-0.7335130477436368,0.015626803195537737,-0.10778444637014079,-0.575706073246897,0.06127166667187987,-0.003238915143542442,-0.6931525048511313,0.026955397969425574,-0.02759303994976129,-0.9213221072574316,0.0026532599293598155,-0.024082125401073427,-0.786537435546625,0.04025807639640597,-0.020993715231155577,-0.6637006118290374,0.08280087268769562
0.0,0.0,0.0,-0.23821985626790068,-0.1313205683800544,-0.03289842002293947,-0.4405569419782268,-0.3723760224186746,-0.035086123434470665,-0.5495712435684346,-0.6363768092410845,-0.051583164197741525,-0.5342998542255102,-0.8435084581033478,-0.04782434740267787,-0.37795161647315983,-0.6174255373429909,0.09553098513102068,-0.43128833778486453,-0.8831354314173139,0.021959782799134346,-0.37647304366651124,-0.6966253304301613,-0.026618884598751807,-0.3314142982370164,-0.5358406238356261,-0.04298242377851802,-0.25309939433839745,-0.6788654339427884,0.08458852922724489,-0.3008636000538123,-0.9340960104926023,0.010582694544804028,-0.24166158549758698,-0.7007410438597113,-0.0133922467641228,-0.20902431482707332,-0.5546415928208878,-0.004223307179374155,-0.12357505466483285,-0.6996227196687044,0.05387254917046825,-0.16219657013972116,-0.9589316345671175,-0.010766105517570868,-0.1256841657924432,-0.7486201068601026,0.02119098195807441,-0.10104979898225602,-0.5952697128932298,0.06759584676905532,0.008273636004500096,-0.6855766634457379,0.0168426902562835,-0.018682156402144785,-0.9222350771728196,-0.0024443442383545876,-0.020390696667829014,-0.7887014612027887,0.03754861414303465,-0.015320839056531883,-0.6679195733584729,0.07985332372216677
0.0,0.0,0.0,-0.24313524450692503,-0.1378017275365795,-0.02954416096985838,-0.4433543950441445,-0.37153477667771506,-0.03013673517785153,-0.5483724487574311,-0.6335151725479419,-0.04628852487883944,-0.5376269880385134,-0.8418544380123504,-0.042832373070257695,-0.38064588464365945,-0.6169842248848446,0.10815053707831543,-0.4327745549964902,-0.8777145034362945,0.034063222999743466,-0.38084900612238626,-0.6984993766432963,-0.019467156106011935,-0.3346618062590965,-0.5395290421430553,-0.0392672898096714,-0.2554118275160613,-0.6779066661468932,0.09518609137078846,-0.3040009436367015,-0.9298758538103022,0.01769655335651779,-0.24721332858231543,-0.7024272021488566,-0.014848288219895329,-0.211774641034083,-0.5532720413767223,-0.010546201486306743,-0.12588940961261058,-0.7007815115515295,0.062266196331471554,-0.16504502180586178,-0.9527890512730088,-0.005250687090725463,-0.130883212127058,-0.7488195564480911,0.01930837301734123,-0.10397895242287741,-0.5944375506656969,0.06201247300429605,0.008867303652080933,-0.691006094538187,0.023400373391478373,-0.019461765012055408,-0.9249471079410156,0.0018324463149644724,-0.02140136389130167,-0.7933185975716666,0.03878126425456706,-0.013615555522595416,-0.6699124498405656,0.07994332270651215
0.0,0.0,0.0,-0.24130904845468243,-0.13081400912163563,-0.031231692524139057,-0.44140908834757075,-0.3705961809893516,-0.03445075220097969,-0.5453071925620092,-0.6339593838006603,-0.0527068692684695,-0.5387060784885453,-0.8407520133696906,-0.051501646247750915,-0.3801192114346328,-0.6146931557561859,0.0906938088149267,-0.43419363480486173,-0.8831086539700344,0.013603177266189306,-0.3774938421504428,-0.698451737693885,-0.038099256056619804,-0.33077290953597405,-0.536623496272518,-0.05611019297127379,-0.2527451329993974,-0.6755828971034405,0.07738179353488506,-0.2999829047751387,-0.9271967343756404,-0.00035033443478402204,-0.23868229306973604,-0.6951445251669309,-0.027336104182428607,-0.20419483732937324,-0.5444142760167561,-0.019596043710072737,-0.12016159694244748,-0.6991014213581264,0.04469413736827127,-0.15786802535045977,-0.948570861074524,-0.023233305174868987,-0.11993959880851474,-0.7374434554898244,0.0065616576828973405,-0.09426696774735455,-0.5801911386776832,0.05240480359080005,0.01603094565683203,-0.6889141015549165,0.005861857813484706,-0.010743045230778323,-0.9232644224473767,-0.018486895022736937,-0.012550606302908367,-0.7868963644929448,0.019525002228232984,-0.0071677925268676885,-0.658558739510092,0.06177426726685949
0.0,0.0,0.0,-0.23646499645118446,-0.1275062337312671,-0.03435844961425464,-0.435490733303875,-0.37136124549946126,-0.03997941293856679,-0.5409907245965118,-0.6372767172691403,-0.059821473368040716,-0.5318784400506158,-0.8445424406601303,-0.059857277354110366,-0.37237548910670043,-0.6149980423687738,0.0794810377773652,-0.4292265210122181,-0.8796868418210328,-0.00022110757480826686,-0.37122295837573627,-0.6900519863822442,-0.04853512925745386,-0.32456594631594304,-0.531731641526774,-0.06383580249577993,-0.24502082207020875,-0.6741275582152244,0.06644369155006193,-0.29248359619718095,-0.9174612801518044,-0.012988446433456416,-0.23086720172226985,-0.6831341450529915,-0.03527341949177974,-0.19842984625304586,-0.541056069038014,-0.02469569653918042,-0.11107752270505722,-0.6977154163257145,0.03388381017807626,-0.15130663538281702,-0.9439247034023996,-0.03672751196365886,-0.11370248628657614,-0.7293285028301755,-0.0022530120381013927,-0.09015655275492596,-0.5785707023674422,0.04656886595594292,0.02597295504923075,-0.6871973674472031,-0.00503909214227668,-0.003256081394113068,-0.9189338595931941,-0.03205441406004271,-0.006125796176362934,-0.7783935532045645,0.007365335252151978,-0.0019510161713890877,-0.651755268090833,0.05070209400496377
0.0,0.0,0.0,-0.23394910238343486,-0.1283990067569764,-0.03786529150048859,-0.43478734926105855,-0.37152529939919643,-0.04666375112183616,-0.5440370908423886,-0.6392044576654837,-0.06893934218595488,-0.5254116831047382,-0.8476842525070436,-0.07113292191900465,-0.3698637715471248,-0.6236542038087675,0.07426913498636681,-0.4252033614753002,-0.8853927141344933,-0.007011243087039206,-0.36864083651179297,-0.6913907602931271,-0.054977557700959745,-0.324954607219196,-0.5329338269111448,-0.07019586200157044,-0.2410965545781943,-0.6806402605476481,0.06206948591004054,-0.2878213707363593,-0.9206103279868985,-0.020925731581639326,-0.22716556519453018,-0.6813356257169583,-0.04343590943947745,-0.19700102990575874,-0.5389413090777322,-0.03222119636025106,-0.10577036292036174,-0.7030138214783827,0.03033191451482868,-0.14483948846976685,-0.9432797664837574,-0.044577877546055356,-0.10856205957944781,-0.7237404915006982,-0.00951459748762142,-0.08776122377367254,-0.571896950222506,0.04091754271396669,0.03272517571128811,-0.6909391064351956,-0.007766076091050556,0.0015915617215624472,-0.9178534712694417,-0.03822379399414004,-0.0007399885443116335,-0.7722463779039122,0.0014998096242012167,0.0029712540632396635,-0.6441777927782926,0.045940384978427895
0.0,0.0,0.0,-0.23958145418168234,-0.13583981715927113,-0.026085437154993292,-0.4351810412140773,-0.3841604342120729,-0.02812320972165287,-0.539030143176531,-0.6482026430831782,-0.046052283590715504,-0.5220279761599942,-0.8512439380930958,-0.044495164045290025,-0.36807911206510024,-0.6322381255419625,0.08744150309385344,-0.4188396146627311,-0.8899036389122612,0.01034374796521355,-0.3659755580797231,-0.6988430333121556,-0.03739932538945676,-0.3243836154560549,-0.542049312001917,-0.052709461130534464,-0.23961951716272265,-0.6889031747859765,0.07201492602387824,-0.28261485254760627,-0.9275764990155315,-0.0046096668007377,-0.22734998908144058,-0.6913737020748479,-0.026046199957499107,-0.19844152551983157,-0.5500221596999816,-0.015107478512295592,-0.10327657703104673,-0.7083165941544002,0.03804103504758727,-0.1375940934579935,-0.946467080106332,-0.029574166271560016,-0.10671446282367256,-0.7276572288591061,0.0064018498014764115,-0.08693270902156908,-0.5761791485746193,0.056120495981858004,0.03578526241594345,-0.6914062760215433,-0.001672185917720676,0.01281404943637714,-0.9202975259092332,-0.024654437577547574,0.0024236274927460287,-0.7766945994684151,0.017569451490191408,0.0007797565404991781,-0.6488455202747474,0.06270281757397653
0.0,0.0,0.0,-0.24200252960521917,-0.14193903374285188,-0.019531129334790287,-0.43088373585306816,-0.379405499382636,-0.023008789615758543,-0.5323555056167768,-0.6440431242890465,-0.0414978249503624,-0.5206776310453303,-0.8524825365496679,-0.041348588092651184,-0.36540281521359186,-0.6194375017643801,0.07702876904127781,-0.41872219688970513,-0.8799097850726338,0.00790781372370489,-0.37079173499744145,-0.7015652803028313,-0.03419906765985859,-0.3282429918579189,-0.540449708736815,-0.04649357128998686,-0.237496625131499,-0.677207924722491,0.061450839469199284,-0.28247778298146087,-0.9233925031037061,-0.004591423249865856,-0.23491010780402383,-0.7043020757252902,-0.022384657579801966,-0.20495830159458445,-0.5591656664884931,-0.012882676578715889,-0.10201614244152002,-0.6962301146392338,0.030319186891835593,-0.13879016528810367,-0.9452673941781202,-0.027280290215240092,-0.11521487727269028,-0.7434824840312939,0.008322049390652718,-0.09391990071150193,-0.5899081792335259,0.05397672496180925,0.03515656177787618,-0.6775933546836612,-0.005437710226499583,0.01335639794858432,-0.9168007893889394,-0.02342145972518633,-0.0030089824339291507,-0.7843647121228571,0.01876314282006948,-0.004930055026067613,-0.6539365135210435,0.062120006148539395
0.0,0.0,0.0,-0.24358299136642603,-0.14341304531000876,-0.012341027873221729,-0.4293650523178541,-0.3775643469541642,-0.01658915734800454,-0.5283762047525118,-0.6424508665557691,-0.03537214275992467,-0.5187703644524344,-0.85398441521277,-0.03645196071131583,-0.3653648823762534,-0.6161876479558934,0.0615425371470184,-0.4208331883294949,-0.8776919661350728,-0.0032382263360592268,-0.37584479975983454,-0.7040638009939416,-0.03581806958805101,-0.33161567972372097,-0.5410292926085754,-0.04164256027248714,-0.237633030727545,-0.673844135706459,0.042570368090006416,-0.28166534518345365,-0.9204605715318126,-0.02067814354644023,-0.23611080163400067,-0.7035589305189962,-0.03066523913367033,-0.20370367595015998,-0.5581233552984843,-0.016755636360906576,-0.10081515712068012,-0.6935282140532719,0.01072475020885556,-0.13577629493874227,-0.9392362426785963,-0.0448656168177985,-0.11228554641564431,-0.7382651946505463,-0.003785461993522061,-0.08878716990851851,-0.586630787178336,0.044093141988798684,0.03807638030988418,-0.6753656197850869,-0.02441436808247416,0.015410088148181917,-0.9151488799942237,-0.041694229374833344,0.00012190858127852748,-0.7775830999795319,0.00445840339586243,0.0010071763632267749,-0.6463081001172761,0.0500936057989197
0.0,0.0,0.0,-0.2438882800929849,-0.14783815915347087,-0.009277180922858303,-0.4287238381769445,-0.3804038322217846,-0.013322201669031312,-0.5254686896947711,-0.6446268467123426,-0.0341743514512752,-0.5145081502934328,-0.8565482040304987,-0.03807332528290909,-0.359573589681056,-0.6221400572918794,0.0747103839620111,-0.4116832717610743,-0.8742363994820832,0.0019331045492676194,-0.3709425510229236,-0.7011426521057127,-0.03910034735084408,-0.32809074903551305,-0.5387452419710563,-0.049615326395170425,-0.23527032025439154,-0.6748682131764436,0.05180319236619802,-0.27601673161729456,-0.9101649749793501,-0.021932163950935057,-0.23053134510773166,-0.688976681992428,-0.039429299035159134,-0.19809864968370422,-0.5423382346455421,-0.027934987232490133,-0.10136884837920622,-0.6933771037415036,0.014646646533478398,-0.13285364738277927,-0.9251503401758354,-0.050156130388276064,-0.1079019412019524,-0.7195598656202056,-0.011677396486354507,-0.08400906102317254,-0.5672022823810059,0.03753464324527198,0.035704835372852795,-0.6756981247545416,-0.025714940365347095,0.014029312944274829,-0.90652422843265,-0.04736003907977235,0.002071155754058707,-0.7629514685552833,-0.001007184176672631,0.005570409927488674,-0.6310414398816466,0.0464590531859689
0.0,0.0,0.0,-0.24318165292525612,-0.14777901065060928,-0.0162104398638451,-0.421654606428277,-0.3788658355852111,-0.01997072659990981,-0.5133464129837859,-0.6435007000233195,-0.04007859462262903,-0.5124796464826524,-0.8575200966882404,-0.04368993409656914,-0.35298466151764907,-0.6188088097063151,0.08613957463230273,-0.40460068010245986,-0.8613476690294437,0.01160674154879831,-0.3638524722787457,-0.6890428420971154,-0.03622363501144189,-0.32176939092748347,-0.5333440489419463,-0.051762487939003426,-0.22943391177900527,-0.6732518836089733,0.06634695235469426,-0.27280200996120846,-0.9019915104105922,-0.007999983877956753,-0.2278730677325136,-0.6869338147923316,-0.03244429901975805,-0.19521888838862944,-0.5469535597351605,-0.026063897281318672,-0.0968870342599964,-0.691247292981666,0.030231540677828555,-0.12969167457565517,-0.921040578960401,-0.03725246028369136,-0.10613209982999244,-0.7201380303462176,-0.0057303659644940075,-0.08279340289209182,-0.5731774736814516,0.03925914506504388,0.03927543193052763,-0.6747843239012669,-0.009906776209706323,0.018738535141353766,-0.9007650444505344,-0.03530572499870764,0.0044834357279897995,-0.7581952176593877,0.0056343972593585635,0.005246912172219089,-0.6289388113524814,0.04963185155570897
0.0,0.0,0.0,-0.24489268660954264,-0.1609889114093557,-0.0021110761116519983,-0.41792535351467075,-0.3850696372316966,-0.006214820804545697,-0.5082060869105058,-0.646415928775405,-0.0275796510782204,-0.502477386269358,-0.8637576102997611,-0.033852616554513236,-0.3368525200261928,-0.6120500001811546,0.07748773476480841,-0.39172408677915205,-0.8590549799205265,0.009767967199093345,-0.3595109499434357,-0.6977132561976944,-0.03271216482104697,-0.31817396882997884,-0.5440980115808455,-0.0457330903705825,-0.21451844645019988,-0.6640814610813355,0.05169081863067848,-0.264134194900722,-0.9019454959024844,-0.016551128103440622,-0.22864844128423994,-0.6983614440361046,-0.038197269516074286,-0.19269691347536444,-0.5527619472656958,-0.03241523377230195,-0.08469433453005693,-0.6821586802776409,0.01312381694159382,-0.12355222017992179,-0.9236540029029856,-0.04588881824700055,-0.10716543491233298,-0.7389494269003989,-0.014696412346280057,-0.07966208585643322,-0.5891642833351725,0.027050751087501095,0.04943483604353348,-0.6681274955431438,-0.027771053998891498,0.023184176835108525,-0.9064619748858341,-0.04779615038023583,0.004531955896336223,-0.7751679107038161,-0.006280290052308779,0.008724725089434098,-0.6392484042662471,0.03657129241863443
0.0,0.0,0.0,-0.23760186894822527,-0.16433649699292735,-0.005287982232372969,-0.41049950606858454,-0.38868721410743645,-0.010517783442418906,-0.5018158526511767,-0.6487408119655305,-0.031655885612768324,-0.49337269525896715,-0.8688488009969972,-0.03762287187235586,-0.32353844198323434,-0.6012452381908862,0.07265985165239013,-0.37988868150918353,-0.8546982692936645,0.009828214064435545,-0.35547308316673565,-0.702724069722489,-0.028757727726496426,-0.3161391758737094,-0.5495660755838014,-0.03959124655106676,-0.2016976317087804,-0.6529190135331044,0.04995784296746232,-0.25443273832009056,-0.90173610887882,-0.012954173580264499,-0.22693614036967122,-0.7060507882747495,-0.031529841329260996,-0.19028270475135697,-0.5553881866492651,-0.024176253116740244,-0.07358417435509049,-0.6709848878177319,0.014701454972897984,-0.1154533772631267,-0.9235067551282313,-0.039794158040851894,-0.10559346280494109,-0.7480471815513599,-0.00940832256519836,-0.07663537774382795,-0.5967587083698846,0.03141329981420242,0.05959648034715008,-0.6565008949372664,-0.02298206230767752,0.03021577617956552,-0.9046907878874458,-0.04141313292732186,0.007880308942151797,-0.7843974921999199,-0.002169408570788367,0.01322240108144832,-0.6484848190655863,0.038688098698179366
0.0,0.0,0.0,-0.24251452321572217,-0.16826436725253213,-0.006260348714686814,-0.414685721960894,-0.3888684900670938,-0.012847461125336001,-0.5009275717802042,-0.6486359419601846,-0.03586735527993783,-0.4898159239629767,-0.8706183598308443,-0.043768177587847214,-0.3218727973055731,-0.6037883288648759,0.0795310778240929,-0.3756749872357876,-0.8470378505994038,0.01397625084434635,-0.3557364033673449,-0.6947697038679594,-0.028962971990109256,-0.3192369300198925,-0.5468407015751764,-0.04303860837098672,-0.20141588488601245,-0.6523947013666253,0.05478129407072537,-0.25548325839295294,-0.8943038460754833,-0.013218150566490547,-0.2305870018132037,-0.7032661532222471,-0.038225223849391074,-0.19311658130414594,-0.5564900390815172,-0.03475006374279814,-0.07497730702095401,-0.6689317627707803,0.016311131504110767,-0.11579131578748701,-0.9126200683283018,-0.04304319581866154,-0.10629911094464697,-0.7469608450080549,-0.019997740902086603,-0.07675923592513692,-0.6004035994903403,0.01635681390370164,0.05695103016898021,-0.6579606998739918,-0.02454943784711195,0.02821526551067899,-0.899246311924103,-0.04570428878117515,0.007539566135649708,-0.7849206780238316,-0.01075034154403543,0.014483883460644768,-0.6519075381067561,0.027051084264776676
0.0,0.0,0.0,-0.23558692226840466,-0.16728831758225376,-0.006659014707404651,-0.40723867928803353,-0.39172715021988214,-0.014760415552036686,-0.49597013882193997,-0.6545739058836538,-0.03555677385329181,-0.48135304475203533,-0.8754891902725908,-0.040194777355309824,-0.31509037996872735,-0.585510716875808,0.048247881810977736,-0.36560808145781803,-0.8469016113709191,-0.007492614007665173,-0.34691937445455756,-0.699684891199635,-0.03361479756549652,-0.31431062971986184,-0.5519131409680771,-0.037288007245736554,-0.1933058108010442,-0.6350789796108339,0.027373781291625453,-0.2466506162322409,-0.898234484790394,-0.031154455019736665,-0.2252276585062767,-0.7139786848565011,-0.04119094083143576,-0.19137173014754882,-0.5700682825709611,-0.03032721000415036,-0.06755642670676174,-0.6536480247226577,-0.0037609112255051914,-0.10806113416784247,-0.9202492079013311,-0.053534658133316995,-0.10251971454963368,-0.7588480251239024,-0.019932551624195445,-0.07726450144172739,-0.6124056911924534,0.020156541662333313,0.060673043942379976,-0.6415334431566113,-0.036829575095789366,0.033842378574713575,-0.8981768966436251,-0.05257823781486522,0.010639085255340405,-0.7895369865565259,-0.013758641388696945,0.013413621934884266,-0.6571578946243375,0.0245649088788473
0.0,0.0,0.0,-0.23669048300660647,-0.16042891350059846,0.017549065119485712,-0.4048823869426602,-0.3834769212285374,0.010071305120466851,-0.5012196714691873,-0.6524599541706049,-0.004058312954189501,-0.4827760266417311,-0.8748101075323287,-0.0010824495957478773,-0.30795852112862465,-0.5393385473351752,-0.013116770986958473,-0.36542200595555097,-0.8456903696823488,-0.029097437871916886,-0.3550398998884017,-0.7263045005735618,-0.0036024639911340344,-0.32722658989752107,-0.5879842272147506,0.024230018885160305,-0.18359084995535674,-0.5933622826612928,-0.03323747253234992,-0.24493829311433424,-0.9070674453942756,-0.0519669621546384,-0.2325403067763311,-0.7610882608131457,-0.020700287481129676,-0.20265431690454694,-0.6318915280524793,0.007985764224295502,-0.05638363620471036,-0.6191598993155798,-0.05113655598390306,-0.10828967696831786,-0.9302236441218646,-0.06089490043652465,-0.10810967878380345,-0.7945263949960304,-0.002854210768178389,-0.08573192097312521,-0.6582658283543605,0.040494538197973995,0.07135136260496508,-0.6133314119118547,-0.06680767970271773,0.03689904306596668,-0.8993879386030806,-0.05307307060623844,0.01175076843615385,-0.8085661858709754,-3.594367999362573e-05,0.01343975727122046,-0.6826381358432438,0.040263599770407235
0.0,0.0,0.0,-0.2342161788690415,-0.1563167276736057,0.021311060627290428,-0.39993539907944337,-0.3819196967973997,0.015724404900501775,-0.49607580300429066,-0.6537047225943511,0.0047109167419767456,-0.47862839464849743,-0.877376890625915,0.011366093866579958,-0.2994055420039352,-0.526492264081579,-0.019112564085190572,-0.36179370094474106,-0.8446959928331772,-0.028594220786920956,-0.3578298177782886,-0.7272832312807476,0.003760588307502804,-0.3306620306888195,-0.5875620943248006,0.035659259038491015,-0.1759140547658083,-0.582863711497954,-0.037526727370336806,-0.2411968808889975,-0.9085764029185652,-0.04878645664888921,-0.23553101288426198,-0.7726654496074865,-0.011805018638367533,-0.20668510832445228,-0.6444824834587595,0.01909702886478318,-0.04900745731462401,-0.6113607864776258,-0.05199698676600839,-0.10465805183493238,-0.9308584233426223,-0.053057576750029006,-0.10928096789059544,-0.8029316135832374,0.008761351491240335,-0.08721022195884615,-0.6691692035893596,0.05234051766878369,0.07912253125345554,-0.6083854060219289,-0.06384752625499324,0.03978371445523641,-0.9000234967969885,-0.04399217321762154,0.01078881524774429,-0.8155118651048766,0.010651821276213669,0.012828802457874116,-0.6933414871781742,0.050709127204948565
0.0,0.0,0.0,-0.2380549477365716,-0.16214163783072058,0.03902724322497045,-0.4007020274927954,-0.3857059613465187,0.03692317149415589,-0.4981964433743082,-0.6550288962284694,0.028310740915154654,-0.47578675189079656,-0.8781040241754428,0.03722159461256617,-0.3009555498597818,-0.5320079197359768,-0.02114111398615163,-0.3608146332947084,-0.8453823501708402,-0.014110936469671103,-0.3560408724008358,-0.7351695195353241,0.03480316332246284,-0.32842100471453983,-0.5993019506219698,0.07642372825915146,-0.17820760140861824,-0.5880315673039895,-0.044125549515362364,-0.24019574175477815,-0.9136862197698801,-0.03797887874391818,-0.2366329551858935,-0.7847165059706218,0.014564590606058511,-0.20964875409854217,-0.6561651839260133,0.05284282235346995,-0.05237960678868651,-0.6159696452652876,-0.05951612350080493,-0.10509321573289734,-0.934882043299252,-0.04164494227115993,-0.11160645388254858,-0.8137097611443929,0.03090114887368402,-0.09144752006636661,-0.6795265882683175,0.0765705350578531,0.07609540138996855,-0.6123116167349709,-0.07083081148086853,0.040269101853612654,-0.9064234115683125,-0.03515715137443429,0.010834304535892887,-0.8296222637882014,0.02695706352936785,0.011400946480366318,-0.7065978032543276,0.06920402845162042
0.0,0.0,0.0,-0.22123892754151328,-0.15972744804260472,0.0018197177380017732,-0.39007335245841396,-0.38996040964547124,-0.018291243203361028,-0.4912781343616587,-0.6581350974712702,-0.0407165405586374,-0.46387763039328855,-0.8847789161605661,-0.04454002176067421,-0.27703973606100746,-0.5282524668885054,-0.06051012448119796,-0.3444341885011208,-0.8445773710979879,-0.08993536701138702,-0.3491177857753377,-0.7270698396089158,-0.065369964282323,-0.32415164863025203,-0.5768704975371618,-0.03621102073096368,-0.15563936741844928,-0.5803450933364694,-0.07581990680520713,-0.23250401055175376,-0.9125827414808367,-0.1105281185962846,-0.23663316128970655,-0.7718734834386444,-0.07707102620321339,-0.20474318050686482,-0.6265111098473191,-0.04393292907389916,-0.03242292968141501,-0.6059442877825094,-0.08831660692553009,-0.09816944380541012,-0.9384702288741181,-0.11220640828800453,-0.11341768613346441,-0.8125190991066563,-0.05490032394729168,-0.08925722911138753,-0.6675379075090127,-0.007992607602099477,0.09150581784179185,-0.603987361032119,-0.09912634911356236,0.049978799028457296,-0.9033823942697047,-0.10424108231381879,0.01285398303777503,-0.8327581624117474,-0.06087270159300672,0.01440341725283246,-0.7077802018251241,-0.02358360264041429
0.0,0.0,0.0,-0.22541524167575322,-0.15832503958335542,0.014228380646735485,-0.3927409457764687,-0.38976572699517353,-0.0036281537418150385,-0.489746004230718,-0.6610492595847313,-0.021517781150589468,-0.46668159550612204,-0.8838590110664444,-0.021591130349501036,-0.2810153503095542,-0.5141847418289084,-0.09165430397192022,-0.34709567617528575,-0.8498175201504574,-0.10264387517851578,-0.351859421128213,-0.7387613685617634,-0.05318446042118423,-0.32748423893549106,-0.5971439370455562,-0.009041945287663512,-0.15447239978973754,-0.5661042171636177,-0.10867148454928169,-0.23131198652736223,-0.9173868701347556,-0.12838958795421015,-0.23805106808340484,-0.7871549560210903,-0.07639896927524151,-0.2075653460998397,-0.6525941355305599,-0.03461127660788228,-0.03001522547819124,-0.5942603664056968,-0.11668134972123236,-0.09901882516372668,-0.936096502066575,-0.1257836415348767,-0.11474189003320363,-0.8170628308079607,-0.05770462349815824,-0.09154520283572756,-0.6805805383627921,-0.009133257065309867,0.09197400864085806,-0.5951356063855233,-0.12072940596971639,0.04889050175521424,-0.901946210995642,-0.11325925760624225,0.01305067641360072,-0.8320524285077773,-0.06148433544642444,0.015661977157749425,-0.7096193303750589,-0.02201389931150754
0.0,0.0,0.0,-0.22653011884522728,-0.16123915446357304,0.022498149912708817,-0.39303501973014354,-0.3913309295662175,0.006294517447232908,-0.49434406702537903,-0.6579774308340867,-0.010396869646864872,-0.4734166307178218,-0.8805160226176025,-0.008458588908535954,-0.28271402958151987,-0.5254137344628864,-0.09184271979286315,-0.34933812552109367,-0.857539618805,-0.09519823195295524,-0.35208354451355217,-0.7452983705530247,-0.0373174132703741,-0.3271010657257333,-0.5994842771830975,0.012496937244393644,-0.15880911338856873,-0.5765602033405468,-0.10932129092704286,-0.23377617246104015,-0.9263500593454483,-0.12279193061565594,-0.24041544690626615,-0.7942770865314712,-0.06297613039613031,-0.2127217480234147,-0.6598482229508285,-0.016728055270717152,-0.035465718114450345,-0.6027746472759439,-0.11589071916807041,-0.09940133974203769,-0.9504130462967721,-0.11649890120396811,-0.11556309462055302,-0.8300722565694291,-0.04020498559696565,-0.09493962052279738,-0.6900392452697245,0.012054817061859943,0.08474681109508031,-0.6006585336717631,-0.11794867220774832,0.048830263696190465,-0.9102378223462269,-0.1008222116820958,0.011979712472664734,-0.8413531158998273,-0.04299036952345628,0.012218085740454642,-0.7170916679077133,-0.0006168305851347641
0.0,0.0,0.0,-0.22556270480048704,-0.16324953978818085,0.02174439258441327,-0.39049427919304724,-0.3959023098055322,0.004581525360904726,-0.4905717062065945,-0.661840544340252,-0.012516319089052791,-0.4700469734186802,-0.8824136638903436,-0.011402128277558344,-0.27819512998644924,-0.5248103341466732,-0.10041453356977743,-0.3436388285034383,-0.8675887275934798,-0.10698794494149907,-0.3533373713847593,-0.7652552077716892,-0.04940386765500788,-0.3333001553469015,-0.6227393906219443,0.0011810811940067764,-0.15264449197634528,-0.5718561993072417,-0.11803519800755907,-0.22615291705179652,-0.9365927580281583,-0.13657420821008814,-0.24106360642634603,-0.8129299482236532,-0.07780004885464514,-0.2178110290549577,-0.6802311011607323,-0.03086397075010281,-0.028886018198316127,-0.5969557890861465,-0.12426021035570631,-0.08941625469116311,-0.956125886735717,-0.12857279413835887,-0.11296193285584202,-0.8420316763808486,-0.05379137847679301,-0.09696914648934743,-0.70611986412454,-0.0010324844970145504,0.09070502707990075,-0.595257283562126,-0.12573507579033932,0.05968242761953188,-0.9134957565051152,-0.10886058053923114,0.02041461792732612,-0.8506372870091651,-0.051202525435236665,0.018040505940366453,-0.7307858631471389,-0.00849593364029335
0.0,0.0,0.0,-0.22612660979336274,-0.16373126486465622,0.015578884353849486,-0.3890559706260536,-0.39757963470216207,-0.0034432278410817157,-0.4901139347797956,-0.6614600423469881,-0.02225066191169477,-0.46979271048997034,-0.8823330325484238,-0.022762327479456612,-0.28060470868256093,-0.530987225356264,-0.09620920567407207,-0.34456497324310725,-0.8713532070048702,-0.11169193594668074,-0.35304911701645403,-0.7705221813250699,-0.0635760054207141,-0.3339264060413556,-0.6233820822742581,-0.01714353854751013,-0.15317108028099097,-0.5769692015116935,-0.11164917065832165,-0.22592325087869494,-0.9384710984548044,-0.1366961974781388,-0.24065875384639074,-0.8143196746350538,-0.08433816640114851,-0.21858274958000734,-0.6758325362587259,-0.03900064082693992,-0.02748901247169442,-0.6003711982034605,-0.11751288884312047,-0.08900486879797714,-0.9583006861504711,-0.12869103240300647,-0.11410696158217273,-0.844773604154875,-0.058348674339407866,-0.09997955253910866,-0.7059242366199008,-0.005154959112281801,0.09276847981987962,-0.5956534610111754,-0.11905748520185412,0.058494969856774826,-0.9157912242275423,-0.1062852611581564,0.01723736692266881,-0.8546556772915292,-0.04971722686103744,0.013364118927422971,-0.7340044444671975,-0.00553158556025799
0.0,0.0,0.0,-0.2269628720776556,-0.16912441956458077,0.017552416669676302,-0.3890056097628175,-0.40006508924294704,-0.0017401355575542936,-0.48722333227852166,-0.6611464385247761,-0.0200027707507176,-0.4702986275123091,-0.8821816326950376,-0.020943449016072868,-0.2770656870574496,-0.5278360369107826,-0.10739990985915127,-0.3429639759067924,-0.8615275624031706,-0.11566733856257244,-0.35366045738135976,-0.775407797846679,-0.05888836032895377,-0.33532451626105353,-0.6404182703623471,-0.008391064011804313,-0.1504589247831351,-0.5746998818526348,-0.12452574443405937,-0.22512455588050517,-0.9378789535864869,-0.14636604547082604,-0.2426999634677245,-0.819271932140013,-0.08850332732692476,-0.22092843827432251,-0.6800835138102999,-0.04067729369011025,-0.026372828081716156,-0.5988444757654312,-0.13068859306825692,-0.08935421960007982,-0.9585556697569055,-0.13847198846956887,-0.11501628791607546,-0.8463710119255062,-0.06530961427469045,-0.09993070928824205,-0.7064185513878437,-0.012442141882575607,0.09362540797374325,-0.5955726364206924,-0.13228105102221993,0.06083428051233554,-0.9149938861851415,-0.11910217404686563,0.019800652720032046,-0.8551755715296714,-0.06301008251432544,0.016016940697540408,-0.733811551568479,-0.020569953602438643
0.0,0.0,0.0,-0.22629589782022733,-0.1730647373660405,0.016978008513272958,-0.3871450291487793,-0.4024161574158508,-0.004191805018372188,-0.4881493184228316,-0.660181828205507,-0.025407113047866806,-0.4718075433955947,-0.8811237682603125,-0.029547457124086667,-0.27527820091781285,-0.5348917794476866,-0.1031595751279692,-0.33633561219576175,-0.867702617934881,-0.11939023073017051,-0.3408267829393799,-0.768426646672991,-0.07104174692792423,-0.31969790074907256,-0.620678876397561,-0.025215564002964937,-0.14917371865701265,-0.5790933291872746,-0.12194410385956875,-0.21730110532928304,-0.938239465575657,-0.1505851282040161,-0.22667691070011525,-0.8070310199666721,-0.09960692545880992,-0.20281182100756157,-0.6573138412476653,-0.05532953234467571,-0.024177118168843,-0.6034148961091803,-0.13060499402019865,-0.08274859296822384,-0.9561405146479355,-0.1420066941610686,-0.10231273199551193,-0.8345442366460039,-0.0700512322156221,-0.08548733030935468,-0.6880472034558014,-0.01717183688633099,0.09756626145733935,-0.5998154358411114,-0.13507260519198672,0.06377580579417716,-0.9138448218212716,-0.12468940232349125,0.027648861951130865,-0.8445204065781236,-0.06809125345946168,0.027528248348960956,-0.7175785964521246,-0.0243518383556261
0.0,0.0,0.0,-0.2285974717575846,-0.16884740540761184,0.011491532563634733,-0.38942689237213973,-0.40081920705900204,-0.009682422588180558,-0.49172865110181163,-0.6599539509241663,-0.03185511303901846,-0.47226188753855813,-0.8806372127748532,-0.03641965645777957,-0.2837083354123054,-0.5504156663054773,-0.0894962159375248,-0.3424140141377493,-0.87094784711258,-0.11066028539325824,-0.3388924991132664,-0.752705933925353,-0.07126130621866347,-0.31517987906031,-0.5952597146503387,-0.03130717527408437,-0.15612671346813772,-0.595130771408084,-0.10649220714824753,-0.22007991340078975,-0.9346551324493773,-0.13844992064341183,-0.22170202809589512,-0.7884435682588671,-0.09541854186422381,-0.19738448104386025,-0.6320923417294819,-0.05589608801301939,-0.028867158562634297,-0.6165623873697502,-0.11543694627660706,-0.08298597579453108,-0.952814847597828,-0.12976500084893472,-0.09817335799317847,-0.8211110657599945,-0.06228643098950038,-0.08242545162181833,-0.667817152435934,-0.01168199312423777,0.09385338587642514,-0.608277177971392,-0.12127031224056167,0.06449914973469659,-0.9129172052139451,-0.11507564138537982,0.029427175594206142,-0.8343263717208018,-0.06183000848121835,0.02748929987837015,-0.7010995167162432,-0.01947096462434496
0.0,0.0,0.0,-0.2240490349742375,-0.16244324050627332,0.01393668309226917,-0.3835194252140993,-0.39888903167890577,-0.006991307207821276,-0.4858463757881877,-0.659260252189985,-0.026909639147065956,-0.47350226510005866,-0.880233157691138,-0.029613483824089903,-0.27792676991117793,-0.5370696543539346,-0.10423124583715364,-0.3331056701554323,-0.8702638825112328,-0.11540977627471477,-0.33981795763594236,-0.7674009380128874,-0.06445005052388365,-0.3206357080016348,-0.6215919912177168,-0.018285100893281413,-0.150765753654634,-0.5812067471258768,-0.11920399852174393,-0.21079186345902656,-0.9377026224143192,-0.14230267722059864,-0.22275381837964148,-0.8066663812177175,-0.08918551692057258,-0.20206324390791824,-0.660072826016772,-0.045263496516906074,-0.023733937196781317,-0.6026101356142162,-0.12380604502079151,-0.0751124893126105,-0.9509064930208267,-0.12882465007354924,-0.0956350367595333,-0.8293455000268839,-0.05561339904185765,-0.0806754430801188,-0.6837678966193075,-0.004428699997737966,0.09775859615059335,-0.5961995147496058,-0.12467231237169682,0.06869481923375276,-0.9089827635169989,-0.10913692835367347,0.03247262005428656,-0.8362971390971842,-0.051987534991564804,0.03231553302619853,-0.7073922146727328,-0.009713482559663093
0.0,0.0,0.0,-0.22534746109605908,-0.1723563536006034,0.017689089689935253,-0.3896738437362244,-0.409116188673199,0.006172954217649402,-0.48731845813623753,-0.6550615094691614,-0.01133913555090271,-0.4828684889273048,-0.8543670563034991,-0.013385311771167143,-0.2821576686201599,-0.58411975616067,-0.06137698565507913,-0.3424096729999034,-0.8978541976475187,-0.09233548316743342,-0.3305442306319714,-0.7725086391408215,-0.06911401482458386,-0.3025682092876543,-0.6162910385174126,-0.039914652308928204,-0.15963655369461144,-0.6242399140430884,-0.08775431092052502,-0.21951087417161186,-0.9662917010867634,-0.13451886310575165,-0.2133697034546299,-0.8007445085331448,-0.10546045090432299,-0.1850403649109725,-0.6385035730474908,-0.0704402095404738,-0.039115412096794325,-0.6362683087400265,-0.10894971999950528,-0.08676031257378375,-0.9653326428700196,-0.13744560400909633,-0.09916524898424289,-0.8273845492174563,-0.08253400051927387,-0.08047141871742243,-0.6781771349441051,-0.034651337293688106,0.0798565401862429,-0.6120504706658476,-0.1273928278342912,0.07306584453168058,-0.9066296374401857,-0.13103002233152758,0.03736633966816351,-0.8387988268426961,-0.08753220865696477,0.03244654995924591,-0.7133272467918377,-0.049304646417604854
0.0,0.0,0.0,-0.21971935688378855,-0.16900628824692543,0.013143987885799029,-0.3827465892065848,-0.40758215089952243,-0.0003871776293385221,-0.4826242404762924,-0.6602419185411529,-0.020234725902697235,-0.4782883608204208,-0.867153660663569,-0.024759478029679427,-0.285516959295874,-0.5618788377939254,-0.05907837396362371,-0.35110809584374436,-0.8919383068864508,-0.09461971960878648,-0.3331171124505926,-0.7769845088307286,-0.07770702213710065,-0.30070863412357896,-0.6236162502188085,-0.05206887000494004,-0.16097635548989664,-0.6057748041722494,-0.08317816176438142,-0.22117142604386406,-0.9605718920681292,-0.12521909190129438,-0.2107605813728461,-0.8063463724513396,-0.09812155191894059,-0.18363048356695227,-0.6480753998432465,-0.0667618900020617,-0.0376988962091019,-0.6221527601579555,-0.10330402590176099,-0.08395016472955175,-0.9703658128106385,-0.1291219648592414,-0.0916552546122789,-0.8362853458198809,-0.07418664388124964,-0.07351673057400102,-0.6859007199714502,-0.027741659986974334,0.08088437287400868,-0.6029814998153831,-0.12149142459721388,0.07372732422322348,-0.9083956504199309,-0.12492084413106855,0.043770368046447516,-0.84127603492741,-0.08160168974179519,0.03944894691839243,-0.7151388157814174,-0.04420369313484694
0.0,0.0,0.0,-0.21165283591773812,-0.1608892788976362,-0.02818225645449924,-0.3810943988059531,-0.40092633450781423,-0.050703114671283675,-0.4851894117492815,-0.6569299492621329,-0.08032921635627839,-0.4781879517610208,-0.8732783014692052,-0.09338785238808933,-0.2871348795536931,-0.6054137322187013,-0.0033900921351033442,-0.34491834411164707,-0.8867618204383416,-0.07115447489117024,-0.31810339597111664,-0.7306303695531039,-0.10575343704118792,-0.2797234740189566,-0.5566707967971788,-0.11214202843746723,-0.15933476538539987,-0.6517252806040758,-0.012572695026672569,-0.2063952842841856,-0.9443579398815561,-0.07477316671629901,-0.18760993956247723,-0.757121870657465,-0.08392673833717117,-0.1619678456304141,-0.5880045746965123,-0.07137589032406134,-0.03372908972739178,-0.6630303489392397,-0.030366331028937512,-0.06163244329381556,-0.9603794317289245,-0.07969714437760429,-0.06505835822571406,-0.801436984231502,-0.04629421757562735,-0.05148014183534165,-0.6387361559639891,-0.005418441847773691,0.08318492045423578,-0.6368200704797611,-0.05145999905536174,0.07318224912022556,-0.904021347836067,-0.07219328331133916,0.04757090110414815,-0.8082469996495585,-0.037934607991892244,0.0443101942274794,-0.6723410321907987,-0.0008589034753450867
0.0,0.0,0.0,-0.21607357715944,-0.16452477204763757,-0.026501712463156284,-0.3858903111801536,-0.4027206752379715,-0.04651192936180641,-0.49246058572098916,-0.6567829517120212,-0.07452294763683234,-0.48159903609127985,-0.8721388461391129,-0.08582589617703844,-0.29639864049178843,-0.6163879416995937,0.010180584102042489,-0.3494350599050414,-0.8853281173280618,-0.05470685919828441,-0.31901079277860905,-0.7290126319363408,-0.0889565363448091,-0.28148130266134985,-0.5554562552766118,-0.09496491431177823,-0.16628530847712303,-0.6642685468063425,0.0015809046889133718,-0.20997985283247195,-0.9412788487122679,-0.06012995658660024,-0.18739805496145434,-0.7504384717867546,-0.07129869584851284,-0.1622867229905277,-0.5798897843072093,-0.059008623583795675,-0.037833011973836615,-0.6762861283505053,-0.016129562334829654,-0.06530077809322585,-0.9620704287186246,-0.06519030964626114,-0.06747235296115038,-0.8008333438260817,-0.03365606856334888,-0.05448746627276228,-0.6349935756172053,0.007295507882085817,0.08089446283055261,-0.6488390164415092,-0.03697502915676343,0.07038765156471129,-0.9129234363558383,-0.05581775669003641,0.044562120929888045,-0.8146575850122528,-0.020651626730803736,0.04147241757026143,-0.6742227973744765,0.018004669502263135
0.0,0.0,0.0,-0.2199766731905511,-0.1646598671505078,-0.025928513768185606,-0.38968800217326305,-0.40266620795680236,-0.044545641512167805,-0.49526285141007315,-0.6560306473502049,-0.07185032094162927,-0.48378499418305504,-0.8712275841101693,-0.08285582312306847,-0.30284016379946976,-0.6250139369520025,0.018550629757312885,-0.3534908593857723,-0.8841709844326759,-0.04474776900300238,-0.3201250921861797,-0.7276589754475051,-0.07982842620768138,-0.28230313611643576,-0.5537071941704851,-0.08646730189247259,-0.17018419556659292,-0.6743131889127525,0.010289068441380484,-0.21129756804159555,-0.93817584463785,-0.05067325387733785,-0.18556853555756164,-0.746012834529534,-0.0644362098351698,-0.16079756995566552,-0.5734437630504999,-0.053678243516012886,-0.03865391929685954,-0.6867792828661047,-0.007440876973357719,-0.06544705667708699,-0.9610674127362366,-0.0564127036457574,-0.06545606707688781,-0.7980816203765575,-0.027365913355446678,-0.052490785066820145,-0.6293825580375588,0.012308048423168672,0.08264265729148519,-0.6589056296451774,-0.028215635219826184,0.07234168873551058,-0.9170239655068484,-0.04716102355784589,0.047502919717648695,-0.8166445146658456,-0.012751830625032042,0.04469108628677976,-0.6739914543133656,0.025927120787043928
0.0,0.0,0.0,-0.22258372755156342,-0.15794798814564215,-0.008989042239944737,-0.3861599906268819,-0.40517977710196384,-0.022824583342943235,-0.4862785317852967,-0.6636117865655131,-0.04431151669647343,-0.47915607596584264,-0.8756585811439836,-0.04958742965135062,-0.29891520905527125,-0.5917693107031038,-0.007464606790921497,-0.3553640405661337,-0.8870330902339822,-0.06165676575557457,-0.32672571838215836,-0.7379745036327323,-0.078604410932598,-0.2878814514101626,-0.568825074811447,-0.07307018003798947,-0.16431677054350685,-0.6390359324906473,-0.020067052633105664,-0.2109580882271132,-0.9418454668932139,-0.07060114424195407,-0.19331672911455533,-0.7643749822554637,-0.06688080374491076,-0.16902031573666054,-0.600824755904245,-0.04690849692496365,-0.03199935504722207,-0.651493382290063,-0.037033407719978546,-0.06569052531807593,-0.958687426932453,-0.07403208071912541,-0.06994806452981733,-0.8063312749925804,-0.03289127182770104,-0.05559275483043926,-0.6486451445102047,0.010950255853786287,0.09079659743982144,-0.6258694247993959,-0.05486684392637261,0.07838626934065426,-0.9063442035039491,-0.0638469484808474,0.05095634944922715,-0.8178568074641357,-0.02344066539395634,0.04976079605099401,-0.6854617223269756,0.016359145624222343
0.0,0.0,0.0,-0.21936309258518832,-0.15001537728142217,-0.0073972205042715546,-0.3854154301174406,-0.39352900034837235,-0.023519407989319015,-0.48871048982096976,-0.66108612309666,-0.0448857739268875,-0.4761004482939438,-0.8776543921857338,-0.049512723930529176,-0.29547818302730644,-0.571431417613246,-0.019486305654688993,-0.3527232350690374,-0.8887895609692857,-0.06561991176868183,-0.3329114908872219,-0.7431059481190996,-0.07503756795807058,-0.29644840134184053,-0.5830575205214295,-0.06688614068508125,-0.16445484408681973,-0.6212099128435369,-0.03065013699258054,-0.2144731482464804,-0.9392379233866908,-0.0657572471057151,-0.20030421655850358,-0.7754916697553187,-0.05239629458483783,-0.17532130040455024,-0.6270687341578618,-0.031245110275357844,-0.03453282605814262,-0.6374891292801785,-0.04447032702603934,-0.07032242887898207,-0.9517275615106748,-0.07036079296069699,-0.07332919425496606,-0.8101443842737093,-0.026203749427028834,-0.058457961879499254,-0.6649204562076823,0.014251948154953668,0.0874584469402709,-0.6181483343762826,-0.05857025988033261,0.07238946574234917,-0.8976071552386007,-0.06372375719295764,0.05033259782098059,-0.8063800430601369,-0.022988184575846424,0.051227645703398106,-0.6782822184326064,0.014400302965240492
0.0,0.0,0.0,-0.222011240783962,-0.14748271623441273,-0.007598441935278183,-0.3879181673019796,-0.3876432514036088,-0.024152142243089328,-0.49279266338901345,-0.660097234142768,-0.04432297502518613,-0.4767421653641901,-0.8776146534714213,-0.0469312226236628,-0.2992136863511658,-0.5682591101254046,-0.024952114324525425,-0.3548749179057122,-0.8861131062100789,-0.06381965528310375,-0.33495198722030706,-0.7396810461845821,-0.0659881393721901,-0.2997198334990318,-0.5830638837634874,-0.05456562638341778,-0.16795319614014262,-0.6220430815559642,-0.034374826297853475,-0.21753812131888312,-0.9364957491057969,-0.059942228781570406,-0.19988174644146844,-0.7780247860538736,-0.04009661065109117,-0.1751400151921682,-0.636828356187958,-0.017363478419149963,-0.03681368136491153,-0.6407184729652686,-0.04544681592718412,-0.0718990711541734,-0.949360522542938,-0.0639308494442308,-0.07096119691286028,-0.8113300284353915,-0.016581388196537747,-0.05723373400133976,-0.6709748846538048,0.022836608126768628,0.08709255968881116,-0.6211697826547944,-0.056766511610506526,0.0729899659238542,-0.8952252755258219,-0.05882283065010355,0.05319782759647915,-0.8011890652362903,-0.017063047464786603,0.05117838150876178,-0.6731487481641053,0.01966378535004981
0.0,0.0,0.0,-0.21683790533446062,-0.15726545232698763,-0.01641492317718078,-0.38488359531408844,-0.3974562977554566,-0.034126827527355935,-0.4874649880364306,-0.6634482834432858,-0.05731481621424833,-0.4717883117469484,-0.8791966888477263,-0.06313432586445814,-0.2942362044363215,-0.5842376956110149,-0.00797256494788685,-0.3466328056578248,-0.8861934576604515,-0.060150031647826604,-0.3300051752653051,-0.7314836613660101,-0.07601977814132067,-0.2949570266071947,-0.5697060905749101,-0.0720593951514313,-0.1644690833369445,-0.6305045116798258,-0.01781887146013283,-0.21342535301070997,-0.9323345766553744,-0.060617033262778126,-0.19795684416612605,-0.7577546307824354,-0.053249357641530125,-0.16972054416800136,-0.6085509437579315,-0.034160642970006844,-0.034676162086438964,-0.644972918250093,-0.03331787707854874,-0.06980406838767791,-0.9459675151769786,-0.06841952903287707,-0.07071872734509367,-0.7923171108078156,-0.02653496942236684,-0.05377853775853748,-0.6437139044138889,0.015012669178599251,0.08930277181686469,-0.6233705139396277,-0.05032575357371836,0.07152935287274548,-0.8902296792658333,-0.06290962616213608,0.0514592177660238,-0.7874491066831049,-0.023983749413015648,0.05369169732561338,-0.658315994030765,0.013782677065061
0.0,0.0,0.0,-0.21808160310611255,-0.15888990305851491,-0.0057591797444447035,-0.3819680922243628,-0.4008768763360959,-0.02254289077312443,-0.48557448606725195,-0.6639765866407443,-0.044645944817972516,-0.4738402170657074,-0.8789543884894038,-0.05022027275822531,-0.290556224737808,-0.5769092385847456,-0.022949679581806375,-0.34690004944905145,-0.8893520030409197,-0.07069865712971092,-0.3320215504916211,-0.7446755764047244,-0.0776692846325863,-0.2971441612572914,-0.5818697242480165,-0.06695949282188363,-0.1585664033463531,-0.6238502906878869,-0.0366305931656768,-0.21164988647822225,-0.9408794653981846,-0.07681378115632886,-0.20148021273883027,-0.774323983312579,-0.062197012545960745,-0.17390533167708205,-0.6239503222642728,-0.0380876797336369,-0.027910791554330107,-0.6401046219487057,-0.05255955406607543,-0.06817753682502146,-0.9561011676868832,-0.08264536725454559,-0.07475530206899306,-0.8107470662963772,-0.035855129777569085,-0.05828656673010839,-0.6650286254272024,0.007940965938430114,0.09435448726331584,-0.6204663454995898,-0.06839532894251739,0.06785544519116098,-0.8975427884716953,-0.0756189603193961,0.04460329235830554,-0.8001574894380239,-0.03183677371625004,0.04908306191798653,-0.6723797324791773,0.008945395300617925
0.0,0.0,0.0,-0.21787309724831375,-0.15692095521491783,-0.007848582408974807,-0.3817311032191306,-0.40066303114558754,-0.0249484539174542,-0.4828805367087212,-0.6622845114379756,-0.048215749505552505,-0.4758660482146105,-0.8776401454464706,-0.05540974204913235,-0.2934206717611644,-0.5762107831074371,-0.01767667104809432,-0.3466597651575845,-0.8878868748644575,-0.07007661915122815,-0.33094650407301807,-0.7408796474311194,-0.08332132705857423,-0.29721015760892094,-0.5751285679897371,-0.07560430999622454,-0.16181583607027522,-0.6233457574144019,-0.03222843065400585,-0.21157745343346418,-0.9425615318186874,-0.0784160916757111,-0.20134215101909858,-0.7736781200190188,-0.0698985939732836,-0.1733778129580114,-0.6164160726954908,-0.0470801819483983,-0.032095780868806434,-0.6394003335961285,-0.04992641682697846,-0.07207119301931031,-0.9564497373634028,-0.08631516274959282,-0.07813397264872035,-0.8084681647148533,-0.044243554636433716,-0.06135758715600746,-0.6580421537605976,-0.0003805698221028128,0.08807333778169263,-0.6209592764258037,-0.06752386193252369,0.05763418969741009,-0.899001374362622,-0.07880020164105625,0.03591553470997809,-0.8028071809504214,-0.036176107354936704,0.04235621556220307,-0.672365892573149,0.005950295971354671
0.0,0.0,0.0,-0.2184817507153819,-0.15383394028608033,-0.006890165073586436,-0.38088760170067154,-0.40066603225042585,-0.023046254002948095,-0.47951370784675984,-0.6616046730497306,-0.045712345923689474,-0.47824358499841124,-0.876566936870818,-0.052775117396706886,-0.2940482935033974,-0.5717983384065395,-0.018741434473107374,-0.35078615110318256,-0.8862980320083713,-0.0725652291561232,-0.3326111455054539,-0.7415426597649581,-0.08733274944075096,-0.2975551731135979,-0.576244197448015,-0.07988238759812151,-0.16133837361239087,-0.6208619631090113,-0.03451410460241747,-0.21283508411933028,-0.947981290315127,-0.08339399111115593,-0.20168226015904833,-0.7811490489820074,-0.07631278238561187,-0.17252714294296934,-0.6206448091656965,-0.05294468141351864,-0.03207100164781457,-0.6383832854249447,-0.05317558573750475,-0.07407957138641952,-0.9598567763135295,-0.09134196673483999,-0.07922860022834598,-0.8141470247534977,-0.05020387768950915,-0.06109252792555889,-0.6636058548594654,-0.005742113209120419,0.08658880555326626,-0.622603043345932,-0.07155327846569307,0.053358686418905614,-0.9050193505103247,-0.08303282807944955,0.03199169403213471,-0.8117397543116709,-0.03957017201413125,0.039716913761169675,-0.6805250136060067,0.003782734257920987
0.0,0.0,0.0,-0.21948524171291026,-0.15046423403846462,-0.008465209602414068,-0.3830083128599927,-0.39636980553478696,-0.02402368284567709,-0.4826246173786731,-0.6586637051519866,-0.045768134366250435,-0.48027613350023335,-0.8755418653987912,-0.05187634253307885,-0.2896841546187586,-0.5737413498475428,-0.0140701944318024,-0.35145346315398207,-0.8855216558935509,-0.0650266757053714,-0.33889963769921727,-0.7406030576152297,-0.08029871591619847,-0.3028457812293412,-0.5790744201135569,-0.07422341325315071,-0.1588307156762811,-0.6226159351926719,-0.026725121156128833,-0.2199028329824519,-0.9437707662947121,-0.0711134137907905,-0.21430480748699132,-0.7843447642627409,-0.06487403191046011,-0.18365936460742222,-0.6312460553384507,-0.04400924622169906,-0.03169537485726065,-0.6391554769510246,-0.0425374076079547,-0.0841294602845401,-0.9592828554883495,-0.07681961182563568,-0.09418136882178826,-0.817976653414693,-0.0367980408204129,-0.07408977821917155,-0.6696766467556241,0.005496607902309358,0.0856688022910943,-0.6231755053458194,-0.058315135151040504,0.04392450242767687,-0.9038203859134835,-0.06675009498668236,0.01783983274654926,-0.8127663576548889,-0.024372342295145687,0.027255572225682673,-0.681967552538407,0.01719744905192958
0.0,0.0,0.0,-0.2262074803706408,-0.14503429218748623,-0.0004377409375906083,-0.38937897410352235,-0.38861078678615724,-0.018171230025807988,-0.48759199840741446,-0.6583322998549195,-0.04063072114854149,-0.47852834098409314,-0.8767563215035977,-0.047430159705794575,-0.2953145294180177,-0.5259981906485451,-0.03918458413194785,-0.35560190027769495,-0.8748453347579964,-0.08674549743568052,-0.34264523364587685,-0.7422990797710984,-0.09158578314076699,-0.30755196335546786,-0.5872712102240332,-0.07822712521455878,-0.16184600954159925,-0.5784513253518166,-0.05404459472771509,-0.22238717584842455,-0.9363062687644743,-0.09354657806745337,-0.2165908461612732,-0.7930416761222479,-0.07701656435536597,-0.18703585961228994,-0.6454035225784567,-0.051198667001308706,-0.03336404843260539,-0.6049724807910759,-0.06863798431868681,-0.08975742335801619,-0.9513160687633773,-0.0954829388327601,-0.0982874926426173,-0.8236833383788331,-0.04815147787607432,-0.07811238961425843,-0.6829334139857777,-0.003999020150874038,0.08293044625620882,-0.6026459912181699,-0.08190829926892378,0.03679579841736676,-0.9007653911293202,-0.084281240733249,0.014228543052647393,-0.8170726004496529,-0.037916632778506015,0.025512145559711222,-0.6898540350511574,0.004241577235666898
0.0,0.0,0.0,-0.231560236274998,-0.1359242810069768,0.005123656174160123,-0.39266519186426146,-0.38225289141969143,-0.012189046650097617,-0.4875791688871679,-0.659346782065322,-0.032927560031321336,-0.4814612588355769,-0.8755605063461221,-0.03828103668936493,-0.29867127714079755,-0.4971628050678645,-0.05826399231723098,-0.36244011131681075,-0.8694330866351668,-0.10171492823322043,-0.3485621589179793,-0.7417539339246905,-0.09927267738251268,-0.31340486108755145,-0.5924313442689864,-0.0818752586451171,-0.16213059371488336,-0.5522495469563227,-0.07507666354694688,-0.22596665126702764,-0.9320778881981152,-0.10649635622417497,-0.22098840916972726,-0.794589565322088,-0.0808226204122014,-0.191270343748605,-0.652851434555109,-0.052229080637855,-0.03220991757197683,-0.5834633540098424,-0.08915226816653521,-0.09041158481587017,-0.948424238224157,-0.10671538238129372,-0.10071359949459568,-0.8263495574726456,-0.052499630173861486,-0.08064270912493696,-0.6916225417484874,-0.008102958543538681,0.0837676052755752,-0.5877181361598329,-0.10138570247789824,0.036555726305234876,-0.8953114893439613,-0.09675718076463757,0.013376712913049937,-0.8167169129618894,-0.046966174998327774,0.02475241133309935,-0.6963034843279325,-0.005541749887648948
0.0,0.0,0.0,-0.2361474836832756,-0.14755867904786565,0.007761904392193823,-0.39864781500961266,-0.38833631699401266,-0.008015268019537771,-0.49486731611118245,-0.658673887071525,-0.028019786075751514,-0.48947329407921514,-0.8712877640090217,-0.03322330308146301,-0.3059863708362308,-0.5221136120454726,-0.05015439973059595,-0.3658108163205508,-0.8769703424099615,-0.0901786106352172,-0.35152473515628857,-0.7427705084556333,-0.08716468732121885,-0.3194596183561652,-0.5866283734973102,-0.06970816559786162,-0.16907202256231824,-0.5759018827233835,-0.06716564259173206,-0.23030930122085413,-0.9344617416417162,-0.09673417544333031,-0.2253293646609485,-0.7943453054925937,-0.07467463790305628,-0.1982163366763488,-0.6467876259636653,-0.04887465640861674,-0.037878646219482684,-0.6033489222327302,-0.08099772681465688,-0.09600510549299773,-0.9467259261958682,-0.09713786039679276,-0.10704206006322577,-0.8228205044461927,-0.04630610753383112,-0.08935544055191119,-0.6823733452292169,-0.004361881748375377,0.08059020757627522,-0.6026354698595608,-0.09252893136584037,0.03091159695767958,-0.8991230775360272,-0.08649935201093956,0.006987783537833281,-0.8190797985433593,-0.03692777267062872,0.01647139325997802,-0.6970518370669576,0.004489956748096336
0.0,0.0,0.0,-0.23085055967910542,-0.1575521807817944,-0.007628034793598521,-0.3954880112675429,-0.4027517103754842,-0.022102870373040092,-0.4878702474084865,-0.6635270317854645,-0.044560938482964205,-0.484654925743926,-0.872868336799856,-0.05230472751451407,-0.3039253875127644,-0.5740597107575869,-0.009212132461147094,-0.3546171125511858,-0.8835231237203576,-0.06525880855365315,-0.3336971772091976,-0.7265323226252909,-0.08555224956259311,-0.3006241558646656,-0.5629230506437961,-0.08249654950189332,-0.16997770925946123,-0.6221443249561167,-0.024852114532678528,-0.22187744942818646,-0.9372461240460841,-0.0757844718109728,-0.20844434746840257,-0.7649046426409608,-0.07550830290933228,-0.17890329313359235,-0.6029529702681138,-0.057683062723079374,-0.040543603113819895,-0.6400712922867601,-0.04443391338872702,-0.08911739194671256,-0.946108174044411,-0.08202982204042747,-0.09466011355371731,-0.7955982521374276,-0.043930474547554305,-0.07516672041681124,-0.6408448435118487,-0.0023531125201090852,0.07761582430333275,-0.6276244170749696,-0.06430474408168693,0.03587846201795196,-0.9005162827335618,-0.07333415801208493,0.012796414540218704,-0.8079188304721381,-0.03138495152532179,0.021323864342736153,-0.679941561908169,0.009564759020332696
0.0,0.0,0.0,-0.23320981047703632,-0.15664274995181227,-0.009017208271287389,-0.39894899467872547,-0.3945277893987527,-0.023729386052881173,-0.4919937214826158,-0.6595555416602624,-0.04442892214428905,-0.487794721915366,-0.8714072569016207,-0.04948125179371454,-0.30047542328755605,-0.5559012469002966,-0.012269849165745653,-0.35342680990936703,-0.8766639605758493,-0.06040752873674636,-0.3372309706863725,-0.7265277173455482,-0.07467956468949194,-0.3059842410879662,-0.5646427153368767,-0.06881743633753731,-0.1658912219423531,-0.6084806020587563,-0.02399460885837165,-0.2228013580468865,-0.9327033675159238,-0.06819218832522755,-0.21298887347785384,-0.7679544187484084,-0.06561770969483492,-0.18420595648908616,-0.6055790614252988,-0.04787129885365621,-0.03839210506204597,-0.6299452488370263,-0.03871229407190857,-0.0901224486440616,-0.950146661383551,-0.07094698661406428,-0.09896313216126101,-0.8055829230894497,-0.03359595035206603,-0.08087318058466844,-0.6496314986945694,0.005778842015697762,0.07658323162162964,-0.619255332909048,-0.053415716592341414,0.036284625674866705,-0.8932382433286261,-0.060622018183268685,0.010201968848234946,-0.8056157564953923,-0.02099317437890989,0.017087494201466165,-0.6781158374553771,0.017284490304790318
0.0,0.0,0.0,-0.24455099027251354,-0.1372700156559329,0.012148791142079654,-0.4154462494905844,-0.36925029943150645,0.008664851891561718,-0.5172247714548351,-0.6375603486932763,0.0008949074642098107,-0.5247306985109405,-0.8512161362278302,0.009422497842111863,-0.3164685471866945,-0.5344750664473994,-0.008844675854803044,-0.3724579770277457,-0.8741744795397304,-0.026853249692219514,-0.3684958066675757,-0.7569290966592394,-0.01343864964424583,-0.3418088150060392,-0.6044589648166243,0.010027249506907284,-0.18186694180370633,-0.5938204723985958,-0.018990516953331187,-0.24477103059996494,-0.9418313431112033,-0.038285175271296164,-0.24655639063101495,-0.8115992475129451,-0.021696387421860665,-0.22149683071299223,-0.6641361164693832,0.0024129216689309056,-0.05598509644291761,-0.6230863174383156,-0.026188942015314298,-0.11392166651200718,-0.9574474655187126,-0.03324034375607137,-0.13077377036496024,-0.8443669597333086,0.006518732234054032,-0.11532279857520984,-0.7052966578971988,0.04270650228815642,0.05719796643164871,-0.6202084595889127,-0.030050402246811304,0.007733671202460913,-0.9060832159522747,-0.009918228222027477,-0.020947165089220645,-0.836311654091597,0.03711167151832185,-0.013278976347445494,-0.7139013421245166,0.07620383161111591
0.0,0.0,0.0,-0.2445752561309829,-0.14325857452302032,0.011422562698870722,-0.41106004572421523,-0.37788686113274583,0.005858379902465697,-0.5125907760576764,-0.6404689210631676,-0.0033297639504645546,-0.5245357773043997,-0.8513605546082973,0.003491863628349767,-0.30566933448529787,-0.5367780329137952,-0.01983144895568597,-0.36886038703605584,-0.8765938465342604,-0.040773747152074685,-0.3703888712184542,-0.7590180281798831,-0.028430945795659093,-0.343854044866239,-0.6078243158796763,-0.005939428461180969,-0.17187647229388708,-0.592512008676384,-0.030847625838896213,-0.24037007448805514,-0.9419541172715593,-0.050409194576606975,-0.25001782217130697,-0.8154625206145132,-0.032390034222346084,-0.22671072661747638,-0.6735438007333915,-0.009046744794858204,-0.047126919271724015,-0.6175244747792725,-0.038557261752370425,-0.10859553163436489,-0.9608788973628023,-0.04620255866145157,-0.13193539179759659,-0.849751882067037,-0.0044933885330945365,-0.11683166744488814,-0.7136420426804326,0.03188413605058978,0.06420726468676982,-0.6100956662301615,-0.04309284420765354,0.017259694333965046,-0.9002672976939762,-0.02422344488376254,-0.01613174529203748,-0.8369143958666861,0.022386143384004013,-0.009341503488114328,-0.7205721781570076,0.06051790220208188
0.0,0.0,0.0,-0.2431496717322859,-0.1493788870238089,0.01270617268748318,-0.40698829687451304,-0.3846101022194379,0.005980257936586771,-0.5052390588364357,-0.6455330089303337,-0.005281750115100186,-0.5166933033165415,-0.8561010145296959,-0.0006409781326455883,-0.30260615029222504,-0.5380415239758587,-0.023677148712810805,-0.3672392925876797,-0.8769955483350134,-0.04913359410848882,-0.3673467303625645,-0.7589031144906235,-0.0382013958710265,-0.3400875907016483,-0.6055018650669515,-0.015896969317901317,-0.16934783813234483,-0.5912097147772678,-0.038002777152012814,-0.23778674735377295,-0.9421837886301123,-0.0628749566895534,-0.24711876331695776,-0.8124239316253286,-0.04510606022851072,-0.22331158404901424,-0.6670947026940319,-0.020728921469473284,-0.04502744185625589,-0.6156697863856337,-0.04912786145909118,-0.10549165445155725,-0.9635011974939895,-0.06219364923819014,-0.12891108396946363,-0.8485293207077653,-0.019377951223058548,-0.11225990982767427,-0.7086932263400136,0.019412750008260645,0.06675945149323619,-0.6079152579285761,-0.05710194114525273,0.02187456342391004,-0.9026105689059996,-0.04332856257695632,-0.011774603758176426,-0.8410032222793922,0.0030811861607817747,-0.004009640514193185,-0.7234570032297332,0.04244282366036655
0.0,0.0,0.0,-0.24538904832014669,-0.141284930627245,0.0037100872542810974,-0.4156810645745561,-0.37263494352978943,-0.006980403073548652,-0.518691061673253,-0.635354129455484,-0.021838747210640535,-0.5253940268348013,-0.8502596473911515,-0.020939446487413686,-0.3073303183469131,-0.5409632961035622,-0.021469012559032108,-0.38270455704835493,-0.8748903937951067,-0.051274459134427686,-0.38200490626650907,-0.7460959473088797,-0.04724927838175121,-0.34822319604295265,-0.5890134694899455,-0.02973688250862809,-0.17330820944019337,-0.5988588201236978,-0.031715025899549706,-0.2535440016418136,-0.9389912606244952,-0.05857227996037545,-0.26025985275796426,-0.8036642923985629,-0.0461780584822546,-0.2301194355673652,-0.6567431886018715,-0.025739295953777455,-0.047737902689295106,-0.6272098208518145,-0.04028558143688224,-0.12122548590488483,-0.9627367734981381,-0.055414987649652234,-0.1417347278096487,-0.8450034341481295,-0.016257975144124644,-0.11979542196287493,-0.7027653865351213,0.01984150792536816,0.06432991560266685,-0.6251626669376349,-0.0465367737874557,0.007407107038074402,-0.9107536567407467,-0.03665929321648499,-0.024354076593371965,-0.8396359865641623,0.007338061045992204,-0.01222937204190495,-0.7160616254921848,0.045590098446063064
0.0,0.0,0.0,-0.2475171882333428,-0.1417633416574175,0.00523698140500424,-0.4169082882096558,-0.37558778736110915,-0.007581535733753739,-0.5203386895724063,-0.6345437546061672,-0.022801176628725682,-0.5307103897829644,-0.8470745675343329,-0.021935465085224124,-0.31606349842547743,-0.5273014679718901,-0.04572459025855672,-0.39085602964848887,-0.8724563654449965,-0.07709479949502701,-0.37761860858050356,-0.7472396613787854,-0.06791431724631602,-0.34220096658085286,-0.5876018129051335,-0.04639629186147075,-0.17782094661846945,-0.5852282141259331,-0.05806479622510789,-0.2549842315324121,-0.936963399997278,-0.08646769996678591,-0.25121553494674154,-0.8035235720972786,-0.06790434699070354,-0.22209124948752001,-0.6511671734608178,-0.04349694148433546,-0.048598451717739,-0.6146270008616438,-0.0667713644704036,-0.11830581608675306,-0.9615960170885736,-0.08231032165835192,-0.13261670608653064,-0.8448135440845319,-0.037796946879675136,-0.11237373855240457,-0.7013116715168946,0.0011193550302005372,0.06647656910190664,-0.6138226816908996,-0.0726043308025483,0.01115955840064177,-0.9055420831510181,-0.06475406522504332,-0.01778125739451557,-0.8359347957116017,-0.01871784066202339,-0.006697802599797235,-0.7136838081824018,0.020756448520896836
0.0,0.0,0.0,-0.24795743128738712,-0.13082481897500622,0.006935752174987995,-0.4146151570491589,-0.3721357849217801,-0.006238124371930491,-0.5197746962235763,-0.6317667152908497,-0.023276739451812238,-0.5353409664059205,-0.8441164450160726,-0.025828832869304638,-0.3189291317282155,-0.5315762048418758,-0.04340897869177884,-0.4023455833148786,-0.8715720021945521,-0.08003305414388814,-0.3855174805617707,-0.7468173047184125,-0.07798592662801475,-0.34627508218645087,-0.5935378078360567,-0.061329860323659405,-0.17980916584679976,-0.5937127586400327,-0.05814646175633166,-0.266580334532461,-0.9408033854218877,-0.08706061544796574,-0.2603774705891748,-0.8054305989613388,-0.07012136577928807,-0.22766869954871383,-0.6562894757429092,-0.04714686976276182,-0.04925809042145997,-0.6255303726314141,-0.0696014046145893,-0.13225922647949886,-0.9616994670336068,-0.08506505186972202,-0.14562395362347866,-0.8429936507054319,-0.040814857999718165,-0.12243763436119087,-0.7028940574022067,-0.0024446167022626575,0.06452592670423746,-0.6277760329836793,-0.07849501734519079,-0.006342381086765877,-0.9124600667020792,-0.07033221115425378,-0.036582702652037134,-0.83850697623802,-0.02375735506012818,-0.022536633689274527,-0.7172162719555193,0.01579232177591739
0.0,0.0,0.0,-0.25214848908674947,-0.12368560866124974,0.017717889292993613,-0.41699009403969,-0.3667741085224771,0.008267904429985967,-0.5206810019589783,-0.6295690967325781,-0.006428304979536155,-0.5411484753538842,-0.8406162852700607,-0.00856287578788456,-0.3256669749766059,-0.5254233703432544,-0.03675703374080409,-0.41733292372391384,-0.8640483108467587,-0.068165306943424,-0.4035703154949234,-0.7455129791131443,-0.06326723110215107,-0.3625578712255797,-0.5965815984412739,-0.04465495125703801,-0.18769561714162522,-0.59107174112496,-0.05402916644025238,-0.2810699903557482,-0.9333512116259586,-0.0743456539077074,-0.2787457033716786,-0.8071878268043455,-0.05521037543463732,-0.24376667910224528,-0.6660198913447655,-0.03262318197166643,-0.05649646319333642,-0.6262622931529184,-0.06638853941585479,-0.14790778250935077,-0.9536217984324151,-0.07544924066414409,-0.16200396511693538,-0.8415077789357683,-0.03241362721415272,-0.13472748778805407,-0.7084538166942118,0.003222856718542135,0.057220078686985865,-0.6351456380018907,-0.07472912649970694,-0.02206374176351767,-0.9121039789381947,-0.06058146722391833,-0.05085688260254695,-0.8359441164593435,-0.012092241077587329,-0.03173479169966259,-0.7176016515150518,0.02779526263000844
0.0,0.0,0.0,-0.2564484929433101,-0.11867354291036317,0.02059231154546454,-0.42241166300588606,-0.3581767374212562,0.012296489489393964,-0.5279957971658862,-0.6257601273377427,-0.00011696490527406166,-0.5471299140350501,-0.8368332461548732,0.0005966777149498115,-0.3227681414407132,-0.5267361726727778,-0.03865583435659483,-0.4169057342876743,-0.8737551499152515,-0.05899187095669188,-0.4164815035209072,-0.7514232560560801,-0.04551792882211625,-0.37887520342066816,-0.6095976610249937,-0.023287761715096927,-0.18094807703724003,-0.5912363690432165,-0.05384489338490098,-0.27928519918778183,-0.9400404015026389,-0.06075590183119882,-0.28758546550752595,-0.8146918622501702,-0.03304194613665525,-0.25274517488504517,-0.6846394283035266,-0.00854459404205974,-0.04757928839292893,-0.6238040942032608,-0.06263189328351956,-0.14182542966859593,-0.9582817637291887,-0.06061316842474154,-0.16379455092971693,-0.8486055402538419,-0.0130863624271109,-0.13755451795512885,-0.7205484648464293,0.02182074228383849,0.06537578255739593,-0.6304849315979408,-0.06695790534574997,-0.01659767829139074,-0.9198326065219109,-0.043354908024658745,-0.04930945675854964,-0.8449401175833149,0.009300886336588082,-0.031060359128685863,-0.7275170838775491,0.04941589748132658
0.0,0.0,0.0,-0.26019641293190726,-0.11206905519261443,0.0288334754641471,-0.42739187779297794,-0.34847998966833993,0.02465012788661901,-0.5336228717908701,-0.6214999202249473,0.015706492354759516,-0.5496111325659958,-0.8348620062145816,0.019579205767946643,-0.33057192148093967,-0.5212419688950137,-0.030295226786301456,-0.4244826810507014,-0.8686088064133082,-0.040592920132491356,-0.42578869218010085,-0.7492727637517885,-0.01982401498028254,-0.38785478402627604,-0.6092022114510617,0.0065152161015617095,-0.18540936564348667,-0.5874096549364933,-0.04553539260443008,-0.28303797426771216,-0.9341285379298611,-0.04059755675708876,-0.29399603630870674,-0.8147989585894408,-0.007482403203880645,-0.26022031338429186,-0.6916062433403765,0.018328847300844563,-0.048355901644262095,-0.618510154763228,-0.05297166396114321,-0.14105565869362002,-0.9512766855731527,-0.04233081520736599,-0.1645264758423168,-0.8464187720663838,0.006219883025343707,-0.13873673257112362,-0.7227402993302836,0.03967179583248008,0.06736094493515826,-0.6238255769096624,-0.0547294020982289,-0.014316355509329616,-0.9148020475704564,-0.022817450937538793,-0.04709360441215538,-0.8398528362278261,0.032950741025915484,-0.027675705588919595,-0.721736268324723,0.0736642578718486
0.0,0.0,0.0,-0.26161246858757803,-0.1066103388457398,0.027060882488406865,-0.4262906509744988,-0.3482956932588744,0.032843981120857554,-0.5317352499043853,-0.6218625069740258,0.03417819143291362,-0.550497943752755,-0.8328322480763752,0.047677842262540675,-0.341507081004242,-0.5956769392758411,0.01778441179261436,-0.41668895144008034,-0.8664481875746353,0.02853717159426513,-0.4107229508686897,-0.7342540697971194,0.046062687179117545,-0.3739272799495915,-0.5989865199604314,0.06438222898856386,-0.19429488477052287,-0.6678865371928924,0.010850114808755522,-0.2771430057518969,-0.9227100572748679,0.04412474945918492,-0.28067539109920875,-0.7938496017582466,0.06987195232099674,-0.25004879726685053,-0.6720356180336764,0.08320157676016453,-0.054247604992693405,-0.6894004918628527,0.009818968356131191,-0.134478259582331,-0.9308938261996345,0.042500488196706605,-0.14989999519588926,-0.822075312690078,0.07821553822890007,-0.12655265571005048,-0.6997629545822565,0.09545242974141138,0.06401358244353501,-0.6812893826957256,0.01318236204967432,-0.004943711023949713,-0.8833405009700533,0.05757684392310049,-0.029688968741178004,-0.8017742809282502,0.10439721108679276,-0.012378061124223792,-0.6958072543011693,0.13511247209802668
0.0,0.0,0.0,-0.26499285485358204,-0.10436779047911819,0.029384823155576764,-0.4321369172645932,-0.3488516819509626,0.0419647690120315,-0.5376687959202143,-0.622705962866532,0.04946500049184078,-0.5499698478704353,-0.8318355745918787,0.0680556645066806,-0.36409737512706375,-0.6397873458406218,0.045739588264783866,-0.4226515491878624,-0.8607353618059219,0.07096134367514394,-0.40438324745902915,-0.7267240439361153,0.08840926080940589,-0.36693991967330297,-0.6005789455619441,0.10267428623299103,-0.2119084370831823,-0.714595379924922,0.04099193123436508,-0.27710572284568846,-0.9092643812157605,0.09335518205644236,-0.27294426480309797,-0.7796553550658036,0.11635304924396717,-0.24394978338576417,-0.6623874207426714,0.12340492519070478,-0.06490400404701967,-0.7291205700215025,0.04168983291515732,-0.12951814846804077,-0.9119902173902377,0.08847209765691066,-0.13951369904313266,-0.8029452396058436,0.11746459256563743,-0.11747886744233105,-0.6828976035604106,0.1258640620622546,0.06161554499151628,-0.7115564307109903,0.04630121361673982,0.0072141746953775215,-0.8600176867135914,0.09899667454154118,-0.012137488511565379,-0.7732513573873998,0.14236599551558363,0.004021268224762693,-0.6705733414677265,0.16894811829952905
0.0,0.0,0.0,-0.2675539781567209,-0.11256658104373332,0.03570806801584686,-0.42940085139880857,-0.36086840693905686,0.04777354930498302,-0.5277020770587859,-0.6324791196625221,0.05400111365023011,-0.5413471421501905,-0.8376061731931762,0.06910024173689702,-0.3894113254596958,-0.6688113029703112,0.0362286721482057,-0.42215392843757826,-0.864902053290193,0.06083976175880808,-0.39079091467490845,-0.7283930715091397,0.07861284760315898,-0.35677462759975265,-0.5984558995621124,0.09230847644381047,-0.23292057545029168,-0.7476884356922097,0.02532860109786274,-0.27043573864210546,-0.9044317811516241,0.08021515214514743,-0.25684588253017954,-0.7707762021659985,0.10245860488750827,-0.23184890907041428,-0.6468179009585757,0.10672574999936703,-0.07659562868099318,-0.764143843754847,0.021582411187842095,-0.1202268436381311,-0.8997736192326063,0.07120296295551656,-0.12142281641062735,-0.7863795955429553,0.0994753480364082,-0.10392506756495626,-0.6616144649400919,0.10455126483913124,0.057754270802926784,-0.744940365644436,0.02201264173705245,0.018668341552647898,-0.8484428948553393,0.0755646807147903,0.007833149978161789,-0.7539957643764417,0.11912934939008685,0.018194625665337152,-0.6513546098919781,0.1451374036056925
0.0,0.0,0.0,-0.23939342142528905,-0.14423541734431042,-0.011242994961714305,-0.41985170580023506,-0.3952156038069968,-0.021471790630601065,-0.5128763137308164,-0.6592309009367551,-0.03884040283806628,-0.4998948252291045,-0.8649671117944023,-0.04401203498150249,-0.30434901444968204,-0.6649482275270349,0.01870848753000211,-0.360845437306047,-0.8917371571029905,-0.02633765160948003,-0.35778240790109095,-0.7333290731550408,-0.058687977923976065,-0.3318790718775064,-0.5606044182209039,-0.0687043239758164,-0.16822750618827514,-0.7092215325060661,0.00675930372522466,-0.22545658291624357,-0.9440614471953701,-0.027144561749775288,-0.22933926542027508,-0.7731380592853695,-0.039269273292792055,-0.21049490445087748,-0.5959923115337897,-0.03579564788758359,-0.033531362628531444,-0.7085266330161958,-0.010198493402270798,-0.08305033800865487,-0.9505212766264011,-0.03716454773096863,-0.10461739178245788,-0.8031473211136684,-0.011812180097667796,-0.09909868606999143,-0.6366674597841695,0.015688659576630064,0.09152482879535725,-0.6694229425098378,-0.02797857365413168,0.04672624546177833,-0.8762819358503307,-0.0335972139155289,0.011797423544169029,-0.7714330932929002,0.003483151701017199,0.00870430006681698,-0.6404385206378597,0.03879569521681712
0.0,0.0,0.0,-0.22336754129303482,-0.14143492012049982,-0.027907800065039623,-0.3858276691087312,-0.4014543906717991,-0.041322684302337945,-0.4613427509435941,-0.6679593728433706,-0.0616254873573619,-0.46988495514597667,-0.8800536048604898,-0.06865698434624376,-0.29617541455996627,-0.6502573725271688,0.02974988156498063,-0.331078650641652,-0.8552697423508917,-0.0362252941407894,-0.2929138070620778,-0.6837496527114449,-0.08469607413279806,-0.254537612166294,-0.5114478818220972,-0.10396442401200197,-0.16479189572895395,-0.7012891567895558,0.01818934749322087,-0.19906957439733577,-0.9074581174843958,-0.037445911881862956,-0.16655120957468897,-0.7175594909034934,-0.06252392129140176,-0.14328450965406309,-0.5382273680661572,-0.06322664035534525,-0.03523406992590332,-0.7140286494424937,-0.003941505310027462,-0.0659925898693573,-0.8994814639145843,-0.047835627119665255,-0.055546630720714585,-0.7303701420397781,-0.02549183638217586,-0.048071272735078704,-0.5649149855220155,0.0037008694397263576,0.08664288794333774,-0.692676856170742,-0.030556580432165564,0.05611908478823718,-0.836322468576118,-0.05101598649850829,0.046179200524890406,-0.7174235463382932,-0.020892926912606642,0.044356693697675635,-0.596339952455025,0.012133007364110927
0.0,0.0,0.0,-0.24731364699495662,-0.12967031863399844,-0.021275851463279243,-0.40599266206500945,-0.3829627511195124,-0.029411979289072094,-0.4874939890038639,-0.6530376188459148,-0.03806115184986644,-0.49400230319166194,-0.8676808495185724,-0.03417762999418806,-0.291721497532802,-0.6891687703972675,0.022909315012155776,-0.3587479758982486,-0.8372809836896589,0.0006355775888127781,-0.3332781942438826,-0.6727148011403853,-0.01962260701091433,-0.29128989890196233,-0.5198426392266997,-0.02657351589739653,-0.15290232647546137,-0.7409738491315867,0.02507484276730446,-0.22721761200483753,-0.8717194546773839,0.01813721766187828,-0.21432645167378273,-0.7080267642200516,0.006927190462001444,-0.18614400858990737,-0.558610161845958,0.0020842114242884124,-0.024576505291591444,-0.7388501824458882,0.02371261615499831,-0.09715018211068001,-0.8636584953156844,0.019466381520619774,-0.09858814546392024,-0.7224470006588308,0.03815195408456116,-0.08165491161859173,-0.5823168678497697,0.05193256176148448,0.08783153078813269,-0.7041590572539138,0.020294458824075115,0.02081710134837413,-0.8041786213773088,0.027586749345779364,0.007052268397873956,-0.7010789825595038,0.058393998615304143,0.01638214097525298,-0.5950604386455336,0.08527959852978007
0.0,0.0,0.0,-0.24428937280923008,-0.12751049505341483,-0.014344683793168797,-0.40431094126800937,-0.3826361182851782,-0.021789286027914887,-0.4871092806928683,-0.6550965238422348,-0.030913680662306604,-0.48971789552033673,-0.8708499946413426,-0.02763481187675937,-0.32316245138167166,-0.7069510685284932,0.023696950871455253,-0.3554197974327703,-0.8261192523659104,0.003247963563091943,-0.31649123183998396,-0.6569760847207744,-0.01384789691649442,-0.27615995905525664,-0.4940689573367879,-0.019820408311828904,-0.1837736647630961,-0.7674723240635122,0.019720984113940986,-0.22379308327364256,-0.8509365313329733,0.014367516193953293,-0.2021395940503617,-0.6766640947491884,0.0030568666069766847,-0.17648139881452896,-0.5187361026898565,-0.0024545722600322565,-0.04326135959182,-0.7678211710311634,0.013209233787307288,-0.09006190405356623,-0.8396843912124596,0.009094316237991944,-0.08436312886251682,-0.68787970925462,0.02662489971826725,-0.06941112159793181,-0.5417913185978295,0.03891568535536882,0.08806447797644097,-0.7324848293515241,0.004934108779625642,0.04179928057707164,-0.7856238967950413,0.011240411667448272,0.02861430408663688,-0.6692765351954739,0.040742897500106415,0.03114988566770096,-0.5612606287105685,0.06729347630730291
0.0,0.0,0.0,-0.23650465770094814,-0.11888263510360772,-0.030119668241088724,-0.40256132485109253,-0.3779962510145769,-0.04319692280808512,-0.48093018932805986,-0.6535798331622102,-0.05894872427778117,-0.47947804547194284,-0.8744489600539821,-0.06084759980203868,-0.31042659159257474,-0.6909145226737969,0.02294965197950094,-0.35098881117827313,-0.8286283669105977,-0.02011510674331781,-0.3157804364932673,-0.6395982533555027,-0.04885823134504342,-0.274921761735523,-0.46771272444883816,-0.05949143508363008,-0.17407319217847358,-0.7454309935179267,0.01796779685701673,-0.22383008241842794,-0.8528740783752966,-0.019589803956869507,-0.1989904217899709,-0.6484658446053744,-0.038460814495699255,-0.1705217798014012,-0.4748647801908986,-0.040030884378782855,-0.035618482570814694,-0.7482728800448288,0.0052610637993435894,-0.09135942395381363,-0.8394951137848046,-0.02749648258044127,-0.0828633785084035,-0.6560098282154931,-0.006212792085000415,-0.06494709049128225,-0.4939872330330879,0.017762475344300366,0.09947517990914417,-0.7143659956387405,-0.010994047648589996,0.047154988767380404,-0.7842247530761488,-0.025617514337716987,0.03120072068944185,-0.6483348695397568,0.003149430808961108,0.03364310147939654,-0.5303009790129488,0.03417164565838595
0.0,0.0,0.0,-0.26025548063060344,-0.1167652541022437,-0.02379843369811699,-0.42237330992289396,-0.3673133379909834,-0.03691536169742752,-0.4948125419998773,-0.6488533885006167,-0.051137401685893494,-0.48960099112875266,-0.8697427232542789,-0.052716534736954986,-0.31620383315763934,-0.7094130628979025,0.014052507264670347,-0.34956365212837126,-0.8340936428578426,-0.015998972080205027,-0.313857184576806,-0.6518421099855397,-0.03821123781465469,-0.27290651523599724,-0.48047264892215835,-0.04685498643905062,-0.16922381294378858,-0.7741466656838397,0.010496989987423,-0.2153492169524283,-0.8500478205765232,-0.007453775783037362,-0.1945818713415337,-0.6626981616742045,-0.022516888232059967,-0.16728035905709188,-0.4988172668317657,-0.028197100443318593,-0.022956260446571203,-0.7751396751187087,0.0029430197560011873,-0.0778069401400953,-0.8287220562863196,-0.010770117298948967,-0.07116319677042207,-0.6616308686516973,0.009359358966440504,-0.053867578700648636,-0.513091081315443,0.0250729474523342,0.11532487262214326,-0.7387788874281318,-0.007428851268294694,0.06686998571000474,-0.769418295964654,-0.006649669229292704,0.05104385418157874,-0.6387410310326149,0.024307270269493562,0.0523778608101781,-0.5316924266394079,0.05283514823106328
0.0,0.0,0.0,-0.21031116417446155,-0.19886636187021067,-0.05831418319400157,-0.3483695962743228,-0.4474399295797773,-0.06357795393663725,-0.40247540937132975,-0.6953804969066932,-0.08774275303859744,-0.3877397784429205,-0.9175868560243932,-0.08731420651996899,-0.2602987719903189,-0.6855130958715651,0.19997616209260508,-0.28701421995468634,-0.8731413229607625,0.08061009373005042,-0.27615895745202257,-0.7041171687960692,-0.010446310798659961,-0.25946278867228145,-0.5926953841316484,-0.042838374364355836,-0.13740940885503605,-0.6961337683388064,0.18659138176969758,-0.1762317985388855,-0.9125057286403261,0.03726947152334509,-0.16230245825927575,-0.6894713725367458,-0.04672705575911433,-0.14674766091422664,-0.5789981555807611,-0.04983148849401067,-0.015064020934418852,-0.6869486493936556,0.13616519684528008,-0.03476415885338088,-0.8756470996190693,-0.002900119080119225,-0.03658831380070743,-0.67911581106248,-0.029272275506251694,-0.03795361663985515,-0.575857606594587,0.0074265576500735266,0.1112609295127289,-0.6858907635724896,0.07809530300872411,0.10324799978871918,-0.8561114803352163,0.017931937238607927,0.07515298908323079,-0.7245517252337801,0.02423673723372124,0.0633081253420005,-0.6328481967591962,0.05910597107328274
0.0,0.0,0.0,-0.21095719822957976,-0.19959808847662924,-0.05597205303745205,-0.3485273940403498,-0.44616524178995465,-0.06070290611175852,-0.4028570964645456,-0.6928366722845387,-0.08476873062392173,-0.39179018084541783,-0.9161395652418616,-0.08442558280720439,-0.25969973326511925,-0.6847376274929474,0.20127614934341775,-0.2860987448488743,-0.872526129060706,0.08288615099893631,-0.27670940598167204,-0.7060866325702203,-0.007645156935588884,-0.2605807241681757,-0.5958802053851551,-0.03981848630045656,-0.13681993359913966,-0.6947112732847263,0.1866850208349335,-0.17664737197038927,-0.913080111262131,0.03866070609917119,-0.16425281417368354,-0.6921537889671742,-0.0449418797137732,-0.1487604429144187,-0.5819448655199098,-0.048216138222290955,-0.014976158974216192,-0.6855001091469947,0.1353102479425001,-0.034810284666324624,-0.8753668249136145,-0.002798162177266881,-0.037795328569054015,-0.6800082073858312,-0.029300196432288317,-0.039532518141809844,-0.5772187607324428,0.006938503296791207,0.11084787281496015,-0.6847942386489929,0.07650388292546342,0.1033816708768864,-0.8576716539006617,0.016760814359670098,0.07431386204252204,-0.7269019435491709,0.02296010519253769,0.06161066551849091,-0.6347435862136493,0.05752542797878676
0.0,0.0,0.0,-0.20744499184897996,-0.1956879095547604,-0.06456432189626701,-0.34665812802539464,-0.44535500468967415,-0.07039145795440467,-0.40441243642800556,-0.6900977232088379,-0.09305384008895429,-0.3955113466969902,-0.9139336156220448,-0.09060200500098275,-0.26357196679516215,-0.686311402506302,0.196889824430149,-0.28786482942419817,-0.876186376747437,0.07663225671084184,-0.2748133723256051,-0.7100430443163002,-0.01564862573521232,-0.2583698550058424,-0.5972925538776975,-0.048650512611127426,-0.13951930859893968,-0.6981571629751995,0.1882303944216701,-0.17608457878390232,-0.916256038770405,0.037955129655595096,-0.1614618462517421,-0.6934092361048986,-0.04825350680773327,-0.14790133489762508,-0.5849648676960133,-0.05236891446992842,-0.016353380964840774,-0.6887451773356468,0.14233117737655424,-0.03344212755544231,-0.878439768209762,0.0011041089139340297,-0.03501488478082066,-0.6785256159818027,-0.0269509698879727,-0.038405695223609024,-0.5787265265536579,0.00967171861909745,0.11068718652034074,-0.6863361730188474,0.08865266675985067,0.10546453750703173,-0.8566459159400734,0.026623610960695515,0.07854633461432187,-0.7228712019873181,0.03254739876225468,0.06575566814711728,-0.6348342776086334,0.06794434994532018
0.0,0.0,0.0,-0.20662535586322,-0.1958205468061994,-0.06978825794555615,-0.34502984397433756,-0.4467977580575049,-0.07735476087160742,-0.4028983962352874,-0.6901462138645462,-0.10095082031155736,-0.3938395211137844,-0.9137641868822377,-0.09903441035098362,-0.26494054154747426,-0.6886205385026911,0.19476741911863787,-0.288006970175522,-0.8748143188437941,0.07062865123906993,-0.27358566503802706,-0.7055019837433902,-0.024140289273283527,-0.25790162819476165,-0.5942972611120032,-0.058366397372488554,-0.14060185671980432,-0.6999555822773447,0.18809729478944334,-0.1754648709050834,-0.9138900945746253,0.032220496766676064,-0.15971857908556275,-0.6876748270847977,-0.056674980012946324,-0.1479085732665718,-0.5819179562651648,-0.061339493701737975,-0.016709854597387108,-0.690104425057895,0.14340078685618507,-0.03245999427653122,-0.8761220817275736,-0.003782858881155152,-0.03402008182150208,-0.6726941170424225,-0.03423501728636711,-0.03932184817953428,-0.5739556674162178,0.0025039290294108104,0.11134695727428418,-0.6885458146205299,0.09070985142504456,0.10638732449515535,-0.8540299190850325,0.024484181490394427,0.07943722198726685,-0.7183994330917374,0.028399142601312988,0.06569593444433172,-0.6318673237856118,0.06341362105119241
0.0,0.0,0.0,-0.20298583486918503,-0.1923853647642091,-0.07392926675388024,-0.3412620018030881,-0.4449783422545426,-0.08533747206723502,-0.3993568546015378,-0.6889408904162959,-0.11247621478188094,-0.3884979615631234,-0.9142384448648511,-0.11372749026742704,-0.2596453545072427,-0.6914427432737472,0.18862085991898214,-0.2836815102040644,-0.8744541808751267,0.06138251419604586,-0.2703136163486958,-0.7014392862692089,-0.03310481839162063,-0.25434695284265807,-0.589325825581118,-0.06654717133773796,-0.13683039187430185,-0.7018504554608023,0.18247961953660666,-0.17179387695447945,-0.9106287877522081,0.024196728400903728,-0.15696325649183263,-0.6819283240131713,-0.0615472730819795,-0.14391200169796337,-0.578301965801147,-0.06321150316936265,-0.014349403878244873,-0.6898163167286149,0.1374330879327817,-0.029285149376555873,-0.8724059345969084,-0.012193754724607438,-0.032184319560264754,-0.6680376423845302,-0.03971630922802318,-0.03645010893271282,-0.5713938171728252,-0.00026193796070578886,0.11303322660941476,-0.6863553222804379,0.08381443530137914,0.10907196471577696,-0.8497307237253151,0.015600130106684974,0.0808756791730931,-0.7146453475492197,0.019952563794423724,0.0673180921426815,-0.6295015157593655,0.0558524621045382
0.0,0.0,0.0,-0.2023219454876834,-0.19456883929285212,-0.07339282904226846,-0.33919645948963173,-0.4453174871484339,-0.08622140718371996,-0.39767236920605287,-0.6879182492093696,-0.11554479443048568,-0.38765393096346223,-0.9140134095617918,-0.11884944519858559,-0.25417323310421747,-0.6961387541280013,0.19065583231872268,-0.279932272276613,-0.8783016606745411,0.0633094930216404,-0.2678051412670259,-0.7031589624803651,-0.030589978050804593,-0.2510085529841767,-0.5904940772116436,-0.06337909736617868,-0.1320099876115136,-0.704522642994087,0.18339718279635653,-0.1684188289054192,-0.9112295968152426,0.025087755547603605,-0.15550979949759264,-0.6824128445756311,-0.059672319670801534,-0.14189721146063605,-0.580547852691661,-0.06047198737230475,-0.01076930373141376,-0.6912960067457974,0.13680805746198302,-0.026101140853602843,-0.8730017248002101,-0.012549152839129357,-0.0310469229016386,-0.6705317496008223,-0.03974139086022103,-0.034637659114372055,-0.5757478816808017,-5.518056148425279e-05,0.115459297694498,-0.6873150452930761,0.08149790065047688,0.11186953977973947,-0.8513117280388061,0.014015453191158158,0.08201223032410694,-0.7195002337868102,0.01830286789882359,0.0686277323229426,-0.6352704482955208,0.05408122561262793
0.0,0.0,0.0,-0.19995266043560525,-0.19399174183191017,-0.07383909647011477,-0.3375280290040543,-0.4469469211779054,-0.0864891382201382,-0.3966502758767396,-0.6910611712106036,-0.11501946310354108,-0.38490447394422533,-0.9154173381900454,-0.11729593251569093,-0.25351250072979004,-0.69841290163148,0.18662769102771107,-0.2778225741199294,-0.8792825557208863,0.05952519281078224,-0.2630829134760234,-0.7004144129498375,-0.032629306629725394,-0.24505043765197124,-0.5893122662608044,-0.06402245003176621,-0.1307811297287536,-0.7065935544462938,0.18061601057888121,-0.16539132373084797,-0.9133783031865019,0.023842526279315573,-0.15160967918542975,-0.6805181943000508,-0.05721214901905948,-0.13683592505203457,-0.5819292167905634,-0.05538321250198566,-0.00832432560711225,-0.6922127656656394,0.13557951311009725,-0.022830782955931855,-0.8736904516453436,-0.012466635131443006,-0.027777954693680502,-0.667835925086008,-0.035278336285320545,-0.030699494702073712,-0.5762167720543419,0.007484796679907551,0.11939716918442579,-0.6848981009128763,0.08182804192945872,0.11695553630936026,-0.8508315790302228,0.016094358065925584,0.08670167225408125,-0.7180282874596333,0.023736464031917294,0.07306396494262676,-0.6352214817990747,0.06208192376386387
0.0,0.0,0.0,-0.20338229497622032,-0.19731464474176877,-0.07384004243341595,-0.33847163334764,-0.4493729457896918,-0.08446749038018125,-0.3951648626811636,-0.690786806458795,-0.11110476366036517,-0.38737187954950636,-0.9150788427422333,-0.11174087722928874,-0.2547894579567495,-0.6958132777072015,0.194018094167074,-0.2805207330054419,-0.8755487233623014,0.06639165851914437,-0.26419094585877867,-0.7003140264997941,-0.029796001680574613,-0.24565055434067437,-0.5913260522178289,-0.06404035509228692,-0.1301666479193061,-0.702127381995499,0.18791289118440785,-0.16651941221177463,-0.9104271884752678,0.028545543183484148,-0.1523083233443647,-0.6816413978539466,-0.06032987240648002,-0.1386519295298541,-0.5821159577174306,-0.0636982236484255,-0.007044365794045,-0.6885076506537897,0.14262919566836524,-0.02322918147391293,-0.8702281840249122,-0.007646906248087565,-0.027922545719084063,-0.6664079780399423,-0.03736118099669139,-0.03201040364741188,-0.5747091523492018,0.001186036521838186,0.1208057887664133,-0.6850042192141783,0.08876626956398104,0.11620917714478662,-0.8478295997648913,0.021946340795373092,0.08608410289033028,-0.7147858087346477,0.026393178764331025,0.07251707177700194,-0.6335333152205005,0.06238896481071131
0.0,0.0,0.0,-0.20523158068550013,-0.19654059658968182,-0.07302778243977098,-0.33844912392062226,-0.4473504114572574,-0.08304693780484065,-0.39168306275685927,-0.6900557138342507,-0.10940261403072837,-0.3870389118493749,-0.9154645307162184,-0.10990026760925849,-0.2542261582627877,-0.6920494047671539,0.19713214451832434,-0.27793754822262695,-0.8720017486791198,0.06877803601208458,-0.2634940453590797,-0.700726739418792,-0.02952836014941866,-0.24698986852942234,-0.591784099597309,-0.0651211990756783,-0.12975000521574687,-0.6969008948537762,0.19027570355489104,-0.16503672586213058,-0.9054980489709139,0.029964411817089864,-0.15188221563646503,-0.6832069240420051,-0.06269571723591705,-0.1410173330860999,-0.5834520374819501,-0.06900940904254207,-0.007709011947623219,-0.6838110492014858,0.1442154315554115,-0.023597595133963985,-0.8655218897690173,-0.006365535820281868,-0.02759290248093679,-0.667036837327293,-0.03953870019305946,-0.03336237018125436,-0.57500931174776,-0.0036827252342437277,0.11843458663186635,-0.6831810333697361,0.08960812790825763,0.11449904287757098,-0.8449650995551528,0.022372488596183095,0.08566369493328072,-0.7138995686803851,0.024939533444418828,0.07181574226615547,-0.6320362874430403,0.05936020186928262
0.0,0.0,0.0,-0.20613850744347734,-0.19783291828907523,-0.07136491840396818,-0.33826627732121806,-0.44765017946517716,-0.08086869690427065,-0.39114314901297254,-0.6900145384862093,-0.10747110062910015,-0.3871000517570743,-0.9156036838269882,-0.1086187192757854,-0.2541950018506112,-0.6891716746426477,0.20043423660279092,-0.27773670485213475,-0.86955839980725,0.07148732288413608,-0.26282673452380245,-0.7015566879795007,-0.027704816526211436,-0.246639311562693,-0.5936121989679644,-0.06386063624376054,-0.1298774296362647,-0.6936918148123415,0.19186844047153434,-0.16490517475213656,-0.9041225401211879,0.030337020226183082,-0.15126754813042798,-0.681864771455234,-0.06393708345456564,-0.1407777061524716,-0.5819172930809206,-0.0710615271495939,-0.007719420145814351,-0.6807723352249961,0.14407087643417016,-0.022866487081997733,-0.8623171343658573,-0.008062294375031191,-0.02663651263909486,-0.6634496798560472,-0.04232570536180716,-0.033118822608322274,-0.5717651546204958,-0.006665084744941576,0.11803473537868003,-0.67999983514012,0.08790725794517755,0.11499528200775053,-0.8428631149617147,0.020261152098097313,0.08664744263974739,-0.7107363346619864,0.0231000435092507,0.07279745202074395,-0.6279067861905117,0.05783111732875624
0.0,0.0,0.0,-0.2052846419254493,-0.19521232621680407,-0.07372792488377249,-0.337615949489097,-0.4488005486901375,-0.08194017064834629,-0.3907709556514568,-0.6910687598649027,-0.10629154342781649,-0.3879433626430947,-0.9156173195597681,-0.1054583483772144,-0.2556080698056332,-0.6857938089983922,0.19814983728652852,-0.2778081290951654,-0.8679390306383672,0.07130362022866316,-0.26261513911308076,-0.7057950280226234,-0.02670664135848698,-0.24780647914359316,-0.5985723618484174,-0.06233426781721407,-0.13196589160337274,-0.6931043968883293,0.19194443525232507,-0.16593742373672657,-0.9076680884279256,0.032330329408754875,-0.15151756520367726,-0.6855250112278379,-0.061687467832262054,-0.14090892423334206,-0.5837697685789351,-0.0688007222056116,-0.010080542314943028,-0.6808248298084716,0.14670537079940413,-0.02353357073805428,-0.8666737844534271,-0.005773249290982831,-0.027102868033314003,-0.6669867479163369,-0.041837372521866686,-0.033436761795776676,-0.5725207498800755,-0.006842662259051717,0.11596739716597984,-0.6781012421692485,0.09330428435421395,0.11540575062920402,-0.846200808083639,0.02427001259174467,0.0868787838240688,-0.7159184437120121,0.025665782336200173,0.07126906376248862,-0.6315177855710514,0.05966885939117565
0.0,0.0,0.0,-0.20329700365174164,-0.19338309357625927,-0.07027269561779617,-0.33411455291233255,-0.4499303329554851,-0.07789922425184131,-0.3868613485412584,-0.6933026518976522,-0.10179512550227526,-0.3860318480397802,-0.9168445383119399,-0.10170829811368581,-0.25268508666234263,-0.6812648323374457,0.18972893771733873,-0.2752410598089219,-0.8679836716862078,0.06655618597511967,-0.2622699665444126,-0.7103249062787927,-0.028862171695227257,-0.24889360376931696,-0.5994420541154735,-0.06392159207065222,-0.1296486118518943,-0.6905990125443369,0.1822089368471003,-0.16416346821588096,-0.9077075903076763,0.029091159067630358,-0.15088438626217104,-0.6916320478378566,-0.06189514173898887,-0.13952657419872316,-0.5870441279832537,-0.06985253724333082,-0.00788638865363726,-0.6781602048730941,0.13711535203287217,-0.021435155185291488,-0.8688164133574867,-0.008869727701285196,-0.02626478587974614,-0.6766266408902366,-0.0440376044690265,-0.03160021824969139,-0.5787132949285548,-0.011582442633344112,0.11788502265787915,-0.6727154863862783,0.0840881529935445,0.11820058282524146,-0.8453653127164311,0.017548518549367106,0.08841652006539774,-0.722017674785209,0.018400108024960324,0.07246420462005385,-0.6361446092493561,0.050226079272318466
0.0,0.0,0.0,-0.20040862585608551,-0.19019158812034936,-0.06958057577832424,-0.33175799006060114,-0.44728433093151915,-0.07899287033944978,-0.3851865505366644,-0.6927159282886228,-0.10496383474881092,-0.385460749732029,-0.9164393140953027,-0.10729328088632535,-0.25057516238495503,-0.6827738809535673,0.18196420748852085,-0.27409579324905464,-0.86931834551415,0.056733746228511614,-0.2607785506346614,-0.707324531804069,-0.036879671825879895,-0.24549997820122768,-0.5946460300821921,-0.07048631119999632,-0.12827713947763825,-0.6925272898398497,0.17307055194802431,-0.16315668167042333,-0.9070210318437497,0.019806670199397622,-0.1489893362551893,-0.6856733433518982,-0.06572059019739432,-0.13478478610749295,-0.5836746392438745,-0.07001413963618722,-0.006351780119599859,-0.6793813857775579,0.12686078328908162,-0.021531367683804238,-0.8693403391149017,-0.019453881090747607,-0.025968813953791987,-0.6730790571172096,-0.047523494299482764,-0.02879255444792196,-0.5767845876821176,-0.010567790361062552,0.12028101546038306,-0.6712249693618754,0.0725515767965204,0.11866230823453582,-0.8441535862266802,0.005269261701036598,0.08926570119926577,-0.7173058760886293,0.010237430378504084,0.07589817716623774,-0.631344692554517,0.045234967878472365
0.0,0.0,0.0,-0.2004816301836809,-0.18985856083735833,-0.06841571047460901,-0.33066240814982284,-0.444944270580012,-0.0794374308149243,-0.38376572770639844,-0.6909165233080521,-0.10791735405738705,-0.38636904541373696,-0.915332541208713,-0.11324426122173467,-0.25056000213797414,-0.6830753193016408,0.18049323607480783,-0.27660039027235306,-0.8712422340655706,0.052423548214312846,-0.2638598492965448,-0.7108501346342773,-0.043934936073310116,-0.2487799906261735,-0.5969026891635019,-0.07950440708814083,-0.1283600857712935,-0.6928117351774222,0.1692642821725246,-0.16477739258286012,-0.9061077753672524,0.01282217829488425,-0.1507669077537932,-0.6868467669344099,-0.07611260207630363,-0.1372009210465443,-0.5847601217072393,-0.08310996471690582,-0.007084175916185447,-0.6801671850259543,0.12092412725948216,-0.0236032675098167,-0.8701973259437412,-0.028120027213831347,-0.027990884970577175,-0.677578913704281,-0.05875007818411458,-0.030578463825350243,-0.5792361465214025,-0.023670693801154948,0.11936597310287544,-0.672550950176132,0.06454077201282624,0.11634159416264656,-0.8448153931860909,-0.005720146151033743,0.08708864369379812,-0.7203630667732845,-0.00276855755141563,0.07441353886100874,-0.6331454775786798,0.030806532812479803
0.0,0.0,0.0,-0.2007558910635873,-0.1917360985075785,-0.0679583527815894,-0.3297912972083692,-0.4467952202747677,-0.07879680239923106,-0.3829018476685688,-0.691006353867863,-0.10768000578314406,-0.38625580073308297,-0.915331464416155,-0.1137715135868295,-0.2520772005865827,-0.6837794125809231,0.18199378957695211,-0.27976014849954617,-0.8755406346908156,0.053570033536910824,-0.2681923493490265,-0.7159824258311005,-0.04423023654480214,-0.25323611511834476,-0.5990907795575942,-0.08064617618978351,-0.12840024565692892,-0.6934089114574442,0.1696818905971571,-0.16445136463777793,-0.908286535598404,0.011877717199437652,-0.15250458998209987,-0.6903448205689617,-0.08053761558035814,-0.13994312056787606,-0.5825456784849408,-0.08974800947937711,-0.006622479823699976,-0.6811589696553855,0.12025191583244871,-0.02307770677116535,-0.8711821881240666,-0.0300991475326105,-0.028607482048225948,-0.6800526139066738,-0.06525559252788027,-0.031189477520724387,-0.5759895034031209,-0.03286969600727257,0.1201195453437638,-0.6750237414329061,0.06291156165358894,0.11641978843020676,-0.8486190697957455,-0.008917255515744096,0.0865906262057117,-0.7261254656965382,-0.008968773885668444,0.0736166723244718,-0.6354223969671394,0.0225813408801898
0.0,0.0,0.0,-0.19835374719383847,-0.19300607327281977,-0.06914099251044808,-0.32898717911003506,-0.4474337904898026,-0.07970351314043964,-0.38385333491800894,-0.6923765751696014,-0.10762147931655805,-0.3836823595788531,-0.9165681077127186,-0.11254191395954333,-0.24905503240739413,-0.6843443718138692,0.18006929618892148,-0.27558831972588654,-0.8791577916946063,0.054211057258380754,-0.26398331362071475,-0.7151360018224178,-0.04099587016787369,-0.24834262513215477,-0.5965699084058552,-0.07609875655643328,-0.12575320850568486,-0.6945224942363599,0.16994568183062508,-0.15976408546847606,-0.9101070795575095,0.015505621782686895,-0.14984555396351554,-0.6897694548335553,-0.07425571303783188,-0.13784994115586705,-0.5809966637233014,-0.08246785732993367,-0.003993004458587573,-0.6810813441493986,0.12291358784176298,-0.0191385726330068,-0.8708870814610787,-0.024981682904136993,-0.02661133514156687,-0.6774033064025657,-0.05826988364078808,-0.029601459248173714,-0.5729453787557905,-0.025122819421742035,0.12310946365410347,-0.6717950860725446,0.06801622922351336,0.11965865406168347,-0.8481211192321763,-0.0017206182378243732,0.08847960196266089,-0.7252164300250281,-0.00032397119755664654,0.07469002827707874,-0.6333137481592621,0.031895952269401666
0.0,0.0,0.0,-0.1974120216434202,-0.1883834959486551,-0.07420456761348548,-0.3307661326180891,-0.44291695014701016,-0.08690238311742166,-0.38765556740063933,-0.6898057602738514,-0.11482537813106083,-0.3864704667433826,-0.9145139037519832,-0.11930876090734446,-0.25118755465478243,-0.6846267441326748,0.1697899114432378,-0.27637931157695994,-0.8767459434631342,0.04315020027850418,-0.26247579954723366,-0.7083314307799116,-0.051967505084393635,-0.2445711405252392,-0.5853338689446008,-0.08680147226004434,-0.12736132244236248,-0.6957457185372268,0.16360677418322134,-0.16034274731946035,-0.9100393208234236,0.00911173171628406,-0.14838566669261258,-0.6887461372398767,-0.07913839600942427,-0.1347001541242583,-0.5748997492797323,-0.08655900741170872,-0.0052241401981090625,-0.6826783016146227,0.12080581677798524,-0.019182263151702218,-0.8725715647245376,-0.027289269066667086,-0.02485665963330901,-0.6784545234059064,-0.05930283573058094,-0.026492017136764565,-0.5693069476347055,-0.025301540407484203,0.12186587102837487,-0.6727758310895805,0.06994679563566242,0.12016448076867742,-0.8493872821351836,-0.0013755810168721468,0.08941872769924014,-0.7253260916898443,-0.0002588226520749317,0.07492228678108892,-0.630299254836065,0.03215605261750756
0.0,0.0,0.0,-0.19918431403866055,-0.18677785065758756,-0.07584512639323676,-0.33355300365653573,-0.4419754513195364,-0.08818844925144328,-0.39000052421074494,-0.6890256907731469,-0.11542764873582143,-0.3884311441987297,-0.9137309740287587,-0.11906838129588027,-0.2545189164127704,-0.6843290351147636,0.17145590106363437,-0.27937736776210564,-0.8769445610386144,0.04394834467896387,-0.2653341917566834,-0.7109949731122887,-0.05321592464451709,-0.24777405260166507,-0.5885995159520185,-0.08948514355953555,-0.12924438326449106,-0.6954130943921488,0.16563254590573917,-0.16286913639787842,-0.9105378287240338,0.008404532217741146,-0.15026677360027654,-0.6918149233415662,-0.0843460429778577,-0.13692647257658253,-0.5767601130399462,-0.09439351011562191,-0.006311215479478811,-0.6831704694828828,0.1229180020030404,-0.02004640047502721,-0.8727013508958259,-0.027935248155046534,-0.024976110765855222,-0.6811812652835888,-0.06564468474475293,-0.027350968467646765,-0.5710140965800055,-0.03490572019055897,0.12102286075963466,-0.6757665928366091,0.07222364008316237,0.11936155761363915,-0.848930540084669,-0.0018491442378276422,0.08917867924461087,-0.7265478479977201,-0.004911167540009695,0.07423808353649264,-0.6318628761118446,0.02482826000051675
0.0,0.0,0.0,-0.20239866475854967,-0.19110069362982263,-0.06801187140491612,-0.3357614491655832,-0.44634078102899577,-0.07673321114304563,-0.39068577604787424,-0.6919558533018824,-0.1015374562174445,-0.3895058606999452,-0.915035850251997,-0.10359802421938002,-0.2527643636736101,-0.6804739949739479,0.17760062083032707,-0.27675337890231244,-0.8775346911917562,0.055902164717937144,-0.2664773030401739,-0.7169518160652874,-0.039110374147078644,-0.25011113470347623,-0.5957237611161058,-0.07515840261313689,-0.1281440780147675,-0.6914126212150611,0.1687234811915475,-0.16156947492969315,-0.9132410869602131,0.017746107228196816,-0.15198995133681542,-0.7004704630530465,-0.07415307798632875,-0.13865141089614416,-0.5830215472315574,-0.08530010169565705,-0.005879520552274728,-0.6801850624956116,0.12410215772043212,-0.01968672781468793,-0.8759174424161748,-0.019089895465233354,-0.02610488723106289,-0.6887636147229255,-0.05579639251440324,-0.027936278032316148,-0.577275089985501,-0.026952729050847238,0.12121661374057327,-0.6738298811399028,0.07185679748434595,0.11837767939452037,-0.8495778864907169,0.003243897286843071,0.08802818810392656,-0.7273663117328357,0.0016085081440584989,0.0742736917196246,-0.6318833615085143,0.0306137270923402
0.0,0.0,0.0,-0.20522601603881468,-0.1936200287702994,-0.067310303465135,-0.3395382058679253,-0.447504691445529,-0.07597062099562611,-0.3928692201112932,-0.6929968634569407,-0.10163224775420093,-0.3889043656837816,-0.9154281457051665,-0.10301863771315914,-0.2535921810324391,-0.6875578234833382,0.18790592118267846,-0.2766394337667999,-0.8705177328100797,0.06185426070682897,-0.2620523946393666,-0.7000429400184224,-0.03206269438696149,-0.2449484196647127,-0.5848884163801301,-0.06525577530933152,-0.1295117003624443,-0.6955301815504541,0.17843804574786004,-0.16399301731326196,-0.9028379199230135,0.022931546359486604,-0.14928083362296743,-0.6761430076747351,-0.06282080528443008,-0.13525611286124672,-0.5718391789037024,-0.06609925642801219,-0.006364023870494263,-0.6838497601773371,0.13136715407373736,-0.021202120818589354,-0.8645513172540813,-0.017253030090887737,-0.024805613405044225,-0.662030083126651,-0.044417573958867876,-0.027836255237322173,-0.5635238040220089,-0.005673892509388556,0.12115501502448627,-0.6792676150381747,0.07642536733584464,0.11920921174531998,-0.8425519197372423,0.007336514934428187,0.08967915238858319,-0.7082374035694048,0.012679200176810396,0.07580089296031206,-0.6203339682503952,0.049032404762828836
0.0,0.0,0.0,-0.20685262372144592,-0.19852385109073067,-0.07095453436707098,-0.34144029134371967,-0.4502930590400598,-0.08068197639519598,-0.39432326328811595,-0.6936144364266965,-0.10681939376170597,-0.3868448487691496,-0.915784597144307,-0.10769167260317392,-0.24961953619041619,-0.6911727500405311,0.19209815676766356,-0.2763107881778756,-0.8691017784777033,0.06528415046445699,-0.26270961028994777,-0.6987256175261098,-0.029386687729215794,-0.24567763995734748,-0.5863536160844086,-0.0625126382965598,-0.1258073816003532,-0.6978878086105604,0.18497915206652482,-0.16308903416914997,-0.8998233817204304,0.0268687986797166,-0.1488009939881371,-0.6720860875347806,-0.0608584727613803,-0.13480425201294527,-0.5690408021924805,-0.0640935573011848,-0.0033308513641592185,-0.6864104481709494,0.13934936123746616,-0.01917316702741045,-0.8636255886019681,-0.010890558804153513,-0.023841195150957527,-0.6620376916178005,-0.04043685950387792,-0.02764248079774207,-0.5661473620832491,-0.0020834340483413152,0.12286090715915607,-0.6836733795582421,0.08555139716811294,0.12051137136303867,-0.843432835572884,0.016616316124247122,0.09097656124665521,-0.7105790547274735,0.02015021995623761,0.077299548922211,-0.6254727127301665,0.05586935231900281
0.0,0.0,0.0,-0.2070937845361363,-0.20235027082786827,-0.07269805609717363,-0.3430008999287161,-0.45057564139326767,-0.08371188016572426,-0.39722949272725794,-0.69144221845451,-0.11103955982654654,-0.388558791362939,-0.9145084576324279,-0.11235636157292017,-0.2514917885260998,-0.6940097637311076,0.19524799327392742,-0.2797799286733643,-0.8687195715190735,0.06670629294801403,-0.26406115529686675,-0.6972640497584027,-0.02864595305423688,-0.2469676057015749,-0.5892194135767794,-0.06144297802397592,-0.12643996255966583,-0.6986222088186453,0.18894023711015395,-0.16478705564178,-0.8976070969468397,0.02795152445452783,-0.14867421416530474,-0.6659495050557649,-0.06006358356377771,-0.13541814314957185,-0.5667216103280659,-0.061893993678691264,-0.0028579626289217154,-0.6868504448703607,0.1434217970920414,-0.01966082112538861,-0.8602249041667749,-0.009445942122005578,-0.02286205853874702,-0.6548259130726308,-0.03824559204978486,-0.02768832211278332,-0.5642792398660517,0.0022125844248973726,0.12328060914424868,-0.6851200607818511,0.08964384477324373,0.12131200478364154,-0.8436666023957486,0.020890287142128865,0.09255192159287232,-0.7083254393081383,0.025892937434049308,0.07861145166335543,-0.6259512842573589,0.06348320267765614
0.0,0.0,0.0,-0.20486425883735387,-0.19958897354389765,-0.07176990166145253,-0.34225970366705993,-0.44974096115889173,-0.0841071040249752,-0.3987346115284695,-0.6923838639521975,-0.11295100434217807,-0.38780538824390076,-0.9144083543432877,-0.11582544154755683,-0.25164413110555117,-0.6935063816241684,0.1883718636379616,-0.2794889781985826,-0.8699714268088989,0.05841673778433503,-0.26309846820600935,-0.6965144430974404,-0.03521963299514433,-0.24596704451508633,-0.5856150829492849,-0.06698190835742343,-0.1267616373612428,-0.7014550672520931,0.18089263801215855,-0.16665762088220887,-0.9014759232249205,0.020279339708922636,-0.14878953190160585,-0.666188863928755,-0.06280101958653465,-0.13324536446712446,-0.5689006239641039,-0.06176698154952219,-0.002363331507580394,-0.6903875848183633,0.1344893824806806,-0.019225873007141882,-0.8658541509234501,-0.018437244075814214,-0.023088860807892655,-0.6594232117084651,-0.0418168424872722,-0.027879133907009343,-0.569557112220018,0.0016455399934407068,0.1251262439586011,-0.686681936885511,0.07973702126732554,0.1254194609033177,-0.8472082516138413,0.009951553777736764,0.09423280173034418,-0.7119206090340586,0.017100716327358052,0.07727487967611901,-0.6283204495514134,0.05607856223750629
0.0,0.0,0.0,-0.20693326175248153,-0.199680981360368,-0.07023981293032286,-0.3449369194467923,-0.45041685142671306,-0.081438525403565,-0.40098711905838313,-0.694595712486499,-0.10990112536070815,-0.3872075857614389,-0.9151563105518005,-0.11188551392744822,-0.253066920100507,-0.6959691041704665,0.19495577804471897,-0.27956500039883253,-0.8734645642217844,0.06339605312581101,-0.2635760928568496,-0.696893829976955,-0.03166973921582292,-0.24677350753004437,-0.5851425043594539,-0.06403472713512195,-0.12746890179015655,-0.7032354262461185,0.1861489981738389,-0.1662225008494241,-0.9034608673804296,0.022456531669854146,-0.14845142297014613,-0.6659717870651349,-0.0629838355723113,-0.13445739364678366,-0.5701913101674179,-0.06251152507009025,-0.0023317440323865476,-0.6920693665138529,0.1379709477462897,-0.01778692906795136,-0.868765559735617,-0.01706474809424525,-0.021637291553313315,-0.6607197019376578,-0.04143416871483749,-0.028478540777668725,-0.573108099379612,0.0020952838126229115,0.12584892042466606,-0.6889726168701464,0.08146090339950372,0.1282399668527538,-0.8482228428500551,0.010943764014151215,0.09768434953041885,-0.7111623863749634,0.01773987358297109,0.07996547486745456,-0.6296192498931291,0.05691675683568424
0.0,0.0,0.0,-0.2083132948217244,-0.19998855950545613,-0.06835565584103738,-0.34552155606574636,-0.45120181040630813,-0.07877934097128264,-0.40040411186399605,-0.6959219158079083,-0.10714555053286681,-0.38552325958104694,-0.9162114319225337,-0.1090693590933016,-0.25335639426391854,-0.6955195031671573,0.19983543945092724,-0.2786969085870141,-0.8734122038717451,0.0680258574111172,-0.2629125850735858,-0.6979534260484664,-0.028021117834583924,-0.24645763417901362,-0.5886462590777874,-0.061105242345213584,-0.12824386826461298,-0.7026334480097979,0.18974154663418008,-0.16607121290263116,-0.9031007897531809,0.025197895200221122,-0.1483769591135381,-0.6672291380486474,-0.061889609477268695,-0.13544287231750804,-0.5724056851681306,-0.062251431914680876,-0.0035189364884744964,-0.6921981120794043,0.14018270824037063,-0.01874686969342864,-0.8688695739691639,-0.014789837673221212,-0.022014536580869846,-0.6612101539792974,-0.03955800721017421,-0.029393244161429882,-0.5740045018892135,0.0037743369824925184,0.12483167372375845,-0.6904285881219158,0.08230422439478363,0.12547555357699358,-0.8483844947537007,0.012805605909383216,0.09630976754353879,-0.7101218684606475,0.020123146709405272,0.08005441670130506,-0.6298162953469773,0.0595401987515639
0.0,0.0,0.0,-0.20375284068383315,-0.19658630222436685,-0.06516083406477131,-0.34085664186824033,-0.4525995223372936,-0.07491596382104088,-0.3946416952315328,-0.699303922676134,-0.10285870451499621,-0.38005679084406574,-0.9189933102777588,-0.10456615015350385,-0.25003214859783757,-0.7015980323436903,0.19529339628958978,-0.2738364005665047,-0.8730425595044342,0.06489472016692723,-0.2583678987715868,-0.6939155487755884,-0.026100007826230915,-0.24159337341520298,-0.5868527023903074,-0.05588702452571424,-0.12623303918954012,-0.7102311330073754,0.18396284792083722,-0.16358525171280758,-0.9040099331835332,0.023378696737307497,-0.14613871553196922,-0.6609142727003919,-0.05400266546733515,-0.13149258084017731,-0.572999888189845,-0.04800832024301312,-0.001966329012010044,-0.6981224865761251,0.1334376890793013,-0.01668849334714824,-0.8667565789998211,-0.019603376944497694,-0.020662935248941798,-0.6524099320102594,-0.035688901045587994,-0.025918123012318137,-0.5716447287927768,0.012976343156171478,0.12653906743404086,-0.6931231845627569,0.07471863587787048,0.12775472421036344,-0.8467970975325159,0.006031141132587134,0.09791989505376805,-0.7042773146521935,0.017740241266651788,0.0829715861959971,-0.6286317244888209,0.06025673794146252
0.0,0.0,0.0,-0.19835480921438395,-0.19472983805654226,-0.0712269530978172,-0.33564404939174497,-0.4484269861416388,-0.0845088883847295,-0.39115583707634977,-0.6977086094587336,-0.11436688818815183,-0.3744825104126707,-0.9195822381559617,-0.1178417187696471,-0.24786717437811756,-0.7000570916929325,0.18648017617860935,-0.27116710660471754,-0.8702545391718656,0.05738979833226972,-0.25449072670810435,-0.6883502999451316,-0.03120850497299646,-0.2359544503409801,-0.5842589957589485,-0.05987051625863004,-0.12407763371650887,-0.709791288808554,0.17899487668708763,-0.1597983991571993,-0.9026766224995878,0.020555549337694087,-0.14273556918686325,-0.6573719365970734,-0.053490081921080415,-0.12731841501441027,-0.5728579202888098,-0.045886476038928536,0.0004100917637148921,-0.6961114333931814,0.1324086341343635,-0.012095669752038803,-0.8628543998660201,-0.02065921079312756,-0.016249125674657375,-0.6468213335594865,-0.03405958542234343,-0.020365735809129495,-0.5682666403792207,0.01646627594725078,0.12897148777449527,-0.6867693197256768,0.07735063219960783,0.13396285809706762,-0.8425333017355172,0.008280429143027799,0.10394965444665202,-0.7004294540505135,0.02143612728270182,0.08864583430573475,-0.624632059491407,0.06510878469826867
0.0,0.0,0.0,-0.19651899416692262,-0.19535914442044527,-0.07372245609635876,-0.3304946139627425,-0.4504047213337332,-0.08991702255810408,-0.3848805159781725,-0.6973950926518768,-0.12272162517490319,-0.37033031883814604,-0.9196151604208522,-0.12991554778850667,-0.24312366977162997,-0.6979668812555367,0.18046370770297498,-0.2661331582539339,-0.8667993280979509,0.048319666093281304,-0.25098378300646335,-0.6898323427298758,-0.04305486425136697,-0.2331939815630061,-0.5812544489912503,-0.07325933885107186,-0.11956780130410448,-0.7058038417716388,0.17219370009210874,-0.1555481524657496,-0.899405457174993,0.010635958971156309,-0.14081947661168892,-0.6596509710416139,-0.06616977545810984,-0.1258878370360852,-0.5691841168011058,-0.060269221340341475,0.003996741811590286,-0.6909109822076436,0.12474903531759265,-0.008198591865111076,-0.8599937044308199,-0.03067388268924486,-0.014120585059420206,-0.6498079262148158,-0.04652233934216879,-0.019202826759000112,-0.5653556872537752,0.002595578920798575,0.1307907952464325,-0.6809491986200964,0.06854295863891821,0.13646970991166404,-0.8391140388559981,-0.0035679966475085177,0.10643176373804902,-0.7020708483750517,0.007394869052298806,0.09081268323358731,-0.6231865803883847,0.049781296503749295
0.0,0.0,0.0,-0.1961763803298288,-0.19874173103554515,-0.07311168275456845,-0.3271151560003729,-0.4532959144366614,-0.08853479228762534,-0.38095148991198435,-0.6975083953355026,-0.12077208916288248,-0.36997577519499225,-0.9201392826276041,-0.12772528178032577,-0.24215956427831958,-0.6980920648096816,0.18278703465968998,-0.26529678421480835,-0.8682323416523203,0.051981036745453915,-0.25066259675681124,-0.6947414309998973,-0.03932235738652556,-0.2337331344374859,-0.5900526182334941,-0.06937423294405817,-0.11842575792666145,-0.7040264525993141,0.1747991214441748,-0.15346173901116789,-0.901427563756956,0.01403929317543257,-0.14139012254328887,-0.6637934069556007,-0.06390062902734783,-0.1277208558996926,-0.5724609394972557,-0.058572917271320336,0.005166739253218086,-0.688710250405234,0.12774329367036324,-0.006895951734903288,-0.8595706582205547,-0.026869087065390103,-0.015495331348894623,-0.6502585857558967,-0.04474190144846928,-0.02192383617485106,-0.5651567915359279,0.0033573349875045894,0.13207293062021666,-0.6792913944186648,0.07210351525880976,0.13745309890466112,-0.8409306137354189,0.0014975423042630628,0.1057754280382235,-0.7058886277360064,0.011936909815708312,0.08913381540367604,-0.6266525894688928,0.0538611508043995
0.0,0.0,0.0,-0.19560568180289528,-0.20032684385300426,-0.07769220669767596,-0.3291106880823713,-0.4554884862681887,-0.09454654840893395,-0.38044126515813864,-0.7032378297682875,-0.1277758959470217,-0.35643908330877283,-0.9243461645744344,-0.13493863851378451,-0.2386451488418897,-0.6997536598026458,0.18893256022272364,-0.26096391109382616,-0.8620754144990398,0.05781390418345251,-0.24618559109368565,-0.6839484814671911,-0.033633710463002904,-0.2300968882879409,-0.582460406762551,-0.06354656313734149,-0.11561507152429128,-0.7040561306852979,0.18346823387542116,-0.149016990531403,-0.891732159294041,0.0201058553477576,-0.13486293573713837,-0.6490090356201074,-0.0584561492919183,-0.12240920885757436,-0.5617492306916415,-0.05185926131496783,0.006942469771341211,-0.6877906914079442,0.13769131246961996,-0.004323298394263209,-0.8525878492021846,-0.02051885702153601,-0.011081077435744198,-0.637073729678851,-0.039055159996574225,-0.018345445267996207,-0.5545819773880593,0.010399835607227058,0.13373038891948133,-0.6794375585235295,0.08297905845936186,0.13990223774981664,-0.8306174689376007,0.010255857043235263,0.1095685967119271,-0.6897827039220777,0.019789550529700307,0.09286534679708779,-0.6117935625948835,0.06217855554930122
0.0,0.0,0.0,-0.1965166634932957,-0.20317549851470873,-0.08261876086297332,-0.3315841354081024,-0.4589373887907984,-0.09902025954693647,-0.3804778378321191,-0.7075133736706247,-0.13010816534099906,-0.3493196596210061,-0.9272557692802972,-0.13397378445364172,-0.23625063691401094,-0.701699759564766,0.19221249243626096,-0.25857087649807153,-0.8575976206348845,0.06131714934641509,-0.2436976691834003,-0.6800117107814649,-0.031933500384202805,-0.22864631418107395,-0.5847859544796219,-0.06306401141846107,-0.11394457389170176,-0.7034597199232375,0.19103543000437184,-0.14570648497347036,-0.8877353394807435,0.025225849683409494,-0.13097326542714782,-0.6466531208870034,-0.05749883665116477,-0.11994011820563419,-0.5624282260532704,-0.05248763383363136,0.008586468014656217,-0.6864300489246518,0.1490956561555004,-0.0007394290784222524,-0.8497072329335005,-0.010188695212399021,-0.006688947287917151,-0.6361773997451526,-0.03208705872625155,-0.015720605833435826,-0.558049796574014,0.016134095241842228,0.1348757706625886,-0.6804986684171418,0.09791582323697862,0.1426453509802599,-0.8248103605172137,0.02538978410645248,0.112827587374427,-0.6842244650433608,0.033122771789189515,0.09536383001386176,-0.6100258706595941,0.07487844795459603
0.0,0.0,0.0,-0.19969213909110362,-0.20469586686574154,-0.0847234604807244,-0.3343904028269217,-0.46449669105200764,-0.09898245812340735,-0.379243861519149,-0.7132883373385649,-0.12712812233799953,-0.3446318898799896,-0.9299638410114975,-0.12732158035027297,-0.23665704780616886,-0.7025015069440893,0.19464049266662076,-0.25674004733881034,-0.859625100311287,0.06499635312170382,-0.24214659204881436,-0.6803822137433918,-0.030349384520950595,-0.22953751943106915,-0.5844650810420986,-0.06373646146842005,-0.11299299454022198,-0.7024830505811014,0.19540930000352852,-0.141570539065403,-0.8862505102163476,0.0296708153937787,-0.1266535488700415,-0.6493357985682322,-0.05847411862694318,-0.11920671297184249,-0.5662298667090855,-0.05807129625071518,0.01047121724680121,-0.685152935284042,0.15539542967336087,0.0033590550036185912,-0.8496299503007192,-0.0018041956177597112,-0.0017639239377218636,-0.6422521419203369,-0.028839653411068634,-0.014275751620940632,-0.5664977301137504,0.014554589904906505,0.13722750445379278,-0.6801117968683753,0.10587293297464348,0.1481377997559692,-0.8214224376984791,0.03457900007016632,0.11840760033942857,-0.6854523130779406,0.03901206608329068,0.09735121297079882,-0.6137340748066527,0.07751884395341736
0.0,0.0,0.0,-0.20563260997992824,-0.20524019264871887,-0.08087403412627509,-0.33627680131335136,-0.4641158238962392,-0.09136364926462343,-0.3769682534356209,-0.7131964237635021,-0.11672745372924778,-0.34755777671121685,-0.9304260662609029,-0.11515882489221675,-0.2358309267299209,-0.6936028966414942,0.20409246627860878,-0.25671969803378014,-0.8540013887062908,0.07518991973661594,-0.24193267684487665,-0.679899574958482,-0.024865648728654453,-0.2301100038802903,-0.5837659378087655,-0.06195628817202507,-0.11128770286806908,-0.6929213329605602,0.20238917295419112,-0.1400977368263596,-0.8844652384158468,0.035030651242042125,-0.1259270225144702,-0.6543696939931254,-0.06425772782705058,-0.1202305282090898,-0.5647699741444847,-0.07225395251421945,0.011759541205567308,-0.6773509167175316,0.16061248988656868,0.005043248261429684,-0.846303080515253,0.0023386486251505407,-0.0006183811166264412,-0.6461580404888629,-0.03550684865844777,-0.014313609104751768,-0.564148103077503,0.0005522472247296017,0.1379514538114467,-0.674266049510738,0.11009273890064374,0.1476183782897516,-0.8196203877752866,0.038977432978487866,0.11883886582464676,-0.689376761943823,0.03922135415171004,0.09780053890216309,-0.614737543699772,0.07416652277858521
0.0,0.0,0.0,-0.20551042710807182,-0.20253523410380925,-0.08539159719748443,-0.3365139785010989,-0.46043478787750947,-0.09752907468174907,-0.3762046613479431,-0.7107062080873529,-0.12372628549773772,-0.3469527249934721,-0.9296389282167286,-0.12330163302205172,-0.23349604092653836,-0.6894845727409871,0.20401642681866872,-0.2530489010781736,-0.8510463951988799,0.07448129413360222,-0.24161103759836522,-0.6822538206385684,-0.02817974433174166,-0.23327883226616764,-0.5837600239038252,-0.06682422744662392,-0.10847184273716873,-0.6881105304734159,0.20463095226472813,-0.1366719937556432,-0.8768839148351782,0.034910455002274535,-0.1240650191391825,-0.6507801714883144,-0.0700254499188416,-0.12007695260033752,-0.5562664587454467,-0.0813756849563106,0.01344947874876662,-0.6714954386901911,0.1650665939752285,0.00815158247267344,-0.8381023092138358,0.004410096629384245,0.002312475489152154,-0.6410517177320665,-0.03861100908746935,-0.012991123936679727,-0.5547607187919862,-0.004914128071210876,0.13850756053699304,-0.6663922659386667,0.11668799372644763,0.1514658761153852,-0.811094585425373,0.0432903723549628,0.12326489762990589,-0.6837871430443109,0.04080821882967117,0.10015721614916104,-0.6064071183830309,0.07464727665034224
0.0,0.0,0.0,-0.20314198774438819,-0.19868680883635345,-0.09039675595734348,-0.3365390193565897,-0.4585340544927061,-0.10393646933224486,-0.37886628266719335,-0.7117700621015339,-0.1298210748219094,-0.3452519238843498,-0.9296696173037136,-0.128039758242541,-0.23461726942151567,-0.6941618398847688,0.19777383916543861,-0.25173866661723643,-0.8534735247700973,0.0679601714171349,-0.23892503339343568,-0.6787362308922762,-0.03217510536355795,-0.22993174704336,-0.5844265453257798,-0.06922198353426023,-0.1099280519917254,-0.6927486676570357,0.2025229117380528,-0.13369515221810588,-0.8774862967949058,0.03193081285124286,-0.12069088483002222,-0.6454112992814256,-0.06899316081768855,-0.11805863302667181,-0.5572573128154574,-0.07683164313188418,0.012382677367357306,-0.6750135576301005,0.16673395166930077,0.010738084742231785,-0.8381135529198915,0.0031321078852624405,0.00394610273543705,-0.6341366910178606,-0.03705162465315877,-0.013313654065071248,-0.552878369559137,-0.00033099176062122235,0.13776019063000805,-0.6698020241769058,0.1219747161538654,0.15503359755115653,-0.807619720918098,0.04522381743727291,0.12590873191523022,-0.6746119071388332,0.04234572029699819,0.10131277915107671,-0.5996668732552188,0.07695568267883185
0.0,0.0,0.0,-0.2034132880183982,-0.20001070732391868,-0.09068122827641933,-0.3363479958586735,-0.4601123913733417,-0.10159058478252861,-0.3783063327301689,-0.7115916824252131,-0.12361510223428296,-0.3477363880367369,-0.9301189596989611,-0.11737714158249773,-0.2347990619391877,-0.6953007878325083,0.20020196671318935,-0.2484237640598131,-0.8511741089230743,0.07167044171234782,-0.23535651512639022,-0.674579641398197,-0.026607962903027534,-0.2277208323085991,-0.5825564320889784,-0.061745906598417305,-0.11007872744698649,-0.6923220813357662,0.20786107956332545,-0.131442525154003,-0.8741065629071323,0.03845446672917781,-0.11833909749937453,-0.6382320820104002,-0.060441263785709506,-0.11595786720783421,-0.5528589657353795,-0.0659496293738335,0.013221846180815178,-0.6740048710639737,0.17485756683387058,0.013449613879125197,-0.8321903061879524,0.011282481648963442,0.006186813057651736,-0.6219606671957709,-0.02739181283226627,-0.011770248943418299,-0.5463397066364881,0.011337869693995677,0.13821204753401511,-0.669442013389313,0.1331968226798798,0.15661200327067948,-0.8010006907706876,0.05740939298336223,0.126692218031009,-0.6626839876523363,0.055752613824738305,0.1016319173386705,-0.5917722063284286,0.09185232629844409
0.0,0.0,0.0,-0.20453108406161036,-0.20000844208903718,-0.0863021557940798,-0.33802416692528375,-0.46035753063758245,-0.09458636620483579,-0.3798068675894376,-0.7129389058207927,-0.11460004238307504,-0.3497372603378287,-0.9306331595241135,-0.1067637234810075,-0.23913905057312812,-0.6923786903969579,0.20206725784168403,-0.250015856435401,-0.8522118133512644,0.07345296333815435,-0.23606466170969567,-0.6767541540668395,-0.023505632668992443,-0.22886824419518975,-0.5828159441366714,-0.05733650830753136,-0.11286725150694904,-0.690576794697182,0.20687696480112763,-0.13270251332628913,-0.878281696801263,0.038108661549511744,-0.11851426766222209,-0.6398185783183508,-0.058313299815232575,-0.11615183915583976,-0.5510507403615063,-0.06170665855217748,0.012914667914935219,-0.6740621925034415,0.17120809444462226,0.013643140644425487,-0.8324524118203616,0.007441001750383538,0.0076552273066542095,-0.6190745498938641,-0.02823129208146971,-0.010627040367836613,-0.5444501541137349,0.012849788017851492,0.14011785106749625,-0.6689736492197776,0.12729891746534855,0.1569357589109681,-0.8039699953678237,0.05227364928795009,0.12885324017271305,-0.661814769247807,0.053886385450511914,0.10490268992724669,-0.5908809716490432,0.09227144899218545
0.0,0.0,0.0,-0.2053501647411954,-0.19970406307655414,-0.08609718048838724,-0.3387186147362953,-0.45952718680425186,-0.09423305225512427,-0.38076650799974704,-0.7123628370611421,-0.11348305250372348,-0.3506277756753752,-0.9306152631744077,-0.10442946683194287,-0.23830262377135555,-0.6913498385400649,0.19949583228248025,-0.24988847135980974,-0.8525082069872774,0.07313833144382893,-0.23844627781793876,-0.679890394327954,-0.022981015207124145,-0.23220467097746103,-0.5903318747137867,-0.057563626101051674,-0.11177352127968432,-0.6901114732257736,0.20581400698297714,-0.13197734178832088,-0.8793861031147515,0.03921083912414673,-0.12054878228335744,-0.6431636424966949,-0.05740552492404476,-0.11974387428707725,-0.5589590557207773,-0.06267318196187002,0.014270965810348007,-0.6732954143746623,0.17228611136759975,0.015227684366825292,-0.8381815624005187,0.01128192835874258,0.006110926473307151,-0.6289298880038723,-0.02553226774183314,-0.014020034553542119,-0.555638174412623,0.012922395957408624,0.14154962773436935,-0.6687182155073907,0.13054202758347408,0.16182839775210245,-0.8049847713257803,0.05570657675560489,0.1303502980568711,-0.6698700546451506,0.05410122394054248,0.10224615619346736,-0.6026154672481983,0.08927085770451809
0.0,0.0,0.0,-0.20619901047013617,-0.20290803055089973,-0.08436655356939463,-0.3387281073093338,-0.45922108216956337,-0.0932441372893649,-0.384068973372248,-0.7078401640574892,-0.11418434450349607,-0.3594887587050767,-0.9269014225389722,-0.10708539129206915,-0.23850495129226498,-0.6933852336063339,0.19876165131549695,-0.25299809027220166,-0.8580637764326955,0.0691392424647716,-0.2421739766707622,-0.6836045290583393,-0.0312349648572819,-0.23410055105431155,-0.5878161104317814,-0.06886989266156915,-0.11040044726185669,-0.6928854513919043,0.20289905784196272,-0.13425930625973287,-0.8816341848844201,0.031083475216392396,-0.12395549398483865,-0.6486119893069706,-0.07242370520010066,-0.12061046391934535,-0.5589929480453038,-0.08269276560054986,0.015096309809291115,-0.6773454296685066,0.16762043587550993,0.013833273954782174,-0.8433956994837267,0.0022207947350848106,0.0023349002861862006,-0.6360378981850472,-0.04085757945893946,-0.015969730811414826,-0.5532175604264039,-0.0062705829139142535,0.1423968782097938,-0.6747412719219785,0.1243667523943078,0.16443210436469183,-0.8095306790362224,0.04319346130704581,0.13029248942687896,-0.6786299297321021,0.035434398456131326,0.1017319126095757,-0.6050050478340755,0.06706822079528886
0.0,0.0,0.0,-0.20413719486900606,-0.2051733322189824,-0.08562058124216863,-0.3375351471248583,-0.45685277776087496,-0.09656221071103582,-0.386195896639422,-0.7030483624714601,-0.11999731348810899,-0.36237049402802424,-0.9246304594807939,-0.1164787113944998,-0.23708215355787712,-0.6884354173679057,0.1984798884049776,-0.2553047779530485,-0.8573942999585719,0.06889418197299849,-0.24707404144773498,-0.696620664870264,-0.033519687344401694,-0.23962808527385215,-0.6015756967615411,-0.07244826827365539,-0.11013586024816596,-0.6874551004744345,0.2012671281331848,-0.13458773689960332,-0.8884134601927289,0.02827191532168643,-0.1260975590999076,-0.6644582277684395,-0.08096661808208713,-0.1236875419233798,-0.5655988119478828,-0.09508029151649003,0.014205550438193753,-0.6728757084885295,0.16481024754674403,0.014334532816675523,-0.8445533984327807,-0.0026238251600201714,0.003354148682287902,-0.6436625680003423,-0.05407500071485863,-0.01644048826316396,-0.5531185951933779,-0.024393187386566085,0.14087787475288308,-0.6708692198493201,0.1206990602522108,0.16357272651496196,-0.8136386821568693,0.0382165034016898,0.13075334067007696,-0.6882436504009393,0.026001420369517796,0.10113161321208848,-0.6089328435366888,0.054200797055309655
0.0,0.0,0.0,-0.20654116267181946,-0.2051318498466988,-0.08472003801492003,-0.33889863579743773,-0.45911439079665783,-0.09359730805478225,-0.3854890247446713,-0.7038497264783401,-0.11541308148782613,-0.36438875874680493,-0.9246112425294953,-0.11038213897618775,-0.23660520097822002,-0.6884777006076731,0.2007226674151959,-0.25395332603776377,-0.8573297679849718,0.07129663279206033,-0.24903481315248918,-0.697098325236444,-0.03175218518267811,-0.24296171317626364,-0.60190063132014,-0.07154425462484106,-0.11044381576528689,-0.6866163271914454,0.2023520343988751,-0.13463163022065516,-0.8875563860678115,0.028491518875720594,-0.12700275500294708,-0.6679273190351553,-0.08355921863739796,-0.12381436526948528,-0.5706942024451103,-0.10014993347114787,0.01285293470956654,-0.672626703235722,0.1646171179173739,0.014089795548121738,-0.8450843707749025,-0.0039606974142548865,0.0033782835223624516,-0.6499950526140137,-0.06021226059743537,-0.014664757816612868,-0.557905240933197,-0.03417316520019007,0.1393578351523521,-0.6734766227719954,0.11924199368972917,0.16332567642747142,-0.8148949137684862,0.033645675903603456,0.13194368652856597,-0.6941392741654522,0.01661278380509466,0.1038982745139695,-0.6151441718139199,0.041231136306035726
0.0,0.0,0.0,-0.20408126393421722,-0.20345998377922075,-0.08449549906164495,-0.3339644679383312,-0.4579677812927103,-0.09529929764725353,-0.3803499812713947,-0.7008919489360255,-0.11998377304890658,-0.3629792412612366,-0.9240958034330646,-0.1189614494865642,-0.2341732217866737,-0.6827810428551966,0.2003851571171979,-0.2527316622627832,-0.8517398220626401,0.07012590705530469,-0.2502520726396861,-0.7007364519099086,-0.03408725492662063,-0.24601177793299528,-0.6068353257688561,-0.07454240533303993,-0.10880586682463265,-0.6813158182899194,0.19910607222190296,-0.13480215194037098,-0.884811365433129,0.02421710684342933,-0.12793446760538596,-0.6696971654806487,-0.09025149017323758,-0.12448453794714207,-0.5684041824589336,-0.10850463636433197,0.012900490707115311,-0.6680768296403505,0.15838035558216773,0.013478459119045747,-0.8386176559820846,-0.011957927596859314,0.0043024152458049575,-0.6470788853315015,-0.07186928133690432,-0.012590294150926572,-0.5517368476153921,-0.047955363704255044,0.1378142813523537,-0.6695600854718666,0.11012903963530464,0.16077066053281644,-0.8136878498318949,0.023600454330990797,0.13132891804607516,-0.696059150584159,0.00509385381309433,0.10411733464896823,-0.6150187660164885,0.028353038051590333
0.0,0.0,0.0,-0.19975555730893552,-0.2026215607454614,-0.0828759677744369,-0.3286785799210765,-0.45628470381672126,-0.09654636635479519,-0.3754254703787112,-0.6986198121095095,-0.12488742413344159,-0.36342294468894176,-0.9226615136435077,-0.12829472117333057,-0.2359247288354776,-0.6805681026214223,0.19344280234937689,-0.25280924590921794,-0.8440437067278911,0.06366956853461082,-0.2467708697513698,-0.6940769214614602,-0.03726587216892294,-0.24326646584152456,-0.6022113507237414,-0.07593627613401657,-0.11128496147980968,-0.6811912211102774,0.18976319744312345,-0.13653669265979068,-0.8773806113937102,0.018049814357417197,-0.12738307780617097,-0.663775226536426,-0.08905344789589931,-0.12536196896168483,-0.5671865471035873,-0.10359855937195218,0.010363922577705326,-0.6682882926514704,0.1467371195247323,0.01216890609989845,-0.8328508627447949,-0.020857829078167696,0.004697562325465603,-0.6437390610097675,-0.07357139360574362,-0.01467598239113944,-0.5543905598859782,-0.04659337568182921,0.13384876138508983,-0.6689223188870375,0.09588115673598718,0.15760463027805657,-0.8105136189097271,0.010507170284679238,0.12914894634661872,-0.6940945711985722,-0.004487790061958223,0.10070258979915894,-0.6166305137958796,0.020400782460182832
0.0,0.0,0.0,-0.19817829790886163,-0.20093078929279928,-0.08519733924371306,-0.32758807872951695,-0.45473893582154096,-0.09965117585115532,-0.3735374208998514,-0.6979404442652257,-0.12791365690483553,-0.3630229734666465,-0.922468971187381,-0.1310628805540412,-0.23801728571146524,-0.6768275624611819,0.1909899827297602,-0.2521855269274697,-0.838629180528187,0.06470723500078301,-0.24525915031573686,-0.6873725452129698,-0.0322285906317272,-0.2432917517565628,-0.5980640935522048,-0.0686037874505008,-0.11345138126400539,-0.6785962324206323,0.18968950039457416,-0.13550005734043474,-0.8710553437589242,0.02348484718124818,-0.12522718923423903,-0.6567709140318628,-0.07783687244405862,-0.12496035266432937,-0.5666736264648614,-0.0895411899213423,0.009313917435933416,-0.6657818096083585,0.1488413588605554,0.01303935341572168,-0.8281566815473291,-0.013497113709418477,0.0068395998118470965,-0.6399510670630899,-0.061091106919822655,-0.014091195118593395,-0.5584702381237601,-0.03237255333069217,0.13346476253717915,-0.6661438568469756,0.09979092521086308,0.15653684955621977,-0.8082216189358181,0.01908543233481868,0.12965583010091672,-0.6897192655871236,0.007860101216040815,0.10124700451210239,-0.6151617374091851,0.03432548819335818
0.0,0.0,0.0,-0.19938087545812505,-0.2006411525709447,-0.08478183711552802,-0.32773692426370427,-0.45351308872075835,-0.09980087201336149,-0.3718019794795537,-0.6971534994969772,-0.12900281790551102,-0.3636057980980456,-0.9220367558046574,-0.1326353115291813,-0.23828517986763054,-0.6820215478572498,0.1926061439313646,-0.2522574060735512,-0.8345964926604557,0.06388254184504988,-0.2436657162613033,-0.6774837903952401,-0.030822826240420043,-0.24093097296104796,-0.5926199564322128,-0.06413849968650723,-0.11352797708748383,-0.6827018678146053,0.1903046689146678,-0.13575561359187038,-0.8686608887331698,0.023160362657071616,-0.12395394150025593,-0.6464716780645053,-0.0704055563240505,-0.12199396714089858,-0.5654458716648829,-0.074647202056668,0.010334629532814782,-0.6680703645101947,0.14733795723186632,0.01264236930227351,-0.8213701813061769,-0.01778472104396895,0.007881329223788818,-0.624135844049686,-0.057093173516123724,-0.010963358565791073,-0.5534211185661508,-0.020743799941280235,0.13488267215016514,-0.6674291117980843,0.0960553791809754,0.15435339182690283,-0.8043863471506842,0.015555871707999158,0.12842964922700398,-0.6775782759360495,0.010645993380662282,0.10330706985083565,-0.6086135942819009,0.042942646187557956
0.0,0.0,0.0,-0.1974291148061394,-0.1977128085194177,-0.09330945531771803,-0.3266493843011849,-0.452590427979655,-0.11149103028993221,-0.3715649857499459,-0.694804034070237,-0.14158273515480999,-0.36414599268394904,-0.919865331350217,-0.14512418795092663,-0.2417787705052824,-0.6845362873219435,0.18305666884796018,-0.25245982017498286,-0.8345035578714097,0.048893752810881264,-0.24073388887853558,-0.6717674218120727,-0.04723991513676511,-0.238124589329095,-0.5882126139371284,-0.0804678152277082,-0.1164856634356624,-0.6853322823829373,0.18502843983061934,-0.136125201167154,-0.8680340844247725,0.01193977623088153,-0.12089723106516581,-0.6397742357581876,-0.08048139928688174,-0.11897330130966705,-0.5614579187601991,-0.08213673461666068,0.00841736036503559,-0.6699692472021528,0.145348063513448,0.012936927138959553,-0.8169744372699341,-0.025931460635936737,0.010912116262779697,-0.612765451531728,-0.06287678602453833,-0.008508872174613664,-0.5466739619333676,-0.02289906869001434,0.1335297366795394,-0.6693766977852675,0.09686814838540632,0.1536082515950862,-0.8006303982164393,0.013175677640638823,0.12828085471874978,-0.6669461626530575,0.009624214190323496,0.10165724362692816,-0.6006150751148428,0.04400740774122408
0.0,0.0,0.0,-0.19803845189511704,-0.19650378357777387,-0.09378687741718333,-0.32829423482050313,-0.4509288349149495,-0.11155334229708296,-0.37436291500744057,-0.6932913935644495,-0.1409595219009246,-0.367400821694399,-0.9188333053233206,-0.1437224767779962,-0.24513326938606422,-0.684016193613143,0.18437119795370574,-0.25485394426197705,-0.8326088475143061,0.04966434421918624,-0.24188062938449192,-0.6686826497552085,-0.04626706534048329,-0.23918288530803178,-0.5881503533968527,-0.07918848015632231,-0.1194751244532336,-0.6852056035720431,0.18664467396948625,-0.13818760632483434,-0.8677046162379582,0.012771383291126218,-0.121604076077673,-0.6367115000531192,-0.07860525051698647,-0.1199162922105903,-0.5605319754271627,-0.07890260557175612,0.006249739578620236,-0.670045463308266,0.1469633389412401,0.011353335711796128,-0.8152465403425959,-0.025550448057617955,0.010336945625538408,-0.6070275973102658,-0.06055698607279629,-0.009446126138543225,-0.5441247816193489,-0.01863512405949289,0.13212648262259546,-0.6691345821625578,0.09849087125787015,0.15158146370086306,-0.7984970036971125,0.01486319644561218,0.12667018284049011,-0.6596055505352849,0.013243016061870134,0.10030272865803938,-0.594287318762696,0.04925519089679824
0.0,0.0,0.0,-0.19804947954139668,-0.2016587428105418,-0.09022246330920575,-0.3288808175530505,-0.455543679634945,-0.10690837167067366,-0.3762274865399837,-0.6944129456765229,-0.13585647073985313,-0.3687676963629911,-0.9191894365953865,-0.1378846205020613,-0.24501956595843805,-0.6879013331735316,0.18693377202882105,-0.25314594459363704,-0.8351873430247627,0.055822103426833844,-0.24238501546224017,-0.6673470897954823,-0.035476427459183515,-0.24050867010389204,-0.5916112230966917,-0.065944463289077,-0.1195704147249846,-0.6886091995803791,0.18755107404019677,-0.13690264515733752,-0.8675112271016633,0.017724397898367404,-0.12077197226632799,-0.6327027595863315,-0.06778483800082155,-0.11876436787615412,-0.5628433609814523,-0.06457774125464283,0.006478516536037434,-0.6727696741541304,0.14628157928234609,0.012171949786188968,-0.8125945917383524,-0.022127798390065966,0.011100809864399232,-0.6017251335713633,-0.051545626574600774,-0.008112181374541751,-0.545830039619969,-0.007087708391346561,0.13273965124415066,-0.6714693051457268,0.09617124254171112,0.15231055039067354,-0.7981441178888904,0.016260999177861828,0.12739192164353497,-0.6566952675182687,0.017880251538992906,0.10199238268652909,-0.5957214655868465,0.05527135642688868
0.0,0.0,0.0,-0.20063031753506183,-0.20167620414134302,-0.08943228479755756,-0.3326279268241329,-0.4526792640210767,-0.10560448634767465,-0.3817302624364744,-0.6921600647494695,-0.13408309391448464,-0.3735777259657149,-0.9175255171632617,-0.13606205443493125,-0.24928542670522358,-0.6832393682166977,0.1868145685386734,-0.25987019053694016,-0.8343960934166181,0.05248063597307058,-0.24793688108939174,-0.6730724152324746,-0.04410349501979369,-0.24566760212962704,-0.5912138858501165,-0.0777483886109524,-0.12278839338212652,-0.6849691976003691,0.18682076516866747,-0.142438663875253,-0.8697989610477104,0.012815528646748734,-0.12391457625223122,-0.6396092706434324,-0.0807359774995321,-0.12221064806803536,-0.5591664283272924,-0.08287365320392234,0.00448800892665932,-0.6714381583222631,0.1455720147360563,0.00925903999644688,-0.8153442021642516,-0.026656374322212302,0.010148903432010194,-0.6081276769899779,-0.06289628951929825,-0.009707151829021578,-0.5419937476831862,-0.021972204335199003,0.13092342330656556,-0.670801699755053,0.09597136858864397,0.15175443366437136,-0.801846521641929,0.012511193800789876,0.1283901203572551,-0.6643748257142713,0.010456952692695514,0.10222510348739068,-0.5966528117725085,0.046068704361692234
0.0,0.0,0.0,-0.20050442952910796,-0.1963836234975524,-0.08885466359635864,-0.3351092382477213,-0.45052109968000775,-0.10593642307018054,-0.38548356764437547,-0.6917726987716255,-0.1345371331756322,-0.37588447829828053,-0.9164669084530024,-0.13694952588804415,-0.2536757936860078,-0.6911528530647884,0.17549724607440148,-0.2638276187788775,-0.8397113517706286,0.038914419880119636,-0.25068826150858414,-0.6734522728855431,-0.05568099365083624,-0.2446329375778858,-0.5888160452689348,-0.08756686055027454,-0.12643761941001927,-0.6943640870341095,0.17544815955820314,-0.14569141965203292,-0.873236233252672,0.003664689973934674,-0.1274916790232001,-0.6372723404085221,-0.08184906683414853,-0.12493222517841428,-0.5605728140056578,-0.07923470591774592,0.002732689068536632,-0.6806753451902142,0.134477694554622,0.00747433286460141,-0.8164815812435873,-0.03590981728214524,0.008087522387192009,-0.6015525640913473,-0.06373442945034564,-0.010999812432803149,-0.5388145136759244,-0.018367984665405773,0.13112398263397285,-0.6785841810299656,0.08507761462087182,0.14960890792617126,-0.8045016982118205,0.0027084455883864913,0.12613220093169064,-0.6587651207180696,0.0056195331776350025,0.10232842142895407,-0.5922819251791631,0.044376272470079664
0.0,0.0,0.0,-0.19964047179812744,-0.19298082464776456,-0.09021564768393987,-0.33716255236024106,-0.44551162705715835,-0.10948817912389294,-0.38921944309590395,-0.6904115975281415,-0.13956127425854373,-0.37441024822688684,-0.9160988115492188,-0.14323435198998735,-0.25585223453539874,-0.6884414986439369,0.16752898097574276,-0.267597700702185,-0.8360224609997302,0.030097422022178393,-0.2523235558617495,-0.6662590067783685,-0.0636216369734136,-0.2424547778405282,-0.5774934070725166,-0.09477106878892519,-0.1287626166902232,-0.6942547431840693,0.1689996306862748,-0.15006016146343845,-0.8708151213731047,-0.0018429697007500303,-0.13048782135955495,-0.6310883990389913,-0.08385190566304916,-0.1246273671784441,-0.5502872145159624,-0.07928743026682622,0.0002306769154763785,-0.6821431395033675,0.1299600154133753,0.003518953745976662,-0.8178611951464883,-0.03938122920544507,0.004364686274232912,-0.6002990255787735,-0.0633173688625496,-0.012577035712193724,-0.5323688893356722,-0.015571723224658007,0.12817563057519896,-0.6786948649005022,0.08237081505310502,0.14703541071588355,-0.8078127329622954,0.0004909339414419921,0.12314241621434904,-0.661861864627505,0.00526066712990765,0.09924159090106122,-0.5912353083013457,0.04547944268438381
0.0,0.0,0.0,-0.19725432360439762,-0.19069499439677362,-0.0950860069219156,-0.3353232406109511,-0.4432660894652285,-0.11802010110662114,-0.3880236674247436,-0.6893717165345199,-0.15093250493846572,-0.36904245495236465,-0.9159301686731256,-0.15694238962408136,-0.25438078889065585,-0.6865233816989881,0.1633041000024524,-0.26771800651787575,-0.8322858690684569,0.024123281241486313,-0.25434047973386986,-0.6625867791386939,-0.07046861295653006,-0.24440384090522096,-0.5761500188834281,-0.1018564261368668,-0.12809274591659597,-0.693818720636022,0.16740727421488238,-0.15117614800859952,-0.867795605924361,-0.0048411204329807875,-0.13345050653951962,-0.6276608084384595,-0.08633132583525743,-0.1261308538463647,-0.5476570462537659,-0.08093390470511488,-0.00021158214504419213,-0.6821982804685713,0.1304838374020868,0.0021084757568755946,-0.819848729754781,-0.039131385847859,0.0012865523280674587,-0.6045170501466124,-0.06297277293575823,-0.014050552812245336,-0.5365768495297696,-0.014825479788879608,0.12720324054577087,-0.6792697121669561,0.08448318945878351,0.14662091962658272,-0.8109567990468364,0.0022838787482204626,0.12112656117544313,-0.6682198199878466,0.005850151165641103,0.09668115800818078,-0.5971506642988919,0.04552874077809423
0.0,0.0,0.0,-0.203327197248933,-0.19151536934843505,-0.09123898815666533,-0.3416153586383739,-0.4407104952124798,-0.11253300864928882,-0.3915335480694072,-0.6915487306384107,-0.14547758978042216,-0.36640837003035226,-0.9179653775188543,-0.15138756914376977,-0.2553747843495986,-0.6841220290776109,0.17667742509532885,-0.2722393902256953,-0.8258769939275734,0.034257032340809616,-0.25734619457281444,-0.655021439490233,-0.06481048707542462,-0.24503360892663456,-0.5730602766239328,-0.09811652723998093,-0.1286709005516692,-0.6913316497569815,0.17845484323559105,-0.1550405374563757,-0.8641898202139666,0.0019657595283532068,-0.13716961672417943,-0.6225434188643415,-0.08402481219410551,-0.12893557809737272,-0.5442452143644312,-0.0799115780923586,-0.00036904036174698816,-0.6816589730529297,0.13862748831580846,-0.0023644205622311842,-0.8226290369246307,-0.03370741582908527,-0.003982726217419399,-0.6056572202801851,-0.05843214040335985,-0.01781778080049232,-0.5379072823284408,-0.008872033216546725,0.1281570602806319,-0.6813205606678584,0.08985184955480768,0.14332934609224138,-0.8160580909648099,0.008391664871968487,0.1178234809614115,-0.6719095146508967,0.013871739358570227,0.09579668804174846,-0.6005466266613285,0.0561355106937404
0.0,0.0,0.0,-0.2018895505729354,-0.18918930123328814,-0.09870134545869597,-0.3398148482052927,-0.4400630178250553,-0.12181360070496311,-0.38885333174290604,-0.6906633082067126,-0.15517768038184887,-0.3642294901573749,-0.9170998012085473,-0.1614757767348911,-0.25269594670913254,-0.6808702519394764,0.17881946979464097,-0.2681727207919474,-0.8171332106247446,0.03969424804749662,-0.2576322474224372,-0.6548498465167267,-0.05870554044467581,-0.249128612989577,-0.5804901061259724,-0.09230041310184176,-0.12685399771649408,-0.689592040704281,0.18542379743853143,-0.153300292255414,-0.8604730829267254,0.008552391310692672,-0.138929017016441,-0.6222128779132873,-0.08108802804392981,-0.13130438905848457,-0.5454678823683886,-0.07881452346780389,-0.0005303680284548184,-0.6806224485298493,0.14985715393305965,-0.0015460997051843595,-0.823273123871703,-0.02366642576121103,-0.0064069625066533985,-0.6127679105121973,-0.05465015165109191,-0.019724662609752298,-0.5449302344126722,-0.008447838235274684,0.12699908875423238,-0.6817713986488144,0.1049745113820666,0.14205199801038265,-0.8152160616301065,0.02144755715659738,0.11451394254860275,-0.6760074364864035,0.021546981613009594,0.09196555713522328,-0.6036862517856052,0.0604599334691279
0.0,0.0,0.0,-0.20368459686577164,-0.1941682860937731,-0.09531078445115165,-0.3403954389736935,-0.4422467949250759,-0.11787810030823861,-0.3878754160389062,-0.6891414869449175,-0.15231320051337702,-0.36766809376296405,-0.9160052389107292,-0.16013919973556862,-0.2519647946909429,-0.6818120216923084,0.18986678306005186,-0.26758537797766135,-0.8138792193154878,0.0562598593783615,-0.258431265867668,-0.6599113158133327,-0.04074786153364192,-0.25294266040401914,-0.5901231068496589,-0.07450301455770167,-0.12575602868206145,-0.6899534016530948,0.1942752630285417,-0.15413950558443462,-0.8573749568697444,0.02095355586854736,-0.14030477478419573,-0.6243449177453035,-0.07065859525575771,-0.13332228242182745,-0.5486129594599651,-0.07045002275867263,-0.0006585772631979319,-0.68105631589365,0.1565685706356337,-0.0031647333990265517,-0.8218407952724776,-0.013096509464685565,-0.008187076604063344,-0.614210948040705,-0.046655918491106146,-0.022007976789420396,-0.5453267898129278,-0.003254948294767123,0.12656970538035983,-0.6834527554969269,0.10954463702430031,0.14280854601412873,-0.8135674967412092,0.028325615805629395,0.11396660937231906,-0.6774662639400114,0.02645326535582357,0.08992192798782041,-0.6051846371829019,0.06318796170619223
0.0,0.0,0.0,-0.2055020342354064,-0.19551323902124398,-0.09542015404057297,-0.340183808703669,-0.4417978383785032,-0.11762930436303448,-0.3863080929506134,-0.688406207104038,-0.15145694221153966,-0.3689744183971811,-0.9158181934419395,-0.15835077928130523,-0.2531671234603432,-0.6815771689713515,0.1898253100718666,-0.2664117100491664,-0.8181038864111251,0.055721993444497464,-0.2557174006371826,-0.6620786415319062,-0.04307294263710594,-0.24967240611769775,-0.583712744999183,-0.07790136690651692,-0.12668820518656293,-0.6891701270962265,0.19467372881434916,-0.15302581980899518,-0.8585469457747235,0.02180530639428919,-0.13669872530526908,-0.6278234099165707,-0.07294512734991754,-0.1305978590884755,-0.5474410615955566,-0.07589842472778326,-0.0014466702131586224,-0.680607761117079,0.15756743327801465,-0.0016498409365615014,-0.8220702963177984,-0.011318142811965654,-0.004285280159823205,-0.6181687931480702,-0.04847852382905497,-0.018748531380356533,-0.5446633415042925,-0.008417590036053956,0.12578663899995202,-0.6842225753401227,0.11123661279355004,0.14351112479619005,-0.8138994168503227,0.029658781165263354,0.11605314795264313,-0.6800641408912986,0.025328073965979456,0.09101957656651746,-0.605795967458437,0.059845529533930894
0.0,0.0,0.0,-0.2024185833244882,-0.19244525488472203,-0.09883270842160521,-0.3371222319892042,-0.4376181808871453,-0.12475130185364439,-0.38430490194770045,-0.6832874194519067,-0.1612326326199312,-0.3703637233959421,-0.9129397671059638,-0.17081059291332895,-0.2543264426677642,-0.6801578041719942,0.17633891229687082,-0.26563552055628653,-0.8159537139223634,0.040185508707277065,-0.25469821285925176,-0.6593375342937307,-0.05701649309543239,-0.24884605894516226,-0.5806965846799328,-0.09078913179274585,-0.12750182393447954,-0.6893595496830809,0.18235357369361366,-0.1516425382175135,-0.8537941915481224,0.010465620034732026,-0.134666456802624,-0.6233311918946198,-0.07854421465214517,-0.12970473037294022,-0.5469846765704469,-0.07896607605362436,-0.0015788625168175596,-0.6801041281537601,0.14630713707633422,-0.0007080211703037586,-0.8176660919680832,-0.02256846407582335,-0.002502110521509264,-0.613635935606305,-0.055206674971027186,-0.018560653192721002,-0.543199584929023,-0.013532184471683539,0.12529092095758507,-0.6826654133295917,0.10076829075682615,0.1442460819525937,-0.8114126598874396,0.017616280641597218,0.11730533072568758,-0.6772343178487443,0.014129837984856076,0.09064740220666453,-0.6043590358236097,0.04859059535661837
0.0,0.0,0.0,-0.20164634535979226,-0.19316509832835155,-0.0954392672088745,-0.33512475539478215,-0.43988918189458726,-0.12052388065845135,-0.3828448613614105,-0.6834665863834608,-0.15765856762971192,-0.37155576407570345,-0.9130443650637776,-0.16789475848451063,-0.25391991480786336,-0.6817744513495492,0.18158999668317388,-0.2654021974183426,-0.8170995393640599,0.04497347233476841,-0.2525932955134773,-0.6571219327667746,-0.05129541683089451,-0.24791681163880805,-0.5798193847918096,-0.08391928141019117,-0.1280170774323194,-0.6899179164434524,0.18469572137450763,-0.15285480211742683,-0.8535480053384794,0.012337157979542344,-0.13410579760925767,-0.620966053039497,-0.07491722163708431,-0.13015737509320713,-0.5491641648110157,-0.07326461658842601,-0.0024649637438076072,-0.6809870198583691,0.1452831033270107,-0.0013411681745498106,-0.8178085332207027,-0.024321767911884038,-0.0016418732385108906,-0.6102434888857543,-0.05536419578959933,-0.018972019986725396,-0.5446188372646555,-0.012048487484622769,0.12430460649058017,-0.6864991404202925,0.09647681139629237,0.14324833775040813,-0.8137703512066436,0.014140414432879639,0.1173793486183777,-0.675939448887956,0.012370521721529984,0.09054050351671061,-0.6057334389416204,0.04818768496491481
0.0,0.0,0.0,-0.20034006771478333,-0.1949273763352051,-0.09361021934489655,-0.332253938325872,-0.4426845957167118,-0.1187784532663552,-0.37973229328772806,-0.6842685747039636,-0.1571396091883708,-0.3701963857260986,-0.9134210777338544,-0.16899568939954984,-0.25109058283233787,-0.6825191124019343,0.18294583660908,-0.26370855429460793,-0.8178132485306628,0.0448733277461386,-0.24980801760571616,-0.6568023415252047,-0.052028854634114316,-0.2458757470934013,-0.5785801679583903,-0.08461779321285068,-0.12582217074095814,-0.6894399700687648,0.18357754228960696,-0.15193730592685342,-0.8538513562607427,0.009594944292852427,-0.13230143550414847,-0.620439674931544,-0.07807492296877688,-0.12848543238887072,-0.5485894486941997,-0.07605726761771792,-0.0005298923589305804,-0.6802033233905855,0.14157373343366378,-0.0003084528669024648,-0.8183073476040674,-0.02959773275844796,0.00015515913714602174,-0.6093787181032304,-0.060662636311225385,-0.017555766935345805,-0.5435996306336284,-0.01675095966722659,0.12585188698956118,-0.6863406147810123,0.09026403238513493,0.1439287189515001,-0.8145928333153701,0.007271112361438888,0.11886633890680215,-0.675600463101819,0.0062030309035243,0.09237366387293622,-0.6049942516644722,0.04284620268120567
0.0,0.0,0.0,-0.20346437931060274,-0.19467260298036884,-0.09479622147996611,-0.33530310736623326,-0.44277147118107263,-0.11968762810986805,-0.3817781625630037,-0.6840208548393787,-0.15695822859176736,-0.3730561164014261,-0.9125665087733452,-0.1673661358600284,-0.2566713478156703,-0.6836852250896537,0.17996469387491862,-0.268384443968767,-0.8180158828544185,0.04163023768229175,-0.25090374189455633,-0.6517143699873105,-0.05533349696536173,-0.24581994507098642,-0.5709899549773871,-0.08765594701830084,-0.1307710497836007,-0.6914390251511797,0.1820566320895058,-0.15650143946114392,-0.8554540976816654,0.008306928661874064,-0.13332516700318403,-0.6198683662505796,-0.07856297901426978,-0.12927979055980962,-0.5464444482972042,-0.07605126805645608,-0.004684063397742111,-0.6838636758871193,0.14159966667955556,-0.006136318221115119,-0.8218920189641029,-0.028577236962678568,-0.0016895148139802754,-0.6135830026326432,-0.05844261815940606,-0.01806016802409692,-0.5483565832330882,-0.014106223350610028,0.12141716658850807,-0.6926182605884377,0.09176695537773752,0.1377970406918414,-0.8226426865905783,0.010159313828581805,0.11469080729634898,-0.6827125811108702,0.010455164900867963,0.08910601538876892,-0.6128107066398911,0.04773605545572328
0.0,0.0,0.0,-0.20210882028055366,-0.197379277661566,-0.09216467328745491,-0.3350468893906746,-0.44459747488316737,-0.11606874231248537,-0.3835858081580541,-0.68460906630626,-0.1523123756499537,-0.3751640692478164,-0.9127813153787845,-0.1613102258496445,-0.26000206691753974,-0.6883624896039952,0.18192661181121686,-0.27069222658376924,-0.8190100850911872,0.04435926620488205,-0.2531587054827982,-0.6529005627481625,-0.051992848829810215,-0.24874673514894785,-0.5772175443595604,-0.08379601599983749,-0.1359251652113096,-0.695405862082283,0.18392506446309492,-0.1598880017988938,-0.8556518138812798,0.011735198163027122,-0.13490156356400052,-0.6197808104848656,-0.07314046342116617,-0.13111542038837276,-0.5494165189170179,-0.06940566364090567,-0.009978793951945527,-0.6882095348171613,0.14363715289259193,-0.011174551081198181,-0.8236560696190542,-0.023721184665054823,-0.005947023154033122,-0.6142929674234053,-0.051033170788566874,-0.023155441632478537,-0.5519521656982216,-0.005621385066157138,0.1162955801276228,-0.6978099769845201,0.09410179329802361,0.13228421361003756,-0.8254899956643336,0.01576341658455023,0.10998451857156508,-0.6817105134985244,0.01830984163402774,0.08504520508411301,-0.6124445702844867,0.0568385459688281
0.0,0.0,0.0,-0.2013275029262726,-0.1966529255026657,-0.10069178857311162,-0.3383420888172082,-0.44257159253536005,-0.1248100890693249,-0.3902522175421056,-0.680298712566482,-0.15886137969056588,-0.3844947630965587,-0.9082420594239519,-0.16465325645174672,-0.2612339419655123,-0.6958171494064931,0.18345665076570125,-0.2741191219500343,-0.8219228807942214,0.04616416481193174,-0.25916130048243224,-0.6550238467333382,-0.052468470698200764,-0.25908866260762176,-0.5895774425487816,-0.08612559050763885,-0.13894141273751875,-0.6998982688610391,0.19143620962663768,-0.1643207975584156,-0.8636079633050772,0.01547407425133237,-0.14020353713453634,-0.6265299198903789,-0.07485346911923561,-0.1368462350005683,-0.5597120224819417,-0.07308617643276395,-0.014062548712315978,-0.690905941583597,0.15639961316265244,-0.01618928245707446,-0.83151614438068,-0.013860562870034135,-0.01141699277255464,-0.620902753529101,-0.046437115966321565,-0.029538228466238943,-0.5643377040863973,-0.0027430653212003105,0.11155144741678154,-0.7006044161744727,0.11163081896941715,0.12675802018410195,-0.8271706059591566,0.032266490141351925,0.10376539375803676,-0.6806291838949516,0.03137811324180252,0.07837070530859042,-0.61619958752373,0.06806552834928377
0.0,0.0,0.0,-0.2015812899401958,-0.1895637450681183,-0.10506562065523653,-0.34159995364435725,-0.43670004591730643,-0.1293061235351298,-0.3956217371177133,-0.6772682196953674,-0.16239420401485166,-0.38908180156432504,-0.9058264899992076,-0.16728772663948327,-0.26319466967010485,-0.6876876156784524,0.18109768419049843,-0.2776302372598092,-0.8209070177019336,0.04439100624383127,-0.26238758622927916,-0.657865985668391,-0.054633278261252444,-0.260818661159589,-0.5883082606081851,-0.08878166006096011,-0.140474973262871,-0.6953624768716402,0.19103900566704413,-0.1676530487212038,-0.86691054887103,0.01456863102362052,-0.14477320479844571,-0.6341394533038228,-0.07763318479590886,-0.14039254454416425,-0.5588190865584661,-0.07680544576482118,-0.015924050190529275,-0.6870506416298794,0.15785191438603224,-0.01842569288258192,-0.8327368527644559,-0.013560975974909108,-0.01409437751418769,-0.6248949899530991,-0.047724977078238244,-0.03133736563711992,-0.562128879544868,-0.004303712741099686,0.11016342367253022,-0.6939389091582906,0.1146554410723126,0.1249437618232628,-0.8254430561169337,0.033431908354784184,0.10212017682543523,-0.6825193442320197,0.03151083153532554,0.07719795873926055,-0.6146784341230771,0.06796179228852292
0.0,0.0,0.0,-0.2054838571014273,-0.19173183579976677,-0.10347685021626628,-0.34695665661278474,-0.43243150914722284,-0.12544425456011227,-0.40168637649221334,-0.6741417292114829,-0.1567326379615794,-0.3962289293481137,-0.9039438042140542,-0.16041217571411526,-0.26709004563880046,-0.6831118867675561,0.19004501978372945,-0.28245335851927234,-0.8256452029258544,0.052949860012854524,-0.2659844496414021,-0.6665417196358123,-0.0514302975657705,-0.2638959107998046,-0.5839022670815796,-0.08837130788364247,-0.14295415398140604,-0.6896645475068013,0.1999507391700709,-0.16993514325892345,-0.8723910744687733,0.02188855012175288,-0.14662021037556497,-0.644587673624951,-0.08078681535396029,-0.1442586422510348,-0.5540466797179932,-0.08675559479952948,-0.017104542244830857,-0.6818547100427559,0.16723946408346274,-0.020290073301312106,-0.8335310784119927,-0.0051467674044877,-0.014185188746264338,-0.6289162886557229,-0.04870655548583947,-0.03293134452649464,-0.553737179511242,-0.010434774717241694,0.10959519923133271,-0.6876107181140534,0.12521432658246953,0.12230536287383639,-0.8245134702473699,0.044265391815466806,0.10143084247270034,-0.6849021181905918,0.039601833392839694,0.0765511064028557,-0.6096774339862846,0.07467524500725095
0.0,0.0,0.0,-0.2047525949610265,-0.1908432511830329,-0.10537957256139165,-0.34719504853756356,-0.4312730018093844,-0.12855086556492595,-0.4060140349474281,-0.6686096738981484,-0.16043802821733122,-0.4035257396133218,-0.8998587141708003,-0.1650801811198191,-0.2695226889889154,-0.6793955007470898,0.18627374431124577,-0.28756213167631217,-0.8262553151976986,0.05176600849944475,-0.2739397815900338,-0.673698034163758,-0.053189556266473786,-0.27116817411238947,-0.5904296610259522,-0.09148759516475112,-0.14530210645026745,-0.6880498255116426,0.1973651248975371,-0.17531370171870603,-0.8802900620016448,0.02285398412228157,-0.1550233117736083,-0.6596661519219682,-0.08215870240576727,-0.15149216410863606,-0.5637323992719737,-0.09161934864279103,-0.019828829020123912,-0.6819984336410059,0.16630711630078482,-0.02415240301281309,-0.8454703966763857,-0.001926956527992743,-0.019696350583427533,-0.6483200887788396,-0.050049954705148024,-0.036868386705777606,-0.5650810252007523,-0.016820775838673065,0.10671309468666344,-0.6890106948595016,0.12581856880915965,0.1186638908336242,-0.8357190946859707,0.0460070561879925,0.09642476824591073,-0.7021475235381534,0.03716691033763889,0.07145292808068782,-0.6215513693977548,0.06790107082184323
0.0,0.0,0.0,-0.204945452486263,-0.1871294025709635,-0.11089139571604484,-0.34712439350051105,-0.4258891999763693,-0.13680458831271497,-0.40769860018793214,-0.6604005929177212,-0.17094154947583307,-0.41203325024216886,-0.8933936241583107,-0.17806920099747753,-0.27358220684335827,-0.684881466323451,0.18424225844155354,-0.29064913161450706,-0.8250802962822569,0.040572561400194274,-0.27253519931462156,-0.671178831384633,-0.07026903933378903,-0.26780761781177287,-0.5866299010581077,-0.11076810778475188,-0.14762254618493242,-0.6941508427569969,0.1952889675553721,-0.18091862325993174,-0.888901810502873,0.01170593988777483,-0.15892702366494915,-0.6600324363574798,-0.09532231678989289,-0.15523112513670975,-0.5643295885927664,-0.1031565480746447,-0.02070146532174248,-0.6876069374241178,0.1626171101919459,-0.028175847283923874,-0.8480091075048117,-0.01670617795995883,-0.02201644622240127,-0.6390182022013637,-0.06406425184144501,-0.038338060959563644,-0.5585495488935763,-0.026526631644849807,0.10814301718270117,-0.6944156084498787,0.1202342613753814,0.11415617915670913,-0.8389055368138341,0.033900521382435204,0.09386992215877975,-0.6957797534628869,0.02711910555787036,0.07163163848125476,-0.6179598031755783,0.0613139809182017
0.0,0.0,0.0,-0.2032282306616252,-0.17926513414204548,-0.10853197265285694,-0.34669316545837525,-0.42087330543488743,-0.13303716727116893,-0.410628472550705,-0.6593088101806993,-0.16563729161465515,-0.4195394762518484,-0.8911846352848496,-0.17173022956613956,-0.2783763815208534,-0.6828974632785336,0.17377176824799465,-0.2961016183183669,-0.8295111759623235,0.027897460615730778,-0.2685152490920568,-0.6686126706909887,-0.0811903724319458,-0.255126650755518,-0.5713404213207125,-0.11992832244409124,-0.15135580333029508,-0.6959776821154183,0.18328149773699287,-0.18457406755261768,-0.8943243310301816,-0.0003529874129286721,-0.15660420537121916,-0.6583609133283275,-0.10229284358380072,-0.14827658239009514,-0.5545552758332761,-0.10669896311956936,-0.02272797708719769,-0.6900519923550776,0.15002087756933885,-0.030813858596334183,-0.8514750619993181,-0.031012552946518435,-0.02140209060409068,-0.6365550739409794,-0.07214979024988807,-0.03407277277974479,-0.5494866402122655,-0.030140558974637244,0.10725629815987765,-0.6927069085706337,0.10741295782120047,0.11147482724489269,-0.840697150625743,0.018377772528728995,0.09345655461321596,-0.6939033034674844,0.01580056879277523,0.07445591763074716,-0.6121675304378194,0.053720762699033975
0.0,0.0,0.0,-0.20441473004531907,-0.18488896378967815,-0.09760958544242504,-0.34586900351389316,-0.42585845374591635,-0.11450292815531592,-0.41313537987607485,-0.6598788703573336,-0.141609267354537,-0.43221487973178024,-0.8896227002728222,-0.14378901552407258,-0.28458577639474686,-0.6766961958963,0.18852569384749157,-0.30371595343972724,-0.8351328232168957,0.051919611070608135,-0.2755354629986599,-0.6869208534020534,-0.05662210892154803,-0.25891389851035407,-0.5840717827040243,-0.09634858371852373,-0.15646128414267374,-0.693161637777522,0.19477911662932995,-0.19154588085341018,-0.9052816417109191,0.02069645429175335,-0.16438195584277915,-0.6791813651380448,-0.0867578567045354,-0.1529913567424297,-0.5645655016315377,-0.09770318152360526,-0.02794768290918035,-0.6904679018519946,0.16001174383322792,-0.03907692016321142,-0.8652814205900086,-0.01045229131849126,-0.03073737497324582,-0.6603017092189356,-0.05967568965337382,-0.039530095552906416,-0.5613898065587251,-0.026391237525747017,0.10255903800587315,-0.6951918319559576,0.11680983662717107,0.10509076992022943,-0.853769891032011,0.03372697859476197,0.0859921187237675,-0.7128060763260696,0.02727123835833896,0.06894614639986267,-0.6227593429114987,0.06030662620516695
0.0,0.0,0.0,-0.20402267838038934,-0.1862884020141324,-0.0947241625333452,-0.3425570284871893,-0.4334207907945936,-0.10802404833170093,-0.41013784957025484,-0.663728106766297,-0.1320203135386639,-0.43850813056536464,-0.8884334027293525,-0.1330288453279434,-0.2865461632657478,-0.6730303141344937,0.18638062843983566,-0.3039238637624674,-0.8433076415017695,0.05381824599606311,-0.27721530788805887,-0.7034402278146297,-0.05644589857566515,-0.2598084225888868,-0.5920418904198701,-0.09890561188057452,-0.15802059967532528,-0.6916358983859541,0.19128888437319475,-0.19095088798468032,-0.9163803161796238,0.022578377374316665,-0.16729696314662007,-0.6986890766371174,-0.09135768578202295,-0.15617099126810724,-0.574824265003611,-0.110287905134394,-0.029998280562118562,-0.6886597294174355,0.15666709319944272,-0.039922156593601085,-0.8790764132330795,-0.008859927896801626,-0.03529579131530434,-0.6840265698746106,-0.06881326183106379,-0.04344464169071728,-0.5715352842147514,-0.04603065449690346,0.10022982971531857,-0.6900371182216618,0.11417730708461984,0.10398521817634626,-0.8609090623995749,0.03136093360257419,0.08372968791968455,-0.7293265466978138,0.01772158715135705,0.06642043733363266,-0.630409961076582,0.04340296780184544
0.0,0.0,0.0,-0.20409645276883195,-0.18823018999545316,-0.08512314361239126,-0.33852274523591996,-0.43817094064816176,-0.09494653828401849,-0.40381910742245564,-0.6674716644553463,-0.11799576202903973,-0.438525441226279,-0.8904129591446575,-0.11970242163876273,-0.2813819375449905,-0.6736729360884174,0.1910420426967819,-0.3000813380738432,-0.8523579639534589,0.06317383480360139,-0.27627695865816226,-0.7155811173208391,-0.04614848429776228,-0.25953127251450514,-0.5973322045060121,-0.08938700549591942,-0.15473505852296704,-0.6906835801996634,0.1899452988635395,-0.18851497651296253,-0.9224951861198668,0.027608381760203977,-0.16841653878073476,-0.7116821120607324,-0.08752578374988185,-0.15792794907317115,-0.5822474026962318,-0.11005337761566979,-0.028776526940713424,-0.6860022279988938,0.15068851356300803,-0.04015662981544296,-0.8832578042587218,-0.007839092900818911,-0.03753584829145425,-0.6941935739486207,-0.07013308763833147,-0.04428257955078066,-0.5762940279937718,-0.052030700465720836,0.10017897024741075,-0.6857858425727154,0.10404544280422773,0.10100278504774372,-0.8617368624828944,0.025159699704844083,0.08084186166434522,-0.7349698320521543,0.010873960684845294,0.06649578746428947,-0.6346152277877508,0.033984875837792396
0.0,0.0,0.0,-0.2070606009502692,-0.1952357895814349,-0.07867914674411938,-0.3399200877927945,-0.4400659800280903,-0.08775537769994522,-0.4034737997790613,-0.6681583854646688,-0.11238729251519537,-0.43955050557437325,-0.8904848527620033,-0.11642383817952881,-0.2794835776704788,-0.6811452446971894,0.19843823258628285,-0.3016265751051046,-0.856936909659235,0.06952305287060723,-0.2784815714545983,-0.7178339968258257,-0.04296669557951978,-0.26162353609552835,-0.5997486574429998,-0.088525081506861,-0.15393846715638276,-0.695147485173428,0.19234852222133586,-0.1896666327710917,-0.9263340752931104,0.02850701276633615,-0.17172465324869568,-0.7155514091400627,-0.09064503678264998,-0.16262412116453773,-0.5843566197253109,-0.11616682249113078,-0.029319537654375387,-0.6895906262422569,0.1484245072881328,-0.04414120011170628,-0.8875441475520578,-0.010257844712855632,-0.04259467064442868,-0.6986445536487788,-0.07521694908666667,-0.04913308498003527,-0.577669416426519,-0.059037253182505904,0.09935951873738769,-0.6892200145172322,0.09742483001069224,0.09686621779132767,-0.8666492442558956,0.01888637522904086,0.0762170128198599,-0.7405727133308686,0.004031923992316509,0.06324979904986133,-0.6380637492924843,0.026636311061775712
0.0,0.0,0.0,-0.20881566491729348,-0.20112200436587918,-0.07650441341194979,-0.3375741718717874,-0.44459345606872264,-0.08363744300610249,-0.39838708574371606,-0.6695894971785179,-0.10759348511826275,-0.43908025914363913,-0.8913154115293234,-0.11228784818822274,-0.2750995856120442,-0.6810128445380286,0.2099019002177729,-0.2988827068809447,-0.8587942814777718,0.08631300598726324,-0.2830066590294522,-0.727758010374673,-0.027464724903643142,-0.2731057831385084,-0.6126199806968013,-0.07546110575546476,-0.15075511891749044,-0.6943731259269843,0.2022852687482083,-0.189198637348164,-0.9277155172274082,0.04130883419515561,-0.17437514130735016,-0.7201953904867189,-0.08560025384043901,-0.16581106597223808,-0.5864649422007179,-0.1178669473667953,-0.02876329191703253,-0.688382331043349,0.1570293560119615,-0.04483085924799056,-0.8872886100228692,0.00020858807747662494,-0.044556561147769444,-0.7041606463594776,-0.07545746821247296,-0.050370465196412355,-0.5805096461696272,-0.06746091908548196,0.09946461376641247,-0.6870606487175621,0.10505916173928317,0.0978764957029586,-0.8672790773552026,0.027056516787233247,0.07590564076120199,-0.7459861004872762,0.005692368588356768,0.061412537564957986,-0.6408226285648586,0.022305867945103072
0.0,0.0,0.0,-0.2080993544295931,-0.20224586717744814,-0.06787188831213983,-0.3336557193197258,-0.44864996395541124,-0.06991132730416914,-0.39229939709981027,-0.6757976816012978,-0.09001319843123284,-0.4349377170951776,-0.8954861309918092,-0.09161598559019496,-0.2715869206365159,-0.6796595748053463,0.21420635899416396,-0.2938677044321249,-0.861152909708846,0.09697997660751045,-0.28150637838772685,-0.7344132803170331,-0.011386191866929202,-0.2739386955168934,-0.6192288438622711,-0.05675342357308971,-0.14892110920096707,-0.6945738642108142,0.2038576361867553,-0.18444528102308524,-0.9288143846282606,0.05090486543792709,-0.17186671536795678,-0.7216459020477426,-0.06956835257443139,-0.16385765237560984,-0.587744921291761,-0.09898151174973731,-0.0276778082554202,-0.6867021123471132,0.15696565434397658,-0.04026144987207349,-0.8886302668534463,0.006034841065927019,-0.04216083903663525,-0.7051452244778532,-0.0645914320552962,-0.048146986746524206,-0.5815502064362943,-0.05486615933244271,0.10041264464878777,-0.6809311949448956,0.10398967992651842,0.10332781402790323,-0.8650733702628328,0.028767445815350706,0.07915025930647412,-0.7436809610780072,0.01045420503894398,0.0628619965625764,-0.6375974722741685,0.028566139395991275
0.0,0.0,0.0,-0.20921328675774897,-0.20303621780609438,-0.06277967572300588,-0.332941953006407,-0.4498136304677794,-0.06210313341071963,-0.39016823683918883,-0.6778944899623253,-0.08053925399490772,-0.4338026259664416,-0.8971483989705724,-0.08094411834827013,-0.2703406276062964,-0.6786881531299442,0.21876943670754523,-0.2924318953146964,-0.8615339066353684,0.10380769189454672,-0.28271684769837324,-0.7382569394353139,-0.0027077894932739733,-0.2772620240361044,-0.6243338077073877,-0.04712841073206049,-0.14775632690941384,-0.6939220123286249,0.20605419801419955,-0.18329915725573875,-0.9278489527234484,0.055539967846348966,-0.171930621551549,-0.7208328280824249,-0.06289194659530584,-0.1638884612588595,-0.5872403701424058,-0.09116023427858531,-0.026231554201669553,-0.6855924697617309,0.15717726825893522,-0.03879724084769466,-0.8871510869041351,0.007558223642552639,-0.041902107088588374,-0.7022089289797359,-0.061175794844920986,-0.048020603899775395,-0.5790860087609804,-0.05037904994510979,0.10197604140879735,-0.6791011435408354,0.10259910372342959,0.105603116370737,-0.8635475563560389,0.027882740412070964,0.08033108116964387,-0.7408171691840804,0.011074121600392626,0.06383864725440477,-0.6344468492310358,0.03030107814330036
0.0,0.0,0.0,-0.20663353274956753,-0.19750936104580205,-0.06113680569438207,-0.3303701574599581,-0.44682999037529303,-0.060710098581297306,-0.38641301583154364,-0.6795654943376277,-0.07924289870884736,-0.4310369557571223,-0.8986826512214849,-0.07982060640843794,-0.2662386147746914,-0.6766140201845734,0.20630441426702806,-0.28759900959246354,-0.868533077276451,0.09168308941199864,-0.27407437714129357,-0.7348545037086395,-0.012002944833370232,-0.2629058260690968,-0.6113984448908292,-0.05505263924578896,-0.14475536319851073,-0.6921078802651781,0.1935356622479486,-0.17758711669766997,-0.9283254103004215,0.047184936015407256,-0.1661782906629436,-0.7191746732761322,-0.0655890356453972,-0.15681498596441318,-0.5847579529698295,-0.09259658346688299,-0.02404620846902763,-0.6823761245961744,0.14568836863256485,-0.034290168953256754,-0.8913703104260544,0.0009589518116449192,-0.038761401005700746,-0.706916104715568,-0.061795096299733426,-0.04356913576669233,-0.5808818905448876,-0.04971577835090971,0.10498272204451864,-0.6715014925623153,0.09208379561610457,0.11045542438609984,-0.8643560211071319,0.019926036554629375,0.08393641852604582,-0.7441949636445528,0.006181320976350882,0.06655015161263461,-0.6359537608838314,0.026185371564777016
0.0,0.0,0.0,-0.20821280560420363,-0.19598923611106123,-0.06493383009623335,-0.33042206163709953,-0.44495005382376573,-0.0668711610774117,-0.38461711791564535,-0.6786053991927017,-0.0875354569724381,-0.4299640870679041,-0.8982392826679513,-0.08994733798123064,-0.2650709195416847,-0.6776994337791149,0.20336839871247064,-0.28788689467717815,-0.8703679483909045,0.08416175398801615,-0.2728959167811129,-0.7304120852456162,-0.02256431335304105,-0.26004560397049886,-0.6028985231439308,-0.06689838082931765,-0.14234608327791715,-0.6918852526720622,0.19068734223531233,-0.17583921701121497,-0.9293542003381517,0.0388381889921709,-0.1644645688451388,-0.7180269648944382,-0.07759095356649871,-0.15496659386167308,-0.5831893295758184,-0.10601758537069073,-0.02107367187572875,-0.6811897139906165,0.14242429851792845,-0.031669654042980847,-0.8915600390267294,-0.006992959934156346,-0.03648135537374406,-0.7052496455530322,-0.0723479032315805,-0.041341338703310596,-0.577738525000041,-0.060996941113241096,0.10748257645859399,-0.6694377828048135,0.08818387466210953,0.11185998038604555,-0.8588579078593849,0.013035692708619973,0.08573759934869407,-0.7375640363976659,-0.0021330035186335,0.06962446610516246,-0.6293750565319974,0.01751977031418226
0.0,0.0,0.0,-0.20857628627660252,-0.19526430147692464,-0.0667806156480433,-0.3300526020876222,-0.44443004011331666,-0.06959504092611939,-0.3831614533393668,-0.6783627597445105,-0.09109416555282832,-0.4286794553708507,-0.898477631088734,-0.09407370175815422,-0.2639783308761997,-0.6783965033342259,0.2034708574285326,-0.2877666612000501,-0.8696661849464338,0.08236368601852796,-0.271965537237578,-0.7273886315004825,-0.025311457275587652,-0.25819464763346756,-0.6000294039388463,-0.06976585152514336,-0.1407972663308338,-0.691853706139655,0.19073779815922934,-0.17447558461987564,-0.9297018267016681,0.03623721249804466,-0.16329413640671286,-0.7175582384426239,-0.08147442066986652,-0.1538732154482425,-0.5831243266664086,-0.1098312124242038,-0.01942262049449838,-0.680755284334398,0.1420082070024631,-0.03023467628309478,-0.8910691955637752,-0.009606769611644701,-0.0352585812061119,-0.7037416044729945,-0.07578670849868091,-0.04028679672260685,-0.5761638106867162,-0.06418556475714154,0.10849469151887642,-0.6687031388165132,0.08714251329237763,0.11256860407242963,-0.8560427901168555,0.011017300273521019,0.0868276316682,-0.7348455827691877,-0.004546088807261043,0.07151071276202517,-0.6273897840426284,0.015291087672890363
0.0,0.0,0.0,-0.2089589090094679,-0.19663329097926663,-0.06502594098915362,-0.3290938951455598,-0.4452442749630728,-0.06737001676592942,-0.3824842696604268,-0.6787821280589617,-0.08835059937163467,-0.4282762969385292,-0.8989629223644872,-0.09152698552775017,-0.2633150929208109,-0.6748892133276563,0.20179413839113908,-0.28638468808717277,-0.8686527663123288,0.08423176767531532,-0.26927730540117056,-0.7292757711228061,-0.02365825032738623,-0.25456545707073686,-0.5991483498684229,-0.06931215822029271,-0.13909184947222586,-0.6886149213477151,0.18915188165988644,-0.17141250292735186,-0.9303696697747661,0.03852670433182276,-0.16009883140961229,-0.7229534965270912,-0.08203032758473544,-0.1506442748051092,-0.5835346079361503,-0.11452702051468541,-0.01777556857880571,-0.6780405181964705,0.14174996291062358,-0.027823125288617884,-0.8925277811242036,-0.005185737291332088,-0.03336141931719509,-0.7099686999109245,-0.0750941143353503,-0.03821364309575191,-0.5768377465704867,-0.06814493112643953,0.10938691453693569,-0.6663456460744301,0.08851208361847432,0.11482798177406373,-0.8579540322633896,0.01535136252546521,0.08896009116503019,-0.7422519401492703,-0.0018501204443152203,0.0730676029997946,-0.6324663789087783,0.015362876483180889
0.0,0.0,0.0,-0.20600280887571165,-0.1942258961748694,-0.06057127106701808,-0.3243412766417539,-0.44665207069958734,-0.06158256064050288,-0.37916266916549624,-0.6834536409055187,-0.07926414720301538,-0.42682135844101854,-0.9007057126355607,-0.07985934436644476,-0.2643461120326537,-0.673146290320481,0.1832213799309578,-0.2862243770103652,-0.8810898287657956,0.07581424431571343,-0.26807993915383077,-0.7443519793669501,-0.024007171233474966,-0.25231385175159204,-0.6091242483235717,-0.06638384515381893,-0.1375394418498601,-0.6895861086307297,0.1733323601692481,-0.1661245175776761,-0.9425791100913679,0.03765094132275891,-0.15579969638793417,-0.739753195404979,-0.07296064835253702,-0.14658555437309934,-0.5939965111581325,-0.10404249597318413,-0.014389398331253408,-0.6760448120392974,0.13194685421789648,-0.021104538831807216,-0.9039074729089938,-9.572962963884032e-05,-0.029151659762591528,-0.7281590346364555,-0.06269432725831228,-0.03355772330059532,-0.5877425443955906,-0.0568262339080588,0.11383455275358573,-0.6577431654046242,0.08524438754051906,0.12270440864132541,-0.85930185235749,0.01996798980603899,0.09598345135741063,-0.7500203290793868,0.005750373894395521,0.07932651366971677,-0.638980596967671,0.021832504233953866
0.0,0.0,0.0,-0.19976359188090692,-0.19343321009153722,-0.05747416528255732,-0.3160147140244321,-0.44698458856388035,-0.060317311066041726,-0.3726244823560717,-0.6859281756308737,-0.07912846933351898,-0.4237423907406116,-0.9020768184257294,-0.0812338267747478,-0.2555041285291515,-0.6740070188920111,0.16255412659579063,-0.27727962260176464,-0.8936907428079449,0.060517100120591444,-0.25929151366160375,-0.7514405638131172,-0.03187788334016916,-0.2431528112406472,-0.6098107187306923,-0.07088351382945471,-0.13012495733029708,-0.6905968320207287,0.15269103750271015,-0.15649782375127536,-0.9498433286411425,0.027015693880024696,-0.14825942612067664,-0.7461008310868201,-0.07239809042631558,-0.14006923870984023,-0.5972853736142059,-0.10006815233480819,-0.008814723432553925,-0.6736506069471382,0.11366026767660081,-0.01345688857099698,-0.9121838776400839,-0.007985361846081104,-0.023741354628868012,-0.7389502433430131,-0.060633211536614585,-0.028748266036569693,-0.5946061829184427,-0.052459063305387896,0.11722869640845095,-0.6474452477209586,0.06935670595591543,0.13064726445655825,-0.8599910439851455,0.009186945258617431,0.10276557198614354,-0.7617054957337807,-0.0013568576115052678,0.08362520686966343,-0.6534768881051705,0.015005401882716887
0.0,0.0,0.0,-0.20224500162372966,-0.1971078151067101,-0.05405496026410997,-0.3152224371230216,-0.45051394445178816,-0.05599725928342323,-0.3696843250683428,-0.6892772904848611,-0.07546723020445481,-0.4235977662684504,-0.9024448400493872,-0.07808814735617543,-0.2550664724079373,-0.679164782226753,0.16625211816509586,-0.2789703618149584,-0.8971211082709978,0.06005434647411549,-0.2588406631783017,-0.7475002291837105,-0.033909250327976495,-0.24093638803459444,-0.6053553983856907,-0.07274771746355241,-0.12976064522141262,-0.6955787877987901,0.15361501341692815,-0.15763809815018048,-0.9491565354408561,0.02376217055919523,-0.1481216553695937,-0.7409405636534974,-0.07535344123996185,-0.13796488530137002,-0.5936966959412919,-0.10130526475360191,-0.007958212063943206,-0.6805947896204687,0.11135337654860195,-0.01362849747414236,-0.9141572625813252,-0.012035069600578877,-0.024653716491866453,-0.7374636101912597,-0.06201465547887977,-0.029817550685713165,-0.5944105498883976,-0.051095921873888464,0.11742533468015517,-0.6579896230145692,0.06365537718464494,0.13029165546426608,-0.8670422663429345,0.004572598929152113,0.10019031227812959,-0.7653357154696141,-0.0033078989200096315,0.08040277086018212,-0.6558375498264446,0.015544268768582694
0.0,0.0,0.0,-0.20385285969526307,-0.19819365865947394,-0.05090372831269645,-0.31590363675847477,-0.45187418101264976,-0.05181604453604169,-0.3693882418833464,-0.690594488592404,-0.07162937481509807,-0.4255231915689745,-0.9018544463798757,-0.07443753080099016,-0.2543653402505345,-0.6818617007955119,0.1716601125065232,-0.2797665123112466,-0.8967563941658143,0.06169993857873333,-0.2564766829530798,-0.7424933035321006,-0.03459365957357629,-0.23613227550723656,-0.5986235299120344,-0.07400692129243708,-0.1304014715683035,-0.6970433673232852,0.15620166640487915,-0.16005907672219974,-0.9460272781781385,0.022848397890251195,-0.14714883815747967,-0.7364855868767057,-0.07747767115185453,-0.13484271341010418,-0.5908900570868081,-0.10306056586792363,-0.008695561876649145,-0.6839029326161076,0.11053971953490983,-0.01693453677165071,-0.9119605734386971,-0.015121899275336597,-0.026001983415964353,-0.7332683762407571,-0.06499519197639803,-0.03104346885686114,-0.592847414497577,-0.05309929000556013,0.11684179726899252,-0.6655849733498995,0.059423052741234966,0.1278367070640118,-0.8703879723206702,-0.00022538351504735633,0.09785675381253908,-0.766168951887533,-0.0073946063236877925,0.07781881790123911,-0.6566444358916508,0.012619825008438453
0.0,0.0,0.0,-0.19936584574082972,-0.19424671020078388,-0.05370244126948513,-0.31127275187479847,-0.45302415344086844,-0.05628653006036674,-0.3642274579104232,-0.693970998344298,-0.076618845597904,-0.4234286591481099,-0.9024189936766582,-0.07934440600706683,-0.25123089081095473,-0.6858466591710939,0.1620191919047574,-0.27537155597825075,-0.898962899782047,0.049807425034536536,-0.2492276635063943,-0.738318288452926,-0.04217516754204921,-0.22758109025044762,-0.5964034310957005,-0.0778852198476506,-0.12898825144845477,-0.7015790741991382,0.14774158834079543,-0.15631905030186471,-0.945603335364537,0.014063356180078491,-0.14281530137360407,-0.7301513382083624,-0.07529101178020614,-0.13056408270626096,-0.5898560755233071,-0.09194436074037068,-0.007740359872517515,-0.6884300924371443,0.10266353018362523,-0.014462662005137026,-0.9095478740792025,-0.023504841951095548,-0.023392066860888003,-0.7221889178208577,-0.0594333151203201,-0.028676224855714513,-0.589124032411344,-0.03724784172738356,0.11804723132830615,-0.6693687843092588,0.051405536805969446,0.12618331050178289,-0.8665519769634228,-0.007961607336322025,0.09604077679333478,-0.7523834691814112,-0.006727119526744912,0.07665662420562916,-0.6466483203751264,0.020258327937660664
0.0,0.0,0.0,-0.20117179660133094,-0.19953563431351443,-0.044646721816905266,-0.3102589982189824,-0.4611786725988666,-0.043093225022753485,-0.36256189998415983,-0.6997349554680768,-0.06178088891469457,-0.4273325443351514,-0.9017482981759273,-0.06255394141034928,-0.2518781393861844,-0.6905176471771148,0.177458223054285,-0.27520556514058936,-0.8977627307483849,0.06425473146355307,-0.24677409095544456,-0.7356281625028274,-0.029024732293980424,-0.22368045788756552,-0.5949736161983207,-0.06483988330786639,-0.1301260374194478,-0.7039280809167553,0.15787099819858283,-0.15586106181269627,-0.942002580519998,0.02321933096808744,-0.1397625247452799,-0.7252163793519905,-0.06585124386955343,-0.12818676382901295,-0.5885314220656095,-0.08114658491367827,-0.008724019668725103,-0.6915986712916647,0.10693035480578905,-0.015153326344868278,-0.9059632948803618,-0.017158471008155995,-0.022227516307377956,-0.7164010547541475,-0.04999221066365464,-0.029345293989438533,-0.5902016613311882,-0.026115928605667603,0.11663002823356351,-0.6776133444425522,0.04988011067179534,0.1242990240581314,-0.8681448589004874,-0.005079778377759695,0.09446356567649353,-0.7489462504301942,7.716822832815788e-05,0.07460546698528421,-0.646335949862215,0.02946586188281059
0.0,0.0,0.0,-0.2000284585194229,-0.19717264706122564,-0.04447112640487466,-0.3094942018913941,-0.4630244125772661,-0.043009696873384524,-0.36095200911746395,-0.7006466030217802,-0.06249817243725432,-0.429032311998412,-0.9009207095329166,-0.0640727374937404,-0.2532102202174835,-0.6938023028819442,0.17982107975057504,-0.27745338009677395,-0.8960914953014394,0.06332486443689042,-0.2464440428209292,-0.733550889771182,-0.03134288512029463,-0.22163936590892086,-0.5953309595283132,-0.06733612918383956,-0.1314396936601408,-0.7056898140769037,0.15830305422333313,-0.1577047332081845,-0.9412063963907451,0.02021682212069123,-0.1388795622011289,-0.7206299678182273,-0.06855603956982792,-0.12623305893073355,-0.5876944372625881,-0.08215731257063422,-0.009601794983415804,-0.6938178186959809,0.10468947537240386,-0.018092503576023183,-0.9051325777514363,-0.02227222879553696,-0.022789050974031708,-0.7109788392252185,-0.05289596952554075,-0.029203100864852956,-0.5885617127799396,-0.026573689145449546,0.11648901524162272,-0.6811700503473535,0.044711602970537126,0.12098655233592176,-0.8693115839957366,-0.01162212652260004,0.09279721260764212,-0.7436876955057827,-0.0046054716586462095,0.07479649489208504,-0.6414659756660644,0.026653924205023986
0.0,0.0,0.0,-0.195537294084162,-0.19431863614028533,-0.05229575401779757,-0.30315311026921166,-0.46370932564554235,-0.054448772235607665,-0.35510139545475694,-0.7009147952293109,-0.07577566619142687,-0.4248773500834757,-0.9016340454313322,-0.07883881393167808,-0.24776925022307328,-0.6937180171611566,0.16831558284977283,-0.2757243424654391,-0.902971121063627,0.05172540831884059,-0.24606186335693836,-0.7424114373886195,-0.042784502047678585,-0.22118010305994568,-0.6028089348806144,-0.07884633400263746,-0.12644275880944128,-0.7073756757027001,0.1509786182349746,-0.155704123661628,-0.9466298189868376,0.013565431087127284,-0.13772817733299159,-0.729538289471969,-0.07616338047027904,-0.12480067009960427,-0.5949771357204717,-0.09154896285478575,-0.006052730158510929,-0.6959468967821876,0.1014429497636451,-0.015374519552379952,-0.9155534517662092,-0.024466397517577187,-0.02025278919997711,-0.7285471612848853,-0.058908825739097455,-0.024407286397322446,-0.6022873628666296,-0.036230153950121885,0.1195232642561494,-0.68255050195051,0.0449750050735878,0.12449343620206146,-0.8781582460621469,-0.012194713443603015,0.0953451775983011,-0.7597932717505933,-0.010071019939460104,0.07704258861731378,-0.6554358361651069,0.016863109153750774
0.0,0.0,0.0,-0.18751731044228495,-0.1840201091980423,-0.05765182006164335,-0.29556691451647554,-0.46584125105109053,-0.06306778396327536,-0.3485811795569411,-0.709001951623978,-0.08424448577088176,-0.42111703185364313,-0.9027534004270343,-0.08639657056061868,-0.24127941275651493,-0.69063030800368,0.1354151471199201,-0.26961137968093857,-0.9123525415887612,0.023475922509349,-0.2366582427522626,-0.7437022395928578,-0.061379695693495905,-0.2100649423995527,-0.598321445139562,-0.09228773636063609,-0.12238183799185764,-0.709299274868882,0.1237514897259751,-0.1470396679556083,-0.9567718106833059,-0.0031843542127048367,-0.12894149978793834,-0.733434430290015,-0.07536368875455962,-0.1172764174874724,-0.5969124658304601,-0.08248135046790692,-0.003920801963061943,-0.6968300835496621,0.0819688298418229,-0.008995408399261275,-0.9306371857182134,-0.03228180108588813,-0.013162699430796185,-0.7404038714293542,-0.04790423227602493,-0.01533502596593647,-0.6112280463047601,-0.016967904917981263,0.11983818957556466,-0.674273185116908,0.032170439043026265,0.1327439667783133,-0.8805411347628811,-0.018126096592489694,0.10222651602896926,-0.7669898075611274,-0.00706022111058881,0.08078679840970127,-0.6638664426554146,0.023859277441946127
0.0,0.0,0.0,-0.18645908058571492,-0.18571399909697955,-0.05637381849516185,-0.2920765846901203,-0.4669251962643628,-0.062378109906082044,-0.34399787646221874,-0.7111988864929595,-0.08410224703316294,-0.4190082094162515,-0.9037109833614382,-0.08727119729232818,-0.2376440642559379,-0.6915785700886109,0.1314104390113761,-0.26559105861746723,-0.9185627504722362,0.02201398387997458,-0.23515960112394313,-0.7500758550477189,-0.06112997315680138,-0.20989373740760453,-0.6035821097362686,-0.09178938551929858,-0.12043277082280118,-0.7107842509954215,0.11947804936367422,-0.14384195271983066,-0.9599071630556668,-0.003929983897320938,-0.12879109724621549,-0.7402312985185246,-0.0745065140911906,-0.11885275778610827,-0.6034936333095406,-0.08222325488399229,-0.0034696121332022803,-0.698355512665431,0.07809926107084406,-0.00865175475336818,-0.9320693498271793,-0.031122253081222993,-0.013434124886265063,-0.7474501475813505,-0.04596054378560149,-0.015549633928760319,-0.620164661643518,-0.016634813441982147,0.1196816244619813,-0.6746255400353883,0.028602204820766808,0.13211152063635134,-0.881918572750774,-0.01810792674061034,0.10242048535268282,-0.772613858473698,-0.006772975107359291,0.08159380082072266,-0.6710744361682953,0.02282886773882269
0.0,0.0,0.0,-0.1864938998920131,-0.18751880745535704,-0.059768196400253513,-0.29218199345267204,-0.46817180027075533,-0.0675649957607371,-0.3446429295093829,-0.7118068183610844,-0.09103830757488587,-0.42167056808481784,-0.9015595652493662,-0.09609165677095617,-0.23984570875635303,-0.6946240370838355,0.12908784347177638,-0.266258032706027,-0.9210058628586613,0.013189486157659754,-0.2347585199441416,-0.7522036654379103,-0.07515177664795963,-0.20945036693783736,-0.607511314212587,-0.10858335240219953,-0.12210165906024523,-0.7120980099330212,0.11697969711239711,-0.14414997155934883,-0.9627106587176564,-0.014951715015764979,-0.12778595542329324,-0.739457533653378,-0.09156141243648538,-0.11858751415375615,-0.6030519974104249,-0.10200263589972462,-0.0043008857298528855,-0.6992359960306851,0.07485174407292283,-0.008624519727227001,-0.9321406763248106,-0.04219435882960265,-0.01360184862997208,-0.7436402278949538,-0.06221261921343785,-0.018184067250339057,-0.6145834782050853,-0.03457791431134896,0.11919618576265917,-0.6773073327931056,0.024624508522776173,0.13398568626976745,-0.8844749499759068,-0.02641939204229362,0.10454273566750297,-0.7726556549459769,-0.01779079313937876,0.0823448934673914,-0.6700170148289815,0.010595201658503667
0.0,0.0,0.0,-0.18919136349115062,-0.19358708402504643,-0.0609316795335143,-0.29265973061010353,-0.4729615880088232,-0.06762608976307309,-0.3440217085143741,-0.7122481544940265,-0.09006792631013363,-0.42184075489639106,-0.9016665066242906,-0.09471330518239728,-0.23856780602217087,-0.691588498547575,0.13925955126901463,-0.26563857366735943,-0.9151033872002803,0.024539828639777068,-0.23362954985988232,-0.7554573921406338,-0.06903274472692583,-0.20692317769505586,-0.6098337834238953,-0.10661569253117016,-0.12103826569080785,-0.7081877160243627,0.1279855619258991,-0.1444534547515951,-0.9601056541204498,-0.003188744453854464,-0.12718335545115952,-0.7465632675098727,-0.09025805293363909,-0.11733527252662423,-0.6066079813012422,-0.10890803307182059,-0.004207410840895177,-0.6971795292396845,0.08633026056022912,-0.008580434009209888,-0.9303686923823531,-0.02920444038202068,-0.01300602106139041,-0.7521278851412639,-0.061343277001800006,-0.016966226870832768,-0.6202046181554872,-0.04272826455400372,0.11835871612072915,-0.678173004366078,0.03659413482733304,0.13074847609823392,-0.8835565614152253,-0.012736952924768797,0.10363501524479352,-0.7782460718891682,-0.010312410894033001,0.08359843014169804,-0.6752690779385799,0.0125269255275192
0.0,0.0,0.0,-0.18768438838480395,-0.19413680896786012,-0.06074604620893978,-0.290805822433605,-0.47552178723289473,-0.06784527059710599,-0.3413898374449549,-0.7143553201526299,-0.09085444448106111,-0.41779715341302825,-0.9033864994135816,-0.0963215278534641,-0.23928341408619874,-0.6956668356357271,0.13571623116706605,-0.26745909156957137,-0.9197631648633928,0.020028989788064267,-0.23415969230767208,-0.7597459361833377,-0.07365798846264104,-0.20679797087280904,-0.6141379834495067,-0.11138434466682508,-0.121489323434626,-0.7127304738638772,0.12382170915439833,-0.14511570965507634,-0.9631564331824851,-0.008392915608547848,-0.12696547646068815,-0.7484135247789747,-0.0948555930412853,-0.11693795608270194,-0.607847017089953,-0.11302135896100846,-0.004271915203714017,-0.7015287857784506,0.08181338499738341,-0.008514663295945638,-0.9345881917501532,-0.03513308567075518,-0.01275495776422278,-0.7539277270246427,-0.0658838482131478,-0.01625359217843919,-0.6189190882222082,-0.04599248665977913,0.11932904750996831,-0.6810772727385545,0.031691662191679,0.13110467129288617,-0.8882075111631345,-0.019391911094205076,0.1037809539236477,-0.7810583407183402,-0.016349812128233762,0.0838387117522991,-0.675651000502573,0.007317272804550696
0.0,0.0,0.0,-0.1905852276345672,-0.19825520797888105,-0.05350985301542602,-0.29272302109839365,-0.4781411958561171,-0.05691560505785334,-0.3420354932206082,-0.71605245457279,-0.07760670752926965,-0.41550478482949604,-0.905825580621416,-0.08098911726789745,-0.23767273016488766,-0.6966507624708786,0.14623001874307434,-0.26612270565891705,-0.9217681166443755,0.03458273777473212,-0.23434241370386347,-0.7623018428360863,-0.05823279231602452,-0.20658828937977086,-0.6151984743020971,-0.0961570529189516,-0.12136296870064314,-0.7146570907208523,0.1315728348625782,-0.14550452560911664,-0.96489882018804,0.0030945936331399264,-0.12930998457491216,-0.7524876837831467,-0.08377012604075723,-0.11966418324809436,-0.6089499104909801,-0.10291179720131331,-0.00565851384327541,-0.704920537308418,0.08722013969289594,-0.010824239815150457,-0.9343065117940792,-0.024692969553233253,-0.01640726050868213,-0.7575029778415097,-0.056242792223432925,-0.019574759346224456,-0.6228281784704268,-0.03828181585392665,0.11780085387231384,-0.6852712617381028,0.035026548400003424,0.12767999156489962,-0.8884376154031549,-0.012702611644970475,0.09963256825080133,-0.7817200711524663,-0.009933744255998413,0.08032358297777317,-0.676594511791311,0.012685037773552458
0.0,0.0,0.0,-0.19250321558684844,-0.20675828571012725,-0.04772451897713262,-0.2966256302322551,-0.47952385122054814,-0.047305844996276436,-0.34651551999197805,-0.7130201902435127,-0.06610850156870782,-0.41289263369777857,-0.9080868905157524,-0.0675873604246146,-0.2387445686250776,-0.7008804614197353,0.16718839126759005,-0.26264386832276476,-0.9142818833298765,0.05377594661392131,-0.23282810256141426,-0.7584362855108667,-0.04182697873562716,-0.2087099783473268,-0.6190349762462646,-0.08111284384790714,-0.12321235255178264,-0.7160281578416566,0.14883301554385792,-0.14732822337517407,-0.9586850290864843,0.01416818965041281,-0.13200895526936665,-0.7465599951007829,-0.07846091270305033,-0.12551917340613528,-0.6095820023644711,-0.09867826331591496,-0.007981320701863304,-0.7067454004810276,0.0998100627273482,-0.013759537758672346,-0.9253486241855141,-0.019251446581069552,-0.018728329692792065,-0.7471366413217092,-0.054726027188390425,-0.025208837763732922,-0.6226313551382336,-0.03630852611266172,0.1148872779978932,-0.690795853111203,0.04366481332955745,0.12059863854860498,-0.8827306018343895,-0.007757104681482351,0.09398270713329984,-0.769009323680271,-0.00541164719855954,0.07564784014288495,-0.6695700880130964,0.01874852105067462
0.0,0.0,0.0,-0.19692064066119225,-0.2110913177529588,-0.05298584833170883,-0.30460516856591296,-0.4721707538789509,-0.055565185670120816,-0.35327716315827384,-0.7037497014173453,-0.07735207758030083,-0.41208598362240023,-0.9073930313053137,-0.08055349500980707,-0.2398113821531363,-0.7064087014458023,0.17862207760205057,-0.26511329502155734,-0.901989956976266,0.061329945903820494,-0.23993315065404663,-0.7426213890726949,-0.03609270327111512,-0.21986353735178465,-0.6136070371080329,-0.07495211874909857,-0.12447684023017912,-0.7157010673968787,0.1616005017050932,-0.15385251410141915,-0.9478846167658812,0.020390839629538422,-0.1387624559510907,-0.7311925202530811,-0.0731585179077727,-0.13227188869718753,-0.6058613632752714,-0.09021376016181326,-0.008960054967266765,-0.7049860785266022,0.11141730671514036,-0.01900692997980815,-0.9133980429395891,-0.016419541065998723,-0.023285623187134584,-0.7281722297253053,-0.05303400675380807,-0.03248762243615368,-0.6155841680627769,-0.031359637891561806,0.11404593732520979,-0.6939366099966335,0.05385251976902852,0.1157877438553511,-0.8746387322460953,-0.0022451703488314606,0.08972791377287372,-0.7530685557979224,-0.00042570106864769745,0.07176262889740737,-0.659852990750297,0.025891475925012373
0.0,0.0,0.0,-0.20052649169992154,-0.21251518720923657,-0.052645076166451234,-0.3117198292321302,-0.46470939334130834,-0.05579888933577188,-0.359753211758838,-0.6957723199664712,-0.07900147203379852,-0.41211525202444865,-0.9072508916980921,-0.0829692707453856,-0.24137308488253822,-0.7084879500514649,0.19172019002460744,-0.2684830006672767,-0.8945404042099779,0.07486163293537879,-0.24443944016711042,-0.7376588287276653,-0.023250395720342692,-0.22467756397876743,-0.6146699305973746,-0.06172467408902167,-0.12552262351780194,-0.7150612254916298,0.17411206477745894,-0.15840968846816728,-0.9440734409086028,0.03335097877244368,-0.14282079158458366,-0.7267679400832805,-0.0602398277640906,-0.1357333936259983,-0.6069867724413048,-0.07584078541714342,-0.00960270289488772,-0.7043285430539605,0.12209897288829658,-0.02275320911459943,-0.9122152468346099,-0.006900513806299113,-0.026036783708696193,-0.72424009255758,-0.043896614487466415,-0.03591963975057012,-0.6158778145225692,-0.02100082473028339,0.11334276055831848,-0.6964362472844227,0.06267651244775985,0.11353824922265003,-0.8762782880689785,0.006403882986956129,0.08831336629693197,-0.7503394548626325,0.008728319284959797,0.07108801450963315,-0.6572686011315372,0.03644201008226215
0.0,0.0,0.0,-0.20203390652362932,-0.21257542084206382,-0.05116256552627779,-0.31454826558339916,-0.463474453858824,-0.054131670072052676,-0.36358774282755,-0.694570180220073,-0.07788585420493394,-0.41108944540136994,-0.907869501325997,-0.08178713035538096,-0.24566731483570842,-0.7110767626527048,0.19543949952904588,-0.26844348439318244,-0.8952277616465245,0.07509200272717446,-0.2450955212457949,-0.7335499981721101,-0.02411131153541694,-0.22718518532602103,-0.6083276641360733,-0.06259608877580103,-0.12787425134534275,-0.7169671168460249,0.17643287875309643,-0.16014068498937248,-0.9414765377075807,0.031052234564107217,-0.14513126469296356,-0.7197316529529427,-0.06284019495895507,-0.13916723852593757,-0.6017135941479052,-0.07703941987757168,-0.010049814228161256,-0.706087838215725,0.12251255385344968,-0.0231585542149189,-0.9093712931979587,-0.011322735209516575,-0.027616568709788743,-0.714654661059022,-0.04639932936685105,-0.03970909628401603,-0.6071820463330062,-0.020565209305612765,0.1143320461728343,-0.6989744902502508,0.06135906012689739,0.11515382093088729,-0.8726127736043228,0.001999090804157722,0.08852671397555592,-0.7411213145249949,0.0056731547584502025,0.06993750938907815,-0.6494212421005972,0.03571727612226947
0.0,0.0,0.0,-0.20269017379985416,-0.21201159662612729,-0.05065391416385396,-0.3166380324041411,-0.4604313631102429,-0.05433287506812348,-0.36603164998367105,-0.6924546591072311,-0.07930869884520253,-0.4056477807303617,-0.9100519880899183,-0.08466378209749545,-0.24421567131592103,-0.7110292000662595,0.195846721738398,-0.2677248544079193,-0.8910091818947967,0.07006706564461018,-0.2429336182305728,-0.7259693084468581,-0.033477308677227535,-0.22322189894236227,-0.5979062341836903,-0.07426200547003467,-0.1266342625734881,-0.7163417171282567,0.17529860599942343,-0.16121323448825697,-0.9387623265452683,0.024184451797531453,-0.1452797104334114,-0.7144573193211866,-0.073906760872015,-0.13853948123598495,-0.5938627441951042,-0.09024534281100371,-0.008993103747921515,-0.7051375141510162,0.11967305622999486,-0.023638034053923642,-0.9046688960863922,-0.02077789471109167,-0.02716685335916837,-0.7057441993081945,-0.058479834711422735,-0.03924401879427006,-0.5946790756735197,-0.03252318838992971,0.11506896744288053,-0.697482847285592,0.05722831282495395,0.11462807373874029,-0.8712551398609676,-0.006712522370665932,0.08954756007857173,-0.7369105152321641,-0.0038058982952027718,0.07163320304321369,-0.6422326098594533,0.02695858955755677
0.0,0.0,0.0,-0.19932228530849916,-0.20779529958017487,-0.05537916213052922,-0.31705919130932836,-0.4572493947881866,-0.06241309148046621,-0.3672872432714667,-0.6913727889593475,-0.08924801451203368,-0.3991745472789274,-0.9117181847667724,-0.0959850592986384,-0.24317630839339605,-0.7115410161786737,0.18435823222304437,-0.26421634293329593,-0.8904432429210366,0.056586940812674874,-0.2393197445382105,-0.720235481675641,-0.04602701271496591,-0.21988950674529767,-0.5909716506304765,-0.08643283427527365,-0.1262838323918754,-0.7188257437998784,0.16631878563008715,-0.15777389815992782,-0.9351095418294908,0.014588153602840988,-0.14021753382194788,-0.7083494405938662,-0.07982318921528093,-0.13396659752365714,-0.5902353215626281,-0.09437812863745007,-0.009529271046368344,-0.7070410130492549,0.11329835186731371,-0.021473726922873547,-0.9064449556478943,-0.028424812974654705,-0.023527287675959484,-0.7043326709208872,-0.06099167467047888,-0.035753034512204886,-0.5928482914360652,-0.03189302413509404,0.1136966323611815,-0.6958683994770969,0.053118728680454905,0.11603816359417471,-0.8713412976524952,-0.013474542858029352,0.09153948966896633,-0.7334647929761026,-0.008544202839943022,0.07218410070354878,-0.6369365736768683,0.024079621900462544
0.0,0.0,0.0,-0.1950780044164107,-0.203470146942619,-0.061559036272364524,-0.31541636037313037,-0.45462391539592495,-0.07226335198180278,-0.3668343628430381,-0.6899790424124137,-0.10125582328694024,-0.39434616591201266,-0.9121953555418514,-0.1098487242246219,-0.2424357247493028,-0.7135233151021836,0.17432109038695737,-0.26294896569818826,-0.8900118730390436,0.04498515419845929,-0.23602252308649593,-0.7196811257586055,-0.05664300801798931,-0.2156760233468924,-0.5924377738179283,-0.09624496443684706,-0.12536434565761198,-0.7227542249910495,0.15919514179714916,-0.15592901001692117,-0.9362915757871535,0.006558913425757125,-0.136859639096046,-0.7080930764525564,-0.08470307215109477,-0.13025654379428964,-0.5928191118596733,-0.0967532715314284,-0.008802337655250497,-0.7103441031396274,0.10887186664340609,-0.019689747326046565,-0.9085446445579839,-0.03482247838421346,-0.020035495535129982,-0.7051318297680657,-0.06404742555706651,-0.03107769835689307,-0.5949802889266289,-0.031977103990042194,0.11400555539709846,-0.6959723085973373,0.05097144271219737,0.1171898262039084,-0.8725067773211124,-0.017738655676075535,0.09384569117161587,-0.734423780450253,-0.011597858617495238,0.07493853125422692,-0.6387047100269178,0.022532869159632533
0.0,0.0,0.0,-0.19088244305134636,-0.1997406618132409,-0.05981991152734255,-0.3122784191629595,-0.4544685821829385,-0.0716114322880245,-0.3641210081457428,-0.6930512936847869,-0.10211399584112016,-0.3862329366875024,-0.9154105370983594,-0.11226604820090078,-0.2388942940870925,-0.7169938822244704,0.16746729512722341,-0.2614206651754026,-0.897139661073985,0.037412751046666484,-0.23555099532288803,-0.7233172224700506,-0.061550893623312855,-0.21536334812385477,-0.5960718189515783,-0.09932995358931679,-0.12315631929874632,-0.7284377295456981,0.15073022688907367,-0.1563642926124601,-0.9438880909970047,-0.0011563818081485912,-0.13886849732888515,-0.7114767262882044,-0.0865178443578258,-0.12986195197021885,-0.5970830007824202,-0.09458514043017735,-0.007554110441835009,-0.7156942579801018,0.09927265921862305,-0.019752709479214772,-0.9174266536886655,-0.043878690013065824,-0.02208846792574421,-0.7111308800756666,-0.06625355293573748,-0.03034916502080348,-0.6005405723234543,-0.029577021237452504,0.1150084478577737,-0.696806649086269,0.040147892860976836,0.1190324188888757,-0.880387682440855,-0.028441263640436736,0.09343992714842467,-0.7419449362141792,-0.018765927206718585,0.07500146632981795,-0.6445270343449437,0.018049871739425717
0.0,0.0,0.0,-0.19399616492027244,-0.2065711627950949,-0.048057241976719234,-0.3146209839112833,-0.45874855696640215,-0.056382649826487545,-0.36607281019086857,-0.6956671147158968,-0.08636021022665008,-0.3859100300290494,-0.9173772954836741,-0.09527724751375266,-0.24288546280991108,-0.7248328461549653,0.18084283323694628,-0.26757161034144017,-0.9010419223442769,0.05379010948769307,-0.24171214910801428,-0.7230065735645336,-0.040767594229359536,-0.22109835447853415,-0.599699657408528,-0.07479028302732492,-0.12652874708025058,-0.7327497834394114,0.15887159261525674,-0.16051017059959116,-0.9434960390950371,0.011276962953175635,-0.1424671769630165,-0.7059321884421936,-0.0672975193049384,-0.13306440414297818,-0.5989416114205708,-0.07015472928657682,-0.009324806661662046,-0.7199411753911726,0.10235173529864154,-0.024256461900662635,-0.9160580584554838,-0.035292327240553596,-0.02631553652748493,-0.706125701475883,-0.05026498991117665,-0.03433364586147268,-0.6029152007075962,-0.00939087373099452,0.11355661505769107,-0.7039882159837464,0.03863712649343645,0.1158308710166806,-0.8850706268448436,-0.023277830010776622,0.08933934738641836,-0.7442928250463363,-0.007619269879889326,0.07233804410253088,-0.6498779537070394,0.033160523470203505
0.0,0.0,0.0,-0.1954513916753367,-0.20862946636821067,-0.04217568975665871,-0.31562524500024913,-0.4588465192153481,-0.049883988457343285,-0.36763626364145174,-0.6953360938398776,-0.08090617786148398,-0.38800660110381846,-0.9170203207514771,-0.09107773378729996,-0.24466265252260547,-0.7261268193531696,0.1853276851467795,-0.26988152259493225,-0.9006315756050349,0.05871710856176235,-0.24489347687112645,-0.7228273374281828,-0.03461567307008987,-0.22372638636332812,-0.5988660408213251,-0.06744228825438148,-0.1279651564976167,-0.7331046783963386,0.15966458335284456,-0.16282343594572946,-0.9442332362840673,0.013621445577138003,-0.14516686091187134,-0.7060294385070849,-0.0618388136458727,-0.1342829498646706,-0.5995396362263941,-0.06242691725242987,-0.009910648028621741,-0.7204705583431674,0.09964022968130959,-0.026300361294044852,-0.915668763186331,-0.03607595998809807,-0.02875204974297846,-0.7049635966437884,-0.04751213298565471,-0.03602542022881404,-0.6022773741808145,-0.004628875315437658,0.1132955900731368,-0.7054874740039376,0.03265059705194537,0.11482677632489025,-0.8867082736460417,-0.02732276901088092,0.08763071378791155,-0.7450942473708759,-0.009048742123695308,0.07145532912530708,-0.6499779922170823,0.03346957053380892
0.0,0.0,0.0,-0.1937745253782932,-0.20760095343933593,-0.04917936100288346,-0.31450712647819457,-0.4574989605745834,-0.059125747613039736,-0.36674894998232194,-0.6929835550449098,-0.09150083423019759,-0.3879984114229555,-0.915736709061999,-0.10306955552659747,-0.2411899278234646,-0.7219207556050862,0.1860590215812396,-0.26388287702432656,-0.8938138231847479,0.057106584519661815,-0.240821133469991,-0.7192433774016087,-0.03912911913045605,-0.22264268300430612,-0.5958796810103011,-0.07373204281553186,-0.12544827987031926,-0.7287768946339397,0.16258113693606552,-0.15960792659499343,-0.9395483292055494,0.012363098048770348,-0.14349278640632449,-0.7041383193888289,-0.06791029575779767,-0.13571375340813668,-0.5979363664152888,-0.07084438630243545,-0.009098196801110809,-0.716151591096281,0.10353659117342451,-0.023052876648250377,-0.9096674075677214,-0.037502303048701544,-0.025411030895794225,-0.701788322347727,-0.05479855511202418,-0.035118303623291935,-0.5995270549151729,-0.014374408775136845,0.11244175043749538,-0.7022833613477166,0.03711720886573368,0.11432858972761652,-0.8806939958382463,-0.02743395639806742,0.08850087261930627,-0.7399721266493628,-0.013489897129206452,0.0710442612408485,-0.6456595417454132,0.026545511493055694
0.0,0.0,0.0,-0.19785699609525464,-0.2115652537715709,-0.05479087082985119,-0.32094861476269815,-0.45842261325915934,-0.06469518803588464,-0.37192687815996045,-0.6911356019443708,-0.09581215670869554,-0.3913450980477764,-0.9141210311920966,-0.10527576600853318,-0.23858086348435192,-0.7233170289115647,0.19206895642067812,-0.2631260676960389,-0.888674530625118,0.06511256644260546,-0.24159266365434087,-0.715383688836202,-0.03202063893850427,-0.22500417019910296,-0.5957684068151419,-0.06728009126710693,-0.12323516287476406,-0.7263197573056286,0.17210339063507532,-0.15954950366950454,-0.9353743701278434,0.02228738452759183,-0.1432691469521576,-0.7024230790332,-0.0618985137370078,-0.13658213559467797,-0.5986581650392231,-0.06697390662602892,-0.008155837627631269,-0.7122567983541899,0.11541675643258877,-0.022532139813510967,-0.9046335829274548,-0.026167927806641945,-0.024010819329538392,-0.7002919399838337,-0.0505669543551733,-0.035190747114682376,-0.6019209262832694,-0.014155728561696071,0.11235768130662174,-0.7003141821636363,0.05109045043670677,0.11358250575992229,-0.8768094730913429,-0.013542395809388003,0.08887803787571202,-0.7390091691273882,-0.004445474802170779,0.07059161561833188,-0.6475300298296144,0.032158448634230195
0.0,0.0,0.0,-0.1985572880633767,-0.21182166863863566,-0.0536531974611034,-0.32279479143043216,-0.4607243908866811,-0.06269531156709643,-0.37344686444697955,-0.6930712721179182,-0.09328458153682054,-0.39306854564071414,-0.9137493382009663,-0.10233838428326601,-0.24066765822313674,-0.7197984816854448,0.19189346918984987,-0.26601645300605387,-0.8854656905950721,0.06068406892212884,-0.242251761413324,-0.7118377737278059,-0.039510773550489105,-0.22396193455327157,-0.5893150651301555,-0.07592891861234632,-0.12570349703186912,-0.722864563319616,0.17103779238378697,-0.16253471701600614,-0.9324363886143937,0.01664867842495653,-0.1445490298468753,-0.6989201299801429,-0.0697759358454232,-0.13661251162684113,-0.5913341254209649,-0.07524372297096524,-0.010410841223435354,-0.7094293854396332,0.1135454692662888,-0.02574325592224778,-0.9019464185473225,-0.0317099824628253,-0.026705955107802323,-0.6946415705875044,-0.055483925637191484,-0.03719671974059778,-0.5921485238825942,-0.017136812364567655,0.11042754832560125,-0.697397227469702,0.048512940535382854,0.1108832266752241,-0.8745163124856323,-0.017870514881901778,0.08573801325683428,-0.7339302902065471,-0.007287693877068167,0.06737393515930346,-0.6396161069004045,0.031367136666733186
0.0,0.0,0.0,-0.20269929332087205,-0.21015624908530456,-0.05848663785153574,-0.32889835605494133,-0.4540236574505664,-0.07031650585695604,-0.3804563444066338,-0.6857255350105318,-0.10441793207586408,-0.39830820521830224,-0.9096645450949392,-0.11650378023702476,-0.24413451753752036,-0.7194839148000068,0.2011950570458207,-0.2729696205236176,-0.8797582222187194,0.06555773119809027,-0.2505132361982829,-0.7061091673797407,-0.03834629244889319,-0.2324164485791409,-0.5889111193477437,-0.07614916795125376,-0.1288467253650566,-0.7221516175257356,0.18068118805181266,-0.1696340435174038,-0.929699386404131,0.018637691589209377,-0.1515691120760263,-0.6933621181233252,-0.07282865182454429,-0.14262821737165177,-0.5901313834986399,-0.07871685231125994,-0.013545590045670948,-0.7103603470329176,0.12162729810895603,-0.032649823187361,-0.8982105987706368,-0.03216214190785101,-0.03366376918623609,-0.6872745119182266,-0.060807556623191025,-0.04349976246453333,-0.5880140957078321,-0.022140450089990528,0.10730972431008096,-0.7032037339509329,0.05470784521557147,0.1042392771497299,-0.8756109247269817,-0.016209853660858194,0.07968131237320991,-0.7329900585648742,-0.008376919952337686,0.06338306738085167,-0.6401457902028242,0.030176128785783435
0.0,0.0,0.0,-0.19864538084076203,-0.20364553104778102,-0.0598753333289064,-0.3262318740093442,-0.44935768567517964,-0.07350477702911115,-0.3793114412813532,-0.6846273694511378,-0.1086682876896714,-0.39693260839385724,-0.9095963828572723,-0.12207403849744554,-0.2420550861954064,-0.7131818144962201,0.1918279264338365,-0.27344852372760653,-0.877528223899565,0.057166755153736454,-0.2522879256968631,-0.7049460838579962,-0.04339553014597867,-0.232775733349835,-0.5868627270848892,-0.07897185263799922,-0.128475408812982,-0.7193781944789039,0.17236765082254074,-0.17280799997324794,-0.930425051102382,0.0138395568431029,-0.15652855134705584,-0.6938504606826466,-0.07091775801223013,-0.1430078363298095,-0.5901454258486509,-0.07274270653275414,-0.014255146641699893,-0.7075281263621298,0.1147492898948092,-0.035577566886259196,-0.9007508291844302,-0.03629957360069379,-0.038707109951891076,-0.6910474105450712,-0.05886764077947738,-0.04320546461329653,-0.590477567109648,-0.01660836994083573,0.10732068692433633,-0.6968542552569094,0.049026274476278955,0.1028637926067392,-0.876064863591608,-0.021447595088123828,0.07599271916889572,-0.735831284910775,-0.011286864756212687,0.06174576689715249,-0.6413322890172624,0.028932874193735632
0.0,0.0,0.0,-0.20009414424490538,-0.2071500610332231,-0.05558224324802069,-0.32749103713167904,-0.45077901036773965,-0.06723848102952501,-0.38211240891980525,-0.6855207940245951,-0.10163065557675505,-0.3965250724092601,-0.9108547171038255,-0.11381172647945251,-0.24373435053893916,-0.7148347297939308,0.20126002759103065,-0.27858409345927415,-0.8786405354352889,0.06732499475601769,-0.2575549189510997,-0.7065779681067782,-0.032995687232512484,-0.23705611487089528,-0.5919347606788495,-0.06801861521704333,-0.12979654303348662,-0.7209849462184467,0.18019098522710553,-0.17773572769761728,-0.9312310107597714,0.021955484415970367,-0.1609947071392539,-0.6950435701904853,-0.06255609027779666,-0.14581739060055676,-0.5941301181236898,-0.06339523098675914,-0.014692484778474749,-0.7105293130488635,0.12077519809774716,-0.03928438485638899,-0.9002811664972659,-0.02901000840748033,-0.041777042395532454,-0.6888367669529071,-0.05032068562514412,-0.04440109408698271,-0.5919573757385973,-0.006753288263954135,0.10725276292749925,-0.7027783903250366,0.05339297461802943,0.10167668551296444,-0.878719219393387,-0.014124303247479278,0.07428709838651273,-0.7374148850061331,-0.002201278939675616,0.06218729243171622,-0.645582352112708,0.03944301179014669
0.0,0.0,0.0,-0.1984413584318972,-0.2032443978048501,-0.06076812136449203,-0.32914276948939264,-0.44644942826297107,-0.07480418834618083,-0.38498782621211713,-0.6826938502403339,-0.10982498297217881,-0.398047054302864,-0.9090306616197263,-0.12271004072281386,-0.2458106729101738,-0.7113112146302463,0.18958079792332905,-0.2797521074004412,-0.8833059775563357,0.05519973723048127,-0.2584148436253785,-0.7084804874905617,-0.046182498815603774,-0.23740281073697433,-0.5879996205834336,-0.08237247584236854,-0.13162624918914462,-0.7185926334089838,0.1716666913686969,-0.17820659554492524,-0.9341377673997645,0.013882856306146229,-0.16211977154441837,-0.6978662683993697,-0.07248881816935084,-0.1478435820788866,-0.5892134988020463,-0.07596919931404503,-0.01663152729838709,-0.7077730079586131,0.11596178752911745,-0.039735587222911886,-0.9046221098771438,-0.03290684642916445,-0.04246426573769193,-0.6942124481144054,-0.056987422748104144,-0.04617511620672955,-0.5888862605860612,-0.01635614841075337,0.10622349963792743,-0.6983539966606397,0.05223868665718698,0.10081090905637063,-0.8809171392498762,-0.016029050834402897,0.0733191766524009,-0.7389988758780013,-0.0062124505602713575,0.05943865078421727,-0.6401070923235768,0.03334695087167717
0.0,0.0,0.0,-0.20275924762698472,-0.20768336947721316,-0.05254911196404881,-0.33097594856749196,-0.44891288769689675,-0.06344899233404458,-0.3863805342188035,-0.6840295198700421,-0.09786425576888537,-0.3979011451459822,-0.9105158524786081,-0.11146706780158078,-0.2445531036070142,-0.7098608049657447,0.20486868134601902,-0.2789834243880889,-0.8756078452369322,0.07097339524542003,-0.25870509770936434,-0.7087458735897953,-0.034557850923289515,-0.23846085335530198,-0.5922548766903697,-0.07400220179869524,-0.13118640996377304,-0.7177940734468751,0.18194619037822946,-0.18141097757816183,-0.9329736645374265,0.023346720859791913,-0.16652379173250026,-0.6997827233096627,-0.06995866578076614,-0.15144637391156612,-0.5893979041355644,-0.07852119869808274,-0.017058474612995377,-0.7080295586612508,0.12159638174756332,-0.04363189073404991,-0.9053872246217833,-0.02878802232750727,-0.04777165121121349,-0.6976610811376807,-0.059191508832642875,-0.05003983540854737,-0.5881699190370795,-0.022362068428857053,0.10633384945317163,-0.6996158403002097,0.054094797936339395,0.0985983326487757,-0.884206420278908,-0.01454954518353721,0.07060496143030345,-0.744978096176237,-0.007064049051796504,0.05834588627784083,-0.6435714058466928,0.03065258677429241
0.0,0.0,0.0,-0.2027898177604259,-0.2042395356134404,-0.048480469455750824,-0.3306402066917419,-0.4470176873706879,-0.058918792826838665,-0.3846174590386132,-0.6840915936310288,-0.09388808656120497,-0.398121973564609,-0.9108578823518876,-0.1082638396037665,-0.24454534391514762,-0.7099835232578122,0.20552636808051428,-0.2809703852746106,-0.8684447552884882,0.06962603853410278,-0.2569432405388473,-0.7024353331469292,-0.03620905894107274,-0.23435801840172094,-0.5890619375641626,-0.07567475019737324,-0.13150620725030013,-0.7180418442467363,0.17914839851284375,-0.18343657821621337,-0.9286094574266051,0.018233631466340633,-0.16517064785252264,-0.6951877402012219,-0.0733072852035129,-0.14834540648267092,-0.5869848137034033,-0.07977122652110408,-0.01738732204858422,-0.7081774182588858,0.11553308012087043,-0.04439938256279389,-0.9010613864229096,-0.0369697238780042,-0.046281885976069435,-0.6930281794173119,-0.06364334499676642,-0.047545241568609196,-0.5862740392561843,-0.023464224953407317,0.10566977859945306,-0.6995330648634919,0.04487060037259005,0.09795737034829755,-0.8800588650608254,-0.02538441087740967,0.07110117673108954,-0.7406561160388843,-0.015693884005971444,0.05957185004115381,-0.6419690571323337,0.024417174383335752
0.0,0.0,0.0,-0.20132140752643973,-0.20215418846916347,-0.046201945315960544,-0.3289639372876547,-0.4470050557169316,-0.055058359188635456,-0.38303136943367383,-0.6858949605790263,-0.08834144746125011,-0.3980299302636403,-0.9117084085772247,-0.10125311628419334,-0.2458114241087742,-0.7073184430330636,0.20218567962177675,-0.2830233061310781,-0.8671524303034064,0.06834644248437045,-0.25722402310157466,-0.7024001092237202,-0.034628813256731755,-0.2329699336550758,-0.5910571024655139,-0.07256880137612086,-0.13320635412551296,-0.7179055246502221,0.17547863298805325,-0.1848556525579601,-0.9296199558647258,0.017368332647388462,-0.16602120580360402,-0.6961515741249127,-0.07004561539731312,-0.14782030151468184,-0.5888750758120863,-0.07422237018981238,-0.018810907741243423,-0.7085562492999606,0.11226786476781259,-0.04576395487342183,-0.9032215324218645,-0.03746982436504968,-0.04774273965194421,-0.6950077703237472,-0.05950994496728032,-0.04729298576932339,-0.589263089935837,-0.01689523704211735,0.10495812700887786,-0.6980713495184583,0.04207601334290976,0.09810067353478767,-0.8819891632687217,-0.026099314070146276,0.07073504544133921,-0.7438254231754294,-0.013364429728435972,0.05981909618708686,-0.6459823920318951,0.028623846397465406
0.0,0.0,0.0,-0.200959285494239,-0.2048385701498769,-0.04825693110522718,-0.3303627344604282,-0.45048256221325467,-0.05826247523973688,-0.38450263758835546,-0.6880951948839461,-0.09246169202188786,-0.3946232584472411,-0.9127134273006603,-0.10555420086464648,-0.24562976182563012,-0.7127538585643294,0.20102371195695445,-0.2808347475095784,-0.8742199988668653,0.06459531600705808,-0.25742018482466533,-0.7034074638546748,-0.03885866684334137,-0.2357799045797067,-0.5900056850374638,-0.07630973993367034,-0.13284011285021075,-0.7208788782194318,0.17514362426538835,-0.18204824341654344,-0.9297656969129677,0.014552020048354748,-0.16499958447005109,-0.6915667309299343,-0.0718180989728758,-0.14899445781028908,-0.5867595029215242,-0.07424063435088404,-0.01764152352172299,-0.7096382766853659,0.1120604263120257,-0.043155388202925096,-0.8997865281340414,-0.03982794191940464,-0.046190490721136214,-0.6874593698652176,-0.06031349890330753,-0.04817078906359365,-0.5859349332523466,-0.01568967012288273,0.10626293751881943,-0.6984377196582261,0.04183911580957299,0.10022520527319233,-0.880586784332072,-0.026498259063909055,0.07209229231246547,-0.7399014481920172,-0.01223026347302912,0.05945216268810087,-0.6446607502972714,0.03141291116240711
0.0,0.0,0.0,-0.20169201848213208,-0.2054144960700367,-0.048108274736210696,-0.331794886168315,-0.45094979383885486,-0.05715417693867242,-0.38561397802767705,-0.6901519501882731,-0.089524484399478,-0.39401326659946884,-0.9135367456886976,-0.10068204964488003,-0.24362510966301568,-0.7089496907370245,0.1973207780088188,-0.27693201673251744,-0.8744966380713921,0.06370515318516623,-0.25382321815511844,-0.7026349626640958,-0.03718259956409273,-0.2316309198698614,-0.5857390107154012,-0.07316129041864786,-0.1312100378740449,-0.7176149635003406,0.1729862555415297,-0.17983453060419063,-0.9312511495071696,0.015778720750199836,-0.1628810098088726,-0.6934348964913428,-0.06771867178731816,-0.14534795377815654,-0.5843289410169175,-0.06894375406836548,-0.015902237201534865,-0.7060295043800618,0.112072421142353,-0.040018665204323456,-0.9017281520509515,-0.03619294874179005,-0.043070171955277695,-0.6908038955780944,-0.054077828234629165,-0.043912853420518184,-0.5867654947000633,-0.008565341672087558,0.10825985020051859,-0.6926873954171646,0.044101258432778075,0.10455620052808948,-0.8814115464646399,-0.021404629937358494,0.07621070156804816,-0.742201347640582,-0.005181449341569472,0.06270371518195925,-0.6442235785364124,0.039348178522436224
0.0,0.0,0.0,-0.20421926291180065,-0.20677107682961737,-0.04569438388197617,-0.33370798922001477,-0.4511970209601389,-0.0530255420985034,-0.3872784133484919,-0.6908192872267429,-0.08422308751237155,-0.39537493090739406,-0.9136465351981632,-0.09407160072123844,-0.2452393823454126,-0.7078558437875899,0.1999353687216289,-0.2785958038613502,-0.880514828708745,0.0684461583644905,-0.25517483556890636,-0.7063517466570552,-0.03144041005690237,-0.23209786910798158,-0.5876185173602834,-0.0672609291029814,-0.1315609890473119,-0.7163315918966644,0.17478325258931743,-0.1790689204188753,-0.9348646476067,0.019033891710097492,-0.1619135823150239,-0.6973052957342045,-0.06544200913926043,-0.1442318435858852,-0.5866962864076104,-0.06814170793174934,-0.015551965173545446,-0.7055449340312039,0.11346134734478328,-0.03837223479942516,-0.9077949553315537,-0.03228804560156126,-0.04143203453498408,-0.6972372603066,-0.051083871883091846,-0.04179834170757782,-0.5899978151569629,-0.007348566425948961,0.1093610183155268,-0.6930884624263116,0.045195022786855804,0.10711943834885759,-0.8857195136822679,-0.018077258586982725,0.07820029390263777,-0.7468349595595807,-0.0022022133870320203,0.06473225436533254,-0.6460867857920526,0.041203883146334566
0.0,0.0,0.0,-0.20616264802927203,-0.20466894704221403,-0.049786983873735376,-0.3362336260734444,-0.44992879191505586,-0.05819099370205209,-0.3883928743479973,-0.6894000642458573,-0.08980620578827776,-0.39470755320227446,-0.9133573132515118,-0.0995691248677125,-0.2461150258248806,-0.7083449963054511,0.19849924456055903,-0.2813178844255163,-0.8812810050771084,0.06661312325735713,-0.25775854267088394,-0.7051379023033657,-0.0340178984203276,-0.23368443505624484,-0.584368237295243,-0.0704631527758765,-0.1305872121615247,-0.7152281111677568,0.1744760409102648,-0.17989554080083298,-0.9336704266118856,0.017775706926944745,-0.1626865232135713,-0.6977671291655433,-0.06921647729846916,-0.14543433085482427,-0.5862114463957262,-0.07390320551140006,-0.014515358183840959,-0.7037757812343941,0.11364220404860942,-0.038465603120838396,-0.9052272239801322,-0.03229890979190836,-0.041473554279375296,-0.6973481228264626,-0.05514093755640942,-0.04242376938530654,-0.5886285994290548,-0.014820167889971122,0.11000953128826685,-0.6926825362441149,0.04544654970037883,0.1058797069928227,-0.8829837885025034,-0.018523211444384978,0.07728040980412532,-0.7450422448768288,-0.006474174879494968,0.06407346738733008,-0.6441073091407155,0.03351553914929676
0.0,0.0,0.0,-0.20251116437251254,-0.20218411586358342,-0.05916842422660154,-0.3339459361492201,-0.4501945966053082,-0.06900568929390587,-0.3872426846511569,-0.6901308997781361,-0.09913284914371726,-0.3938780123869644,-0.9129606771857002,-0.10621985690931045,-0.24795932984746344,-0.7102580711534913,0.1902831336427997,-0.27990414416921217,-0.8848673298788184,0.05845211340088207,-0.25716513487628645,-0.7053256908791903,-0.03983270583697477,-0.23346564772110795,-0.5849072550954332,-0.07436710262826512,-0.13166420951744706,-0.718534069594225,0.1730156375044764,-0.1784361122333685,-0.9362690158091912,0.016676056071733607,-0.1621441913043154,-0.6989295442117651,-0.06733078994494801,-0.14529255059075596,-0.5926046307849541,-0.06951705645391193,-0.014646216603018933,-0.7069288138165861,0.11811352556385303,-0.036944764421697696,-0.9042015395411981,-0.029119462048573387,-0.04047943895014025,-0.6959105969914409,-0.05150923445089469,-0.04146264465552642,-0.5942611240506521,-0.010304137554799949,0.1110322972687445,-0.6965689210682164,0.05535836275512252,0.10695892957985428,-0.8827244991793016,-0.0100651873434885,0.07870159891711222,-0.7441066812215709,0.0009172633410156265,0.0659202187287835,-0.6478683203997151,0.04059355898484196
0.0,0.0,0.0,-0.19979358344347278,-0.20109572301166728,-0.06183207239529718,-0.3334968793817295,-0.4494090639460236,-0.070576639682216,-0.3917401060480974,-0.6872489390934471,-0.09814076939544686,-0.40049605613861283,-0.9104318900830636,-0.10303503553780227,-0.2507096697643356,-0.7059360607043769,0.18502229771095074,-0.27927383588806054,-0.8837739987575126,0.05652733714013734,-0.25676706849435293,-0.7091239510554231,-0.04188183641337304,-0.23413595914177232,-0.585696263284275,-0.07752227592878791,-0.13447961092344948,-0.7165202508849418,0.17096640145740027,-0.178644756471877,-0.936103493122739,0.017783075037945715,-0.16247526515396066,-0.7026754272445366,-0.06992394551697614,-0.14692552673419412,-0.5889538575839932,-0.07657561065195942,-0.017789637800887662,-0.7052395169220984,0.12015546818210847,-0.03716052658367297,-0.9048281146391388,-0.02527805941641022,-0.040650721045113664,-0.7009656135320854,-0.055073961152095646,-0.04320122454362935,-0.591133384670289,-0.019962993792472086,0.10689909831528796,-0.693986986805498,0.06191149366214534,0.10636248354755495,-0.8852524639495303,-0.0047534299451716866,0.0791788855709014,-0.7517088892516028,0.0005885925436774512,0.06450780966112184,-0.6501408646590143,0.03559969289808377
0.0,0.0,0.0,-0.2002206372139136,-0.19949795081144023,-0.063533212304494,-0.3347800663580849,-0.4466352222809394,-0.0724493289401876,-0.3945364539463442,-0.6845062040479382,-0.09950617910038892,-0.40426059156129146,-0.9086414381397196,-0.10428300029388045,-0.25407024393950184,-0.7033417051575546,0.18494913915303307,-0.28475540280302925,-0.87708613737578,0.05786498087640114,-0.261054972589294,-0.7090513845630073,-0.04132228589357352,-0.23775578680625958,-0.5895897459824151,-0.07787322773228839,-0.13704882482594472,-0.7163767229225271,0.1720043289341464,-0.18157525083194287,-0.9355030384559655,0.01945242057886016,-0.16550401551512112,-0.7063214851362798,-0.06997460303792369,-0.1499082347588198,-0.5918209944600032,-0.077798762147469,-0.019033372225076856,-0.7055253326690589,0.12251838633167506,-0.03761722828784714,-0.9050738928342037,-0.022920053182103314,-0.04124478826308549,-0.7037379473143826,-0.05448560352042374,-0.04321713967390001,-0.5927214613354957,-0.020201959519377276,0.10640077411400536,-0.6932221810921935,0.06563059243347001,0.10505609606023686,-0.8841448404373735,-0.0009112055455483127,0.07694876656252239,-0.7531211220258879,0.003993534040034753,0.06281820109004142,-0.6520633709328016,0.038841784785461755
0.0,0.0,0.0,-0.20426311460628677,-0.2053256539363477,-0.05093040959828517,-0.3363253579758829,-0.44914504145003187,-0.05439021865087978,-0.3945565066887773,-0.6867347720753889,-0.0784720884072421,-0.4084007362645444,-0.9088690740476421,-0.08109488284344898,-0.25457757675671755,-0.7003832456130276,0.19648193616835624,-0.28045971320537777,-0.8772702742677971,0.07466751389667912,-0.2620730915725423,-0.7123658563024127,-0.02159756614443027,-0.2426036194771835,-0.5919119583085984,-0.05683855865109708,-0.1378654002360471,-0.7132466693926418,0.17898354914571768,-0.17863399883238495,-0.9287283731591942,0.03289535233501856,-0.16564435525861151,-0.7033128453313362,-0.05430382682373727,-0.1524063178944687,-0.5882051484753352,-0.06246091976635998,-0.019397266450202413,-0.7035475178494266,0.12608835277303584,-0.0380341372302648,-0.9006500193567485,-0.011857255965515828,-0.04261778985776665,-0.7024938574244277,-0.04055166905760127,-0.04513275980459806,-0.5927540608469596,-0.006773983165699044,0.10687120564262684,-0.6930262788930928,0.06658290919618089,0.1054639193877977,-0.8850334576952481,0.0059252893648803085,0.07727814985867956,-0.7540802625898799,0.01396894130817272,0.06370822804317988,-0.6531344141914012,0.04978725826181759
0.0,0.0,0.0,-0.20566604153535206,-0.20215930215116443,-0.053129180368855444,-0.3373534504236889,-0.4475856368398434,-0.056659988277840266,-0.39360830960625615,-0.6855971266768549,-0.08093727724873355,-0.4092734935677461,-0.9083333616302245,-0.08437517516477469,-0.2508119823187255,-0.6931982339051712,0.19582051360682845,-0.28002665634644613,-0.8731604439536045,0.07314089091830289,-0.2613074178029236,-0.7059234899031087,-0.025495767930476095,-0.2399578130849107,-0.579407605922274,-0.06253028545951668,-0.1344758914329706,-0.7055188408051447,0.17855290330699614,-0.17756026420995047,-0.9250809646296231,0.03135584835358151,-0.16370618787829963,-0.6981487823705504,-0.060883424088500664,-0.14814434624536893,-0.576494647316119,-0.07321744435035143,-0.017177197718269772,-0.6955905139485923,0.1258368572244049,-0.03728776025942891,-0.8999351726592952,-0.014710191563026918,-0.041319862269461494,-0.7013310149888545,-0.05000208707600029,-0.04069674677773352,-0.582573689868002,-0.02052605869624507,0.10887439393204328,-0.6850398653518477,0.06664021470752662,0.106060230126414,-0.8820470089148618,0.001712234283202326,0.07755332520315045,-0.75068702851821,0.0045035914540788495,0.0646213033457417,-0.6434212130835939,0.03658872989219775
0.0,0.0,0.0,-0.20688049027936647,-0.19902029738367177,-0.054560850392647804,-0.3370199537585493,-0.4459506021398603,-0.05935038155495408,-0.3930009820799994,-0.6841896433541117,-0.0849924125951223,-0.410406074303063,-0.9073763885742137,-0.08972646267646468,-0.24805654253800824,-0.6924771473601854,0.19192884363609447,-0.2809481458312185,-0.8757920813328446,0.06736899302645748,-0.26211796132226006,-0.7056613880881237,-0.031169869119382757,-0.2395000193232498,-0.5758531245964769,-0.06789151702775398,-0.13169899558666331,-0.706055739695646,0.17417605567993616,-0.17745883487336364,-0.9255950072500021,0.02527281336347142,-0.16229474685418,-0.6980432810156467,-0.0663474774141848,-0.14423830235274948,-0.5767931927001553,-0.07799486937272429,-0.014839217169849341,-0.6964679017315152,0.1208667489127081,-0.03664191381976674,-0.9029782889011702,-0.021601318329823496,-0.03925226513766078,-0.7046625875219317,-0.055734809461761826,-0.03599907357585648,-0.5852502031217567,-0.025083098564458124,0.11056525815449186,-0.6844695622146764,0.060863872894508175,0.10715352990789635,-0.8830705372078604,-0.0063750881349297055,0.0787256812346683,-0.7536185483587706,-0.0035331580514593734,0.06690248233425494,-0.6457050807111865,0.029079302538244995
0.0,0.0,0.0,-0.19739275400387196,-0.18967267369500335,-0.06382237143597169,-0.33302674370847246,-0.44065341492346766,-0.07429746189908053,-0.3934099864956634,-0.682475854541507,-0.10254050336236835,-0.40663479197829644,-0.9068638047340658,-0.10855871189561672,-0.24784843639527399,-0.6954312313610044,0.1677317313432906,-0.27873105990302605,-0.8819714255919517,0.044210158875035516,-0.26074741667687507,-0.7024194071309892,-0.04479352691823989,-0.23783141509073372,-0.5718373785624886,-0.07492754919667859,-0.1310853599089663,-0.7115000892907004,0.1561150374762632,-0.17190817864329822,-0.9281301430626376,0.013237257100389603,-0.15880092701609913,-0.6900811084216196,-0.06012862423772834,-0.1388773636303114,-0.5767404280284546,-0.060028263017678565,-0.011698794111237277,-0.7006475349329897,0.10870811718974385,-0.030740458146643893,-0.9036036680022612,-0.029155243334002552,-0.035482713806332646,-0.6961324400944147,-0.04470655419070253,-0.029456017682887498,-0.5860869440950016,-0.002975326617086698,0.11637797878602398,-0.6839761904870401,0.05337993133580621,0.11502354809025458,-0.882834702715684,-0.010721867539145419,0.08508866165988035,-0.7468319691030849,0.0019288003762965064,0.07475105962866785,-0.6443263530198278,0.04116296454165794
0.0,0.0,0.0,-0.19839904374275663,-0.1900178055111234,-0.06304001289023144,-0.33728320233616,-0.442768313548345,-0.07375005757743441,-0.4004764824666244,-0.6852548038954411,-0.10226599262779204,-0.4054383539422225,-0.9075347424764864,-0.10848017661188829,-0.25088630204451745,-0.6940261768797511,0.16266861936857005,-0.282477554884063,-0.8861768531306542,0.04009440299401894,-0.2613810806491792,-0.704120346809959,-0.04826625133839557,-0.23570356345530624,-0.5718493391104562,-0.07867727743351607,-0.13242245200351166,-0.7133991835951403,0.1511219891509597,-0.17255715384120557,-0.9368344532276892,0.008272076019439144,-0.15763453319348789,-0.6975144456803819,-0.06489269312612456,-0.13587001148824873,-0.5767493070055956,-0.06497485465994698,-0.011271565920004513,-0.703964732773211,0.10481764261894481,-0.030644283088605707,-0.9168501979639183,-0.03146870311682411,-0.03577745729111253,-0.7090640351899642,-0.04508883263771426,-0.028272534908232325,-0.5890059060824975,-0.002193684873067418,0.1187183815550274,-0.6843846318634356,0.05064427653042805,0.11851798382832845,-0.8929534235324454,-0.012029834891434298,0.08661312972128604,-0.7623890674875333,0.0017133449280575968,0.07454539857748824,-0.6538705879925767,0.04164893469755245
0.0,0.0,0.0,-0.198957383205634,-0.19154457360929322,-0.06172474905916553,-0.33953777131153645,-0.4427359968618527,-0.07234682618936439,-0.4053463971173696,-0.6850665997458452,-0.10092567996484442,-0.40569981570054436,-0.9076023770844603,-0.10746271290822537,-0.25162203341316014,-0.6895123795808167,0.16346278296196992,-0.2845819538867114,-0.8865921378703551,0.04369901369517988,-0.2640547495530182,-0.706447529497426,-0.04360742800455983,-0.23822261173260462,-0.5749929142153095,-0.07418324685487045,-0.1331199267623219,-0.7101045645476647,0.15179960619366484,-0.17566364402398899,-0.9399486858273929,0.011051423257687208,-0.1618140697283661,-0.7043549585458242,-0.06264003519431768,-0.14063540543667724,-0.5808508011548473,-0.06384555749012379,-0.012038496216432328,-0.7020964305465431,0.1059400425448076,-0.03224337398780788,-0.9214583626326275,-0.02821942674120015,-0.0379395193337808,-0.7160006432733687,-0.04282613544053522,-0.03025584462355328,-0.5919915463429475,-0.0010619111175279349,0.11846931017693621,-0.6834538970295612,0.052366938629295944,0.11650728178088354,-0.8968019975680576,-0.008787731187197627,0.08362701369629688,-0.7699753877148086,0.004211650973629901,0.07082046597454239,-0.6600076029972122,0.04302191424132748
0.0,0.0,0.0,-0.20200571898880088,-0.19438114170863163,-0.0629546268212989,-0.34293876278718727,-0.442948587330273,-0.07282065305279707,-0.409735520010563,-0.6847616367364444,-0.10092620128988689,-0.40668762998828323,-0.9072325542116227,-0.10711843036509439,-0.25519695663425934,-0.6878002377877953,0.17380936599289898,-0.28978215991086886,-0.8866396685899456,0.05475952644056996,-0.26864794232552336,-0.7126514600338605,-0.036623044001767247,-0.24295045494612877,-0.5829896939645504,-0.07049632260455169,-0.13541381157341553,-0.7086187010766767,0.16272670728203664,-0.17967811421454527,-0.9398049455652819,0.018871729315585235,-0.16356639864694017,-0.7096470416436981,-0.06452141285897652,-0.14264345436995365,-0.5832335088414601,-0.0718266876447546,-0.014046707024105324,-0.7027364123652301,0.11715864229331244,-0.03528175791961731,-0.9220774760896301,-0.01964898510190973,-0.038548060596478785,-0.7219321488179484,-0.04438660877240276,-0.03115569837339198,-0.5946394741766261,-0.00850731834185499,0.1165992349522279,-0.6877928176423378,0.06403896897859006,0.11295585984457829,-0.8986247007068873,0.0015541568814214984,0.08106073081596855,-0.7735920630532681,0.009369159646355818,0.06800267624178363,-0.6610967224504274,0.044559497847510676
0.0,0.0,0.0,-0.19856261492636873,-0.18893755467243314,-0.06374358201473732,-0.34167988687247675,-0.4446237284857757,-0.07315942796951305,-0.4089029498053492,-0.6884628865509824,-0.0992454708296589,-0.4053245068830539,-0.9082991623314475,-0.1032308769925506,-0.25320683194594396,-0.6892406318955809,0.15837694687637502,-0.28426013860064836,-0.8920109956469227,0.040577227149033446,-0.2665191381344456,-0.7128019465625552,-0.04548992343514661,-0.24215689665790646,-0.5770634267251352,-0.07560950237081106,-0.134387534409333,-0.7111004877017655,0.1494838538490611,-0.17573227438199354,-0.942615502614373,0.010540135039648419,-0.16364289122569026,-0.711157967840232,-0.0634264138012818,-0.1435623069395123,-0.5839635308433133,-0.0652589170686606,-0.012930932806631382,-0.7037667532200158,0.1070278698760002,-0.033754980228119624,-0.9183231438196517,-0.02489482641727351,-0.039378562538720296,-0.7151106076505469,-0.04134714864040446,-0.03150553954896064,-0.5892452933722784,-0.0012382364110598986,0.11757419715573478,-0.6861182132204506,0.05687290116790191,0.1138278473840589,-0.8970037768669501,-0.0024947423938859203,0.08248066465923529,-0.7720908548042467,0.009490071415007644,0.07119291059099836,-0.6632308333666539,0.047154579859065064
0.0,0.0,0.0,-0.19438170503257163,-0.1806000722206229,-0.0648914741996319,-0.3414403124789813,-0.44163838940403854,-0.07567955014284906,-0.4109715049995194,-0.690739644215596,-0.10138067912881177,-0.40304426057916826,-0.9091739208954751,-0.10452953367888332,-0.25862373440705744,-0.6893671946149621,0.14078451673334594,-0.2877308763346297,-0.8969978737859315,0.025866964124883388,-0.2654185526307341,-0.7179996820603738,-0.0539667579628941,-0.24042048191760673,-0.5826954787197706,-0.08092755438512006,-0.1393866853929061,-0.7152995890050293,0.13356676549151333,-0.17726409639028168,-0.9476158677835231,0.0008443557608828114,-0.1619025387866843,-0.7141957321064165,-0.06204448550500767,-0.1418423704222986,-0.5892331409940748,-0.058305459514274,-0.016874705503904942,-0.7073808196943674,0.09397126680959693,-0.034736898473967034,-0.9206027505554477,-0.03152117600529389,-0.038790402847768704,-0.7162534902621892,-0.03698296075213796,-0.03125630160611864,-0.5935922592948475,0.007839868002718848,0.11332035222358697,-0.684977161611265,0.046305581942283805,0.11269197200357095,-0.8943625540902893,-0.008822400357384437,0.08213939215038717,-0.7707009557057249,0.008777025027806381,0.0704643523480751,-0.6658773957130202,0.048902430164985064
0.0,0.0,0.0,-0.19819916853701294,-0.18160085064199177,-0.06795680556740998,-0.3456391748071606,-0.44085338663754947,-0.07936330887067913,-0.41405094265357406,-0.6893235037672929,-0.10613622251003238,-0.40325933915291823,-0.9084151362774207,-0.11007553904613168,-0.2654314178672651,-0.688213999749847,0.15094055988209948,-0.2958377280137664,-0.8902133217804934,0.028727578580945688,-0.2715274092180676,-0.7160161200089081,-0.05927951991539937,-0.24612822807381918,-0.5850192092102166,-0.0905427099273595,-0.1445908605890754,-0.7117986049068623,0.14303284673536648,-0.1831331415385225,-0.9413252279019946,-0.0015504785339722047,-0.16530882148728504,-0.7114426107821042,-0.07543111806653582,-0.1462401282248708,-0.5869893006108134,-0.07576663649017348,-0.02104596920508798,-0.7042737935864553,0.10123985053809784,-0.04043067723440382,-0.9126961167475189,-0.034881113557916524,-0.041652533615478535,-0.7097304270090523,-0.04953072483993004,-0.0359855798865924,-0.5883188112638273,-0.007148710908616895,0.10919576898385316,-0.6863261633343276,0.05133426666065156,0.10535977799770271,-0.8842552958282707,-0.010180954090809685,0.07661686141412245,-0.7599001795329684,0.0023585644469658255,0.06539679167433085,-0.6576594051422371,0.040897471133980554
0.0,0.0,0.0,-0.20046026522294308,-0.18430871116574254,-0.07325971778505284,-0.34959513318699303,-0.4414173733986757,-0.08527074027052461,-0.4187914080059817,-0.6855696056475947,-0.11240841720744345,-0.40724479159682014,-0.9058896673634449,-0.11591225380415865,-0.2678240005717073,-0.6892875335415722,0.1629866430809541,-0.29856272973428033,-0.8835794970951869,0.03801146649766158,-0.2766519592448583,-0.71127778183787,-0.05225068835221444,-0.252314898974917,-0.5882658852945803,-0.08403331609013032,-0.14698655390188287,-0.7083012029234099,0.156347363488264,-0.18640010915361666,-0.9358227505535592,0.004832626846542163,-0.17065336987372814,-0.7064271564228399,-0.07378837671293995,-0.15305349247646094,-0.588404740819588,-0.07370686728527745,-0.022768975218548364,-0.6987786582910491,0.11362699538111462,-0.04264080208744721,-0.8986813771315806,-0.030086157659226148,-0.04363725828950711,-0.6928944763699401,-0.04991846882014711,-0.04049032086569543,-0.5809476695283524,-0.007364823454194211,0.10849272905271899,-0.6828885034957719,0.06253559935257523,0.10106672114502199,-0.8679448699908285,-0.0022342052360392033,0.07376233141669641,-0.7396157432160597,0.007686812811653977,0.06375738674044693,-0.6446861213863373,0.04609152194513634
0.0,0.0,0.0,-0.20129522868894795,-0.1833032692606857,-0.08623445143448602,-0.3519630369556208,-0.44214452211422095,-0.1027513459433824,-0.42184400080676315,-0.6823007744828415,-0.13237114591621407,-0.40814345052955303,-0.902311760396904,-0.13695298346114493,-0.2752632800006919,-0.6916475300344933,0.16548885633899585,-0.3074004075013128,-0.8779958771264805,0.03028533095834277,-0.28346202718350044,-0.7052609521349713,-0.06625580592303934,-0.25876515164836156,-0.5914413300818284,-0.10087814674506478,-0.1531297048187299,-0.7048013448698919,0.16121083067347147,-0.19296852029602912,-0.9326220928503365,-0.00536399725366472,-0.17653926946603016,-0.7030530709632354,-0.09114636270388388,-0.15925530036445745,-0.5965724799871186,-0.09098401089595376,-0.02692459692598395,-0.689247310551239,0.11772354730706787,-0.04546735033950394,-0.8722348560062589,-0.043250391247323466,-0.04512790880243833,-0.6600101528394923,-0.06943431980945994,-0.04386406171316454,-0.5656940743029777,-0.025775773132448863,0.10557700900044342,-0.6725365476651681,0.06515074737802942,0.09520542679508234,-0.8271338624100624,-0.010019241569407727,0.07002504948740064,-0.6889665255631161,-0.004133044829657758,0.06297947238272532,-0.6102357893650596,0.033825197753365885
0.0,0.0,0.0,-0.19838090303857203,-0.1745671767547497,-0.08674526135091212,-0.3520767146566659,-0.4370939452086844,-0.10477455354936879,-0.4223984988277699,-0.6817754802865772,-0.13504937171286902,-0.4067948211981278,-0.9025221307588747,-0.14039209664510327,-0.282426029475338,-0.6852977760337947,0.15404751798697064,-0.31442935185875254,-0.8709984039472529,0.01637248885971204,-0.28362183005868435,-0.694254076949288,-0.07774257886444941,-0.2537626371681486,-0.5746665574397466,-0.11025532129745635,-0.15881688059001375,-0.7015410622562468,0.14931411296556912,-0.19780021690522576,-0.9278621317824485,-0.015041635342321844,-0.17764859489232682,-0.6943198718351306,-0.09221954638710661,-0.15837403804716277,-0.5899248128882011,-0.08669008379447081,-0.031091996717268644,-0.6849978046479837,0.10555841402869004,-0.04773861564822236,-0.8623588074185484,-0.05421359557243256,-0.04420897087244362,-0.6439323192987735,-0.06991463134175785,-0.041651353642846514,-0.5547546562894616,-0.020019210921214458,0.10241895247923702,-0.6634016057972744,0.05244339606111788,0.09371051350977799,-0.810512694187003,-0.021521591943163037,0.069528416955428,-0.6660523823950044,-0.008948880739179078,0.06210168221407615,-0.5918718989116624,0.03329149471652361
0.0,0.0,0.0,-0.20113786237574943,-0.1752295708297469,-0.08602887785820998,-0.3535695042289633,-0.43775616826840624,-0.10329540480225255,-0.4218937504731646,-0.6827859494120028,-0.13286570149817745,-0.4078808167818333,-0.9024906206880494,-0.13786010829448042,-0.28584227881553625,-0.679693878068349,0.1544808930352129,-0.31755282226063986,-0.8633495925693515,0.009045708521453909,-0.28610517580720785,-0.6879455552300229,-0.09171971682121152,-0.2532855045396093,-0.5663107013474586,-0.12785476894118358,-0.16150430296743568,-0.6912137170681587,0.14718722702095743,-0.20141210452386474,-0.9208777588062265,-0.025587316142668178,-0.18315791724030667,-0.6899682539224632,-0.10902514495011319,-0.16240602491541373,-0.5857809957639905,-0.10636762950385714,-0.032789956250376284,-0.6710705115567567,0.10065577294666991,-0.05013687603055171,-0.8445475589075297,-0.06780159215457365,-0.04773897740317612,-0.6197506697307759,-0.08611964813661277,-0.04483632878202362,-0.5320499709552537,-0.03597166022093869,0.10002439936219698,-0.6469897559368987,0.04507235158196407,0.08908857595375225,-0.7807041999001603,-0.03458833993313701,0.06335652644085535,-0.6272218811703689,-0.022164775859803063,0.05704882864026827,-0.5549571696136437,0.021191927545766858
0.0,0.0,0.0,-0.2039836788332976,-0.17337875640886885,-0.0851369453041527,-0.35632062270234843,-0.436041145043721,-0.10129025825891712,-0.4230385091325715,-0.6820170955036773,-0.1297404245447406,-0.41191983039218366,-0.9013061175952548,-0.1336589487800858,-0.28894845027030613,-0.676560493079774,0.15702525267618522,-0.3223055630088487,-0.8518337013606136,0.005503216993992936,-0.28902049857845136,-0.6813251012613903,-0.10135709626369509,-0.2555281045721773,-0.5638338573320758,-0.14179726513135985,-0.16451076778961526,-0.6856770127461861,0.14624068070064442,-0.20902773409343292,-0.9171475032642773,-0.035239497001445116,-0.1912438790323879,-0.6877526924469366,-0.12559179321739652,-0.17047899235102293,-0.5820638841294179,-0.12613072127209032,-0.036417736996796804,-0.6611989606233365,0.09594608340285268,-0.05671154898908198,-0.8343584474785495,-0.08162074002216371,-0.056210823859640505,-0.6041735647786398,-0.10476216490718394,-0.05546348968559558,-0.5169966532143979,-0.05604109629882895,0.09359910004282415,-0.6326565361653232,0.03689356376168367,0.07921539423272153,-0.7432229402137425,-0.051370038347449645,0.05352295422254012,-0.5863602837276991,-0.04386573107286048,0.048725591337919795,-0.523774391615125,-0.002857328611025464
0.0,0.0,0.0,-0.20219259464280653,-0.1767589719453134,-0.08112616946103562,-0.35166259063329713,-0.43697204799132106,-0.09676187515862203,-0.4216682757466783,-0.6807526977284001,-0.12439389735760793,-0.4162473592211955,-0.9000942166213636,-0.12832611283027218,-0.28432780141548547,-0.6783447030676324,0.15156143108236791,-0.31950981967981673,-0.8530751900701823,0.004695073696802982,-0.2910512570209911,-0.6824717434538656,-0.09749421612111608,-0.26012149912975646,-0.5639402192021401,-0.13648207239711635,-0.16124430497306824,-0.687096881734769,0.138727810297551,-0.2090553844934822,-0.9235310890177417,-0.039139916584155346,-0.19587365260276735,-0.691458608292682,-0.12527418010093222,-0.17480440065918224,-0.5803052649077499,-0.12401436505503795,-0.0347591992658859,-0.6567154448873699,0.08792839330209543,-0.05899524742794876,-0.830881265436558,-0.08700214035286152,-0.06229824492086773,-0.5999861084226763,-0.10833102841147943,-0.0607275570487726,-0.5138257828061535,-0.060024672961166856,0.09159705058663248,-0.6182716273029477,0.029015655867283094,0.07265989979047144,-0.7107995926832684,-0.0608250726520349,0.046713924137466424,-0.5545785371901469,-0.05520809832103976,0.04501115974411609,-0.5004603811452126,-0.01630621316044461
0.0,0.0,0.0,-0.20560827552516603,-0.1804752445954279,-0.0776592192003189,-0.3539836541294278,-0.43720413972393146,-0.09350114164996344,-0.42406677491472633,-0.6802974402900974,-0.12228973940657364,-0.41881841932637714,-0.898996987740565,-0.12781627641218923,-0.2842874501511927,-0.6800908027209651,0.15517669786250216,-0.32266949102371756,-0.8490669141937947,0.006267836939343201,-0.29379714517525163,-0.6799222811383585,-0.09928929872463041,-0.26373781379620886,-0.5633258179339117,-0.14115230745585886,-0.16240955053741135,-0.6858381534588032,0.13880748321116707,-0.21365727724787476,-0.9196809974460667,-0.04287973166806677,-0.20135638592166527,-0.6895719509252881,-0.13357610051468985,-0.18227556041511847,-0.5785361975846284,-0.13536369691151984,-0.03724591907186384,-0.6540818653835554,0.08480316221431901,-0.06430246954650934,-0.8270758643936285,-0.09347970168969386,-0.06902822257225011,-0.5977759663929838,-0.11856836450206945,-0.07024387767088035,-0.513436052306484,-0.072825469431771,0.08604305268084078,-0.6147545826199827,0.023067495733823273,0.06290397927861413,-0.6913527774104287,-0.07091251488032099,0.03843309639293247,-0.5358556528391603,-0.06851405008627696,0.0384826076584126,-0.48673545760529147,-0.03161409744375909
0.0,0.0,0.0,-0.20392702775224025,-0.18234513559237003,-0.07234403097731115,-0.35181594039800757,-0.43917622899535264,-0.0854201850128956,-0.4237628782109567,-0.6813362363133111,-0.11106430855736488,-0.42184815591645863,-0.8993760812611203,-0.11370623534041543,-0.283161832901176,-0.6831690062659921,0.15103700667225622,-0.3188260427616936,-0.8605701968431805,0.009787632776007683,-0.29388017057674476,-0.689967843831483,-0.08876685858906727,-0.26677422269821266,-0.5677326654586716,-0.12717115632508927,-0.16065814079810972,-0.6897743045545223,0.13448701955404713,-0.21082270990750682,-0.9284728557382654,-0.03816241872173218,-0.20040716425699154,-0.6965011744856178,-0.12173465408147302,-0.1802466514484439,-0.5798196276969811,-0.12079730066598723,-0.03534183419295908,-0.6556896460194176,0.08198217703753011,-0.06220035340000428,-0.8306476184016045,-0.08834520865156653,-0.06859340222525065,-0.5985485556120156,-0.10885101566385594,-0.06917569415771418,-0.5093753516233563,-0.06259103483999469,0.08775786248260548,-0.6111285608829393,0.022283095820432287,0.06436337925962068,-0.6848606085659201,-0.06873119751698537,0.0385842812874978,-0.5263937984191336,-0.06523720283676337,0.03800846094432851,-0.47615747506463363,-0.02876665426422889
0.0,0.0,0.0,-0.20460490486858815,-0.18717287044731895,-0.06687610271465462,-0.34940891513862277,-0.44460039996027056,-0.07801632878174283,-0.4205377998274269,-0.683044179482589,-0.10274790826750735,-0.42418353813362,-0.8993176732957295,-0.10536699274822936,-0.28234550961686544,-0.6806795141142645,0.15323140638201932,-0.3194136332655966,-0.8585135372407401,0.01545507322996878,-0.29187995499295283,-0.6885901487552639,-0.0835075263411329,-0.2631024603950769,-0.5626769467724474,-0.1234098570019479,-0.1600766158550175,-0.687380942817848,0.134358674480074,-0.21048137444640444,-0.9263799614017656,-0.034033718058649236,-0.19729423677586216,-0.697063389943702,-0.1192382465165435,-0.1762240575899292,-0.5749809784428062,-0.1217323254391112,-0.03499027625918553,-0.6529779873693999,0.08060212814683464,-0.06385630225289296,-0.8310003578531915,-0.0833852736654926,-0.06833092210127331,-0.605656740775729,-0.10603754594369534,-0.06846796154645271,-0.5129116360201486,-0.06425535026618343,0.08706121192631242,-0.6084116429857951,0.019941218073626282,0.06272938491239005,-0.6799213285975847,-0.06739837428331495,0.038053266254459456,-0.5265021834312303,-0.065560893766846,0.03751614198083824,-0.4760338214394457,-0.032283662055149376
0.0,0.0,0.0,-0.20535753958454056,-0.18631489918549543,-0.06835304136723189,-0.35037515514354717,-0.4438878318400512,-0.07929606788254548,-0.4218614154979814,-0.6812049181255156,-0.10357160917813658,-0.4290689593946879,-0.8969955769893287,-0.10569990532543316,-0.28959922041647757,-0.6788383786418533,0.1541204706197061,-0.3276938035278671,-0.8552081937828514,0.018932805511537344,-0.2978098340189494,-0.6900059074357787,-0.07870717918375693,-0.26921662861306894,-0.5700233410262711,-0.11856075583422107,-0.1676414297760626,-0.6876274413094382,0.13643011900776214,-0.21745663769147622,-0.9234898030038666,-0.030243488932232332,-0.2019412088996826,-0.6943600398087755,-0.11560747097676971,-0.18192095574794262,-0.5770726413086488,-0.11889127258749235,-0.04235568265459913,-0.654701381712984,0.0839038211388844,-0.06916308931526033,-0.8344519894401404,-0.07922041855528036,-0.07331834205628016,-0.6103817036768067,-0.10298922350837611,-0.07567062387224249,-0.5194654645004353,-0.06262478696286392,0.07988041424115791,-0.6115638217015098,0.024295588770754897,0.0583967040658381,-0.6805600307763456,-0.06389713804971914,0.03329702690501043,-0.528179756645495,-0.06377563924463941,0.030720393602054856,-0.47854593544685053,-0.031912849762730656
0.0,0.0,0.0,-0.20554455212749698,-0.18812411191117798,-0.07289892483959957,-0.3503804904134527,-0.44222863271892804,-0.08665129530931164,-0.4227138356782436,-0.6768257336170356,-0.11348255153212922,-0.43290396722468105,-0.8935595113424604,-0.1179255223705557,-0.2889034249385297,-0.6817951041817819,0.1540785216839412,-0.32835079538111306,-0.8534644185807077,0.015437257272021459,-0.2995012996085182,-0.6876697416633808,-0.08544355534468337,-0.27082477346018685,-0.5678400366942125,-0.12689759286092786,-0.16770613802293866,-0.68817318488457,0.13752441314661412,-0.2172483717404895,-0.9204727484833426,-0.03408821162142728,-0.2027424017810338,-0.6921635391158217,-0.12426737422154288,-0.18417769238948228,-0.5757672857205194,-0.1300090947282586,-0.043579601931316936,-0.6539476313036459,0.0852707118946569,-0.06947552174960402,-0.8306137432985399,-0.08199047401339543,-0.07485420685614244,-0.6106568070798724,-0.11132374707652888,-0.07874728585671953,-0.5211971988966135,-0.0738570568244615,0.07655362729653745,-0.6107858150067592,0.025698731416650925,0.056459689867267765,-0.6761771775026628,-0.0650848675684486,0.03185399839117351,-0.5275034644628147,-0.06897537470911183,0.02921331077476398,-0.4793492504403188,-0.039563946814775736
0.0,0.0,0.0,-0.20165844970861233,-0.18524649452596653,-0.0738597782720192,-0.3454407176555253,-0.44152339166342136,-0.08673267026941665,-0.4182290865577408,-0.6771304765698992,-0.11133454536081881,-0.43327375706743826,-0.8939051196171428,-0.11434531685059067,-0.28932718223148873,-0.6797706548065463,0.1479289572475172,-0.3262627870914732,-0.8562570022259327,0.01516520979039563,-0.29545494724146937,-0.694000089004347,-0.08289071284859566,-0.26603727019257317,-0.5667772028581779,-0.12345755441016038,-0.16832252355792762,-0.6898048417451801,0.13428030732759547,-0.21638669020249762,-0.9263950695629666,-0.02857104741405288,-0.20197562838993688,-0.7025799635344177,-0.11522745427092349,-0.18259849179162196,-0.5779876955959065,-0.12092432065463249,-0.044429553504181055,-0.65505908832696,0.0859160975418742,-0.06590083890823928,-0.8352108148371387,-0.0740168803446678,-0.07224737142527965,-0.617882203877275,-0.10189857154443269,-0.0765957072703256,-0.5201141257474475,-0.06548593676240558,0.07679445457485432,-0.6078855197615757,0.03014407813404441,0.061347089716475525,-0.6778847114699529,-0.057442820949885384,0.034340519128369135,-0.5302477525798963,-0.06079699987853337,0.02734778802750659,-0.47669914076475467,-0.03209198325344246
0.0,0.0,0.0,-0.2051437174547952,-0.18683911128486289,-0.07363588536397739,-0.3477464572103224,-0.4410658573938789,-0.08643888094676679,-0.4192665153934377,-0.6734095368012533,-0.11159120588337287,-0.44007161823449314,-0.8904256242686823,-0.11555551715288542,-0.29864759161366616,-0.6786795213919088,0.15106475346382064,-0.3360595454822677,-0.8563083525115106,0.016230727085251306,-0.29955603171938383,-0.697339338455877,-0.08660915357376102,-0.26850992576567034,-0.5670506800765853,-0.13014043726102942,-0.17656348919205336,-0.6893928679324208,0.13635176646934713,-0.2249540719606139,-0.9270859256511355,-0.02960377340415843,-0.20297131591536777,-0.7057548289819574,-0.12433886200206681,-0.18280143209405136,-0.5783181847610195,-0.13578550210770163,-0.05175589146672209,-0.6584775627303912,0.08697490890436355,-0.07361077057138862,-0.8422157001685692,-0.0741841870829364,-0.07516791958901194,-0.629980687665807,-0.11063013477317032,-0.08119497222625477,-0.5290304557779343,-0.08047505018926984,0.06961960674891263,-0.617371018200576,0.03038839124020594,0.05437991339756769,-0.6866521389448845,-0.05760222181307059,0.029596381170214833,-0.5455246445553411,-0.06554070324975672,0.020901660014417785,-0.492478404483747,-0.0407692873918683
0.0,0.0,0.0,-0.20096138384638684,-0.18342766016569734,-0.08096611561929332,-0.34177368720354484,-0.4395726988920035,-0.09573127282274871,-0.4134291231271683,-0.6697167972137825,-0.12125174154145148,-0.4418886229057033,-0.8880224016579217,-0.1263415714816663,-0.30206735211565133,-0.6740938064027456,0.14469288751299875,-0.33837799569721383,-0.8594060990467669,0.010805852312025391,-0.2985343230607289,-0.7065009574921355,-0.09470566911294118,-0.2659608616664777,-0.5735249191012586,-0.14062154077516584,-0.1788494630291566,-0.6864983359495354,0.13388361991173758,-0.22470323361986796,-0.9310675946394362,-0.031473136211488326,-0.20043512488531248,-0.712886606420791,-0.13247625132744278,-0.1804273102361941,-0.5794776076522614,-0.1492626642912928,-0.052763350017432334,-0.6580249600617356,0.08845407364337973,-0.07077974249280494,-0.8503549997630451,-0.07257813720648534,-0.07157678863262579,-0.6407557004120954,-0.11823423266809586,-0.0796787574461144,-0.5322879698682963,-0.09501074208844244,0.07050901743929436,-0.6208571661514137,0.035636035785387044,0.060006721929455026,-0.7016510093428698,-0.054096578100142685,0.03449069803436578,-0.5607581119247111,-0.06765439363209805,0.02112491883990647,-0.49898904323114757,-0.04748009072293759
0.0,0.0,0.0,-0.19574157223070132,-0.18483600090830749,-0.08055644247696314,-0.336639828435622,-0.4420345370564459,-0.0953168937973751,-0.40941567541111057,-0.6717063965646419,-0.12103611013123253,-0.438384248151243,-0.8897508747984804,-0.12670044006183517,-0.29762031123446275,-0.6751029092922258,0.14477867890229498,-0.3338167193155941,-0.8611882602492962,0.014772943266024085,-0.294064938860195,-0.708661831376995,-0.08811058853091752,-0.2610085658417722,-0.577220697943218,-0.13291168697966754,-0.17679196839379802,-0.687944718835116,0.13506869909714772,-0.2192630911120289,-0.9310893428161833,-0.023585306626572593,-0.19637810799364586,-0.7128958653619255,-0.12118390707077943,-0.17916389701103846,-0.5846607869056097,-0.13781318026893646,-0.05202262535295216,-0.6607462296219803,0.09091428385231545,-0.06694589965927739,-0.860799621649428,-0.06333254745420905,-0.06925971588788894,-0.6538777123786258,-0.10635872660034457,-0.07897923495957765,-0.5457821315145951,-0.08395352109502517,0.07077726777196452,-0.623291616914037,0.03910519893894282,0.061278482623392964,-0.7148615673766054,-0.04556732858360937,0.0364409347948335,-0.5761618682447343,-0.05686044198035855,0.02375864055770128,-0.5128021131313033,-0.03662737748053617
0.0,0.0,0.0,-0.19648608142138443,-0.18246991630310663,-0.08635288858906646,-0.33801649018669927,-0.43951034486599205,-0.10182708425234197,-0.4098045771666161,-0.6677468265263344,-0.12764011510380924,-0.4421412255014163,-0.8869564384381208,-0.1330501963142136,-0.2999431744517628,-0.6757825001554834,0.1490157120386219,-0.3371485560578838,-0.8600562657088096,0.019462087123044973,-0.29643554508204434,-0.709101211058863,-0.08397899133509487,-0.2634843692281126,-0.5824553127154275,-0.12819185665159633,-0.1780229783877041,-0.6920897049297792,0.1428642483640593,-0.22304639451335462,-0.9348772926235472,-0.014567197641141904,-0.1987080736956592,-0.7190618784400701,-0.11373350639304299,-0.1811670845471734,-0.5933010517946815,-0.13059141375766609,-0.052033608118524435,-0.6690279182650472,0.10114072096365548,-0.07011917336420975,-0.8715529443304664,-0.0530635139558279,-0.06845867577382714,-0.6629321915424932,-0.0969615116686004,-0.07623292796598677,-0.553490642884814,-0.07375007521867039,0.07396917085290951,-0.6361003152774022,0.051322694638109526,0.06275352130862492,-0.7441659604131388,-0.03159453559104372,0.03841111761035162,-0.6023960609695349,-0.041010175762704944,0.02486503254850681,-0.5306857703029892,-0.018659294523088246
0.0,0.0,0.0,-0.19293972328603615,-0.17358687127987732,-0.07957319598197538,-0.3328732214759335,-0.43933716651683635,-0.09198943924624411,-0.40588374183586995,-0.6730631073309957,-0.11443726984474596,-0.4401818542517568,-0.890059744319357,-0.11707413659467147,-0.29687728930966273,-0.6761384976962999,0.13814113488416185,-0.33029966122119003,-0.8656105919624177,0.022143886110279898,-0.2896955899281362,-0.7051540287385117,-0.0671041162483335,-0.2574494028902496,-0.574781393860631,-0.10353755971081799,-0.17497837463754906,-0.7024249336615103,0.1337582368536854,-0.2146288653352637,-0.9465100728512196,-0.003041420078961087,-0.19044460624838475,-0.7196086042179762,-0.08136439173554925,-0.17326091807912186,-0.5923429470894386,-0.08844658474927743,-0.04795491536637163,-0.6832278937638849,0.09631555683026286,-0.06246866025697212,-0.8979639824704708,-0.03877083225597931,-0.058677243721520014,-0.6831896465679386,-0.060662885179598794,-0.06062565764001024,-0.568847022216481,-0.027670887534820637,0.08232854615695692,-0.6453026580960104,0.05068815952813016,0.0759083381932457,-0.7835446572460465,-0.018785236129862715,0.05129070825888571,-0.640107941819022,-0.01338903421450161,0.036566919271437334,-0.5616481373935027,0.016971126666544725
0.0,0.0,0.0,-0.18853364766902864,-0.17347827920614856,-0.07442241108613536,-0.32928955009639804,-0.44370446291717813,-0.08474237070793986,-0.4045407752368712,-0.6786070363129106,-0.10525710317614063,-0.43684373893550754,-0.8930643388255731,-0.10632132566340624,-0.29473650689498304,-0.679330178578277,0.13214184881750113,-0.3269127024617831,-0.8658117041046685,0.02150436562579104,-0.28257021746336486,-0.70972598878955,-0.061877215793028614,-0.2485626022984364,-0.5820034148252222,-0.09519766941607018,-0.1746074617032848,-0.7094174063335023,0.12771784606063935,-0.21159579740208323,-0.9496131069892142,-0.0002849089362611263,-0.18503180886375342,-0.719659303936379,-0.06732061047887677,-0.16731140570973557,-0.5930533227820325,-0.0686296998454824,-0.04749063954469293,-0.6916773724973336,0.09164871256601079,-0.06090101952381741,-0.9067420294199875,-0.03609390422119832,-0.05486879713687047,-0.6893109569994914,-0.045129660325501204,-0.05433842711593942,-0.5753957401528899,-0.005066259536384248,0.08416721072318877,-0.6489274333097054,0.047394382855846434,0.08255486034666171,-0.8021480376322867,-0.01761831191092239,0.05718932700555991,-0.6578471790736804,-0.0038139426492001163,0.04004861720717686,-0.5753538406939427,0.03214518460265989
0.0,0.0,0.0,-0.18401714532434166,-0.17259780901304472,-0.07170787473688825,-0.32589307416114743,-0.44294120539769055,-0.08180975282814376,-0.40462829141503187,-0.6795144140201659,-0.10219530546898256,-0.4346980324990124,-0.8945490208440285,-0.1032158537524547,-0.28982627211355283,-0.6817700570007992,0.12731981876171586,-0.32078098084013207,-0.8737204826721439,0.022167666776443953,-0.2771852572413118,-0.7182700204193017,-0.05560136555372232,-0.24341583267568628,-0.5860273559743856,-0.08563380958135568,-0.170773154831091,-0.7135931035992622,0.12379322527120579,-0.20553338013260708,-0.9534737286378563,0.00419445259759542,-0.1803914522470339,-0.7212252271987645,-0.05522463529700028,-0.16333303578479053,-0.5915778581026444,-0.05336463519761193,-0.04416783094336156,-0.6971670294767076,0.0896715203572842,-0.0554458108105963,-0.9164187308547189,-0.030856576941423325,-0.049998897324821816,-0.6978615010933198,-0.03365771595133505,-0.048533058919945346,-0.5789308793451344,0.00879518261283016,0.08753058413864076,-0.6523908866309769,0.04748205576886032,0.08941891639460138,-0.8204016685706053,-0.013617118926660355,0.06295604786627926,-0.6774153205901403,0.003403035934867747,0.04453452375119164,-0.5887108797215441,0.040974143109080846
0.0,0.0,0.0,-0.18054718690311766,-0.17382968034769383,-0.07285947480486105,-0.3216793537359359,-0.4459305192715297,-0.08329914433828804,-0.40072067137752604,-0.6813725484913313,-0.10358723564364306,-0.4334066725964492,-0.8950963147761313,-0.1042835443751165,-0.2868892596788113,-0.6818742311690755,0.12353050491310844,-0.31232564590812234,-0.8765491122603505,0.018759521952411297,-0.26713368422094863,-0.7183182172133736,-0.05891676600849255,-0.23474423190946836,-0.5813312051028255,-0.0885451637380879,-0.16833739103759615,-0.7140016297732601,0.12221893109888864,-0.1996015218411537,-0.9512736902280091,0.004767131299697802,-0.17226194892334692,-0.7192162648301614,-0.05415435622193919,-0.1564348393571975,-0.5886825229402531,-0.05319324839980992,-0.04233136078939206,-0.6992105373029274,0.09061039757734266,-0.052042065469106315,-0.9213567734057175,-0.026564220075672957,-0.04489197558294985,-0.7059709754172121,-0.02887749304408894,-0.04358566839678717,-0.5844356308054415,0.01262630552717401,0.08862373126705134,-0.6571859022121179,0.05084580113138729,0.09398230316669098,-0.8330540752949316,-0.007333765878346312,0.06916624585336217,-0.69472592577474,0.0102093643825543,0.05023915984591207,-0.6047513800375774,0.04745394534308402
0.0,0.0,0.0,-0.18065338767859962,-0.17049935677333503,-0.07004893041063087,-0.3233696029809353,-0.4411823304611607,-0.08175636640241205,-0.4058007896529699,-0.6805495965594117,-0.10381982282846562,-0.43455792176005587,-0.8944173133689903,-0.10550221658366106,-0.2768586467406542,-0.6828373785369397,0.1114336347464145,-0.3073220859289354,-0.8886129550135732,0.010494044284633658,-0.26390910424134584,-0.7203738441123306,-0.05969208136787045,-0.2307176951563242,-0.580288982650822,-0.08357233490747037,-0.16048134561400307,-0.7162278892419127,0.11115453068408163,-0.19885198116846167,-0.9558711361614385,0.0005444679699234793,-0.1707042779303254,-0.7213677535379441,-0.04831428817019369,-0.15011123207842808,-0.5895083083903523,-0.04210257352390227,-0.0365289742891318,-0.7081413828436864,0.08197099309620555,-0.057309538983913944,-0.9400477510715075,-0.02532709516534303,-0.05021415260855348,-0.7302142378685519,-0.019262111860655757,-0.04113156063849194,-0.6042877268080694,0.025829511164227884,0.0929125758311831,-0.6754036339424421,0.044489244287937574,0.08926920421233142,-0.8778673854662677,-0.004957503428434713,0.0641681243591928,-0.749052364289278,0.017509711391575207,0.05142005385039494,-0.6489637331983231,0.05735025123394793
0.0,0.0,0.0,-0.18507823988231445,-0.17192149650327032,-0.07000167416970161,-0.32677538339424617,-0.43897679909325915,-0.08135553659766942,-0.4071418651054341,-0.6783575029594595,-0.10398892117415885,-0.43469003417712293,-0.8942205432026653,-0.10672145681091846,-0.2769953316761443,-0.6799987269414516,0.11836578430703931,-0.3104107474091842,-0.8839516052540968,0.017983555942307668,-0.267321257712834,-0.717748631184924,-0.054452287384375894,-0.2341523896187791,-0.5806146871763521,-0.07965713127875645,-0.1619479985389592,-0.7148889463060735,0.11828699732020595,-0.2040876311384634,-0.9527965556488287,0.0055784308851384,-0.17229880481325188,-0.7199161585743394,-0.05056821651245823,-0.14901406953439078,-0.585826739386871,-0.04879006608713943,-0.03862630736775639,-0.7118459930300347,0.08922708596966175,-0.06348012017658097,-0.9431273510523832,-0.02045532770726188,-0.05361225479685981,-0.7384939484418456,-0.024070764753625053,-0.04232426447699518,-0.6075428865994561,0.015722033833461834,0.09060967013024308,-0.6876716860377599,0.052336101559813206,0.08563817187392389,-0.8980531852169401,0.0013165408449716514,0.061925256936084645,-0.7736552965803465,0.01854793119706548,0.05036037760820794,-0.6659078155496962,0.055322669679740685
0.0,0.0,0.0,-0.18465996921028335,-0.16652711965758848,-0.07207639288748341,-0.3305319723298145,-0.43231820451873243,-0.08548302503622501,-0.413936129520308,-0.6746830624217068,-0.1090138678211715,-0.4383598324786575,-0.8918017275857528,-0.11168705481590946,-0.27077809517856766,-0.6814070573058314,0.1063840839484797,-0.3059766537226781,-0.8952772737502827,0.007427597094505155,-0.26637621623747276,-0.7221407824799426,-0.061449996175252895,-0.2336559498814863,-0.5787067623085088,-0.08409828304397728,-0.15693606089806253,-0.7175818414039454,0.1088180136222722,-0.20136932809066593,-0.9580235379817676,-0.0006484905710606283,-0.17041467233842647,-0.7262886414924574,-0.05250463429961947,-0.14508386389586064,-0.5904887407658699,-0.04912917869538523,-0.03622074865518501,-0.7167326359310471,0.08301477599809812,-0.06505100527124913,-0.9530889475565483,-0.021578401121125915,-0.05617449438180132,-0.7551425972959879,-0.02295608223604443,-0.041475283084926526,-0.6228403990004407,0.016461903853916264,0.0904665805405972,-0.6963411153288959,0.04913510312856759,0.08135490738526206,-0.9150953114928523,0.0007531280666150903,0.05789750957914583,-0.796891814296103,0.01771925135874731,0.049790842592306706,-0.6861909916412816,0.053574234613255195
0.0,0.0,0.0,-0.18564479136955506,-0.16210201085711495,-0.07366620615132324,-0.3334720968567867,-0.42873067180161095,-0.0880160789053914,-0.4179845689309585,-0.6734192725857626,-0.11183212085913583,-0.4407623097362214,-0.8902825898491232,-0.11437663290782626,-0.27589818903549895,-0.6807699414122383,0.10077010020442406,-0.3109839264337344,-0.8917287133434568,0.00027438129987354025,-0.2666340941030979,-0.7140622304655853,-0.06755506331184398,-0.23304263496317562,-0.572586111095187,-0.08904806773035462,-0.16166810950033472,-0.7175661728889355,0.10467063649289537,-0.20260735138894298,-0.951130682438994,-0.006761861088124911,-0.16720533347052113,-0.7146079248386651,-0.05657241690077688,-0.14316390822582872,-0.5817531105114233,-0.05123568655784122,-0.03971116513666223,-0.718113880571964,0.08074266391445384,-0.06621644506949104,-0.9503453656112704,-0.02511244592513625,-0.0548008038495304,-0.7466057155710877,-0.022025386234628415,-0.04208308249772191,-0.6160533370102967,0.021000167206389492,0.08699137241646766,-0.6992843890564486,0.04866098625535707,0.07701691615752264,-0.9166829651933508,0.00025414598839000797,0.056274563335537396,-0.7938518904311074,0.020836672901928047,0.04928492421285037,-0.684578686658451,0.0600104674479338
0.0,0.0,0.0,-0.18569398568988194,-0.1595142777402157,-0.07610839993969287,-0.3360379434274616,-0.4263489202608133,-0.09179142050508074,-0.42212110379525225,-0.6712167140134617,-0.11671351007941343,-0.4418407480885055,-0.8889765269534949,-0.12016398937989459,-0.2741780581347958,-0.6821532171052668,0.09972138829581152,-0.30852705286306165,-0.886688144278683,-0.003209559765317097,-0.26470723958077136,-0.7045479899207818,-0.07228009132815218,-0.2295761404231443,-0.5619182321715772,-0.09413726417262883,-0.1600646870654766,-0.7193581699071185,0.10427008420861918,-0.20032214134400902,-0.9489733419189659,-0.009425052327060198,-0.1655389933369231,-0.7071425228049224,-0.058092365974476465,-0.1398188345517658,-0.5727843139250025,-0.0509161852063397,-0.038534544552721706,-0.719732516583824,0.08035880389452708,-0.06395574418879413,-0.9491447577298833,-0.027908943700788648,-0.052104333803651225,-0.740905539386113,-0.022770388782763423,-0.037416670758687536,-0.6091946594327915,0.022857460382628,0.08734418774714853,-0.700776099344756,0.048015538835543714,0.07694118988594206,-0.9182982845567239,-0.0014638430130830419,0.05635391732585708,-0.793849588371558,0.020328309661087937,0.05024146477461125,-0.6847188161545852,0.06112750909325243
0.0,0.0,0.0,-0.18534924111871698,-0.15851311005939134,-0.07540128914648966,-0.3363333650918715,-0.4241456602491558,-0.09234138736078326,-0.4234777398794914,-0.6708378981194325,-0.11863109514068618,-0.44007865791764134,-0.8893872452440255,-0.12360004434601378,-0.2693319408154843,-0.6793915206383208,0.09596108271136493,-0.3033029883777727,-0.8860840137591086,-0.005485168931179484,-0.2619961042273967,-0.7028739267762312,-0.07324041995869576,-0.2275259096348608,-0.5581383907392257,-0.09473599894221657,-0.15526161151169887,-0.7168603322653518,0.10043306335582206,-0.1957771966307984,-0.9483243046113169,-0.010536997706544789,-0.16290938908387415,-0.706168200994917,-0.05694280793852465,-0.13622306001967627,-0.5692595917277786,-0.04923778568647771,-0.034037593944912375,-0.717081120454887,0.07700772495558852,-0.060643870186029424,-0.9504771610858092,-0.02842773444109239,-0.04995507240386193,-0.7417675789188953,-0.02127950199524966,-0.03356598974949655,-0.606251951014063,0.024856510697606592,0.09106255274588043,-0.696748390772183,0.04511681719215085,0.07988672805856738,-0.9177229970344836,-0.0035515969211986037,0.05787897525619794,-0.7967078670845303,0.018295571729199368,0.051881779059482165,-0.6865638947507773,0.058787358797217984
0.0,0.0,0.0,-0.18716934530664014,-0.1574694246188894,-0.07480474821015226,-0.33911042477616216,-0.42111386967851683,-0.0919042345611057,-0.42718708801318217,-0.6691634771383418,-0.1186039619329661,-0.442610728436715,-0.8879894433899471,-0.12465531172078406,-0.27118114873644295,-0.6759205272165487,0.09382183935710872,-0.30259464059185637,-0.8821853618427686,-0.0062316175710266705,-0.2620184648502823,-0.7027847003943015,-0.07360136199893394,-0.2307788161038577,-0.5575654757201047,-0.09579380619659222,-0.15683822736889125,-0.7153812370961358,0.09707146684288105,-0.19612926065564618,-0.9490196193123719,-0.012761366540608981,-0.16325437778688104,-0.7086124872172993,-0.05979879668672214,-0.1382636919786873,-0.5675885650173833,-0.05332669335076217,-0.035541218058346535,-0.715924259676302,0.07287460084048733,-0.060351725565433445,-0.9494129990017586,-0.03289198815791754,-0.04894394797784954,-0.7394771177782674,-0.027125253608106418,-0.033946227760884184,-0.599756243459185,0.01783599666338232,0.08949751632100796,-0.6940914015112065,0.04032766283246383,0.07982940741772065,-0.9147870552708968,-0.010217886252838046,0.05774596485473259,-0.7953456207332417,0.010096879864554738,0.04918932445042387,-0.6842648599570553,0.04923768777316666
0.0,0.0,0.0,-0.18532048555176095,-0.15404429656101692,-0.07733118169479924,-0.3373613602003339,-0.4188983074084,-0.09482330738802505,-0.4268242304934773,-0.667944351225763,-0.12115461393763215,-0.44371897358190066,-0.88716367122469,-0.12661971246623455,-0.2727097745459127,-0.6744334926369882,0.09016473399196659,-0.3044339859283821,-0.8813278330425629,-0.00987556574842242,-0.2643816750745437,-0.703765752200739,-0.07616819909797046,-0.2337674485467575,-0.5599142170030158,-0.09767797985329756,-0.1574579606197454,-0.7159069685436894,0.09424613612270055,-0.19831416079083786,-0.9523557417155754,-0.016238912422132695,-0.16547480744322202,-0.7126614520560713,-0.0628543579043982,-0.1406624337852282,-0.5720172253747319,-0.055832240323101245,-0.03508522368225016,-0.7181155662394322,0.07077449309944699,-0.06029549331943217,-0.9527118106945259,-0.03594921304445926,-0.04888883535103439,-0.7453747676813716,-0.030982444628597172,-0.03450283810029346,-0.6078309580723753,0.013523552836433781,0.09090191860044708,-0.6980417413490212,0.03886229726856699,0.08032570406631767,-0.9200873838782753,-0.01261891834281266,0.05836653959582252,-0.8020935950007106,0.006785265222534371,0.04916721670086932,-0.6910119244714474,0.04528689983279291
0.0,0.0,0.0,-0.18733202362893836,-0.15602297795830833,-0.07522309626574537,-0.3401471473653958,-0.41990799737586504,-0.09109197961805529,-0.4305267193815102,-0.6671346066300023,-0.11619276788839822,-0.4489528312821907,-0.8852703496883758,-0.12110145961190276,-0.2751723282701781,-0.672737891804924,0.09328979664268766,-0.30832282709961173,-0.880081757035504,-0.005711015154075795,-0.2678608298563362,-0.7044367161793863,-0.0726092963812831,-0.23641574666957937,-0.5608125588271176,-0.09458065825227194,-0.15909166352496082,-0.7152019584578941,0.09662810313155931,-0.20190373762773395,-0.953780853416427,-0.014161169320353748,-0.16882511350337487,-0.7163519657305524,-0.06333063290978161,-0.1428133854566988,-0.5743109252640566,-0.05788978033274316,-0.0361348252980345,-0.71852335750735,0.07278313299987818,-0.06331400637679271,-0.9550490755034728,-0.034415802113142685,-0.05275758066405575,-0.7493614042760299,-0.03267659138425901,-0.03809613627557165,-0.6097492195013638,0.009944099965237997,0.09003280460337493,-0.6996562558817019,0.04091234714415263,0.07748580985584066,-0.9230428958485852,-0.010950276486098708,0.05548927628736734,-0.8040212633672084,0.0072480261259264085,0.048025725057061,-0.6895800148449516,0.045042216105056584
0.0,0.0,0.0,-0.1855606848298978,-0.15531418896444288,-0.07721175295606403,-0.33547493322098215,-0.4211488671421029,-0.09428542667358047,-0.4228482691820733,-0.6684985564690216,-0.1204558097162006,-0.44246979839472134,-0.8877507163698546,-0.1265131415867799,-0.2686905687597235,-0.6709038789794151,0.09072799744984245,-0.3026716201281943,-0.8786488749144681,-0.008755385125472276,-0.2686481593418488,-0.7064799212436887,-0.07686031811982813,-0.23969273684832848,-0.5616502307242828,-0.10000265596385138,-0.1541537951533123,-0.7136361674278919,0.09414747462159793,-0.19833307744765055,-0.9569586398408065,-0.015391211532826797,-0.1699686168889573,-0.7247362828302226,-0.06474706685009227,-0.14455272143753922,-0.5820963405027515,-0.06035159454652517,-0.03296322380098145,-0.7161094648871902,0.07001627405840422,-0.05996498808769525,-0.9597685851874582,-0.03557139672467695,-0.051908172335476246,-0.7618525907010174,-0.03553541380769951,-0.036245458515514584,-0.6223549105624215,0.004827941697182142,0.0915593640435523,-0.6958632139640533,0.03740869801234534,0.08278252846147396,-0.9242776497652885,-0.013968933814292438,0.05739143021581643,-0.8159736047738833,0.0015473250939690869,0.0460630472015988,-0.7047014764412344,0.03644903189019496
0.0,0.0,0.0,-0.18833356252338587,-0.16119418044283168,-0.08011442001413804,-0.3352292807049456,-0.4221395006395877,-0.0982621264012297,-0.41842184868532584,-0.6670751065519475,-0.12577149457264725,-0.4393609063617314,-0.8882942668025672,-0.13334850086836164,-0.26038659941723274,-0.6693638321121131,0.09962549209028648,-0.29662381103251034,-0.8756818896727967,-0.0024066850251868994,-0.26991871610282503,-0.7104731998291731,-0.07566049274986332,-0.24331716185154698,-0.5681785029120243,-0.10146723630193111,-0.1484901405327485,-0.7090111756483793,0.10414068276743554,-0.19693254861701526,-0.9513401255434015,-0.009172025432079914,-0.17360652850969455,-0.725597984705581,-0.06747287617801499,-0.14822992129351387,-0.5847684921853422,-0.06844309906241997,-0.031434001948797086,-0.7124850000535283,0.0800205919272613,-0.06215878471756605,-0.9548460157000276,-0.028836956291775802,-0.057486178388334974,-0.7650975088021479,-0.03913734032414247,-0.04101442997156199,-0.6254140434449684,-0.0045210912497952414,0.08968780304388257,-0.6962473422877127,0.04736724357586465,0.07905508324173949,-0.9250023885722403,-0.005278340166964044,0.053662433434352966,-0.8222961110539799,0.004687799939177138,0.04449359471073181,-0.7096184745416854,0.036077724041267745
0.0,0.0,0.0,-0.1905384651323607,-0.162163785390174,-0.07993342401006064,-0.33680415465506797,-0.4209336517487936,-0.09846905793591987,-0.41802201022440133,-0.6670053542475932,-0.1269470678629206,-0.4394991421909128,-0.8879848451037147,-0.13514197737654318,-0.2624184926077769,-0.6664520654830968,0.10601594936661071,-0.2974716310829625,-0.8703250200990982,0.00023102949093214823,-0.2662783505180639,-0.7032460233967452,-0.07578297557033492,-0.23727871940419198,-0.563691957704106,-0.10239516827808721,-0.15027371760985697,-0.7032683749494939,0.11014136581307223,-0.19531773044398082,-0.942848522032057,-0.007725882773938994,-0.16834539733427056,-0.7171241729866317,-0.0680614373096931,-0.14419525424973145,-0.581219051839576,-0.06885106252932274,-0.032797607741514016,-0.7074188099875708,0.08484178955689012,-0.06167899473642052,-0.9479572760911268,-0.02660310302055205,-0.054405819818532014,-0.7593019358766098,-0.03561938869331568,-0.039862357787735184,-0.6250099841030492,0.0011249248336540965,0.08881328752246737,-0.694599857595728,0.050807575147317735,0.0766357730631387,-0.9211084040944175,-0.0012480605915794628,0.05483372980752038,-0.815302087107202,0.01126832064983522,0.04791115102528119,-0.7054233783543835,0.04519467948366014
0.0,0.0,0.0,-0.19127281375537952,-0.1599781885110478,-0.0824002558995382,-0.3390355603994428,-0.41645687217238203,-0.10332504721965244,-0.42038760031506067,-0.6643238897024235,-0.13399444646346143,-0.43970797937022454,-0.8864766749141199,-0.14389912924363943,-0.2631297411738255,-0.6689637418658689,0.10602843696867698,-0.2951233318828308,-0.8700726411454514,-0.004000113028377243,-0.26271726983593435,-0.7001554805270813,-0.08241565232996914,-0.23287867948918808,-0.5608720073255871,-0.10993692227030452,-0.15109524548535191,-0.7040262174631158,0.11098984576429652,-0.19304258874729374,-0.9375870324640967,-0.011085157690966206,-0.16451103432228448,-0.7084444954713246,-0.07222632903079504,-0.14151775472976552,-0.5754672608982856,-0.07260516955079187,-0.03376071458699437,-0.7078496366831647,0.08579534422236254,-0.06041993054712183,-0.944821515015486,-0.02928895368215954,-0.051940111381743134,-0.7542492868185142,-0.03661789348728143,-0.03893952852394775,-0.622832358520011,0.002275454254119529,0.08763737561325918,-0.6953216183150164,0.05160528386937699,0.07561624096686251,-0.9183878749844199,-0.0026098324815581873,0.05615437027480211,-0.8081678093064737,0.011282259370336572,0.0505596655419772,-0.6991877198798102,0.0471224933862209
0.0,0.0,0.0,-0.19223503149563248,-0.1578733588966655,-0.08367150504583915,-0.3421636520193857,-0.41504954163572816,-0.1052003355129874,-0.42370428878871613,-0.664700007044345,-0.1367588706085476,-0.4397800799197703,-0.886109287018271,-0.14609696423130203,-0.26600834976313437,-0.6697450023372022,0.10922978085440872,-0.2941057126264738,-0.8718315504138917,-0.006550142268275712,-0.2600980574206967,-0.6921972162071277,-0.08743920522057613,-0.2315238972293721,-0.5465842644233867,-0.11478450801288514,-0.1529783437017117,-0.7050567525676582,0.11441620505945796,-0.19242327148182453,-0.937465087161367,-0.014195460250202808,-0.16116560712317343,-0.7018011867830607,-0.07714077468400482,-0.13967754346676073,-0.5666735886652952,-0.07656929196412962,-0.035507539774224404,-0.7095921185800934,0.08829861435447314,-0.059484168455169094,-0.9468087864165069,-0.03137166344506097,-0.04762229728536235,-0.7529435736215493,-0.03970409513601128,-0.03635152084978904,-0.6205076331815476,0.0004243390213781211,0.08497893564597632,-0.6975838848635767,0.05304327719106082,0.07862440344269915,-0.9195539066297103,-0.002495592246860706,0.060692824497638374,-0.8111896243425745,0.010105832406989295,0.05208834738009713,-0.7043973856840893,0.04595094914940685
0.0,0.0,0.0,-0.19458434653059775,-0.15977060181611188,-0.08337248486483276,-0.3439516349882136,-0.41650882692705427,-0.10333500374465977,-0.4226911227048836,-0.6645911608386883,-0.13428112411497783,-0.43754230513383385,-0.8877320603567663,-0.14297334472093276,-0.26650455513266025,-0.6705890725778839,0.12031296738530883,-0.2972629543148753,-0.8695654837930946,0.0009006597903341985,-0.2623711013285534,-0.6897878066171571,-0.0844242931437478,-0.23342111801210963,-0.5446730292209974,-0.11408905569389344,-0.15207134504285152,-0.7044245212912157,0.12318818772584444,-0.19527044881087474,-0.9364543434254222,-0.011692493358352438,-0.16275631185447065,-0.7024648644991145,-0.0816462791766071,-0.14053423485529104,-0.56936872607768,-0.08402609071893119,-0.0343606644073378,-0.7080451006730648,0.09344945328959728,-0.0594644311744261,-0.9405529008567592,-0.03328324044761677,-0.04798181759520129,-0.7460799264933771,-0.04878255100445427,-0.03902369724423262,-0.6156103040923482,-0.01133990641989867,0.08731030248410183,-0.6974332940638902,0.05475931392917624,0.08097879236886674,-0.9153235731422776,-0.00453637087710421,0.06277909968418732,-0.8050752632100002,0.0046295474270803836,0.051802002947472586,-0.6980670894079333,0.03879361393657618
0.0,0.0,0.0,-0.19835662780091187,-0.16453762985861534,-0.08168570419466062,-0.3470977307769485,-0.41891438512920975,-0.10130959268760868,-0.4233216784985636,-0.6640981210013108,-0.13334449238891777,-0.4379685780600078,-0.8874650827539636,-0.14340585763983582,-0.2647369826671248,-0.6769083482763139,0.1275666953434722,-0.29677812656286495,-0.8755517677338807,0.0026729050484039863,-0.26292870825547965,-0.6953779617444137,-0.08794506988645354,-0.233802431753797,-0.5489957215404726,-0.12013358708207171,-0.14996171854901957,-0.7071349182393851,0.12731036948814306,-0.19562796268303106,-0.9357593173442258,-0.015288352088765014,-0.16251440973930342,-0.70131597342043,-0.09214398024298855,-0.13923950941022983,-0.5686962910354179,-0.09753539285496976,-0.032694882003161466,-0.7096887774271177,0.09358503248909092,-0.05920734856382586,-0.9382005356174743,-0.04074691432342846,-0.047729966263664325,-0.7414455434496297,-0.06210297020092091,-0.03884151598609534,-0.6096868552483294,-0.026423858546473826,0.08947333963708327,-0.6999463493121252,0.05119393714617082,0.08188025417435923,-0.9163408411689549,-0.012822813013290902,0.06330949761300664,-0.8025103523072405,-0.006415320663921496,0.05235218424912543,-0.6923214112170633,0.026953372561577857
0.0,0.0,0.0,-0.19895609875088863,-0.16712438564738163,-0.08164902153142767,-0.3457230321700758,-0.41819842294781356,-0.10163264897320996,-0.4189088088265823,-0.6627837529534275,-0.13504586145396746,-0.435176623721954,-0.8881875772782148,-0.1473375471006857,-0.26270576190221157,-0.6773549724718428,0.13437016921614747,-0.2931988150670167,-0.8720385011081622,0.005523733820987357,-0.26274434267392327,-0.7004496334407468,-0.0900021205618709,-0.23527418268585315,-0.5567307470834089,-0.12480605497097139,-0.14821579639067445,-0.7058773729089325,0.1313781092624372,-0.1954056887004757,-0.9362675490735466,-0.017378085723416828,-0.16581090466213944,-0.7049496758613563,-0.10058768952966077,-0.14297114850564124,-0.5691169264260507,-0.10832066084398076,-0.032181638381915706,-0.7064736120650783,0.09401474049762076,-0.05881563769365269,-0.9325533900323346,-0.048545466390565756,-0.04921498807129007,-0.7353863703565862,-0.07722509785291298,-0.04057273416283837,-0.5990894579763658,-0.043515971765699504,0.0901097363704608,-0.6959649780307229,0.0483006513821114,0.08229286748760342,-0.9100989133250394,-0.022805177583738713,0.0620496081369417,-0.7951102297503172,-0.02108002336676406,0.050379300482221064,-0.6807680857482676,0.010615272995621544
0.0,0.0,0.0,-0.20166189422829847,-0.17586034151939145,-0.07507869954693741,-0.3449040317602162,-0.4233798400016729,-0.09182721344206471,-0.41680465724555316,-0.6639339307148894,-0.12338119922539231,-0.4360393289211647,-0.8897101973658557,-0.13453887638289297,-0.262430115337274,-0.6801257441358333,0.14428726682490306,-0.2934527448216314,-0.8755097334807247,0.01870510891923459,-0.26533950204515355,-0.7098231327324259,-0.07664982304537078,-0.23934205772129907,-0.5695985045767247,-0.1117192730959085,-0.14668563566333592,-0.7069034228364997,0.13809606670088956,-0.19510837099492262,-0.9405342444685623,-0.008077971203938706,-0.1688186438298685,-0.7114778847585566,-0.09305169433479966,-0.1471940704228481,-0.5748696391652268,-0.1025087196026331,-0.030182737593290872,-0.7052157669192469,0.09781921863944706,-0.05604164975453185,-0.9296086356978278,-0.04397346613100224,-0.04870063558074226,-0.7338860912588864,-0.0764849218027959,-0.04138507628911235,-0.598401962832888,-0.045525929996669615,0.092986811042916,-0.6928235890968895,0.050057282723272215,0.08719829360278199,-0.9104367693214825,-0.02022937511638661,0.06507960472016423,-0.7943064346911721,-0.01968472771416437,0.05146062241710343,-0.678236212486629,0.01068835031503727
0.0,0.0,0.0,-0.20240934768413826,-0.180296046682585,-0.07265776293869446,-0.3419679805042561,-0.42677715658100746,-0.08882878054316024,-0.4117953367129388,-0.6651600583767532,-0.12041137638500939,-0.43211558027334596,-0.892001205640345,-0.1322563435272144,-0.260515399904811,-0.6794876668845817,0.1456234705350954,-0.29152055248880826,-0.8798103340397546,0.02098154444625665,-0.2646054506866332,-0.7178749564259987,-0.07552490198008002,-0.23969863238801098,-0.5776775001249723,-0.11205826555749443,-0.14405329045656742,-0.7055404532724512,0.13702510893717557,-0.19458908924890617,-0.9460174032498336,-0.008716842889175744,-0.168614208019844,-0.7199529365437716,-0.09752151277161575,-0.14599894464330693,-0.5818669530833488,-0.11080163056064361,-0.027466435754683802,-0.703021120852737,0.09475001916100957,-0.0536195121338265,-0.9338368754691793,-0.04614442402255445,-0.046537555268084216,-0.744583358087396,-0.08437489131841253,-0.039304579882756444,-0.6087349376717264,-0.058695189351205865,0.0959942403410099,-0.6899338104023531,0.04536948220278448,0.09176415931025203,-0.9130364418288058,-0.024596589726920727,0.06903258548999325,-0.8020195842910607,-0.027672452413842127,0.05357098003596701,-0.685541396614967,-0.0012828483741324156
0.0,0.0,0.0,-0.2024003050205397,-0.18082018928822122,-0.0740805598517687,-0.3404301186098797,-0.4255293305862882,-0.09128580328568597,-0.40950039977739794,-0.6631235217611802,-0.12387429293458174,-0.43015596549387486,-0.8921929524862081,-0.13736270277363866,-0.262025016225186,-0.6785307843223496,0.14463172141790928,-0.2932169191183872,-0.8807239248672556,0.019856044706487403,-0.2669770250220165,-0.7232162375181078,-0.07828544465488012,-0.2428364759638639,-0.5852303851140535,-0.11645337574256304,-0.1443247507156435,-0.7042293563450887,0.13569399228834966,-0.1954453457025383,-0.9462467987233718,-0.010739000563435405,-0.16957127295912383,-0.7237130494102769,-0.10323162165055139,-0.14717297078831393,-0.585505083269915,-0.11969863510045298,-0.02678820375602394,-0.7013603299773409,0.09312144530171482,-0.054019450674472176,-0.9318498591277946,-0.04885771862129365,-0.047142130279148216,-0.74566142784884,-0.09167921346456272,-0.0407656579916308,-0.6091129525393524,-0.0695661498198602,0.09745142963568837,-0.6890563777598769,0.04351538679787039,0.09142120403019319,-0.9120531867924195,-0.02785740045869113,0.06947737815620464,-0.8022146866870974,-0.03365870337761613,0.054526911301081005,-0.6851884972230489,-0.009685601583280168
0.0,0.0,0.0,-0.1977403651257066,-0.17668235870103705,-0.08001989595993264,-0.3334668224248527,-0.4271834504271552,-0.09955682743909025,-0.4016857027976559,-0.6647771459798923,-0.13346223703265886,-0.4194793043010785,-0.8953102025258595,-0.148850721261369,-0.2582731093629501,-0.6821277507855763,0.14233772522229193,-0.2849080476750394,-0.877112694747324,0.016116435896625196,-0.26185318323312695,-0.7294018735199761,-0.08425216516893377,-0.23909630866078552,-0.5949603534614583,-0.12442919323810847,-0.14095033247841782,-0.709965488634742,0.1351869706499838,-0.18818133789893515,-0.9565734125250043,-0.013513889252256554,-0.16612494045259207,-0.7338274011269097,-0.10814783479407906,-0.14600328671440088,-0.5954120611875828,-0.12541625998005673,-0.02326696731112138,-0.7064919707963315,0.0937253987841804,-0.04401754153010741,-0.9384733810295538,-0.05256932180503426,-0.04000231045433873,-0.7529771354069911,-0.09891874152485594,-0.03571091569328623,-0.6162957347275888,-0.0780091802602464,0.10201252289209065,-0.6916637073831359,0.04498327461985664,0.10017856062044078,-0.9151903800282192,-0.029994256802404255,0.07748281211499339,-0.8066335860028109,-0.03853481416463435,0.06010795690433103,-0.6903260352206944,-0.016243565645008787
0.0,0.0,0.0,-0.1926994808014643,-0.1748425116845496,-0.08585539650709836,-0.3281407885003953,-0.4263623954284076,-0.10914088777859024,-0.39432874919148025,-0.6665218479599486,-0.14513415386785095,-0.4085596455112541,-0.8980605619246178,-0.16163505760400168,-0.25282123332390066,-0.6874065813212754,0.13095117131949519,-0.2794913870620922,-0.8858728003364669,0.0029464807305407325,-0.255240214511908,-0.7299719045664296,-0.09627361213302747,-0.23138621550740518,-0.5933955213599765,-0.13531936332046363,-0.1347353054833061,-0.7136718577891323,0.12678217724595278,-0.17792472839415133,-0.9620683070229864,-0.022741114286712265,-0.15877101563179294,-0.738153898587068,-0.1137746473660883,-0.1406145011778812,-0.599867259873581,-0.12821964417194553,-0.01635866934382884,-0.7080045349471578,0.0881167654035678,-0.03441601301997818,-0.9417301038225283,-0.05663043717158398,-0.03264813464363953,-0.7569767111482273,-0.09845863973310005,-0.028859843772222296,-0.6230565855836505,-0.07491945081353886,0.10973477520728521,-0.6909260129848316,0.041408472917395966,0.1080813620301488,-0.9134816274625538,-0.031989476185398075,0.08446232168602585,-0.806171963407718,-0.03860112977597841,0.06791275326123408,-0.6933872100463361,-0.0149706731519482
0.0,0.0,0.0,-0.19311875719356705,-0.1741632593327812,-0.08631117767389301,-0.32870680934763447,-0.4260409760257714,-0.11064713108195523,-0.3928199592549553,-0.6693358189859853,-0.14761095892077392,-0.40193367583671247,-0.9005601041523619,-0.16480427259029284,-0.25005833177313513,-0.6930926856504037,0.12598847092447799,-0.2796253918821691,-0.895431674420439,-0.003753036751029668,-0.2520062387822699,-0.7329593003976371,-0.10338244818489077,-0.22526069866116671,-0.5930968600858504,-0.14271253114642937,-0.13112593409983825,-0.7191665827708698,0.12155699186386974,-0.17346651153963305,-0.9702028790211872,-0.02942148991658281,-0.15221063393168888,-0.742995515171228,-0.12016262305216158,-0.13327678961324033,-0.6036849711843253,-0.13444010098856773,-0.011774059383298237,-0.7126846898490331,0.08292896090409396,-0.02968258622216384,-0.9485382242727218,-0.06256354262997114,-0.027458250836743383,-0.7608581541242463,-0.10293568326648132,-0.02397764613375685,-0.6260139366648587,-0.07848172428097144,0.11479499180517821,-0.6937506841908061,0.03613969466903035,0.11405984885208628,-0.9162495102931354,-0.03796395154501751,0.09064867077306048,-0.8080554690491819,-0.04378125504589141,0.07411691420666813,-0.6947549296896893,-0.01938362491229646
