x1,y1,z1,x2,y2,z2,x3,y3,z3,x4,y4,z4,x5,y5,z5,x6,y6,z6,x7,y7,z7,x8,y8,z8,x9,y9,z9,x10,y10,z10,x11,y11,z11,x12,y12,z12,x13,y13,z13,x14,y14,z14,x15,y15,z15,x16,y16,z16,x17,y17,z17,x18,y18,z18,x19,y19,z19,x20,y20,z20,x21,y21,z21
0.0,0.0,0.0,-0.11706113604409749,-0.1274205609970333,-0.050145477375081404,-0.18617799504482563,-0.35559892062791887,-0.05988540231948825,-0.14542213207153182,-0.5446382991553613,-0.07014970700503895,-0.03709005730021982,-0.5620445801431568,-0.07690402009322883,-0.19536858382870004,-0.5006283710205652,0.025507006848932087,-0.238576678308167,-0.6915275172494533,0.010768137010530456,-0.26024577154171746,-0.802619232940798,-0.01140868354016137,-0.27098956650976946,-0.9022943713476292,-0.03126140699960353,-0.12462480838352819,-0.5376396783650075,0.02610944851327851,-0.15254012234251618,-0.7354826407986879,0.01787857692901245,-0.17773709379226496,-0.8623851777512239,-0.0015189659929533367,-0.19686538253057229,-0.9798685426511107,-0.016142953930420156,-0.046269666610149744,-0.5370262043317264,0.014438460826148579,-0.05092654820059485,-0.7300485021332104,0.003384913036601756,-0.06454697689350763,-0.8489448070390087,-0.01236379043216294,-0.07133642868548482,-0.9430439460324789,-0.02339443141901574,0.03272844907387272,-0.5125783790287621,-0.006384261308541007,0.04807180259676037,-0.662081993025334,-0.010303829108304768,0.05080182067553306,-0.7700405558321523,-0.014030483614909089,0.056080849869930505,-0.8628591610677219,-0.01812894205061307
0.0,0.0,0.0,-0.11913757236630707,-0.13066618214055797,-0.047682794733022775,-0.1868796543531424,-0.3580272216307687,-0.056006530413993776,-0.14571213831911017,-0.543900885267401,-0.06520191700597938,-0.036317684870002157,-0.5510447160042834,-0.07051732608540039,-0.1996044519846215,-0.49612252568007875,0.02925083140530168,-0.24324046722157275,-0.6887305522188787,0.01764782423809965,-0.2650339564892764,-0.800057460483452,-0.0021379033883858274,-0.27647270975504584,-0.8999634598479911,-0.020514359977595743,-0.13037936622817525,-0.5348455994488084,0.029378358555800354,-0.16282865631992982,-0.7312886591746476,0.02394881356520115,-0.18803617572390885,-0.8594592966406946,0.005664141264210501,-0.20741601136474364,-0.9779122928514852,-0.008365496927777109,-0.05141158298789862,-0.5350649627958978,0.017536695334775924,-0.05970316802362749,-0.7252121440477068,0.008963361769718587,-0.0742714097255584,-0.8434848092387192,-0.006765689451036588,-0.082636746943383,-0.9371043626990552,-0.017826614476822048,0.029442384577247214,-0.5137917467553826,-0.0032820666111413994,0.044564051947660055,-0.663801227545956,-0.005109515580606662,0.04782455776604591,-0.771742027925965,-0.008530746682681159,0.05345971962123712,-0.863787910636217,-0.012376568819585845
0.0,0.0,0.0,-0.11990585377855087,-0.12215291610239222,-0.04704741945215729,-0.19343159323306197,-0.33758298073232185,-0.05276792025071868,-0.1560967744461887,-0.5245508002223342,-0.05935782036537664,-0.053142558526722325,-0.5503637637548207,-0.06221964870908731,-0.21976462854624768,-0.4834319057706629,0.03554743577883527,-0.2743240223667979,-0.6720369288426086,0.02655152366329439,-0.30285907151331704,-0.7819342975763497,0.008002242039629218,-0.31995395476295174,-0.8797185667149336,-0.009550041572967297,-0.1525088452763984,-0.5279044484236048,0.03629069718244541,-0.19543589039074358,-0.7261698360392619,0.03294316766018893,-0.2252765256038662,-0.8526881057905228,0.013835529205659967,-0.24922468485407903,-0.9673031007567691,-0.0011682227848895887,-0.07376887601900556,-0.5311824565818005,0.02476179101482727,-0.09022712364163583,-0.7218158068166882,0.016822407937163143,-0.11193938067295854,-0.8430089350281549,-0.0031086331444713533,-0.12707520597325728,-0.9395476072921936,-0.01789397428773932,0.008897031748702443,-0.5117966901342631,0.0045940139413367005,0.022669133269118423,-0.6635730772685511,0.002062799397619287,0.021859079761150556,-0.7712677078083245,-0.004353402534110247,0.022302767674077715,-0.8650938368428126,-0.010888897590897353
0.0,0.0,0.0,-0.1217147176152126,-0.10718059147083356,-0.05000035076554872,-0.2009626704286943,-0.3203936760533493,-0.05787218360748747,-0.1661250301109789,-0.5099587098136739,-0.06587899667339574,-0.06275979862438835,-0.5432924618970878,-0.0707817508185396,-0.228947908200977,-0.4767950815731045,0.024875959719814055,-0.29292501356881306,-0.6634919282813372,0.013497811494273681,-0.3279682791605457,-0.7722065667008711,-0.005220835235386508,-0.34952208148708164,-0.8687021514932891,-0.022722152999489938,-0.16098495320434725,-0.5245819502863609,0.025695806698368552,-0.21294554318854805,-0.7233799572015525,0.020703885423762045,-0.24817040820568076,-0.849068489746526,0.0018626721781064082,-0.27480746605923373,-0.9604041091543782,-0.012766990266201227,-0.08228383584655528,-0.5294035306199716,0.014608752529497847,-0.10489194631030647,-0.7196803849591994,0.0050657715653100194,-0.1298216713355383,-0.8409766056280961,-0.016169592948676828,-0.1476937733444081,-0.9378668867515825,-0.032019502362885977,-0.0001945479961119349,-0.5093954044731468,-0.005127277028461969,0.010187971903271292,-0.66101964490914,-0.009653244035356036,0.007855090159243993,-0.7662096328196244,-0.016943110557549487,0.007697144982120671,-0.8576599171557333,-0.024255285755931305
0.0,0.0,0.0,-0.12077102315886679,-0.09963182758420056,-0.05201759372320365,-0.202538386254259,-0.31005692584128786,-0.06247637436176469,-0.17384610329605427,-0.4997302564082935,-0.07224868140601132,-0.07041239068747336,-0.5328623104380912,-0.0792417459401099,-0.23567331066596475,-0.4713731586808234,0.015684344703107225,-0.30373967205328845,-0.6562612057150526,0.0021266975409556105,-0.3402970314527966,-0.76521013284641,-0.017969660203501808,-0.3624982650502703,-0.8617527998390684,-0.036724471786725686,-0.16761779255965065,-0.5235295515027905,0.01682869845299642,-0.2223977369735258,-0.7227928641963641,0.009819334119765086,-0.2570554855069274,-0.8492845722233475,-0.010559824536812326,-0.28271917188066775,-0.9581775862034245,-0.026945946303720564,-0.08879464748487187,-0.5302252923893707,0.006577477423967618,-0.11609018098457824,-0.7204186197918485,-0.00426339061698007,-0.14259843342302397,-0.8414154277023969,-0.02838507123032801,-0.1632391841048223,-0.9357437783898568,-0.04708551919976346,-0.006469653048783186,-0.5105366079647968,-0.012097769171029574,0.001382564813024502,-0.6637979997208203,-0.017696762786314622,-0.002373125197780033,-0.7697562724922239,-0.0270240934569604,-0.004955999424331816,-0.8598660520289365,-0.03668199667227273
0.0,0.0,0.0,-0.11974558564727023,-0.09668393617807403,-0.0545061308580663,-0.2056016381498454,-0.3016360594271423,-0.06711369855977006,-0.18582785252275014,-0.49110967173994424,-0.07858669735110246,-0.08621361245269756,-0.5266821615745139,-0.08730999809980969,-0.2456578438582447,-0.4635622286411968,0.011259992010643264,-0.31692784885569425,-0.6458361828480166,-0.004925669723197517,-0.3542049714737184,-0.7549472799565355,-0.02687743286708564,-0.3761131792601102,-0.8519084197570315,-0.046905365549388484,-0.17771617298168021,-0.5168280315007705,0.012850997549474084,-0.23627345183230286,-0.7147347154122841,0.0028851050678193003,-0.270542046257697,-0.8427256555341593,-0.01979269049263914,-0.2953968472444982,-0.9541351302733558,-0.03803920342265526,-0.09875452703647082,-0.5244827296962916,0.0029953590625966748,-0.12790757719447846,-0.713815626756841,-0.010872546867175812,-0.15329215603240745,-0.8350868737267063,-0.037660294412849835,-0.1734219963866288,-0.9304683846920814,-0.05822230757925735,-0.016286582904012744,-0.5051505627268602,-0.015222849842113874,-0.012011819312212842,-0.6578943438987914,-0.023080759857478136,-0.01754941265682714,-0.7640060305646301,-0.03448052900526713,-0.02191697440737929,-0.8552124981938259,-0.045944227645186415
0.0,0.0,0.0,-0.12178433883232578,-0.09298242024630948,-0.05501724378926984,-0.209917987245411,-0.29524453885079605,-0.06792581764081607,-0.1899363916739519,-0.48416086425383,-0.07927456238848249,-0.09289875376895657,-0.5209473354513008,-0.08800943293633753,-0.2523891947083459,-0.4609794199722116,0.00997314529166285,-0.3242881090099037,-0.6440529023189159,-0.0055885231182793964,-0.36157870514685586,-0.7531830445090297,-0.026974290043066354,-0.38379019201145703,-0.8507261265036454,-0.04650862556026433,-0.18262430647275724,-0.5153667703360936,0.012408881935879492,-0.2378037454928955,-0.7173078495117056,0.0037555744529225985,-0.2701473416728444,-0.8455107351610975,-0.017983878843929053,-0.29304285318779655,-0.9551877120503083,-0.03563651807851906,-0.10315133024321847,-0.5231511642726961,0.00351254070393452,-0.1325926670016138,-0.7124742569160405,-0.008819527443990983,-0.15795775759086364,-0.8339399528769312,-0.03457776252891504,-0.17769425097876207,-0.9288760428871301,-0.05459057951537901,-0.021357612961893466,-0.5036577902051367,-0.013740545215217326,-0.018956380687450387,-0.6563861856928634,-0.020074094484682545,-0.025607569039443726,-0.7610900478612955,-0.029934064529470374,-0.03058927623659265,-0.8510167428424755,-0.040371641767137256
0.0,0.0,0.0,-0.12348782765057563,-0.09710853202860917,-0.05318736855732339,-0.21321152404286153,-0.29525729149573865,-0.06625319010461742,-0.19513329325633655,-0.4832611749307639,-0.07875567204221717,-0.09775858667376322,-0.519919521592146,-0.08879315221892611,-0.2570337311895752,-0.45806497696770565,0.013608218517221233,-0.3313066322138767,-0.6405243891080273,-0.0031214343872279756,-0.36962866760492846,-0.7501812334474687,-0.02577043714412265,-0.3925823895646817,-0.8484457238587204,-0.045839861743366114,-0.18768637579718805,-0.5113520845651296,0.014573462209867495,-0.24405936034508385,-0.7128745663680396,0.00538574387055123,-0.2781719789489929,-0.8416799934360639,-0.01659464350211582,-0.30261614505121326,-0.9523269314051437,-0.034033869110692616,-0.10810224906712995,-0.5217472985709593,0.004071016296538215,-0.1380228704044431,-0.7098263950360687,-0.007681055534353087,-0.16536104463814472,-0.8325178394670585,-0.03161472015123796,-0.18656750378117531,-0.9291558556642506,-0.049962644985270185,-0.025361119399526247,-0.5045177237769238,-0.015007143274112773,-0.024387827437413606,-0.6574037007737701,-0.019618491888940465,-0.03267547528817352,-0.7621740494728344,-0.027195818394869384,-0.03832451638430007,-0.8519383404077379,-0.03573372884511354
0.0,0.0,0.0,-0.12421825997706,-0.09304026324220852,-0.04804677454221856,-0.21539918413488485,-0.2937161203832662,-0.058879208552686045,-0.19329707647025723,-0.48242043868731077,-0.06969667019733045,-0.09800282182628564,-0.5233346062375712,-0.07882878337339144,-0.26004362270625114,-0.45326780403740247,0.011501505020137047,-0.33602749723517356,-0.6376497624600879,-0.004507680719638917,-0.37521452002010475,-0.748439411190093,-0.02586185337687124,-0.3992550331186473,-0.8464560684064435,-0.0451942552420503,-0.1896615889883947,-0.5087324212579856,0.010126089427702772,-0.2442604151684297,-0.7145269038442777,0.0014544888236606374,-0.27684866818549714,-0.8441849472182101,-0.020154820863076087,-0.2998361588739449,-0.9531441612064944,-0.03772499294561951,-0.11021692852560852,-0.5204552512790868,-0.0017618052830334842,-0.1402216509778482,-0.7123831817724303,-0.012690772765475283,-0.1669007409735666,-0.8359837648287121,-0.03701199337304797,-0.18826332646907018,-0.9330527188194666,-0.056399054638843794,-0.028286895208242964,-0.5042770030175671,-0.021497167580291743,-0.02773928928539984,-0.659439645544269,-0.026376093135000844,-0.03639031123112312,-0.765134362787742,-0.034407176958371186,-0.0429252700761274,-0.8552226593716639,-0.043786312866522015
0.0,0.0,0.0,-0.12209635472639524,-0.08775525703394242,-0.04620408481497049,-0.2135631850763599,-0.289483523894409,-0.057449773667206994,-0.1916860980677297,-0.4789933816359256,-0.06842469431200457,-0.09798666397654529,-0.5206942661106678,-0.07795167364130891,-0.25814007847443576,-0.448553595390657,0.004172719088801438,-0.33397793259330066,-0.6344575163025314,-0.013010708361025854,-0.3730832442735006,-0.7452449940985764,-0.033807625043204614,-0.39717626805959316,-0.8421810308059823,-0.0522572564371115,-0.18823013870430927,-0.5062259250616592,0.0021273106611749194,-0.24186055159557154,-0.7169680182503801,-0.006815977405337351,-0.2730779434686351,-0.8475591698227369,-0.026115448118267815,-0.29428437728375045,-0.9547296332776419,-0.04174757603239963,-0.10877574258106229,-0.5189931101605403,-0.00965016251110128,-0.1419568939173289,-0.7148938230760628,-0.02048217602139241,-0.1688525370045823,-0.8379048112413126,-0.04278959636893827,-0.18964477231317195,-0.9333259410050478,-0.06080816268077725,-0.027110041303073797,-0.5033084486913949,-0.028916238753752117,-0.0282751060758651,-0.6606985645201782,-0.03432371820193503,-0.03625881275035234,-0.7657204479600004,-0.04139196328983902,-0.04176785169944722,-0.8535889100739975,-0.049848745321941126
0.0,0.0,0.0,-0.12063732337075367,-0.08812442167608497,-0.04767720163142276,-0.2130428653099824,-0.2904101337040131,-0.05867895522843432,-0.1906731979652488,-0.48065651981858815,-0.06926825784479558,-0.09393113381101924,-0.5225200336835133,-0.07803078138117533,-0.2578681725909965,-0.45093905132449996,0.005932908194945793,-0.3350361869147653,-0.6352779682727072,-0.010514287812751495,-0.3749040292827943,-0.7447383435408763,-0.03119862678375865,-0.39882248845549806,-0.8405889561732447,-0.04966988511522985,-0.1884572839423962,-0.50867877862778,0.004604858675603827,-0.24443999095218427,-0.7167237930132921,-0.003851485915216113,-0.27709083619154884,-0.8467576486007792,-0.023174416498298024,-0.2990016937059645,-0.9534137502438611,-0.03865308876718532,-0.10926592710774692,-0.521330023123307,-0.006837973889733262,-0.1419306839824617,-0.716169509017069,-0.01744188469003048,-0.16878448326058182,-0.8388761612723794,-0.03981291366678896,-0.18944682723680165,-0.9334704130556124,-0.05767917668535252,-0.027835915135664926,-0.5052334819766714,-0.026049993649357863,-0.028853126061051292,-0.6609459397670514,-0.03149275064856585,-0.03715591953675379,-0.7649052051227511,-0.038789650737624165,-0.042833802150841246,-0.8519859995801256,-0.04715952278009777
0.0,0.0,0.0,-0.12201075110209139,-0.08963432372325386,-0.04768877312199886,-0.21423185045935034,-0.29402338215542645,-0.05884904992428935,-0.19408782775610436,-0.48280297071484346,-0.0693747506344564,-0.10007389464843838,-0.5205505177986984,-0.07793846871107826,-0.2585774971652025,-0.4530148547300576,0.004886686815002671,-0.3352138852491299,-0.6373309049993441,-0.01091512733281359,-0.374751854799939,-0.7457196841506311,-0.030655194598106214,-0.3995088746539659,-0.8409767995138319,-0.0484796742553783,-0.18841808250954556,-0.5095322721196948,0.0037867604344241383,-0.24340032300710138,-0.7188706151774662,-0.0037769765358498485,-0.2761449161280911,-0.8480997492295027,-0.021981824376188005,-0.2991413936907341,-0.9534691547093284,-0.03680325759650768,-0.1089259993425104,-0.5208223361694302,-0.007293443227682973,-0.14082588300657736,-0.7144829041825005,-0.01707576807846411,-0.16730620494752302,-0.8375059500842681,-0.03907951008219217,-0.18839349580975398,-0.9315616629312201,-0.056867224719105276,-0.027896482326279764,-0.5041913341032359,-0.026118982421272106,-0.02725790776210396,-0.6586253250485872,-0.030634827987881634,-0.03469793629988008,-0.7621953874838461,-0.03770864910171457,-0.04023683460152783,-0.8479215457801366,-0.04613487671876201
0.0,0.0,0.0,-0.12386070287383989,-0.0931524264106972,-0.047893381175136356,-0.2134459585355199,-0.2944776753670845,-0.060410854670536265,-0.1873850203593142,-0.48046321219018406,-0.07217246062053283,-0.09293535614817289,-0.5180647786048069,-0.08219920970266975,-0.2592029561797485,-0.45342051768371083,0.002506175077038562,-0.3353574531169902,-0.638350003174544,-0.013962587398799861,-0.37459492851163834,-0.7468783393513634,-0.03413702248740899,-0.39928453615031334,-0.8425491645278104,-0.052275823376217646,-0.18748146093279738,-0.5094687438274247,0.001284422230610509,-0.2414416724965937,-0.7202059818458533,-0.0068893433621787965,-0.2741464662563542,-0.8489285728669247,-0.02582431425051244,-0.2967779963628321,-0.9540215572508242,-0.041361371618632826,-0.10673895525256545,-0.5202507720667218,-0.009660191133518268,-0.13813121433348122,-0.7150056244981817,-0.02012157613705877,-0.16459517972525953,-0.8380393680119091,-0.042850967986482275,-0.18524722352709305,-0.9324688965377488,-0.06119875418641073,-0.02476451683645034,-0.5024080928885968,-0.028200985866699925,-0.02302470106642039,-0.6571320586012861,-0.033629076823451086,-0.02982401889754451,-0.7612915067320933,-0.04108222042196789,-0.03446557600837519,-0.8477088068479639,-0.04970497998971443
0.0,0.0,0.0,-0.12201931654984811,-0.0965045885049707,-0.05061938972382355,-0.2112727856673211,-0.2989280067587594,-0.0641759941078148,-0.1859329395637735,-0.4877426650677145,-0.07685748200743389,-0.08953787430157042,-0.5246155966355389,-0.08733970394436649,-0.2576664627584138,-0.45891783624569016,0.004706868920710912,-0.33201112250957643,-0.6429731298213107,-0.011869821869706046,-0.37121057034772487,-0.7511397934339076,-0.032186847521434914,-0.3961016241929025,-0.8467853871228379,-0.050292814084557755,-0.18533217235494892,-0.5134519746884904,0.00447901938075185,-0.23823613562563944,-0.7203994630609271,-0.0032227393601923183,-0.27104771674947803,-0.8483609390980453,-0.020752334051330357,-0.29388041092883893,-0.9551728845805814,-0.03458209743823038,-0.10382743860306473,-0.5233385266750227,-0.0062117494772975755,-0.1332093332845754,-0.7149980939657257,-0.016695874714449065,-0.1593943341413976,-0.838366592754253,-0.03708130945002612,-0.1796093215697187,-0.9347153538010551,-0.05291912858216735,-0.02109591798683999,-0.5049406330631754,-0.02505670147660392,-0.018911996060459096,-0.6592429794585095,-0.030550011307818325,-0.024724195448669137,-0.7632370993677471,-0.03647868297980553,-0.027907369973593055,-0.8505231386039511,-0.0431397105282816
0.0,0.0,0.0,-0.12228514550388087,-0.09674062635787617,-0.05292850615998653,-0.2124631256229157,-0.30184465180761055,-0.0673297809936641,-0.1882709230521215,-0.49316515663543037,-0.08040582158487246,-0.0898223613754608,-0.525275243663791,-0.09110233439763181,-0.2556185056062955,-0.4593982319184845,0.002518177124405122,-0.3291488518183314,-0.6431177155260659,-0.015408904746652765,-0.3679026818048332,-0.7519821615294678,-0.03660783944245152,-0.39192136807901645,-0.8482977406104528,-0.05542158273339279,-0.18336584043090315,-0.5135618936831254,0.0029925534425375494,-0.23676781618303633,-0.7178266578084338,-0.006617357669600048,-0.27023763455883,-0.8467769369060729,-0.024662255665980407,-0.2933364658881722,-0.9551917222205413,-0.03876967802099669,-0.10225389930737441,-0.5230044005854421,-0.007333588682009809,-0.13159853510487243,-0.7140726272226159,-0.020199105460362313,-0.15847798678381536,-0.8368553969646093,-0.04144498088066509,-0.17856282282673674,-0.9330631578543205,-0.05745761742855934,-0.019577126716310594,-0.5050913553405559,-0.02602188261343826,-0.017081742732760558,-0.6595614801754868,-0.03367659294558172,-0.02222863178798512,-0.7638222151475744,-0.04106361627631994,-0.024319523763112798,-0.8511118242027937,-0.0486203732281683
0.0,0.0,0.0,-0.12245169420197641,-0.09618121519221218,-0.05057061888858073,-0.2104575592731545,-0.29998509328525913,-0.06309127645206064,-0.18102151644502634,-0.4874407214541281,-0.0745782998869405,-0.08168082518158779,-0.5194034314971571,-0.08369474178301056,-0.2549335344598327,-0.4628747057866903,0.00898336936620106,-0.32764337590615933,-0.646002557268901,-0.004720357433860683,-0.36458473999148716,-0.7531506970888304,-0.023995811178249712,-0.3873125368038963,-0.8490675677862997,-0.04200769017988306,-0.18156330002866886,-0.5157731230378374,0.009192443620297803,-0.23264859925967962,-0.7214302124381402,0.003985785945590714,-0.2634177545067845,-0.8496938564125098,-0.014224782500394951,-0.28391777537950347,-0.9582880544149492,-0.029263016838723656,-0.09956400797356943,-0.5227685548129251,-0.001234001297886762,-0.1269042237376901,-0.7121842416829719,-0.009777957795743556,-0.151618772159489,-0.8349520111785109,-0.032540394888026264,-0.17040703618889969,-0.9323930589142373,-0.05076525426611298,-0.016374860558111815,-0.5029073797936832,-0.0197538285656299,-0.012546371135661948,-0.6547622480220048,-0.023671841229474286,-0.016479185117150776,-0.7565919348576855,-0.030457353467844644,-0.01782234118172417,-0.8421460031338203,-0.03846248421845897
0.0,0.0,0.0,-0.12387490522203229,-0.0996200974878007,-0.05143282678360507,-0.20887533617333304,-0.298143418279758,-0.06532736000561441,-0.17750881352405284,-0.4822925030243663,-0.07815112027508656,-0.07974403071517074,-0.5217343136993136,-0.08872249606867402,-0.2535064938189885,-0.4618107945290282,0.008178313763224313,-0.3259428590535946,-0.6464287668488801,-0.006894271074971926,-0.3633590812434019,-0.7543965228769098,-0.02755565267096515,-0.38696709668922696,-0.8514530552159743,-0.04649353836698488,-0.17932285262407363,-0.5158829170424732,0.00837213709490931,-0.22926628785212655,-0.7228007353899502,0.0019751667180142526,-0.259031329320917,-0.8510672036633267,-0.017975528526445975,-0.278805676312477,-0.9596453859346357,-0.03441535801945891,-0.09720156391083622,-0.5224673714472622,-0.0021135040815402325,-0.12469992298551197,-0.7150003077555556,-0.011524467516848547,-0.1490703378290802,-0.8368323902291099,-0.03526775530257997,-0.16791689446190827,-0.9333839701054145,-0.05428893967959812,-0.013723021797614952,-0.5007043109493594,-0.0206344702052011,-0.008121144790393426,-0.6526769908869177,-0.025227037374119222,-0.012356476972808322,-0.7556679141050239,-0.032481795590433064,-0.014756456933091815,-0.8431965161147748,-0.040837517385300545
0.0,0.0,0.0,-0.12296177326574392,-0.09709713400412046,-0.04917788634885531,-0.2049991622772308,-0.2947458380212902,-0.062066409408089426,-0.17068692873646302,-0.47647291965186367,-0.07395830030202388,-0.07580898069896583,-0.5191622268382943,-0.08396537665669238,-0.2517701693779996,-0.46246255404147046,0.005616165653478515,-0.3238698202317002,-0.6478996781544,-0.009241888441719259,-0.3620325524725983,-0.7565625598278083,-0.02934154328047708,-0.38674577878367244,-0.8532371544349773,-0.0479380764860031,-0.17691471472768186,-0.5170744607989772,0.004712245671448616,-0.22695351271270187,-0.725370213138889,-0.0015383261822482786,-0.2565492779279055,-0.8531867452242496,-0.021478961455543698,-0.2765193134492737,-0.9601998620010972,-0.038108580289489886,-0.09438692951233846,-0.5236225181603733,-0.006252413696712115,-0.12334779152937189,-0.7173614376455916,-0.01581771388538811,-0.14706159755962092,-0.8394281849441778,-0.040661185194164014,-0.16576399182918966,-0.9365288479235586,-0.060836901159466536,-0.01070339048642942,-0.501248647411546,-0.02478955407432753,-0.004484422284986746,-0.6530669715904722,-0.030496292001788324,-0.007317187072934919,-0.7553591553788693,-0.03870585779805674,-0.008574302073139148,-0.8421653830934666,-0.04781762869213882
0.0,0.0,0.0,-0.12038256703135662,-0.09721202351619304,-0.04691038048194242,-0.20112086075164942,-0.29285446757280004,-0.0596826464861613,-0.1654413701655797,-0.47359934078277166,-0.07186329818684159,-0.07122595200432268,-0.5183659078537518,-0.0824496914325139,-0.24823788639126249,-0.45913756708042874,0.003164593337421697,-0.32049709220444433,-0.6469495735000048,-0.012697050208700435,-0.3592499824251968,-0.7572467712545559,-0.03278358042901007,-0.3845413064140508,-0.8540086757546574,-0.05117072670605193,-0.17434607458262186,-0.5144826980658042,0.0008842702689735257,-0.2250004500295762,-0.7256341877065335,-0.0062338886001055685,-0.2548812192938947,-0.8544460490225618,-0.025973422139224447,-0.2750134427601219,-0.9604739134749798,-0.042275809617330296,-0.09230324860187882,-0.521353266041074,-0.010972502256826968,-0.1215284777738921,-0.7179467933954446,-0.0212794075854802,-0.14496039747374279,-0.8402492009133341,-0.046125850636510715,-0.16329185917963412,-0.9361464550017436,-0.06630076158475855,-0.009201323796280456,-0.4978725639763738,-0.03005152235861013,-0.0005401711987705242,-0.6490461261579001,-0.03696868441148851,-0.002044048487212337,-0.7512840982982535,-0.04572836130802022,-0.002016394278806505,-0.837083773451677,-0.05505221616027716
0.0,0.0,0.0,-0.11965458277776864,-0.09765144270942659,-0.04746449914189331,-0.19864626542009722,-0.291248806201674,-0.061299454466155326,-0.16368563185398233,-0.46895300142330687,-0.07440337742426013,-0.06928257778479102,-0.5107365578131039,-0.08593758737531881,-0.2458502330025436,-0.46211080900451823,0.001040655351750145,-0.3179116718149628,-0.6481569087274742,-0.016130857975961137,-0.3569163725924015,-0.7583021474919003,-0.03715218001392495,-0.382311330248005,-0.8551093400189491,-0.05603906312439008,-0.17196638027099337,-0.5159987366861211,-0.001400003761555969,-0.2238191169156561,-0.7257617398431025,-0.00979377138298439,-0.25522305416232793,-0.8537093782520923,-0.02982787006872206,-0.27677420667213526,-0.9597958463932078,-0.046194618332127874,-0.08972916396553961,-0.5218001924865572,-0.013275453707970104,-0.11908555420239329,-0.7169129180700402,-0.024692631236145686,-0.1427065932019296,-0.8381139371858879,-0.04894927376774015,-0.16139748145550725,-0.9344006866365314,-0.06846515658072864,-0.005694299294996644,-0.49713978045662804,-0.03245437765410669,0.0030324125124954705,-0.6487487758845825,-0.04013290580597573,0.002604262687946803,-0.7510255083703163,-0.04831067437430517,0.0037519420561069796,-0.8380284880106852,-0.056937379264332885
0.0,0.0,0.0,-0.11750716948708789,-0.09873924518593044,-0.04616405131701833,-0.19459290863815182,-0.2883704044554217,-0.06067475390336413,-0.15971471376933372,-0.4630369639640395,-0.07495530481359164,-0.06770989422510822,-0.513276150653251,-0.08825646573350107,-0.24143836435982882,-0.4585457803613869,-0.001734711402669356,-0.3145993615870107,-0.6445104251047844,-0.021310799063049383,-0.353254610063497,-0.7559455516645217,-0.043321391722176195,-0.3773175465198187,-0.8532281212354793,-0.06267032553168567,-0.16757554753678916,-0.512687245821249,-0.006056870644034167,-0.22110772283741134,-0.7237226849316151,-0.017866843876135775,-0.25278535748808484,-0.8521723292896377,-0.040573341155262885,-0.2744119177715252,-0.9597118687947024,-0.05881603629042082,-0.08550652182254403,-0.5194908362162667,-0.019482428172123693,-0.11484109512106006,-0.717399337094501,-0.034930923138086226,-0.13776433285399953,-0.8381695174521808,-0.06200735945421247,-0.15634361226440788,-0.9354028748634329,-0.08327297047907578,-0.0010632282910647097,-0.494362048778504,-0.03969826429338345,0.007765239415803038,-0.6469583299410498,-0.05114486528299919,0.0072996047552995975,-0.7495918318905768,-0.06169296036183704,0.007455406991413964,-0.8380710545381841,-0.07201524860962125
0.0,0.0,0.0,-0.11876878218457886,-0.09853354135540641,-0.04497164673489637,-0.19472587503163852,-0.29332890019601654,-0.056997171230533016,-0.15453165690882106,-0.46900100492438856,-0.0686662462862371,-0.059383837524754304,-0.5132463348317928,-0.07885423223322963,-0.24490198929159562,-0.4595252762140022,0.0038243272792710817,-0.3169468878550789,-0.6463842746238896,-0.011516412837167483,-0.3554063219711241,-0.7572965584647846,-0.03161111955817532,-0.38011872732408536,-0.8536780034525726,-0.05015809754836548,-0.17106362401408776,-0.5151161515981497,0.00020905841245889237,-0.2248180775130619,-0.724184614978582,-0.00692574173026516,-0.257133943045932,-0.8527390018950025,-0.027829025440641565,-0.27929781512118557,-0.9589826470869438,-0.045140073917945445,-0.08812569587860211,-0.5219915937722475,-0.01252638796372114,-0.11725108730490755,-0.7205926033111978,-0.02292492018118888,-0.13988731657254416,-0.8411545567923591,-0.04865310906326161,-0.1585671688897592,-0.937646020849541,-0.0696719305550623,-0.0027359382863665887,-0.4972932950871051,-0.03220067188447999,0.006528849816617504,-0.649247877490259,-0.03963214757978901,0.005698823177677422,-0.750946680693902,-0.04852728492213254,0.005896599965686821,-0.8380965761620245,-0.05794756035583153
0.0,0.0,0.0,-0.11918253546925497,-0.09844925548280684,-0.05224916686047635,-0.19573326747272266,-0.29223857255796837,-0.0678320449079008,-0.16019676630987556,-0.46940436799044777,-0.08144899997560055,-0.06175026898687242,-0.5145863751854889,-0.09283091957160852,-0.24726840595599409,-0.4667127073308257,-0.0018061711902953616,-0.319591702560865,-0.6544140443836592,-0.018981050241463713,-0.3576321800437213,-0.7650604607616913,-0.04089812397983278,-0.38287668441698774,-0.861802306144426,-0.060486436670429036,-0.17175385785969743,-0.5201711670162072,-0.0013986958304915969,-0.220577502977019,-0.7288956164329731,-0.009337116253983993,-0.25188594862024155,-0.8554291802881469,-0.03038755341461258,-0.27451001496275046,-0.9603158709286403,-0.04747458156656729,-0.08743037069874937,-0.5245891071774726,-0.010601539322416387,-0.11199590796958486,-0.7217637476488716,-0.020628858721603492,-0.13504405479111992,-0.8413181342871372,-0.04423859491681813,-0.15333170345368285,-0.9363570852367084,-0.06337067112914402,-0.0015912203393653374,-0.497507552000412,-0.027498977725453698,0.008852658776141293,-0.6484040909860308,-0.03432018874287435,0.007351378442412356,-0.7509352028214675,-0.041742640042891764,0.0073942005074602414,-0.8381932093988737,-0.049356190985688456
0.0,0.0,0.0,-0.1167069955473988,-0.09687776037770869,-0.05488909794392141,-0.19437425433367206,-0.28900833193814396,-0.07245627218360662,-0.16768969016873359,-0.46907976119229433,-0.08777936646048291,-0.06887782419361756,-0.5169237411037946,-0.10058229048899633,-0.24673671465731462,-0.47233888451352557,-0.004405492338013784,-0.3216354721249105,-0.6569539641020135,-0.024439514595941077,-0.3595178017787679,-0.7675873857683091,-0.04765563001245716,-0.3830816420047799,-0.8651396080056311,-0.06764331511775311,-0.17181575588339523,-0.5231985008539857,-0.0032307290067059373,-0.22483846038408256,-0.7276901089883576,-0.014745484318878033,-0.2589515179236451,-0.8532654850978225,-0.036420566688791185,-0.2834951411278839,-0.9573821952234237,-0.05324710624232869,-0.08694250872319176,-0.5264993088395951,-0.012052678881881971,-0.11201662186992459,-0.7195978413975693,-0.02596048859983899,-0.13722108915026454,-0.8391657436382389,-0.04927426174311331,-0.15676921341144762,-0.9336307676785875,-0.0671995614180991,-0.00048417454035022597,-0.4986371340996945,-0.02874355794719905,0.00955450069863881,-0.6496596760108564,-0.037826641102158574,0.00853724726362668,-0.7522886116664473,-0.04571927900785153,0.008877346734736266,-0.8401176851060068,-0.053122371279963956
0.0,0.0,0.0,-0.11765093601690235,-0.09668803312248883,-0.05675090124314539,-0.19680445468591712,-0.2840910325017953,-0.07654813246219799,-0.1663339537672176,-0.46212023474438524,-0.0934515625316306,-0.06474785622341062,-0.515707498673845,-0.10768503756361628,-0.24959363498850592,-0.47024440345186946,-0.009938751166426417,-0.32402217760007573,-0.6544662324432948,-0.03225051982887119,-0.3603141401558958,-0.7648659683318669,-0.05679503215587968,-0.3828555472773766,-0.8629208420848798,-0.07752933639962922,-0.1720514519952065,-0.5203950544802658,-0.008300115310905258,-0.22318081740559975,-0.7256267702906537,-0.02218168636187793,-0.2573375603278689,-0.8516555978335244,-0.04553975062247568,-0.28248715071966707,-0.9570331204491602,-0.06378912543437137,-0.08599024059989316,-0.5232032771165462,-0.01649499067843416,-0.10994941583924381,-0.7107843933393729,-0.03261000747259697,-0.13465900775072037,-0.82783981886342,-0.056859894736442394,-0.15354961544356463,-0.9204868847346754,-0.07521171190365514,0.002541753323094902,-0.49512034370436475,-0.032528706135617515,0.013198783838485502,-0.6454747153924765,-0.043626489905593466,0.01203321391485515,-0.7476860914871157,-0.05232338365856873,0.012296320880762362,-0.834646452558097,-0.060107895542282234
0.0,0.0,0.0,-0.11910941747507359,-0.091329219872714,-0.059088691739505005,-0.1993976269053286,-0.28139762729033313,-0.07793853719435581,-0.16551622097780563,-0.46393364358449485,-0.0936862191125665,-0.06434790416161994,-0.5208610343720906,-0.1067610688627431,-0.25159032256738323,-0.45918739166481365,-0.011086260021932106,-0.32674258734289907,-0.642169796789428,-0.03386037357753089,-0.3639525618201977,-0.7546650767758781,-0.05861261719264309,-0.3873756239182632,-0.8528645909544977,-0.07889309052556934,-0.17462962534361695,-0.5136755298603074,-0.007816853697015978,-0.22851616519312967,-0.7206444538716198,-0.019805100367026318,-0.264191396659766,-0.8492332765856702,-0.04125550689178065,-0.28966414426589626,-0.9552770406010374,-0.05779396573753595,-0.08843013205096481,-0.5199612123971027,-0.014665323603068325,-0.11249605749903022,-0.7070199595844453,-0.027760064806108476,-0.13877212685349244,-0.822616119862583,-0.049424933253762016,-0.15853382667810012,-0.9129842684190574,-0.06635109538513605,0.0005054765759608355,-0.49321838828072057,-0.029940472282636202,0.011701765731113808,-0.6347375838432758,-0.03832695945389415,0.009502500389196405,-0.7302197516083557,-0.044188018713197705,0.009913981678034476,-0.8097218579275965,-0.04975355233011948
0.0,0.0,0.0,-0.11807944034630616,-0.08965116745799259,-0.05438285655379445,-0.1996439115009239,-0.2802844743780909,-0.0712517767114389,-0.16718278495766437,-0.4613087807904822,-0.08609343393616728,-0.06891596042951814,-0.5163881314268163,-0.09896336508651885,-0.24992372671403776,-0.44986707496239486,-0.010382085734067025,-0.3274040202291383,-0.6334809375064712,-0.03455909433262124,-0.3661421099274339,-0.7468411326131608,-0.05967770274699732,-0.3903100632598881,-0.8442043833832295,-0.07948018973615865,-0.17442116784141373,-0.5051906963396899,-0.009426369650290242,-0.2298620154467319,-0.7186027617431547,-0.02068085639947359,-0.2642444741254065,-0.8493811377309208,-0.04096413882601649,-0.28736550987646514,-0.9561109820341822,-0.056252466551986645,-0.088658439354412,-0.513520725914585,-0.018101565430555605,-0.11237172236954485,-0.706363384120889,-0.02950316531591546,-0.13631082812885476,-0.8228341577593494,-0.04981222941155426,-0.15466267994598792,-0.913283697499617,-0.0656465001331724,0.00023789801891104,-0.4890360093904297,-0.034911065444901836,0.012653897300331052,-0.6303277327245316,-0.040971095036939124,0.009917133164312877,-0.7235493925039294,-0.045141808779882685,0.00889157227604493,-0.7995129061931883,-0.049554305285537996
0.0,0.0,0.0,-0.11608764301279531,-0.08208820303314268,-0.05421050508771612,-0.19712187636251793,-0.27009519006311117,-0.07192532221555523,-0.1664800376891521,-0.45067374912644126,-0.08737514621332795,-0.06946023505273488,-0.5087236985622356,-0.10092743585328826,-0.24545316985374183,-0.44316600608616674,-0.014442717957179694,-0.32468575397491717,-0.6287349403862952,-0.03950585102323688,-0.36499162796215584,-0.74287545406348,-0.06466012985092127,-0.3898991946859788,-0.8402622130906898,-0.08426626789095373,-0.17088965976783513,-0.49953856897609283,-0.013654256946049393,-0.22629432133344884,-0.7172956051667151,-0.02553499018484027,-0.2611639587323955,-0.849824499953584,-0.04577337006223432,-0.28363819807687674,-0.9569514823912915,-0.060853949077551595,-0.08580650109106461,-0.5077338507761279,-0.022065979773429917,-0.10998175143748706,-0.7078493997648554,-0.033452094814212185,-0.13449510748327392,-0.826016097009396,-0.05309020645540538,-0.15218529551033416,-0.9175574306454867,-0.06891276889268862,0.0016973420022446015,-0.4817899204467593,-0.038512461313591026,0.018204606378810877,-0.6219350201850423,-0.04537076606145647,0.017401896199303882,-0.7167358389888866,-0.049688299541301426,0.018491320398296346,-0.7943831591198774,-0.05416134839330339
0.0,0.0,0.0,-0.11339866589225031,-0.07826479963006316,-0.054715571086846576,-0.19422347957383715,-0.258311107989326,-0.07610736845210705,-0.1656791834614778,-0.43868231995812623,-0.09472172570353186,-0.07006135200169519,-0.507567762682233,-0.11179912196598896,-0.24298241831061393,-0.4392010775166827,-0.02582042956967999,-0.3231042036549353,-0.6201282416686753,-0.05547763371753082,-0.365129622212912,-0.7343752488471142,-0.08214882018051405,-0.3911765566812664,-0.8318956218670086,-0.10299557144300368,-0.16877357572634835,-0.4961766859691965,-0.027405690308871303,-0.22650508197099056,-0.7091558579879865,-0.047844620851300854,-0.26138427007833437,-0.8449946796566712,-0.07172094123155517,-0.2825298500955514,-0.9547001842013492,-0.08882872469106726,-0.08295635118410014,-0.5035126492376063,-0.03753956817994872,-0.10872720437598132,-0.7029129225450854,-0.06097813375433926,-0.1329167783157823,-0.828029245820176,-0.08711912069168241,-0.14943017150364846,-0.9283307253986848,-0.10617984025685223,0.0063349000071299035,-0.4740801324054422,-0.05451590156341225,0.02824809350943736,-0.6196008457737358,-0.07432136020448099,0.033366674550489805,-0.72273950017677,-0.08581592027191173,0.03932202563570119,-0.8100496400708048,-0.09440807099554414
0.0,0.0,0.0,-0.11189563646446016,-0.07721670163986677,-0.051769940620047195,-0.19270352109676978,-0.2566331686191864,-0.0714296534238178,-0.16603683863699703,-0.4338455099213403,-0.08900584165250428,-0.07975496249312038,-0.5092873311964592,-0.10547134654039736,-0.244552531563916,-0.4379952905128137,-0.023980158840995018,-0.325174965242957,-0.6146343749311269,-0.054638556944083164,-0.36688593501533084,-0.7279485827053216,-0.0820423191292465,-0.3928945563782133,-0.8234386753579526,-0.10332064207808864,-0.17073937719174748,-0.49345995807718207,-0.02789914344370259,-0.22885515174232235,-0.7064540105973888,-0.05098122166123725,-0.26295420756132726,-0.8437451636743433,-0.07738555265833798,-0.2835011076106976,-0.9538928680814633,-0.09614299107712589,-0.08545553094117425,-0.49905596897436394,-0.040349786235748406,-0.11098762536726932,-0.6986607253039572,-0.06893451984052623,-0.13326540870330036,-0.8273291476343624,-0.1003380963748848,-0.14895127889623994,-0.9307003920051083,-0.1224320172981692,0.0032906901089245696,-0.46809971740843903,-0.05884885082867754,0.028709767618742377,-0.6171584190458343,-0.08447709311652957,0.03622749375444846,-0.7236114269296137,-0.10084221664558626,0.04245930166621151,-0.8143201909566758,-0.11275808056151276
0.0,0.0,0.0,-0.11522992489908712,-0.07500345293809314,-0.050348882019712354,-0.19646724123544412,-0.2557632798806475,-0.07041439474299345,-0.16741741222144088,-0.4336342825310952,-0.08801656644107358,-0.07941839768611345,-0.5021968704541759,-0.1046241446116152,-0.2448048074874295,-0.43573688551535694,-0.02793076201240977,-0.32677667865613114,-0.6121171716857259,-0.05823290088984001,-0.36740021811053897,-0.7246318857290888,-0.08500532880843531,-0.3915837707864653,-0.8198718142754416,-0.10590849776272168,-0.1704370380225802,-0.4927268902078289,-0.032241874987505796,-0.23030182033146468,-0.7068204091440664,-0.05637654486151623,-0.26371116629441477,-0.8439529466777462,-0.08308945459732667,-0.2828236914371688,-0.9535885580664913,-0.10202198620292971,-0.08487042263232843,-0.49951891619445404,-0.04451847202155366,-0.11159617112478185,-0.7005630978870767,-0.07461393317817722,-0.13431373511933947,-0.8308583150449337,-0.10750343397610343,-0.14937313914248473,-0.9355301028207031,-0.13046156600486244,0.0040850513835397635,-0.47083894632848416,-0.062393660363256886,0.02905420281160549,-0.627157914199465,-0.08934161276082773,0.03728880646751692,-0.7360843770338171,-0.10712981123975873,0.044368331838815944,-0.8284355198302752,-0.12010390046395715
0.0,0.0,0.0,-0.11685769149679678,-0.07432394405372794,-0.046844738981422496,-0.19632318048168013,-0.26005524710846334,-0.06467513640001316,-0.16382095207925887,-0.4379620817921993,-0.08049641484724784,-0.07681857442671634,-0.5113914451250934,-0.09575326943718662,-0.24313491940427237,-0.4344103216305749,-0.02528393934891283,-0.32409853932185895,-0.6114708163113817,-0.05404551035256014,-0.3644476509074349,-0.7250168341544807,-0.07954770467526028,-0.3879284633653495,-0.821471578961176,-0.09932423714917363,-0.16849206306962022,-0.49482964160566567,-0.03043126168033057,-0.22681668579713438,-0.7092340955813375,-0.05284356375670458,-0.26024009856161767,-0.8463514785163466,-0.07800635565723564,-0.2791998966755631,-0.955318052231521,-0.09606042703312076,-0.08321619846179679,-0.5059843252291231,-0.04332765022979493,-0.10875306424964949,-0.7091205278281967,-0.07107560200558069,-0.1312068974318188,-0.84018362656387,-0.10162076441425646,-0.14564019632917896,-0.9448050327194042,-0.1233563596334739,0.004606324646490953,-0.48202973864634646,-0.06158861677968147,0.02404257025456031,-0.6431945249432511,-0.08567289836683739,0.03290942840637908,-0.7516889730755553,-0.10028443657082187,0.042051118831382794,-0.8421329581349921,-0.11124571553045447
0.0,0.0,0.0,-0.11591641736811271,-0.07759966809198861,-0.04033947605459891,-0.19526764004489083,-0.26355943565496465,-0.05454422393341654,-0.1628341979505323,-0.43685998120188163,-0.06803089184303766,-0.07934896672695754,-0.507734123735583,-0.08136433626793454,-0.2398531929163364,-0.4391429597346813,-0.01773741508974532,-0.3184438778817832,-0.614445815899912,-0.04346785390737362,-0.3580783355586139,-0.7253847074760797,-0.06709359295333402,-0.38169086810899877,-0.8197126494003794,-0.08595661999100077,-0.16592827811358735,-0.49638175202049417,-0.026102664302546506,-0.22096978208186274,-0.7124216615853969,-0.04547986743127302,-0.25268648042156283,-0.8492222843228805,-0.06975707469013297,-0.2707976006252038,-0.9585043070239061,-0.08771638066123785,-0.08105700170230201,-0.5048841695101529,-0.04194391038063235,-0.10451544820132055,-0.709531122837364,-0.06822457517517724,-0.12318557249370474,-0.8424714767330987,-0.10049073792542562,-0.13455212037536743,-0.9497457848333652,-0.12387440768570743,0.0059302842625884224,-0.47933505894865314,-0.062487231200763785,0.027773140788094827,-0.6393633223722665,-0.08657070523313762,0.03915903360070193,-0.7485623500028513,-0.1026167975029865,0.05006585685947129,-0.8403495242181191,-0.11505293011163814
0.0,0.0,0.0,-0.11599366317879145,-0.08064634161446266,-0.037526819875636844,-0.19589107531944538,-0.2674605349194549,-0.049789587102836215,-0.1613650559517692,-0.4380313802868402,-0.06194971777973425,-0.07806231460514047,-0.5062873875028273,-0.07403328289070218,-0.23954765508739714,-0.4424691455675132,-0.01383673074264426,-0.31701227795791354,-0.6182808639352995,-0.03754896224689034,-0.35643997781152637,-0.7278290508843308,-0.059929911829374516,-0.38024318017265035,-0.8206867562295416,-0.07816439040444345,-0.16543310053825722,-0.4980306691228166,-0.02327247311120748,-0.21952023571081933,-0.7149413000125178,-0.040665115411594024,-0.2509096275945497,-0.8509260353791537,-0.06440421836424418,-0.26918260162212115,-0.9594800101019101,-0.08236923111362993,-0.08050064987314348,-0.5054467137676157,-0.040059473541475626,-0.10377887143146648,-0.7113616064268939,-0.06467992440313332,-0.12140028990573073,-0.8449232365799304,-0.09750142118089769,-0.13235298958529945,-0.9527914700391199,-0.12168101243728977,0.006502626235413466,-0.4794365330153887,-0.06133114066007999,0.029102100542329777,-0.6394276117074955,-0.08442497579787853,0.04070056403282239,-0.7493503259244056,-0.10087613550941833,0.05176058610530335,-0.841838589183592,-0.11397346990533029
0.0,0.0,0.0,-0.11729666213717735,-0.07945900078648534,-0.0405875609066718,-0.19702662952938396,-0.2634290701516644,-0.054989278265304184,-0.1602124346162701,-0.437675626140966,-0.06838998227641128,-0.06842253451523506,-0.5090856898123213,-0.08121867450483997,-0.23805295205438132,-0.44100921693109096,-0.017214476935427905,-0.313612667712868,-0.6240366976440423,-0.03986908845271801,-0.35169748153997127,-0.7357902460814918,-0.061101035156574744,-0.3752604286164408,-0.8304499434500038,-0.07880563011848646,-0.1628931535281327,-0.49694729006961746,-0.024175209075041323,-0.21396684277250902,-0.7178864848049996,-0.04051572698820428,-0.24508300368888453,-0.8541253792891338,-0.06259589976479171,-0.26486706935578247,-0.9609418978610755,-0.07956380895687587,-0.07812720530284109,-0.5051886556885334,-0.03842068324733687,-0.09937172907558878,-0.7128291330535066,-0.060470051019906025,-0.11767735053625619,-0.8448991734697646,-0.09001767238512637,-0.1303993736427761,-0.9494354729853853,-0.11231277998706574,0.00834095609245647,-0.4810056954320404,-0.05756459832707262,0.029973358763003857,-0.6403593450558811,-0.07767918071270885,0.0392370567631671,-0.7494864644913933,-0.09165988379902715,0.04779445149187121,-0.8399472824361504,-0.10315657971354976
0.0,0.0,0.0,-0.11761689357434771,-0.07581586733542381,-0.04067458877749381,-0.1973072148620873,-0.2597383216366774,-0.05493898302863945,-0.1603537234870953,-0.4332055997156235,-0.06803215013686043,-0.07036852999294807,-0.5023678667863045,-0.0802523884193572,-0.23980936634030847,-0.4420877089992732,-0.015504745021225345,-0.31456675531391226,-0.6254227958236329,-0.03673101038008908,-0.3513691707550921,-0.7378021564186474,-0.05729071511847339,-0.3735312308200105,-0.8320593049599149,-0.07478996267709592,-0.16427926197997927,-0.4979238271022527,-0.02212831968853771,-0.21371071042108422,-0.7198622949103223,-0.037242987852428036,-0.24290949527980088,-0.8556804207911486,-0.05932200041232588,-0.2620520003172736,-0.9619872155331434,-0.07640346045822485,-0.08043599258915195,-0.5049383101748877,-0.03612925631912628,-0.09981980425193766,-0.7145335753961204,-0.057323240514105187,-0.11632686285321084,-0.8465318921891999,-0.08772827235579012,-0.12834007893631097,-0.9509245749626623,-0.1106910659409754,0.00422749404878025,-0.47968484234534364,-0.05493738953851167,0.0275568709131127,-0.640737246513208,-0.07494195541910781,0.03720612813777162,-0.7508343927166266,-0.08985754407415748,0.04520324861843956,-0.8441205829521354,-0.1020137839715749
0.0,0.0,0.0,-0.11792118810261969,-0.07580191134143076,-0.04027128611406814,-0.19578565463860081,-0.2513873210330867,-0.05511690744119538,-0.16127385967566685,-0.4207439897408104,-0.06881285662020195,-0.08174958962672649,-0.5017939076868938,-0.08141863832014343,-0.23965887549056186,-0.4431334913512661,-0.014241739020149535,-0.312943167263125,-0.6267316931123768,-0.035572225253464373,-0.3489152305251377,-0.7380159126207901,-0.056349878749884764,-0.3706230490754593,-0.8314779677074171,-0.07360775794031418,-0.16473239978499601,-0.49788799075672274,-0.020924699354092767,-0.21279224535084795,-0.7218533338201553,-0.03581310133629588,-0.24160099233579224,-0.8568432544737901,-0.058906085214355364,-0.2604245737978197,-0.9624187944245116,-0.0767477908775454,-0.08239830615545306,-0.5037447346948916,-0.034917626147464895,-0.09908382114801864,-0.7160545635242193,-0.05584311413805476,-0.11375399455314718,-0.847934320927068,-0.08663825842156138,-0.12490481714856555,-0.952780430931202,-0.10999987655081915,0.0007754398205088782,-0.4756153286375112,-0.053514148520795266,0.026960393196196267,-0.6367485970818766,-0.0734647019087739,0.036780074358879894,-0.746263796274672,-0.08826823116171428,0.04419235567604752,-0.839822425376531,-0.10011995165847275
0.0,0.0,0.0,-0.11971086964307857,-0.0752999246717797,-0.04359686398333233,-0.1953902452034423,-0.24605387715899213,-0.06043008319194856,-0.15639383940310214,-0.41223939432014056,-0.07556758969841168,-0.07740330054553693,-0.4952118512032868,-0.08919489174894658,-0.2398772411824326,-0.44731413072368775,-0.01489405959158433,-0.31231901646104204,-0.6314899441727246,-0.03608772064317649,-0.34676456152070534,-0.7429199381460276,-0.05736927230196051,-0.3666843806441865,-0.8368898311327091,-0.07511828286175432,-0.16446040869304313,-0.5004570405020705,-0.02004948286086111,-0.21135299852550476,-0.7236862085439679,-0.03440414879027788,-0.23805804928708013,-0.8581162907951612,-0.05833577110307188,-0.25534022935019085,-0.9637433807286628,-0.0771547253640952,-0.08301945381935519,-0.5033050701207201,-0.03290236647940816,-0.09672802665450991,-0.7165224226563257,-0.053859695204547295,-0.10958750605647634,-0.8473698326038182,-0.08581692060006402,-0.12056626969285072,-0.9516462357027888,-0.11008693146071602,-0.001317513550530411,-0.470810227028611,-0.05057839519896724,0.028250149909743602,-0.63143735491517,-0.07149254426424115,0.03832574020649768,-0.7398494200546931,-0.08743318197515773,0.04447521027969644,-0.8336031288364119,-0.0999095820752926
0.0,0.0,0.0,-0.12052555242319311,-0.0784260890474166,-0.045328581628654274,-0.19559171258035235,-0.24821451948188442,-0.06296066426223575,-0.15558239455684142,-0.411999648563936,-0.0787859989520324,-0.07428322991556385,-0.4922558675292654,-0.0931500064120672,-0.2367531494363363,-0.45189783216529544,-0.013828530846252506,-0.3077923484099817,-0.6357698786510833,-0.034647537804957315,-0.3421240122833813,-0.7463766417574148,-0.05634184027982219,-0.36215139609869174,-0.8404909298247263,-0.07474373359288891,-0.16186277300659502,-0.5023677027949879,-0.018439991243286803,-0.20749222049854915,-0.7239517796721635,-0.03254130028979658,-0.2328524885684559,-0.8581862294992745,-0.05743038835248573,-0.24882483952937365,-0.965430016052319,-0.07721514604644694,-0.08137451151820536,-0.5022071607603491,-0.03103433204549845,-0.09350272079185887,-0.7146905941706077,-0.052422982089235196,-0.10523429995484014,-0.8454633428168818,-0.08598690166457207,-0.11550938564535403,-0.9503760224664034,-0.11133503688611375,-0.0006358574395320294,-0.4671277371807818,-0.048587991983117626,0.03011331397500322,-0.6269851026961804,-0.07061937816834533,0.04067692467252134,-0.7355967407691293,-0.08805343447182676,0.04730813238520866,-0.8306105075062192,-0.10154056478122855
0.0,0.0,0.0,-0.11990922675856382,-0.07734228504877091,-0.04527810741636088,-0.19378489421819572,-0.2413649709658276,-0.06457508190341563,-0.1559760245367297,-0.40151538131250863,-0.08182912038750656,-0.0781998072985423,-0.4867715653030109,-0.09790029260583066,-0.23181194535897298,-0.45457670503251235,-0.018011095201670733,-0.2997668313909148,-0.6389916514350846,-0.03975750172397388,-0.33297074565793516,-0.7495423337449285,-0.062329834384489385,-0.3526551035389103,-0.8446096080333809,-0.08132664443525303,-0.15625157300038578,-0.5032701237080799,-0.022772313122031772,-0.19913445556207265,-0.7241626252149359,-0.03791398751210455,-0.22473700658598153,-0.8590813653185119,-0.06358181767831486,-0.24178283082585106,-0.9666107249846484,-0.08409517261435717,-0.0759924075611641,-0.5004441314035823,-0.03506241354674698,-0.08355146433088202,-0.7131198969116361,-0.05726415492449567,-0.0948686420195305,-0.8434968211374738,-0.09093244678979716,-0.10606498279595158,-0.9470914580303016,-0.11644463197418328,0.0042199189926545345,-0.46190468345383684,-0.05200539077564997,0.039053139014786034,-0.6235268777215005,-0.07528472265619499,0.05088310339395984,-0.7338402238385142,-0.09302322654057144,0.057916931098219146,-0.8302703424819498,-0.10642463403765054
0.0,0.0,0.0,-0.1190380852219572,-0.07840943079375268,-0.04107476641482276,-0.19360579140140927,-0.24056596859119211,-0.05878578462663019,-0.156171482986883,-0.3979446175573573,-0.07562384477374368,-0.0807038884476158,-0.48479705187434086,-0.09204209876488059,-0.2264429756738831,-0.4556017787728914,-0.014543804346829165,-0.2931659506328715,-0.6366829110995484,-0.03702823777401744,-0.3251554972159487,-0.7451190775539511,-0.06016534258681411,-0.34336045899240314,-0.8399427286305741,-0.07947600276296118,-0.1514241770900789,-0.5038402514711173,-0.02202605293139171,-0.19319067784174226,-0.7245302450906013,-0.03775405419045243,-0.21698705093560244,-0.8598479625528697,-0.06417375474995657,-0.23219170832522296,-0.9688361502106502,-0.08531534538086641,-0.07263233286036377,-0.4991347046555724,-0.03690144730282679,-0.07704017014566528,-0.710750014995877,-0.060167289580224735,-0.0860605875818807,-0.8407956849292871,-0.09488623542058752,-0.0958241858796173,-0.9445715428866504,-0.1211425792850802,0.006015163727447554,-0.4578548157225245,-0.05602471598410352,0.042659234141344114,-0.6181267107921367,-0.0806300656081434,0.056081996119326884,-0.7281977296737254,-0.09908728425161115,0.0643009336517549,-0.8248927931123451,-0.11310725277566548
0.0,0.0,0.0,-0.11843499273866365,-0.07832031852770621,-0.04120838006998474,-0.19118729349232155,-0.23613627331260317,-0.05869140508776395,-0.15261582453719127,-0.39064991662975923,-0.07536565598177387,-0.08053477200882392,-0.4783678136256572,-0.09158157885219687,-0.22425283256857695,-0.4555020948172578,-0.012441346244727215,-0.29112841720574634,-0.6345425934439721,-0.03471334488361162,-0.3228295389512027,-0.7416212223326744,-0.058048234384470127,-0.3406798704524312,-0.8353027200505279,-0.07724750323664482,-0.14850455854129851,-0.5039064477840183,-0.019734843013735938,-0.18993046004889075,-0.7254961847445347,-0.035582709412903014,-0.21259744094912564,-0.8610437511053202,-0.06245510972902918,-0.22693435082985092,-0.9702424537942806,-0.08376120937569445,-0.06963320702911617,-0.498444092172295,-0.034608271822241056,-0.07220932986280586,-0.7100218552466434,-0.05779691483415678,-0.08079360866533511,-0.8400596151016126,-0.09296517504332691,-0.0912217082438917,-0.9441115839277027,-0.1193810605778921,0.008971513467527583,-0.4552289175846356,-0.0537324379234812,0.045311969653972696,-0.615686455278097,-0.07749168066394274,0.05923906175590549,-0.7249185835556746,-0.09523193885356646,0.06788751545241475,-0.8206952276465656,-0.10876882206816693
0.0,0.0,0.0,-0.11851748973520773,-0.07714922315752411,-0.043913334380222865,-0.19073034876981126,-0.2324435979913351,-0.06376005086901917,-0.14693856241414432,-0.3825180996584175,-0.08240616943949586,-0.06929366079332064,-0.46449915185177526,-0.10060723907781963,-0.2243657761148596,-0.448155377992299,-0.018939941428997107,-0.29228652185978077,-0.6299218740892897,-0.042494476327717676,-0.3246195703867137,-0.7389739420773789,-0.06635463325753276,-0.34322919091776083,-0.8341788125993397,-0.08609416932604834,-0.14821891749452304,-0.4977626182990984,-0.02527054582972823,-0.18927371413302446,-0.7209784068099463,-0.04204054226277568,-0.211929794696103,-0.8587726630180534,-0.06951088949856435,-0.22678855216695998,-0.9695782604474568,-0.09147544529300516,-0.06880472111723657,-0.4931854981943743,-0.039049782284314126,-0.07000477158831644,-0.7051253325629562,-0.06293131335824508,-0.07711157568191121,-0.8364153108703583,-0.0991686395246755,-0.08624494191098006,-0.9404504065190246,-0.126434611443822,0.010479410498567439,-0.45149239238045435,-0.05721965338050075,0.05085259692469617,-0.6098211835537359,-0.08186727872437377,0.06625098680384572,-0.7187776858068328,-0.1008679522787258,0.07621008134524929,-0.8141287096097823,-0.11528349610533392
0.0,0.0,0.0,-0.11821776362516574,-0.07428542881610438,-0.04324724932197201,-0.18844711947209578,-0.22686857357859075,-0.06292875701823246,-0.143132467462753,-0.373159358162315,-0.08152935026946756,-0.06504381645064394,-0.4521276631804817,-0.10024440646517627,-0.21693443925047165,-0.44610751231649365,-0.01993641837111835,-0.28412833705493634,-0.6252568595048702,-0.04447455018298219,-0.3169746176884718,-0.7340401221243306,-0.06883069349745138,-0.3364293426805842,-0.8300068437371486,-0.08897396231417026,-0.14192271817116175,-0.4955503470138073,-0.027311168854268035,-0.18220657234212187,-0.7179824165123541,-0.04529797323454722,-0.20414800339094274,-0.8576212309622364,-0.07346457796611186,-0.21862310699535736,-0.9710408889110929,-0.09559873264795171,-0.06346249547856948,-0.48912501179056767,-0.04199464589922247,-0.06120200086982389,-0.6997576336123967,-0.06753672275885556,-0.065720841524354,-0.8340380199017567,-0.10461775367015419,-0.07334761291462823,-0.9413111649202317,-0.13203981716592456,0.014698968147440036,-0.4448702282811904,-0.06092052737858911,0.0579320888034513,-0.6005671871552078,-0.08734859182262286,0.0745144185492057,-0.708853930387208,-0.10690233821534656,0.08502970867646004,-0.8040767380629844,-0.12137411662517494
0.0,0.0,0.0,-0.11615433621807167,-0.07268406225669663,-0.045623090399008026,-0.18366712295418314,-0.21982585979686392,-0.06747685639802085,-0.13594090943449944,-0.3590095232660929,-0.08821484458752485,-0.05844179149488876,-0.4356296225869283,-0.10897018473123535,-0.21312154658259203,-0.4478680088192955,-0.021841063594925023,-0.28064930419831113,-0.6253857169539307,-0.048934727664614375,-0.3129028969866976,-0.7340707959581024,-0.07526847383766816,-0.33132393623754686,-0.8305208898165608,-0.09650354449572834,-0.1380107258477274,-0.4962594181460479,-0.029181036180469,-0.17764538902122717,-0.7175213976090762,-0.04894119558510978,-0.1988119970766206,-0.8574807033479381,-0.0783586489479867,-0.21167014662496728,-0.9719892471209349,-0.1013794227471026,-0.05965784741284404,-0.4886885678740033,-0.04422639915437832,-0.056810366537037055,-0.6979023384489493,-0.07037520334326472,-0.059726591763736084,-0.8311254236175742,-0.10697929702064382,-0.06554657751124489,-0.9377616137979218,-0.13398270516388783,0.01791688732992755,-0.4420669492594492,-0.06395432528986687,0.059314037655819996,-0.5954528207236279,-0.09017809764037091,0.07606094021894774,-0.7023736947666248,-0.10882853810525199,0.08739586314036679,-0.7967423936437219,-0.12262496435298778
0.0,0.0,0.0,-0.11392513975576432,-0.07146183030093436,-0.04909189883386063,-0.1803703290136334,-0.22266408385543895,-0.0715458101164775,-0.12860143565677906,-0.36339938970709346,-0.09224016326967008,-0.047666644111679576,-0.43742929631242716,-0.11274207516080656,-0.2121267348986871,-0.449915692576145,-0.024582789846962057,-0.2794938489570251,-0.6293245486367298,-0.0526630676303937,-0.3116251713087357,-0.7411184288503769,-0.0796253166972849,-0.3300144162044025,-0.8391525192828362,-0.10148290520588421,-0.13627751138995126,-0.4978790701576424,-0.030514708179117837,-0.17609803175882455,-0.7172577859244369,-0.05126021938757637,-0.1969111381420885,-0.8578413661309273,-0.08067630171570983,-0.20926627140989407,-0.9723111351269269,-0.1035880841081073,-0.05776651589144357,-0.48895244969346074,-0.044586644282020804,-0.055295257838353255,-0.6975468438144595,-0.07199408713873681,-0.05815488311321437,-0.8326038969726743,-0.10883509596590565,-0.06357303939660826,-0.9417356320459855,-0.13591826693292347,0.0199212672257653,-0.44179227188730996,-0.06373516765172224,0.06334384421582746,-0.5932458497373626,-0.09165921469900352,0.08032019035656679,-0.7008116681297063,-0.11144389128626044,0.09157016403176366,-0.79670524220959,-0.1259724386412006
0.0,0.0,0.0,-0.11483964396642236,-0.06935054835722289,-0.053739840547647175,-0.18394971512702013,-0.2231302110396653,-0.07650546117961327,-0.13034082418426618,-0.3723478613688639,-0.0962466934161639,-0.04398295839928348,-0.44739134833450783,-0.11559047070642713,-0.21354251633097882,-0.4396089728433977,-0.028971242470141118,-0.2804991311411553,-0.6224618489472367,-0.05647408929655159,-0.31338040031839404,-0.7367901907771974,-0.08254881461496574,-0.33237179705526765,-0.8362332790988514,-0.10434180665456608,-0.1365955783715514,-0.4903062670772585,-0.03205018712708973,-0.17703271066756265,-0.7125703524110614,-0.052786431220359684,-0.19783266569963753,-0.8562329663986528,-0.08185857131894282,-0.21028640441928032,-0.9719791398452202,-0.10483028838964469,-0.057091000051458896,-0.4826568362658981,-0.043582945067608916,-0.05652183602285486,-0.6940022908407321,-0.07237174302674759,-0.06071675731591098,-0.831014420895765,-0.1112926253254912,-0.06669865667172636,-0.9412952405988618,-0.13995480578502484,0.022316865149936947,-0.4374184518389144,-0.0603935532375086,0.0679166484067473,-0.5882501341236763,-0.09075394328029862,0.08475227002604421,-0.6961720538878183,-0.1137159161122438,0.09570579725610974,-0.7912394720106815,-0.13067615755721868
0.0,0.0,0.0,-0.11565123028131813,-0.06598040971146396,-0.058666371579650975,-0.18471104723848786,-0.218785096917501,-0.08391576345694676,-0.1269823924215152,-0.3717112507957714,-0.10492534786311968,-0.03732699968609322,-0.4452603067762738,-0.12569052061918354,-0.21180014156761906,-0.43523422901403075,-0.03714129012435911,-0.279778647610823,-0.6183575251234961,-0.06701399208758455,-0.3124149045083532,-0.7335852755014408,-0.09457018717601828,-0.33123580559881216,-0.8343196878892691,-0.11750999839139749,-0.13281358538069277,-0.48641152707730057,-0.038548221055399484,-0.17488846216725587,-0.7090894988655523,-0.06139212108468954,-0.19547877406299385,-0.8533361818140315,-0.09169343070225544,-0.20760575190888916,-0.9712662834717092,-0.11572341534571212,-0.05230778288996289,-0.4787703962556292,-0.04859221116241512,-0.052286764241139636,-0.6884550860379979,-0.07918403830145657,-0.05680737594797908,-0.8257919311207473,-0.11947202112591399,-0.06269785796850116,-0.936753284572255,-0.1490476197681963,0.027857820824597194,-0.43426812350280297,-0.06430350459245979,0.07093353709161504,-0.5856843277087238,-0.09625352302125598,0.08710020026563209,-0.6934115435037678,-0.12056013516348661,0.0975063141694601,-0.7881524356913434,-0.13864423722501262
0.0,0.0,0.0,-0.11428175049034373,-0.06310675269874683,-0.0611347233881807,-0.1833333527386845,-0.21359609355333115,-0.08839571048976283,-0.12352823256579458,-0.3675667068050381,-0.1108256436509272,-0.031079669820711087,-0.43964086635019617,-0.1334300744302842,-0.209420723766663,-0.4313369815450021,-0.04438890900964483,-0.2783720856842926,-0.6147964124233374,-0.07635302393979751,-0.3114964995588753,-0.7309519018660714,-0.10508020685300393,-0.33106843777535305,-0.8330697642067325,-0.12899126646457704,-0.12889689156551545,-0.482358139752347,-0.04562876949923042,-0.17046662681927555,-0.7060461402125815,-0.07079438087690976,-0.19050429584775389,-0.8507358586818319,-0.10238119902997678,-0.20301199194705688,-0.9707198450349324,-0.12749245940222323,-0.04759763210630381,-0.4742821253504127,-0.05532725171695658,-0.047477157148105395,-0.6828334462796994,-0.08789345457219613,-0.052025300775414764,-0.8197633399193383,-0.12910730694456668,-0.058650025047649046,-0.9312873111656205,-0.15929575183321248,0.032859577157362,-0.4297506806092108,-0.07075670547776397,0.07376818560753129,-0.582841543948818,-0.10428333157308725,0.09008832997895705,-0.6908567611701735,-0.1293240918698343,0.1004142382101864,-0.7860585556006774,-0.14809268609770693
0.0,0.0,0.0,-0.11259968324825526,-0.06288341030468278,-0.06166382786747994,-0.1818919448631541,-0.21280542634692137,-0.0899232899456783,-0.12279236517966954,-0.36740765665941466,-0.11321248176372617,-0.030970935370475294,-0.4414375604484339,-0.13681594842329964,-0.20651115633058625,-0.43235337552639475,-0.04828288961460862,-0.2755510591556778,-0.6161694220940058,-0.08175601392635297,-0.3093592979163181,-0.732934077096447,-0.11132006646606685,-0.329379780282817,-0.8348101083890389,-0.13573775683956835,-0.12540540583609075,-0.48327071160291013,-0.05001468232381413,-0.16590424680233293,-0.707587696088773,-0.07650169059376302,-0.1853690704163033,-0.8516760824835756,-0.10862370873843316,-0.19739579337628727,-0.9710188632957277,-0.1340352046274464,-0.043235893092082436,-0.4755443217940942,-0.06005820644816713,-0.043264114635177625,-0.6850102569298784,-0.09327476501697923,-0.047476677895888345,-0.8215649060035716,-0.13413081989239922,-0.053642223849835746,-0.9326952301752791,-0.16410759362082006,0.038129525692684615,-0.4310774496210315,-0.07583435942213096,0.07780671441032982,-0.5857378488333924,-0.10968972283643326,0.09381247156698438,-0.6942655565605256,-0.1344423407316276,0.10375884187416008,-0.7896807830482054,-0.15299092190809188
0.0,0.0,0.0,-0.11254513226989257,-0.06305905981745599,-0.062319192117083845,-0.1815117048706264,-0.21705065691360564,-0.08939480228837043,-0.12028648727647243,-0.3763946336915321,-0.11132007549730898,-0.02531272456895173,-0.4442060664079369,-0.13356806836145052,-0.2059739644632869,-0.43422177286790276,-0.046765741491528845,-0.2747820948428409,-0.617904524234079,-0.07870900369160042,-0.3086366729776312,-0.7345454502834503,-0.1074564244861042,-0.3289571455539486,-0.8365779963605247,-0.13197394454324418,-0.12381645404888075,-0.48577106588741703,-0.04809328696338808,-0.1638696576423343,-0.7093129867668353,-0.07385613382255732,-0.18219710145479331,-0.8526140410480295,-0.10568909101616095,-0.19391872478782382,-0.9721538374906817,-0.13112856984582288,-0.04110372573204514,-0.4784260129999103,-0.05792902062169457,-0.041011799347898475,-0.6866172072436852,-0.09122196674343241,-0.044343960833993126,-0.8227734749532123,-0.13284760532224793,-0.05021381183020883,-0.9351640133012762,-0.16345735692679408,0.0408088323289222,-0.43467047567557887,-0.073584150727728,0.07950300533382135,-0.5882304746363802,-0.10779623832699593,0.09593368693475775,-0.6958693568060546,-0.13346946276022031,0.10650447244725694,-0.7910061745588168,-0.15296115518033299
0.0,0.0,0.0,-0.11287736028442732,-0.06431645517561638,-0.06264028698744768,-0.1809481429837842,-0.21519023445231053,-0.09025259469913877,-0.1207106787122871,-0.37342059242040626,-0.1125949443414567,-0.028490861366018153,-0.44284528277272217,-0.13551145328831243,-0.20443216444584872,-0.43321833449174085,-0.04832281074731096,-0.27328781091633386,-0.6174394483043154,-0.08138242154799023,-0.3066713316494576,-0.7344352856324392,-0.11083132521400027,-0.3264652313467942,-0.8370969077467545,-0.13574841144716598,-0.12121443010233654,-0.48441241770105503,-0.049832549126296144,-0.15981832491505227,-0.7087697444208756,-0.07666517293167183,-0.17687147585028623,-0.8520497910819325,-0.1093593184880767,-0.18751677721153542,-0.9728140601850335,-0.1354664291294055,-0.03814974620199463,-0.475975934483298,-0.05979202429606753,-0.037241613115628756,-0.6840705623278425,-0.09401640631017733,-0.03965358146095705,-0.8199076005631161,-0.13601405658919313,-0.04428710080559436,-0.933096406334031,-0.16690839287367124,0.04342309696142622,-0.43047227442795855,-0.07552857053268953,0.08170206831817635,-0.5837184133368061,-0.11050366786687835,0.09869071123276527,-0.691062976432053,-0.13642284249548114,0.11017513106214388,-0.7868411937485458,-0.15609997307711465
0.0,0.0,0.0,-0.11448652869825954,-0.06578487372077789,-0.05935855538962916,-0.18267142270831987,-0.21953774909687476,-0.08457559743730154,-0.1195985752497094,-0.3770295968641266,-0.105531827515541,-0.025337382994838308,-0.44050512463387986,-0.12762747920814105,-0.20293599483617092,-0.43514956974618124,-0.04370275173017718,-0.27160912494803036,-0.6190662861215688,-0.07581463229563191,-0.3049394475478238,-0.7363488585350026,-0.10495458848075423,-0.32495858288444834,-0.839080532898659,-0.13001959857667497,-0.11965567368482541,-0.4866593280355961,-0.04703211331677059,-0.15833309958335984,-0.7106973359183745,-0.07350762686610701,-0.17569521097117385,-0.8535296096489289,-0.1062647828174753,-0.18667411300258546,-0.9734306680812261,-0.13234470116002212,-0.036699891315946614,-0.4780731746849905,-0.05870146513241091,-0.03589408492705001,-0.6872971985718965,-0.09294248879127999,-0.03775443196583912,-0.8226814270214577,-0.13500820688224757,-0.041896330615360876,-0.9357805651278166,-0.16593822628042237,0.04469294134315179,-0.4316028825326028,-0.07595459040744565,0.0833665581408091,-0.5848302427698846,-0.11105792147784983,0.1014665462135253,-0.691684585527391,-0.13689653454157424,0.11408384413956915,-0.7871414910082982,-0.1566381344960546
0.0,0.0,0.0,-0.11432739742853651,-0.06794176135452504,-0.056969029566057205,-0.18187696030832506,-0.22389952619827924,-0.08055469804547274,-0.11786306506257498,-0.38080266898257126,-0.100498172795953,-0.02369047199331433,-0.44139190739715467,-0.12190708640953646,-0.20092784442052197,-0.4363188359380862,-0.04033480176879009,-0.2693522195972079,-0.6198037660829648,-0.07194169755514693,-0.3020721077277817,-0.7368527263669058,-0.10100009616327241,-0.3220205539758061,-0.8393965414500439,-0.12624303285950692,-0.1176759299766115,-0.4868093183489477,-0.04478840205928451,-0.15579355628581626,-0.7106188513446284,-0.07120043709478728,-0.17305759691609,-0.8533167229104168,-0.1045260119750312,-0.18456984976583085,-0.9740200501744938,-0.13106218851190862,-0.03501598640592598,-0.4772951185986892,-0.05748423368329754,-0.03465913754102188,-0.6853179076233611,-0.091736923542139,-0.036245637354079166,-0.8209845451303323,-0.1344932230085132,-0.040177619212751786,-0.9351862159288583,-0.1659992643664689,0.04609539639560596,-0.4303896100665113,-0.07559283705100003,0.08386102189358369,-0.5827365092611207,-0.11063493015985192,0.10152807273454593,-0.6892209252553451,-0.13688441230952564,0.11373709403564267,-0.7851900899472194,-0.15719745192446993
0.0,0.0,0.0,-0.11394707090104642,-0.07108439626068444,-0.05508088493469171,-0.1795339386322216,-0.22583730873495483,-0.07834758170883917,-0.11660007665927755,-0.3795184797704602,-0.09835970100233223,-0.02349991384667182,-0.44079587218938576,-0.12016746171622898,-0.19619362079679753,-0.4365982322734271,-0.041298677409086625,-0.26529333284753276,-0.6216400708242441,-0.07307557691638877,-0.29952367281496967,-0.7398078245893228,-0.10159166156533213,-0.32038025533334913,-0.8430325518058739,-0.12616862025219044,-0.11352482297161866,-0.486201860664098,-0.04689225330965534,-0.15048459436297956,-0.712012809626797,-0.0735982335209534,-0.16773550279110644,-0.8552516872391582,-0.1064241432885077,-0.17875846937942244,-0.974936974354133,-0.1322365534127599,-0.03106207884844412,-0.47637982821108715,-0.06036346783691114,-0.030101630354083878,-0.6862161457114622,-0.09489812114061517,-0.03236156256842951,-0.8226548845841744,-0.1372634312120199,-0.03666866962922956,-0.938111968265684,-0.1683677783383808,0.04976072741259378,-0.4289051821938429,-0.07892987348334468,0.08856832380598077,-0.5819746530541487,-0.11386731103960823,0.10793986610083131,-0.6883040492707577,-0.13925564059980378,0.12149373930994214,-0.7845321028052652,-0.15881561514126108
0.0,0.0,0.0,-0.11209568043020784,-0.06808238279027047,-0.054189038696665845,-0.17819085933996437,-0.22167844978839424,-0.07725954526892959,-0.11699179014534881,-0.375353648073376,-0.09704988862770292,-0.02752364184394491,-0.44199561187879105,-0.11893012517288339,-0.1930810235895739,-0.4353538342648015,-0.04488478887482467,-0.260833141998958,-0.6215394886782513,-0.07773976301748785,-0.29479659069338493,-0.7401740983435094,-0.10648134337418064,-0.31609213035725353,-0.8428047208746154,-0.13116621466556944,-0.11023258100777578,-0.48487437360121577,-0.05108093339708882,-0.14554847353899927,-0.7112199556311183,-0.07924509922668316,-0.1621024644121874,-0.8545982791647997,-0.11284174731083334,-0.1734901641277654,-0.9748908721282946,-0.1392262119632554,-0.028241785010512194,-0.47460240882652677,-0.06472346257278447,-0.027526785708937976,-0.6839544264126814,-0.10067889046990997,-0.028648302328291984,-0.8195627865371027,-0.1437666100634911,-0.032229718710930305,-0.934847428795063,-0.17549986085393735,0.05185988007918143,-0.4263228946187545,-0.08313393541849194,0.09097291332637639,-0.579446050894273,-0.11996187990182715,0.11153357765317377,-0.6847998152285872,-0.14646035768497906,0.12589292368370475,-0.7804536278441203,-0.16677683111847943
0.0,0.0,0.0,-0.11136223648511386,-0.06819190518912488,-0.05379866665515073,-0.17759458275813716,-0.22051479791514667,-0.0767742458636042,-0.11777213795639625,-0.37409169317892194,-0.09652983547543154,-0.02994704851548216,-0.4430758623561859,-0.11828053744402678,-0.19229165628828365,-0.43763861525272724,-0.044200854093660674,-0.2589270611571354,-0.6230163567725524,-0.07727206744668617,-0.2917231341806882,-0.7413590362972784,-0.10652785396510009,-0.31235597549848054,-0.8439954516227178,-0.1317288703942133,-0.10906549013728381,-0.48683226259977885,-0.05059316666169885,-0.14301603677655733,-0.7120703924515763,-0.07916028479828155,-0.1584267045864256,-0.8545831972704694,-0.11359438584784465,-0.1696191553154694,-0.9753739186139841,-0.14073050117650365,-0.027371429960243762,-0.4759219830599828,-0.0643851039806623,-0.026561750593969074,-0.6824191315677961,-0.10089816227274456,-0.026623359816303274,-0.8176738671543248,-0.1445195486550368,-0.029622633730465003,-0.9335425860969577,-0.17671778288529302,0.052587844886099584,-0.42696025633425505,-0.08286553501373697,0.09158878585533026,-0.5791970056400491,-0.12022723298145332,0.11260569945427061,-0.6831990718337155,-0.14706069586652018,0.1269817370128713,-0.7779351456111712,-0.1676926733641545
0.0,0.0,0.0,-0.11097121221894497,-0.06923439349638287,-0.05422756659298077,-0.17724394550457284,-0.22225992569995484,-0.07766926026098887,-0.11807627469986212,-0.37697042542721027,-0.09785202322310307,-0.029950580920418267,-0.44783119850449715,-0.12015414766458601,-0.19034628156898198,-0.43948458570973115,-0.04550700874588143,-0.2569272890700629,-0.6240227910246932,-0.07942227831079998,-0.2897134011079829,-0.7425841232753136,-0.10952799222403811,-0.31029342006143346,-0.846031335540106,-0.13554040974785916,-0.10679803562357221,-0.48799078144798363,-0.05228877490730287,-0.14016485988527244,-0.7123232185117309,-0.08153605683272883,-0.15490215176727223,-0.8537487151825035,-0.11707601519334299,-0.16599866966417504,-0.97532306351167,-0.14532764926421637,-0.0255906032672334,-0.47635982758848006,-0.066414831281782,-0.02428106317135554,-0.6821908633827647,-0.1037316180907048,-0.024023209665978172,-0.8182004651665544,-0.14832477973456037,-0.027386960424878558,-0.9359567120273703,-0.1814669827730297,0.05403280566108025,-0.4259734622029139,-0.08522658427953042,0.09294377195095191,-0.5780441225053952,-0.12316351199505528,0.11410507362800171,-0.6821585208326615,-0.15060779164655852,0.1280495988483187,-0.7773481814811763,-0.17200338152351566
0.0,0.0,0.0,-0.11017748760326394,-0.06683404026547303,-0.05653425270239185,-0.1772683858527037,-0.21930606806241262,-0.08164513742899734,-0.11753259003152765,-0.37417059582146917,-0.10289334378611703,-0.026955078354941937,-0.44184347568175014,-0.12599643943478578,-0.1910464970339109,-0.4366819379545449,-0.048881841697899775,-0.2558477608198264,-0.6215151782445643,-0.08353702608312927,-0.2878768588031939,-0.7403417421025853,-0.11410906700633544,-0.307826062742554,-0.8440966410013153,-0.1406326918939237,-0.10770019518394804,-0.4852919128053684,-0.054989985542611725,-0.14093959600510908,-0.7099526592730713,-0.08446650326410665,-0.15513995164142688,-0.8520026828687797,-0.11973045518705974,-0.16578715538286848,-0.9749603549964405,-0.14806961775685923,-0.026645112884697286,-0.4733214674675869,-0.06856963637912125,-0.025188847990471976,-0.6793614576114028,-0.10608080214278298,-0.024148737784769267,-0.8155536294785921,-0.1504950098717902,-0.026781379040846154,-0.9336667513816188,-0.18364808835479912,0.052907443350319446,-0.42277308392990043,-0.08708300884957743,0.09091487366579606,-0.5744268435391424,-0.12558221099659878,0.11199845475784377,-0.678501796704814,-0.15333937852297552,0.12583098154801592,-0.7734970716239442,-0.17502390530308845
0.0,0.0,0.0,-0.10955590430059138,-0.06524426351466148,-0.0554988844742306,-0.1775459939181691,-0.21658112778077054,-0.08087232226003363,-0.11821397095845443,-0.37008768816279125,-0.10248459217163206,-0.02925212510988472,-0.44113763634353576,-0.12637689150552922,-0.1914029929997026,-0.4360028687166484,-0.050634378040956246,-0.25543279127490637,-0.6214676036703001,-0.08634705044524318,-0.2868653288520782,-0.7401058105908052,-0.11760142262890826,-0.3064752068016913,-0.8436922742007926,-0.14445365001613303,-0.10834927548040205,-0.48459265440398147,-0.05764430797177587,-0.14202122211445434,-0.7092000815912824,-0.08777491764026316,-0.15660132791752296,-0.8507901469153887,-0.12361239309807336,-0.16739990338737712,-0.974002132637434,-0.15248905085990638,-0.02738631715707086,-0.47221261909815027,-0.0718858625732065,-0.026449337334617046,-0.6796213470759878,-0.10941368395457682,-0.025459693852892654,-0.8155783389445675,-0.15362586472520617,-0.028114576350733708,-0.9342291508602838,-0.18691841252497732,0.05204560293619818,-0.4206714393392591,-0.09091507058391572,0.08731219369387314,-0.5738515977562617,-0.12951598001639858,0.10640673955327039,-0.6785702128157419,-0.1569751017989728,0.11838380664702425,-0.7750010938465088,-0.17858611305584235
0.0,0.0,0.0,-0.10928312527016755,-0.06585931012199031,-0.05592485617799518,-0.17976554125299893,-0.21772569305051115,-0.08162357854911166,-0.12363307127202797,-0.37378689628891504,-0.10363279574510773,-0.03288525188449547,-0.44566333849379425,-0.1276256783982106,-0.1940704859905339,-0.4374822261344822,-0.050048101280729854,-0.2578708048171071,-0.6231015382426902,-0.08603164875100022,-0.2895722171556534,-0.7424536840350414,-0.11751776210593526,-0.3088373828234712,-0.8469454123301827,-0.14452546703073607,-0.11209249859118206,-0.48549372380386613,-0.05693120786107719,-0.1475151042050321,-0.7086050402715223,-0.08719185156713619,-0.16259676897834896,-0.8499834611210751,-0.12246491324115533,-0.17278102190835953,-0.9733019539427021,-0.15091720869186018,-0.031472222514364816,-0.4742181351631688,-0.0712686185410108,-0.03299262727008785,-0.6804337844599273,-0.10859034345646401,-0.033233938924630384,-0.816069189991401,-0.15200740732628815,-0.03611607192465629,-0.9343520416119724,-0.18465180793394262,0.04856622435893797,-0.42495657878681586,-0.09063164381800835,0.0809607507522942,-0.5790849956451195,-0.12861188207526525,0.09832063429366025,-0.6848574927582396,-0.15589711694460015,0.10927929482142829,-0.7821588124414676,-0.17743199740469778
0.0,0.0,0.0,-0.10927910897814827,-0.06458342682151227,-0.058289359401581975,-0.17844348142976074,-0.21767724650395165,-0.08441094107558247,-0.12033305173607865,-0.3757592936244186,-0.10630448685123314,-0.027948259392737235,-0.4479840857970857,-0.12996769238833197,-0.19538449558925924,-0.4364220502428018,-0.05103601348167891,-0.2605103000693915,-0.6217666281031625,-0.0865764347689576,-0.2930719174367775,-0.7403478406578042,-0.11758720934383282,-0.3127228974808761,-0.8441369907089592,-0.14422182879333434,-0.11354054208425671,-0.48492738227413945,-0.056535781032240176,-0.15027024528737237,-0.7086410955290592,-0.08652375873890966,-0.16566828409493964,-0.8498757423296806,-0.12157375224352471,-0.17592729724861553,-0.9729089876875464,-0.1498649946252129,-0.03336781874905183,-0.4746359730315536,-0.06977313031045243,-0.0364417942834898,-0.6803471428972399,-0.10727976226932498,-0.03729217479141781,-0.8154811128653232,-0.15118452432392615,-0.04096925046158631,-0.933638187635485,-0.1839810668804333,0.04639056911200809,-0.42708440712609363,-0.08821544455456222,0.07694157176184122,-0.5826493961101149,-0.12609875743363116,0.09354273778063821,-0.6886316083471115,-0.15371311223885303,0.1038145682682649,-0.7865327929219632,-0.1755519545684489
0.0,0.0,0.0,-0.1098513650895872,-0.06529829944161296,-0.05654770563040368,-0.18039266399208592,-0.22107720979158824,-0.08111471932874091,-0.1234146759240157,-0.3800253003009103,-0.10183254800881242,-0.030723914222759253,-0.4485012459481187,-0.12453215534166369,-0.19587216414908304,-0.43872946296756715,-0.04804761237666963,-0.2622516525708395,-0.6236617439028667,-0.08260118865788964,-0.29586952821866364,-0.7423423808882298,-0.11310866304446666,-0.31597832974667084,-0.8466149596498944,-0.13968456513131472,-0.11500752123340657,-0.4875711990170608,-0.05415785316124658,-0.1542954038710036,-0.708303644505212,-0.08334746488013048,-0.17087856222497655,-0.8488951630553201,-0.11804596872176715,-0.18110879184423617,-0.9724762692306268,-0.14639448821931011,-0.03542422724468776,-0.4777190284573409,-0.06798965132286418,-0.039703159523478054,-0.6803884561203701,-0.10472523114299293,-0.04089199599602841,-0.8151200508114617,-0.14842825921915953,-0.04424260705877077,-0.9337975597515484,-0.18139590397768257,0.044179888733804996,-0.4305567914383136,-0.08703653962036635,0.07308613188223427,-0.5850234117168094,-0.12417828483677126,0.08829166030121861,-0.6913014465840732,-0.15184795507313853,0.09809380507660498,-0.7905664471109493,-0.1741410185222702
0.0,0.0,0.0,-0.11088428804216849,-0.06259922668576794,-0.05648593455089966,-0.18352954963155668,-0.21764404130232667,-0.0812815574288131,-0.128918700359408,-0.3787626410268501,-0.10215423791200834,-0.03761761675713071,-0.44895467622838453,-0.12489922835964715,-0.19962216204462385,-0.43927257646029827,-0.04747698890712242,-0.2652281032124836,-0.6227026330562326,-0.08200719323926518,-0.29871668965688974,-0.7401310679693225,-0.11305630789636861,-0.31940644977376675,-0.844376820792683,-0.1402993508741927,-0.11909856026300972,-0.4888157343832499,-0.05386566844546588,-0.1594716713229583,-0.7077355065698188,-0.08286191717698432,-0.17723867185633024,-0.8476412281235478,-0.11774525447949283,-0.18902082749832477,-0.9709405199821377,-0.1464636038688154,-0.03988290217441229,-0.4788085376857463,-0.06799618678980685,-0.04501020757563856,-0.6808783488996595,-0.1040591845484746,-0.04710077628349269,-0.8151655489306018,-0.1471353225470974,-0.0514800589958381,-0.933680871767839,-0.1799869715963483,0.03901012718514675,-0.4311888716723018,-0.0874241452013767,0.06614642069275112,-0.5842648154583093,-0.12423298299480524,0.07983670290449672,-0.6903658740617793,-0.15157284414033,0.08847527616539336,-0.7892791318065693,-0.17370968675443277
0.0,0.0,0.0,-0.11054780683891607,-0.06357391212136772,-0.05422480437443702,-0.18218034439689368,-0.22035224461313546,-0.0774501837873186,-0.12865218709606044,-0.3816395386117371,-0.09724651795452086,-0.03868100237246619,-0.45187161087593664,-0.11917113929754182,-0.198703401929205,-0.43872039131929336,-0.04394983206479099,-0.2644485698927989,-0.621636983433363,-0.07697754815626293,-0.2980689453344112,-0.7377245553249572,-0.10705691338626824,-0.31883247372544254,-0.8410893433938311,-0.1337457640383706,-0.11901357573017858,-0.48818004920171565,-0.05111914271399649,-0.1599305327093803,-0.7078996487007552,-0.07963449944368281,-0.1787467403728783,-0.8476840199111343,-0.11499107985893088,-0.19162540519219073,-0.9708203737303646,-0.14397037366350923,-0.04031451990735253,-0.4785237579789574,-0.06580047570832884,-0.04501440668938138,-0.6809358561420793,-0.10181462615949449,-0.04779280833145512,-0.814552707972803,-0.14563984415854486,-0.0532392168002971,-0.9323927303338,-0.178925361694664,0.03769611416711606,-0.4310604109630905,-0.08544537540215719,0.06426106859354831,-0.5847299129963315,-0.12192063073952084,0.07791969897468663,-0.6903677304623597,-0.14920762896675743,0.08639483187335015,-0.7892329885634806,-0.17142302051439665
0.0,0.0,0.0,-0.11219619476776962,-0.06510259534905344,-0.05445114815363632,-0.18547055279806407,-0.22199693974183504,-0.07788864212397478,-0.13239447019171702,-0.3830851573136345,-0.09796673127943989,-0.04141010885276075,-0.4546870730411182,-0.11998249639462952,-0.20243027039233538,-0.4413741050516098,-0.04300110801720906,-0.2678686990812077,-0.6246531602301049,-0.07665494017871449,-0.30087512000946914,-0.7417447233071804,-0.10743897527433874,-0.3212195813390587,-0.8452557929968116,-0.13447365709120648,-0.12201828675018173,-0.49114645203974916,-0.050081111048134216,-0.16297207041486392,-0.7102536977340104,-0.07852828470414303,-0.1823505595596458,-0.8488620876265776,-0.11343371098430405,-0.19608873366048657,-0.9702195566714251,-0.14201798302073304,-0.04281570327534419,-0.4827254626946041,-0.06493905777303702,-0.04909519321196908,-0.6849268804052053,-0.1002431464861662,-0.05365803488071373,-0.8181080452382115,-0.1428911345214465,-0.06038845598151026,-0.9345598330823145,-0.1754256980197051,0.03598500798312228,-0.4360760176747326,-0.0849973784428612,0.06146251408762969,-0.5896616128228483,-0.12026831752495633,0.07350057052290715,-0.6953270923919461,-0.14667908506792646,0.08048646381728009,-0.7933766110543887,-0.16837624937297097
0.0,0.0,0.0,-0.1127332802558678,-0.062044155677501794,-0.05597537708221624,-0.18640942882143963,-0.21922886946787512,-0.07876330225224482,-0.13391112494180296,-0.38329988130359927,-0.09774385659265056,-0.0439307761302801,-0.4578284480309491,-0.11822326626230448,-0.20507470139195508,-0.44191869728562716,-0.04105851494318474,-0.27105879538094046,-0.6262975710775114,-0.07317918523834963,-0.3039695465467804,-0.7435040064159883,-0.10317450912911341,-0.32439652708343447,-0.8466252791371176,-0.12970261441296665,-0.12482691572138699,-0.49169091627360817,-0.04663826825915965,-0.16694445089267063,-0.7117701704037995,-0.0736958952035881,-0.18673303004799946,-0.8499636202517875,-0.10813976275568893,-0.20106845273710738,-0.9699789862899378,-0.13649096537262392,-0.04635761936981681,-0.4832935652338992,-0.060309732643317134,-0.053652901274418394,-0.6851510498780274,-0.09482974041945963,-0.05963907591618655,-0.8185581909000671,-0.13777112211375048,-0.06749635955131801,-0.9343613128389268,-0.1705858478712512,0.03219192632975974,-0.4372510768835698,-0.07934185665950776,0.056880815048229234,-0.5910763783571813,-0.11428071465548015,0.06788938315943666,-0.6967799614966865,-0.1411593752557942,0.07414562940185135,-0.7949540672835059,-0.16326819150800254
0.0,0.0,0.0,-0.11222313193522238,-0.06484530007701172,-0.05185518783000433,-0.18454709890927143,-0.22350819945066022,-0.07302336584078403,-0.13402893769390478,-0.3848455180683751,-0.09143686188053857,-0.04791828161764153,-0.4605503851238698,-0.11155565952499019,-0.20664187301440218,-0.44351628910709784,-0.036434087814152555,-0.2724701567542246,-0.6269674486361041,-0.06812307257615513,-0.30480551026409847,-0.7426650094073994,-0.09756463831937276,-0.32466300223837175,-0.8449603311219323,-0.12325115784218289,-0.12716969149457408,-0.4923394855335176,-0.04397623104568406,-0.169334339201272,-0.7119533480831517,-0.07057595139541847,-0.19005596718554477,-0.8501554858922673,-0.10463472989479118,-0.2047704717333707,-0.9697804276948451,-0.1323746876595794,-0.0488357950605329,-0.4839253271877866,-0.05938868142703847,-0.0567972424459986,-0.6850743899973519,-0.09326857243746509,-0.06383092188135056,-0.8178968616570105,-0.13540881389789644,-0.07252774064042347,-0.9334644536167349,-0.1674835971210608,0.029099445233049345,-0.43789704958977665,-0.07985535944281458,0.053779481547322434,-0.5919232330841953,-0.11367258360374953,0.06458593889430268,-0.6980600063226008,-0.13926721918940926,0.07064344443074866,-0.7966958918111272,-0.160365725441258
0.0,0.0,0.0,-0.11214699809708774,-0.06877765725932208,-0.04907930409960268,-0.18345691345305365,-0.22755628614242907,-0.06931163730144821,-0.13339774008067545,-0.3864053226577985,-0.08752122409083124,-0.048835982303211775,-0.4606347627179871,-0.10773689504777748,-0.2078388696822433,-0.43920466627992666,-0.03472405208293782,-0.27503849076988,-0.6246369609495503,-0.06640809082920701,-0.30752886039536986,-0.7412547123645722,-0.09548844219584196,-0.32716836134919747,-0.844086421147414,-0.12062074700521752,-0.1282886039233792,-0.4892045995614617,-0.04341339302067712,-0.17184645979451713,-0.7098706411567218,-0.06971777981483347,-0.1935978404441648,-0.8486275531019103,-0.10385317056955187,-0.20925729447439192,-0.9689231993123821,-0.13168873366870215,-0.049703269227864985,-0.48288727872733983,-0.059671374658914186,-0.05711927004357331,-0.6859553586878836,-0.0925446855677089,-0.06450211548785025,-0.8188952503425141,-0.13449565574846906,-0.07421228469569235,-0.9338324117966681,-0.16660952960892816,0.028419342924299144,-0.4389278541456355,-0.08077613452126552,0.05387592802974016,-0.5931994922156328,-0.11287604274784493,0.06353408238692962,-0.6999520723191461,-0.1377588964023024,0.06785989864145717,-0.7986370676162122,-0.1586548812010623
0.0,0.0,0.0,-0.11284793349927807,-0.06984847733862073,-0.04722360611499693,-0.18594957688821262,-0.23178362774722763,-0.06521899133454967,-0.13626662924202165,-0.39106910993179517,-0.08140790426016295,-0.04807377147348692,-0.46100213669270795,-0.09984831448751974,-0.2078223830157938,-0.44130535224171724,-0.03105221261440012,-0.27518316685260424,-0.6237803871814729,-0.060710328268636524,-0.30960546245213344,-0.7389976977149975,-0.08883355078734209,-0.33108821041262293,-0.8401918831316344,-0.11365589807043824,-0.1297640650767346,-0.4922190456476973,-0.04016982524895295,-0.174018446675286,-0.7113035012524909,-0.06470803855750037,-0.1978112315587653,-0.8490585574022043,-0.09795949824277514,-0.21568206004813095,-0.9683304854607822,-0.12532579967912794,-0.051657326452019404,-0.48614728126385776,-0.0568158231261382,-0.05818264463025112,-0.6883686616108233,-0.0879946731700748,-0.0667247605778871,-0.8216028400757331,-0.12957261252562283,-0.07814155068417097,-0.936011500178525,-0.16161157035632828,0.0263498446832941,-0.441573109737217,-0.0782583570123288,0.05066104542343712,-0.5969255797108266,-0.10862511282283574,0.05854083773264539,-0.7035107508145082,-0.13278960724012012,0.06097405350315625,-0.8018557614472496,-0.15345531004773175
0.0,0.0,0.0,-0.11262356370535688,-0.06835847289504143,-0.04688988356917338,-0.1868976994063592,-0.22931920703166764,-0.06398197861764246,-0.1370733316521885,-0.3907133197414553,-0.07954893932416753,-0.04699027006979058,-0.46167132167998115,-0.09720676437272668,-0.2063217628396764,-0.43927905917646204,-0.026978218062181335,-0.2748816671012536,-0.6206409796677906,-0.05494279121982276,-0.31084210040192306,-0.7332466561515935,-0.08248607627880022,-0.3337669531990428,-0.8320481635883772,-0.10709041701686338,-0.1303444525665169,-0.4905504994255586,-0.03590805948113944,-0.17668579582266913,-0.7096600087823047,-0.05957888073715577,-0.2027478201176019,-0.8478907198229189,-0.09356214805979277,-0.22268320046320464,-0.9672257501212351,-0.12151714427552715,-0.05375839947484659,-0.48531022948505886,-0.05250060237968529,-0.062061020776625356,-0.6869719934554659,-0.08317047114065453,-0.07152484613997973,-0.8204402940872344,-0.1260379766353418,-0.08350898893667799,-0.9340128786795906,-0.15898362002819527,0.02380867774290301,-0.4427183155666994,-0.07388994443566774,0.047469815642827776,-0.5984793504137835,-0.10367905605438599,0.05508425992469021,-0.70561288518626,-0.128467469469534,0.05805978281701656,-0.803856871769862,-0.1497356608189389
0.0,0.0,0.0,-0.11377585218630412,-0.0658935049628874,-0.049512285699825395,-0.1891641523561427,-0.22568663990730592,-0.06787801846334227,-0.14011881242498017,-0.3911993839493828,-0.08422995890179043,-0.05028546592918624,-0.46490262119421905,-0.10226997371553878,-0.20861245555860958,-0.4384578977886203,-0.02816365432023387,-0.2776696463247994,-0.619441378504604,-0.05688817185445599,-0.3131149459475185,-0.731726822622619,-0.08525845918897659,-0.3349483776280978,-0.831229870784935,-0.110529680426564,-0.13299976110455608,-0.490533251598338,-0.03589833258274208,-0.17923892916876538,-0.7090168920489315,-0.06012237599638047,-0.20476523863790755,-0.8469904078899918,-0.09467179727059305,-0.2238560834441022,-0.9667845975849196,-0.1230929737176531,-0.05698828449601637,-0.4865216892550853,-0.051592473619661156,-0.06737945165358453,-0.6865720307545782,-0.08286187153286402,-0.0771255904006583,-0.8198859155150962,-0.12599382956149457,-0.08794708813092769,-0.9335902743621778,-0.1591323723254977,0.020592842118654222,-0.4449083187255938,-0.07237684216753676,0.04245809692273707,-0.5994920870053038,-0.10283657781342473,0.05020060827382294,-0.7060224781146482,-0.12805212693827506,0.05416557093510595,-0.80305722080363,-0.1495661686735011
0.0,0.0,0.0,-0.11460814889605116,-0.06421149645363733,-0.05060326638242926,-0.18953477502057534,-0.2219052659530094,-0.06986032061450498,-0.14119391656475502,-0.3892027509363938,-0.08687135285799424,-0.05265391149392204,-0.46503403914759445,-0.10547671785445294,-0.2093810464555701,-0.43706799585586953,-0.02871106148499052,-0.2783333479121921,-0.6178625947337673,-0.05790925093553516,-0.3131676954078052,-0.729865884745458,-0.0868710134396691,-0.3340628779684266,-0.8296829298181717,-0.11259030539422266,-0.13431921859944518,-0.4896324256361739,-0.03592751944542612,-0.18104502743693823,-0.7084919184506819,-0.06073811850234634,-0.20663620428732615,-0.8465336321073191,-0.09599641897328207,-0.22551747175578385,-0.9661727919866616,-0.12495340111725,-0.05853743292915961,-0.48610577991156345,-0.05116939453729814,-0.06987674875348686,-0.6865704450114041,-0.08312358946311413,-0.07931065379332915,-0.819368646114855,-0.12649115732390379,-0.0891438089609189,-0.9323849234786508,-0.159750314890179,0.019250530578510942,-0.44477538437680475,-0.0715523389230054,0.040426328165140725,-0.5996177488329253,-0.10279395668451238,0.049096602396458675,-0.7054510934828697,-0.12820405213811173,0.054375571081779844,-0.8013981018725673,-0.14971357760992623
0.0,0.0,0.0,-0.1147105380887185,-0.06161872517744345,-0.04994125003138356,-0.1916797050541345,-0.21887638717468538,-0.06847604206566578,-0.14372594301466107,-0.3826965734201218,-0.08514219077644206,-0.05593494720894204,-0.4609915218224875,-0.10372014096873913,-0.2086327760938833,-0.43396268691231027,-0.027719076625152786,-0.2787963979879254,-0.613517080786004,-0.05619807527289733,-0.31588488763915595,-0.7257638492095873,-0.0852177098806049,-0.3389430160100247,-0.8245557335632084,-0.11087623036611952,-0.13594400892450142,-0.48805294788346243,-0.03481059691107122,-0.18557262964105084,-0.7072713929037907,-0.057909998663346125,-0.213568987358547,-0.8449712846808961,-0.09292321102922046,-0.23471762382709602,-0.9642719670116744,-0.12236389362979956,-0.061412394760674546,-0.4869707693558363,-0.04988789656225179,-0.07247966353038462,-0.6888115478989616,-0.07878731850487738,-0.08447392030735176,-0.8225886159539363,-0.12218756882317769,-0.0976841883154238,-0.9339188339178022,-0.15643080549818086,0.01609784424587148,-0.44837297984219343,-0.07030260317652232,0.0380917279694352,-0.6042914666941646,-0.09798877686663057,0.044514700295418756,-0.7108406738795173,-0.1227013028726331,0.04737847270573616,-0.806324176546112,-0.14464955518996422
0.0,0.0,0.0,-0.11694618641165624,-0.06182043375125227,-0.04794306953255638,-0.1975253270579349,-0.2238052535395715,-0.06466221134731887,-0.1496626872396554,-0.38969504202054794,-0.07983901681145072,-0.058840173122376604,-0.46298877032779684,-0.09699215249174212,-0.21157799165593605,-0.4361417588542512,-0.024554524309636776,-0.2824473843411927,-0.6141415311673148,-0.051553905248683966,-0.3217635088774152,-0.725694651980503,-0.07944538621472985,-0.3478134775316527,-0.8233213856510952,-0.1045302161705592,-0.13860659237230633,-0.4906083642505398,-0.03236134643226652,-0.18950861149725146,-0.7072007924120522,-0.054509141829460414,-0.21923658521332556,-0.8444229808460748,-0.08792491603376551,-0.24228627582009563,-0.963186557296158,-0.11580313517510837,-0.06404683481104571,-0.4892086055059187,-0.048120076983535875,-0.07872220183410197,-0.6905594550382845,-0.07662631878725044,-0.09248634367394098,-0.8245829016096606,-0.11860003578203454,-0.10722231134292781,-0.9363803090523023,-0.15141344977568733,0.01334117215435434,-0.4511237950725375,-0.06914771090463184,0.03345016603998215,-0.6072171006636375,-0.09697056101747586,0.03897167270072273,-0.7152171209132274,-0.12111899609295956,0.04150515439059381,-0.8125522314561184,-0.1422128608651556
0.0,0.0,0.0,-0.1192424222207696,-0.06223335847922497,-0.04910480263707748,-0.2005727697154565,-0.2251965089666606,-0.06658787687980067,-0.15055957630662675,-0.3914303723142712,-0.08235031179352317,-0.05776988463692803,-0.4626203271744047,-0.10001860141092786,-0.21529510106349942,-0.435428398241386,-0.025759847088775406,-0.28682184630614477,-0.6134886706756577,-0.052889918190393556,-0.3264179163974895,-0.7248785455515263,-0.08053441645620607,-0.3527340415857927,-0.8232827588597194,-0.10560662388702968,-0.14158878803807515,-0.4903018994110081,-0.03325107490152404,-0.1920651831817139,-0.7063612570921274,-0.05550030807665243,-0.2214645048226151,-0.842984316720448,-0.0881718875773459,-0.24469538867183976,-0.9626412173369541,-0.11558797859464938,-0.06665170875062257,-0.48944283772759156,-0.048858728482188696,-0.08270345956287414,-0.6920253704010937,-0.07760746796861057,-0.09681700083273753,-0.8254301940452178,-0.11877347260281246,-0.11183293267289424,-0.9378632787666641,-0.15092487394371545,0.01043624262427784,-0.45205631166512783,-0.06993143147746528,0.029440087637488444,-0.609517685896235,-0.09790048231700141,0.03447628013439285,-0.7185068761228897,-0.12181113903633889,0.03675897244495753,-0.8166773254067738,-0.14279587068003807
0.0,0.0,0.0,-0.11997216042507935,-0.06117996661504769,-0.0480522936828418,-0.2029504401363896,-0.22638917991029117,-0.0644407254837681,-0.15356295482560275,-0.3949738894695373,-0.07913561612958958,-0.06150627182087232,-0.4676586491848247,-0.09565077129432376,-0.21849611440865807,-0.4335369297370735,-0.024718832652294756,-0.2909692523765673,-0.6111292444337897,-0.05120622393347059,-0.33085252177733504,-0.7222972970086327,-0.07819553428022993,-0.35700564704700555,-0.8208220097229224,-0.10289124894740817,-0.14531320948799345,-0.48912817047314744,-0.03232444568866992,-0.19730382509245267,-0.7043378998283018,-0.05415191585981406,-0.2274267094662018,-0.841348919774882,-0.0860169854050368,-0.2506420797038781,-0.961440656277256,-0.11279663075391079,-0.07066313707824975,-0.4888678886133075,-0.048009792055450515,-0.08715285988523583,-0.6921395992314119,-0.07667430590538553,-0.10110608283759276,-0.8262949100989141,-0.1173084117751928,-0.11544316719352689,-0.939530611600921,-0.1490342920534342,0.0059431975032887665,-0.45219610273563793,-0.06905513659924674,0.025113017682780958,-0.6095549082138855,-0.09723133637431229,0.029856143762137438,-0.7187593039424638,-0.12102340111865295,0.032128935764431384,-0.8172375340463358,-0.14185108751297182
0.0,0.0,0.0,-0.122147784252521,-0.0573395516979025,-0.05023973526238581,-0.20908511755448433,-0.22363504650288651,-0.06622750916883602,-0.16249866497976978,-0.39567286513655686,-0.08021566001944158,-0.07101356356204762,-0.4726486984422742,-0.09564164929197436,-0.22533052205940252,-0.43388035123562496,-0.02245182893651885,-0.29782857013383723,-0.6110226137101786,-0.048096982337521,-0.33833494731119795,-0.7221203796629163,-0.0752980772229394,-0.3649221495542134,-0.8194660522243306,-0.10001718916419988,-0.15223284209480653,-0.49085413396935873,-0.028488447795593314,-0.20534453888514292,-0.7053334977133489,-0.04889358004540774,-0.23626108753639624,-0.841133124952079,-0.08065746614797442,-0.25977462706161714,-0.9595928670344229,-0.10742109830718014,-0.07736415701856314,-0.4930048703369293,-0.043024256660694093,-0.09540927866686878,-0.6947835176114514,-0.06987990882092177,-0.11129611621900089,-0.8276340830953335,-0.10994079899806976,-0.12649253816090122,-0.9386185903580686,-0.14150670840605933,0.0002487795124598317,-0.45877751835352176,-0.06334737450966789,0.01726081826746466,-0.6162101733688816,-0.08958322859184195,0.02033076818766785,-0.7247524615168859,-0.11239096908671489,0.021996967351521596,-0.8224410544116618,-0.1326185846234966
0.0,0.0,0.0,-0.12199906620051165,-0.05711000933134517,-0.0514887545688624,-0.21030798360714925,-0.22343421611663422,-0.06737250736259084,-0.16406474671629295,-0.3996287427986891,-0.08081960781722025,-0.07223903756548283,-0.4780174898080325,-0.09530735195667525,-0.23066327404883163,-0.43491799000545495,-0.021655950302750897,-0.3035348495487208,-0.6124236111134926,-0.04655863324337352,-0.3436800129555839,-0.7237766681978453,-0.0735552859165837,-0.3696597617670915,-0.8217842389368003,-0.09839434824695073,-0.1568188588285161,-0.4925498482971095,-0.02652004920180054,-0.21127287229254138,-0.7073200708336905,-0.04608515268522404,-0.24211678833186195,-0.8422378207111091,-0.0769764024625795,-0.26493266607893934,-0.9586722648928967,-0.10311389802183417,-0.08083023416355453,-0.49521209060816684,-0.040077453962103805,-0.09997096032577008,-0.6992946287677915,-0.06685700390813148,-0.11520003670758742,-0.8317120122232848,-0.10611502979761417,-0.12937116097864088,-0.942019320874717,-0.13696233288165077,-0.0019800195158628745,-0.46138881085702166,-0.05952113129592161,0.01434549249369417,-0.618679412438933,-0.08691370040700463,0.01774610849611637,-0.7265849549299115,-0.1099103015720436,0.020039632954086915,-0.8236993198566609,-0.1298130747897061
0.0,0.0,0.0,-0.12306537437714074,-0.057332963795307064,-0.05228509516746402,-0.21209244850147055,-0.22433339967253935,-0.06816778534903117,-0.16617289595090146,-0.4022390031709961,-0.08136637429356539,-0.07459138040987692,-0.48150628935655326,-0.09548425393602818,-0.232741231404097,-0.4351211316760702,-0.02141908921233849,-0.30584820616978514,-0.61281878667512,-0.04615170293838097,-0.3461669686008838,-0.7249073632218197,-0.07328165357682698,-0.3721610906614333,-0.8237346731104246,-0.09834201818316068,-0.15871931673530662,-0.49329925416065523,-0.025631930743262053,-0.2137679594259141,-0.7076395177129282,-0.04501997141940506,-0.24482344164923936,-0.8422341269034825,-0.07583982936420536,-0.2676004068243,-0.9580887417137478,-0.10190296396809606,-0.08248966357858364,-0.4967050801472104,-0.03863862760113468,-0.1019794308732686,-0.7015391249437584,-0.06549740665013543,-0.11726214044983917,-0.8338529880461787,-0.1046347945474008,-0.1311743051283566,-0.9439020633363124,-0.13527989540249036,-0.0030680537061752236,-0.46353043682055484,-0.057603038378164766,0.012979248479947345,-0.6212839879499539,-0.08551138145971221,0.016436043441374577,-0.7288909189862768,-0.10870989659800492,0.0188711483967081,-0.8256002308456507,-0.1285292997977377
0.0,0.0,0.0,-0.12168960264260825,-0.05645384346698122,-0.049014945293161305,-0.21418459864683698,-0.22627443729408275,-0.06366195190838235,-0.17170502081504874,-0.4033099535825135,-0.07634809053194377,-0.07785027834585911,-0.48417941369058887,-0.08990822606861815,-0.23589843909896374,-0.43690765297622425,-0.0186973863450103,-0.30866558154839435,-0.6124797565011972,-0.042589348496040375,-0.34975916409351804,-0.721921564009049,-0.06868303606373738,-0.37690324208949716,-0.8179643401750825,-0.09287325931544863,-0.16258766667701902,-0.4954798794450857,-0.02431002042704372,-0.21804404922452025,-0.7078221549670118,-0.04298015390377199,-0.24983327821219226,-0.8416630075371214,-0.07256813261548792,-0.27318262797979775,-0.9569544939348497,-0.09758252294645847,-0.08624004367124169,-0.5002409420208384,-0.038503455620742755,-0.10579352723911947,-0.7024402704875397,-0.06409221829022813,-0.1205743663861404,-0.8326808562547959,-0.10157543127630567,-0.13472461478465508,-0.9411309808374948,-0.13108737978304608,-0.006866443153727712,-0.46873546840859903,-0.058491884180318955,0.009394575602177014,-0.6252187162750807,-0.084337235882266,0.012706617751130052,-0.7323332055362257,-0.10586794548490096,0.014616693278536028,-0.8280967280817713,-0.1246623261510481
0.0,0.0,0.0,-0.1215059512410468,-0.05685857678183129,-0.04776494254149457,-0.21424137020756104,-0.2297981484650414,-0.061347378646026005,-0.17324962631466528,-0.40725376208254643,-0.07347014444272716,-0.07893149110593392,-0.4875595019959794,-0.0861571962005312,-0.23681893650893487,-0.4370722267507147,-0.014474496194356028,-0.3101029672093586,-0.6111064493440885,-0.036952981680687266,-0.3513237383668718,-0.7185205900084006,-0.06184104748946432,-0.3780520282035045,-0.8130262426822575,-0.08497456104183196,-0.16505696394253466,-0.495806097612007,-0.020074787583673526,-0.2222140122044383,-0.7081247411612646,-0.0371590599406242,-0.25496799642626167,-0.8418194364464435,-0.06499576270460958,-0.2781171590669569,-0.9563887845123441,-0.08842707175478827,-0.08888623091124058,-0.5015317044398834,-0.03444777821575576,-0.11101476509879182,-0.7041585120758125,-0.058237312554563894,-0.12642929333067593,-0.8328313025863774,-0.0940005526574042,-0.14037029954840174,-0.9399621777216829,-0.12223320967151029,-0.009535202780863549,-0.4713590178409938,-0.05472014294965914,0.005588767926839706,-0.6269209609065969,-0.07879851648779049,0.008990285486807123,-0.733761018621079,-0.09907462627940992,0.011754609391642214,-0.8299728943614209,-0.11686288454649685
0.0,0.0,0.0,-0.12244798644740654,-0.05910446073618852,-0.04944960856106537,-0.2140401259597828,-0.23176251431418288,-0.0636403937293678,-0.1737157670804385,-0.41034417978569393,-0.07602443452878133,-0.0822504309042354,-0.49361877738348786,-0.08855054079648213,-0.2380537916989389,-0.4356787377755163,-0.014223189882890654,-0.31205208609467106,-0.6096030341573477,-0.03638507781016678,-0.35257465023500556,-0.7167005844606013,-0.06110037087868453,-0.3788763489233079,-0.8114976521576196,-0.0839497484521107,-0.16629976278063707,-0.49508135275308074,-0.018444318427261804,-0.2235733073570456,-0.7082158149788709,-0.034448814445600294,-0.2560292193739176,-0.8418664919886519,-0.06172124155421639,-0.27911808472727273,-0.9564490949160267,-0.08490474363292205,-0.09016935389056574,-0.5016955438140215,-0.03167342951961708,-0.11228068839278588,-0.7053658577069875,-0.05430656587513716,-0.1275173543712055,-0.8334111540545763,-0.0895868882534902,-0.14107611255692484,-0.9393968517810185,-0.1175759398506587,-0.010947923783640286,-0.47317973796037593,-0.05104911471011339,0.004816068758502809,-0.6280060508331624,-0.07406563238286973,0.008372835907518885,-0.7344098217597717,-0.09403151174224503,0.01166300768961792,-0.8295340693683251,-0.11162204953319044
0.0,0.0,0.0,-0.12185218161421447,-0.05793893502840466,-0.049947954274843484,-0.21276341368359863,-0.2335567775790302,-0.06399907760577142,-0.17075147809716884,-0.41330490275310783,-0.07629827358190189,-0.07970836583037152,-0.4939443870913838,-0.08875677233587742,-0.23782106794538183,-0.435267414859159,-0.014404399009810696,-0.31292738750012505,-0.6097649749717401,-0.03662698922722438,-0.3542816367356425,-0.7171711913412482,-0.06119410594398214,-0.38076721814418035,-0.8121394003097634,-0.0838513551113379,-0.16601012375951807,-0.4945346378733193,-0.018326642786683,-0.22309318406382012,-0.7083957071881617,-0.03439816801939126,-0.2558807208150006,-0.8424418052095997,-0.06158628901446552,-0.27902726126792754,-0.9565211535235089,-0.0846539421888172,-0.08996540917655628,-0.5014631730312179,-0.03134598215205814,-0.11263489422759645,-0.7064541098604218,-0.0537755206585692,-0.12839077524170345,-0.8350592606959042,-0.08889253342829709,-0.14183178015906978,-0.9409395130800404,-0.11681307214692038,-0.011424031571490158,-0.4731827463549946,-0.05063557777365357,0.004209426355474724,-0.6283204961474986,-0.07334832378745693,0.007796549372044989,-0.7352188674051511,-0.0931723903292846,0.011607874839881061,-0.8308061518093692,-0.11070061746721145
0.0,0.0,0.0,-0.12520419374827668,-0.06650972699670937,-0.0478571078631706,-0.21378408446321384,-0.24547274212172127,-0.06051655662567074,-0.16834566832731107,-0.42137610453890056,-0.07286056791748369,-0.07561412668384307,-0.4916538357675293,-0.08565781301107278,-0.2342376924186892,-0.44093655541394144,-0.007423362690590144,-0.3105976617900664,-0.6131732893506834,-0.030294130568900547,-0.35271884340609994,-0.7209725570508729,-0.055957822111156026,-0.37939605678575783,-0.8170109050972488,-0.07937213417964514,-0.16198467352464735,-0.49986659642532905,-0.012867456680158823,-0.2185003477191436,-0.7119280549875111,-0.02967686005021718,-0.2516104338991892,-0.8453403619771556,-0.05769714198703102,-0.2748232222401154,-0.9580333317762821,-0.08117819971264384,-0.08499508886763399,-0.5071470086679176,-0.0279318702120327,-0.10629323984431349,-0.7145037752747809,-0.05075812615215397,-0.12320399899798953,-0.8414871832909159,-0.08493832008264315,-0.13835423502904715,-0.9461011844668892,-0.11185820841296296,-0.006108713333596671,-0.4792210493982891,-0.04945846334399125,0.008754964684666435,-0.635717016089954,-0.07097464157335273,0.011177216182476803,-0.742554951016792,-0.08917117495533658,0.013351432795231627,-0.8380948528382397,-0.10560026133500355
0.0,0.0,0.0,-0.12337869724719167,-0.071605054860752,-0.04640550122141912,-0.20918799752610898,-0.2484957117982752,-0.06005368124285815,-0.16128001968163935,-0.41940108321838154,-0.07366957936906394,-0.06761415689226477,-0.48849028458798094,-0.08761322336433902,-0.231947125648524,-0.4407610781120005,-0.008721921395375816,-0.307311779408187,-0.6132886272719541,-0.03311701922757444,-0.34808556483019226,-0.7221762921199997,-0.05931452128716205,-0.37331848969672066,-0.819097897155136,-0.08269427258020957,-0.15955681376784325,-0.49960301196565715,-0.015109215257865686,-0.215284601384017,-0.7122888359957814,-0.033433514798204236,-0.2476658515526352,-0.8461248043855669,-0.06172940330977056,-0.27040898039119987,-0.9589519469338701,-0.08501685890978462,-0.08160310712031074,-0.5071739112134412,-0.03084725138253805,-0.10300304055317133,-0.7138635028705933,-0.05465207283591064,-0.11958574683332776,-0.841940411709231,-0.08891173712866254,-0.1348749315717923,-0.9473759527497574,-0.11553586063673207,-0.001206405354057114,-0.47994057485324304,-0.05277599617356022,0.016344802607581144,-0.6368202975711938,-0.07453036118769174,0.01927700789862975,-0.7449399512024539,-0.0927742657075274,0.020752384479400247,-0.8410865506790199,-0.1090201858347262
0.0,0.0,0.0,-0.12683864354261293,-0.07382634801816396,-0.04872387623878757,-0.20773131735593714,-0.24362959634605172,-0.06602653964726574,-0.15794719445727867,-0.4073738818054288,-0.08289333460014708,-0.06753248784627683,-0.48340371953168476,-0.09964103604615442,-0.2276242582836262,-0.4489723752329976,-0.011124580904766226,-0.3002499361856025,-0.6220408845577399,-0.03752453841300479,-0.34023781610845794,-0.7306527038774954,-0.06522853803131942,-0.3657764807256144,-0.8283680040483923,-0.08909338929672121,-0.15327116426380902,-0.506276356588385,-0.017219229089962505,-0.2023805264848172,-0.7195097001242574,-0.036986154141871244,-0.23246265194588256,-0.8515739558501669,-0.06712412860611407,-0.25474840517484476,-0.9625024780269542,-0.09144357310406215,-0.07499401593857061,-0.5107775026196842,-0.0326797004262619,-0.09221131876375077,-0.7172822924511444,-0.05684499177793202,-0.1085352091427588,-0.8442616382586147,-0.09020127362629574,-0.12533026669787461,-0.9480084537850437,-0.11590589667511288,0.004623388626676175,-0.4795331521077025,-0.0544391609300375,0.022929920939323938,-0.639664413022226,-0.07546347981495755,0.026019099198875295,-0.7477221309246976,-0.09132390256119483,0.026888970012629264,-0.8425907045169472,-0.10530157034401039
0.0,0.0,0.0,-0.12657402157276657,-0.0740183919829413,-0.04672029398102402,-0.20585315482819555,-0.2323632705022594,-0.06559956707532077,-0.15811873678852512,-0.3838560933256279,-0.08384096190823007,-0.0759064151797448,-0.4619519910123542,-0.10193474429417336,-0.22278734832794317,-0.4491833547426768,-0.015097650917619632,-0.29635577975866056,-0.6240353469026263,-0.04222357592544397,-0.33544666466463724,-0.7331523318414304,-0.0692093146305595,-0.3599649620607379,-0.831856414498668,-0.09192109149375022,-0.1486952181890161,-0.5059044506915449,-0.021703560530387953,-0.19651992197223683,-0.7212204081311455,-0.04208030160463694,-0.22418478866434294,-0.8533186121585905,-0.07170381912118999,-0.24470891092991565,-0.964745214755169,-0.09538204873090267,-0.0709763237568615,-0.509013997947416,-0.0370200407100119,-0.08796347719437303,-0.7157810297772134,-0.06176555777985157,-0.10283659460438724,-0.8435833972917737,-0.09512038032885307,-0.11903038717231618,-0.9483169007534475,-0.12057650298105482,0.008316921193483727,-0.4757144229591027,-0.05807247163523312,0.030100164320653173,-0.6360366432957032,-0.07947818490878339,0.0357904230174281,-0.7442197693393072,-0.09552593819797356,0.03833998448057725,-0.8390486928845036,-0.10923688211069565
0.0,0.0,0.0,-0.12272090436981284,-0.07389764811029083,-0.04518612863556962,-0.2019618530141783,-0.23778768754140706,-0.06361363912651008,-0.1582788609497227,-0.39037426228448435,-0.08193561089504471,-0.07479389856571914,-0.4655872152739127,-0.10030441802641255,-0.21983983446861852,-0.4495283563787533,-0.016864281800383664,-0.28954917598422825,-0.6254776308105896,-0.044714989467164665,-0.32826841413872204,-0.7363252971400286,-0.07193389725674033,-0.35297940193888044,-0.8349986585756788,-0.09497925724417139,-0.1479771083832761,-0.5052610093451394,-0.025562760803370783,-0.1923366844203916,-0.7212555644273329,-0.047553152969211955,-0.2192469430165598,-0.8555130335599892,-0.07746389740506815,-0.23899371254952378,-0.9656522180364764,-0.10094608636100616,-0.07188591068061022,-0.5074115850484922,-0.04254784144181574,-0.08610621815152517,-0.7138225535217048,-0.069045471232346,-0.10027430992875933,-0.8444919968382123,-0.10307965613376871,-0.11586122017729794,-0.9506969514905589,-0.1288718030474241,0.005497954581148936,-0.47251582872673525,-0.0650479720534582,0.029158044956097074,-0.6320864456424014,-0.08889558696978994,0.035840794264517035,-0.7407812990321008,-0.10555666174545783,0.0392301571738289,-0.8339177211712774,-0.11945123520046556
0.0,0.0,0.0,-0.1222172796322529,-0.07654520197102216,-0.04735726021890946,-0.1978142893609947,-0.23218096767858987,-0.06937430402876774,-0.1518560480748286,-0.37979319378603293,-0.09148640023071059,-0.06796156256502293,-0.45168401412481085,-0.11348026076214292,-0.2185125539615071,-0.45039797056668207,-0.01873164763781178,-0.2880188299189722,-0.6272163085287306,-0.048405852852220335,-0.32566499875840593,-0.7365240291984292,-0.07688701223986724,-0.34891143152372833,-0.8334944951725873,-0.10037800855654104,-0.14517996289814444,-0.503497024295058,-0.027271823098312515,-0.18880075281491576,-0.7224255126246049,-0.05049508370507799,-0.21369865535175653,-0.857245364937848,-0.0814519369105974,-0.23103022239906418,-0.9670897330292942,-0.10569125304519245,-0.06734888988044804,-0.5039013659822167,-0.04444563838655621,-0.07866225748137598,-0.7123307466670007,-0.07196307091475232,-0.09018535355583801,-0.8415371559257101,-0.10617294287828713,-0.1035044398454934,-0.9457244564909367,-0.13193290522196993,0.01178011369754204,-0.4674402053596063,-0.06729698050230881,0.038688982883132154,-0.625898223549017,-0.09115893762038291,0.04697563283495526,-0.734156174562868,-0.10747071102476391,0.05145448958166154,-0.8271827586473914,-0.12106212774229891
0.0,0.0,0.0,-0.12226065456059951,-0.07403704826281436,-0.0491396589748969,-0.19447354238758077,-0.22691245508913252,-0.07245289067148095,-0.14474836323246956,-0.3735062374353609,-0.09519036179668319,-0.06267379749595368,-0.4498459447193327,-0.1175766522797586,-0.21665916630481458,-0.4455508291576434,-0.023487455356105587,-0.2866411434844236,-0.6253600800064374,-0.05418513741603752,-0.32212527789631207,-0.736322181212234,-0.08239424527239125,-0.34220356890045933,-0.8341713271863951,-0.10493430497412046,-0.1417614344010223,-0.49927158137402666,-0.030399711013833014,-0.18476607714741566,-0.7211780910184098,-0.05371843355002592,-0.20910169738061718,-0.8579080231655803,-0.08403219042782728,-0.2250152349129581,-0.9683067553504643,-0.10776041541479994,-0.06312407938034206,-0.5006268097952484,-0.04586981683875882,-0.07062634476477483,-0.7111315503689397,-0.07340033781329969,-0.08070199561353968,-0.8397363451548607,-0.10715605370984947,-0.09248243714438054,-0.9421686640525608,-0.13247034953885956,0.01624408234527392,-0.4648507558575862,-0.06698905844159628,0.04624887033852135,-0.6250433415101206,-0.09135154274774686,0.05596647731889458,-0.7339447224764706,-0.10764223246612863,0.0612007145219656,-0.8272079813440301,-0.12085458862136803
0.0,0.0,0.0,-0.1184201892359431,-0.06741679770598945,-0.04949109715601285,-0.1873236049243764,-0.21523563940923665,-0.07322927804214358,-0.13834572146438326,-0.3598359731193781,-0.09579659812321326,-0.0599954960797571,-0.4386749980373946,-0.11792319428940726,-0.21268611506078627,-0.4399031562246347,-0.02597417460032471,-0.2825540185738413,-0.6217174918791584,-0.05640853799855039,-0.31723945426119826,-0.7333828849806706,-0.08393994263674895,-0.33665802094955144,-0.8310984295150854,-0.1056500189999931,-0.13825204600689905,-0.4945745626385455,-0.032031865514102614,-0.18123914120613466,-0.7182651143939034,-0.0555546758618064,-0.20575779217249163,-0.8570268616516155,-0.08578263822137094,-0.22220870608517998,-0.9688442239002276,-0.1090205263442712,-0.06011383699657123,-0.496306131128055,-0.04634122160322496,-0.06732850463508774,-0.7059844406857452,-0.07438095716515813,-0.07651761161470458,-0.8348596645612874,-0.10871410243687768,-0.08742895205676046,-0.9370659396819739,-0.13394410618280866,0.018844308175661836,-0.46128150861767453,-0.06605986990703208,0.05113388068800817,-0.6210301208465198,-0.09170322204242991,0.0622909752483857,-0.7295549042746945,-0.10897346015419135,0.06865735682620729,-0.8225152838176035,-0.12219585393324103
0.0,0.0,0.0,-0.11528804956783445,-0.06824942741068935,-0.04443219054452755,-0.18361716077411716,-0.21073386871296826,-0.06709682394696338,-0.14383757412954012,-0.3437064631076898,-0.08939967487569725,-0.08036072189493351,-0.414504466111452,-0.11205030537125213,-0.20417949659093532,-0.4449240214103196,-0.02594179333046677,-0.27341171465398617,-0.6261166716927185,-0.05736369630837713,-0.30702087910397025,-0.7374944594266628,-0.08544702271943438,-0.3252692402103676,-0.8352167958888748,-0.10732011442747208,-0.1305875216624408,-0.4968136067141082,-0.03495741514937477,-0.1727929041699522,-0.7196338748328011,-0.05975061783444787,-0.19650683077292727,-0.8586690666178678,-0.09069269818144605,-0.2123385881245496,-0.9703926164502341,-0.1143792735470286,-0.05366263953065213,-0.4971339575856748,-0.05157570342728464,-0.05965419632470628,-0.707234874500688,-0.08066761987821292,-0.06832230289058365,-0.8369351341637044,-0.11528437087010063,-0.07906246081717086,-0.9386805910134102,-0.14064711121753712,0.023366287721571385,-0.46018903466060246,-0.0729629084105898,0.05635247064517054,-0.6212601847612711,-0.09977652248306983,0.06824083532442834,-0.7311258255394302,-0.11739510335632457,0.07471701287845486,-0.8247603625957827,-0.13076501597106766
0.0,0.0,0.0,-0.1145935096403911,-0.07037885290052434,-0.03918661766014031,-0.18562167742042893,-0.21297274708191688,-0.059334229294185165,-0.15078699838055806,-0.34252112500082443,-0.08014924643491542,-0.09244450641829768,-0.41094532599038214,-0.1017646014620868,-0.20397094982734865,-0.4519778783402271,-0.02243532193730305,-0.27263835236026024,-0.6325937430096784,-0.053223231091608425,-0.3050568467775674,-0.7440573974059943,-0.08103696425033075,-0.32210214874013093,-0.8414493406436268,-0.10296757591464442,-0.12970137036624968,-0.5017587665074311,-0.03428336516919954,-0.17147951388044105,-0.7235213964158435,-0.05876844258673811,-0.19542735677888945,-0.8610906420681865,-0.08935160331829718,-0.21162725304278412,-0.9707477841282893,-0.11303212181775554,-0.05223899394845982,-0.5002015205722811,-0.05342653104547945,-0.05655419898969005,-0.7109586688758085,-0.08305151289606647,-0.06549490502175481,-0.8418399378296094,-0.11839031819235626,-0.07649950468171851,-0.9445097602885764,-0.1445972488307236,0.02479897708541956,-0.4600548821004751,-0.07676471411121327,0.060496296111040695,-0.6201791390225313,-0.10524245911880364,0.07328672266587564,-0.7312610199800379,-0.12439916104761142,0.07964376725265175,-0.8269423096565109,-0.13900705229491966
0.0,0.0,0.0,-0.11351764166972919,-0.07017937578358838,-0.039502090102256575,-0.1814990597144117,-0.2129314992451597,-0.05983681723337565,-0.1465533904249553,-0.34616949221517124,-0.08053021162658491,-0.09346047692843235,-0.4210324706089953,-0.10195540671792883,-0.2017072833267138,-0.4519065585333297,-0.02430693904524408,-0.2707194495625228,-0.6351269475085655,-0.055790450751121004,-0.3024687307726338,-0.7476287771119097,-0.08369519401570677,-0.3185960900995628,-0.8458410047998767,-0.10539531434385783,-0.12714602734203045,-0.5013512053333655,-0.03569370279611912,-0.16876985554413992,-0.7243469930538156,-0.06081336600672991,-0.19210938479508996,-0.8616909570685202,-0.09167288856620628,-0.20776046902335255,-0.9712949846399389,-0.11557140015798253,-0.049799706708705024,-0.49881834630611777,-0.05423847008408428,-0.05325439542802672,-0.7118886213828477,-0.08437378026715245,-0.06163233382092764,-0.8419630904784814,-0.11961266844927909,-0.07256583930937408,-0.9442785659255227,-0.14581033549593628,0.027280583877384024,-0.4571343643486233,-0.0768503592100915,0.0632272247442788,-0.6183583229946058,-0.10577951975665081,0.07592253454313552,-0.7295061103031688,-0.12516727244220469,0.08177928664419809,-0.825861592806972,-0.13990645235459775
0.0,0.0,0.0,-0.11323813318895917,-0.07261753115206165,-0.04057815117949466,-0.17808543675789884,-0.21901655644529688,-0.06017652591083449,-0.13524666328265045,-0.3568419929773881,-0.07987419937156888,-0.07088966258132882,-0.4295203427680266,-0.0997217074190958,-0.19956494707181519,-0.45087087439486573,-0.02080123602013624,-0.267942371615927,-0.6351207256621905,-0.04962120429441768,-0.2988862552326231,-0.7473129488894354,-0.0757655906911128,-0.3141102314264761,-0.8452751449442111,-0.09640899058351898,-0.12498977126155605,-0.5019114388683519,-0.030390170763355536,-0.16665236927864926,-0.7253992937147753,-0.053215609372276165,-0.18960898793707026,-0.8632442084935257,-0.08278471221039628,-0.20499520159816437,-0.9729790861318115,-0.10557357619739849,-0.04724899210005059,-0.5006240923266184,-0.04729275020973308,-0.05185954988034962,-0.7116651936863996,-0.07512053633392923,-0.06033689481522301,-0.8409016638646227,-0.10972556567967573,-0.07161357668617728,-0.9417466469343045,-0.13523273638033298,0.03070537874289026,-0.4608419248827167,-0.0685237845090254,0.06627851761324907,-0.6197256800420714,-0.09484980147688254,0.07819677490674468,-0.7293909442248312,-0.1133401342848172,0.08384834269661025,-0.8228851060626284,-0.12735233635619167
0.0,0.0,0.0,-0.11678422126778298,-0.07886268602359026,-0.041119975119457086,-0.17953953811157247,-0.23153017453784297,-0.05842874905542825,-0.13265912118051587,-0.3769463522321176,-0.07602928700349593,-0.061525048087118735,-0.4495645951245379,-0.09311975662912961,-0.20116580129199407,-0.4545854797100294,-0.010911571564095186,-0.2686044487604753,-0.6401775865344839,-0.036572387023487404,-0.2990302608796063,-0.7535701047663508,-0.061451146787700424,-0.313714079369968,-0.852561504484556,-0.08139386403638912,-0.12619505626714317,-0.5041800453809472,-0.018773696710183987,-0.166633631293499,-0.7266561832631961,-0.03904473138111688,-0.18876516174345764,-0.8650499001991976,-0.0681357109004084,-0.203493487311452,-0.9747439361698422,-0.09030316481990062,-0.04766370937162226,-0.5026079775914001,-0.03464863170766354,-0.052449845456286205,-0.7127392056181905,-0.060803564707483965,-0.06223499111295007,-0.8418217030272304,-0.09564483497199679,-0.07431197348619947,-0.940792470790442,-0.12082924573105278,0.03165078553575959,-0.4642923670329725,-0.05516678988233904,0.06884037648692151,-0.6216951048730954,-0.07968895202955659,0.07933999278591211,-0.731718266822691,-0.0983302369972401,0.0841498715114826,-0.8254065007340463,-0.11220396209776731
0.0,0.0,0.0,-0.11888465996882108,-0.07877273198904518,-0.04402435758540293,-0.18073629295137794,-0.23019988870160207,-0.06249588517891886,-0.13087354022300535,-0.3781287942787762,-0.08071515441763029,-0.057318624900105655,-0.45712437186388183,-0.0983413003348201,-0.2020848864729921,-0.45355734827661465,-0.011459199802258535,-0.2697055391974449,-0.640049696749854,-0.0377469118452857,-0.29991741469232747,-0.7549465740776056,-0.06335934618130692,-0.31420401046338264,-0.8558839287553528,-0.08380531445329095,-0.1267421156185197,-0.5034490434901386,-0.017930890283369093,-0.16692631946374195,-0.7252760735625731,-0.038844494625096544,-0.18896807830203802,-0.8637354840630764,-0.06921270969335133,-0.20389818366725848,-0.9745475853954826,-0.09232150080762908,-0.049122628581679845,-0.5020254755290755,-0.0327837947570743,-0.05346546908408345,-0.7109717157398319,-0.05948635395185044,-0.06366967223833103,-0.840259586087313,-0.09524116434668545,-0.07612131521562653,-0.939775052075049,-0.12097669397928984,0.028801018260606066,-0.46444121821168005,-0.05253251062297768,0.06540493346237854,-0.6214700686584663,-0.07724559315086302,0.07577142032644521,-0.7308524492080233,-0.09636051134255434,0.08089530020957619,-0.824357484525061,-0.11054186180670819
0.0,0.0,0.0,-0.11961739868526411,-0.07628837211801742,-0.04568873339502784,-0.1821012809872368,-0.22693965914185957,-0.06468899908309961,-0.12928441478682395,-0.3756945604077794,-0.08313173351819461,-0.051824323833349326,-0.4546689500029437,-0.10083170176950423,-0.2035064200460147,-0.45133907680925767,-0.011200912305508272,-0.27136568339798217,-0.638617158535771,-0.03675400213258008,-0.30178111661645346,-0.7532352251727247,-0.06212454114439281,-0.3161674677777247,-0.8536038849689567,-0.08243194888357899,-0.1276369317770472,-0.5021587210032741,-0.016569652025650635,-0.1689901442227898,-0.7251343939474277,-0.03639532120181507,-0.19150585905337392,-0.8633861667436198,-0.06649952137172463,-0.20634828493919682,-0.9743277490013224,-0.08951109213183019,-0.04924732415917547,-0.5014864048241665,-0.030514711586410816,-0.0547873536125669,-0.7110119424993353,-0.05554603309505726,-0.06548831867890159,-0.839087363497973,-0.09084215615538067,-0.07830992149994051,-0.9379452413078836,-0.11650874666164017,0.030156831874502944,-0.46526930653811605,-0.049626560001493555,0.0646940313444087,-0.6223719532555314,-0.07204478235682626,0.07342057752591791,-0.7305498433187105,-0.09008624166429349,0.07724678113932545,-0.8233202646060043,-0.1038701626703517
0.0,0.0,0.0,-0.12049055726665082,-0.07563723254860208,-0.04330616781720458,-0.18176664451053645,-0.22491896297285746,-0.06147390846856552,-0.13036856647299971,-0.3711300481369072,-0.07935589887767991,-0.05658967477502898,-0.45284968482462845,-0.09682125435098962,-0.19940524186786288,-0.4487617053986745,-0.011786894986053769,-0.2659486791198096,-0.6375300114938985,-0.038261475819218016,-0.2959322868689342,-0.7532117101520224,-0.06334384163027681,-0.3106491252517699,-0.8542322707187703,-0.08313013895098956,-0.12434938354472957,-0.4986601023473849,-0.018627993118161563,-0.16412677111104193,-0.7239441933858783,-0.04023519103563999,-0.18599263314295134,-0.8632487252333236,-0.07039349108933798,-0.20085674939434423,-0.97516040429137,-0.09289591599190779,-0.047251156330035834,-0.4976724499394939,-0.03372522549312607,-0.05188263868431338,-0.7091428926380456,-0.06029406216165108,-0.06233438623444939,-0.8385232901174008,-0.09473844747611028,-0.0753771417880903,-0.9387122800088141,-0.11923585753220997,0.030168056420149574,-0.4600762221340784,-0.05367386084367706,0.06390927071573824,-0.6177020555892849,-0.07686550467240069,0.07311630730674842,-0.7261983232154259,-0.09401167065813171,0.07746612687280943,-0.8186980433294584,-0.10677985592653527
0.0,0.0,0.0,-0.12069809390682348,-0.07102701894672762,-0.045815508256826024,-0.18576667880746453,-0.22243857262294656,-0.06511812044705967,-0.1346783761976291,-0.37074533937064325,-0.0833935378641775,-0.0569109226646152,-0.44651595815700185,-0.10095172974918043,-0.20261590555738648,-0.4499132327052635,-0.015191175316986105,-0.2686039285057409,-0.6381848351055419,-0.04118054110795112,-0.2993310403955155,-0.7532875816412269,-0.06592516027734899,-0.3155765704797542,-0.8538007937208237,-0.08588513602657108,-0.12722291292455723,-0.49982072265397487,-0.021194032271232063,-0.16698857092006658,-0.7235891021943253,-0.04211518203348227,-0.1898116481574675,-0.8625513746017346,-0.07111340676027465,-0.20567307820341366,-0.9741551214037325,-0.09301404364750786,-0.05046192490102809,-0.49782653696697987,-0.035559163492436804,-0.05569229357036928,-0.7083719508185933,-0.06169217130098173,-0.0662992061809905,-0.8382459422616593,-0.09570450365544941,-0.0792239107883333,-0.9391284872132195,-0.12011973797326059,0.026075554458098362,-0.45991264131544396,-0.055069999978504224,0.05899713835872578,-0.6179059069685933,-0.07863827539178989,0.06777564273438998,-0.7271389536248699,-0.09605030823994892,0.07195240448742803,-0.8203391657287809,-0.10917380536559468
0.0,0.0,0.0,-0.11698126190367891,-0.06800804084499149,-0.04569665319720548,-0.182608998038657,-0.21415824861896232,-0.06588153241759866,-0.1372614674651938,-0.3575451048199122,-0.08509661699191877,-0.06823423023990675,-0.4333420609150921,-0.10374760119820947,-0.1976799187170818,-0.4480814814531158,-0.018928195791017365,-0.2642735867528015,-0.6350157299565959,-0.0472927761264339,-0.2957327995395187,-0.7495620828182163,-0.07359653507137302,-0.3120407845327403,-0.850179857083325,-0.09447963665146153,-0.1248927967788184,-0.4993398071420765,-0.025343973141903328,-0.1662010539133436,-0.7222009056512455,-0.04826475145888305,-0.18903298455174203,-0.8610314208546179,-0.07826248513213258,-0.2041690087049456,-0.9736604075389619,-0.10099430261492781,-0.05032420252773688,-0.49966906854174203,-0.039923752730110534,-0.056722594937263046,-0.7091956799143013,-0.06681601253933844,-0.06560294888045193,-0.838457732445493,-0.10065097158646569,-0.07662414979552579,-0.9392147159952964,-0.12517917023024328,0.024802955047008343,-0.4642775435147587,-0.05969347145528886,0.05573658991368223,-0.62194698920785,-0.08333046971254084,0.06423050172866887,-0.7308218823656089,-0.10081339817300597,0.06839677808169098,-0.8236007799506164,-0.11419504234036805
0.0,0.0,0.0,-0.11742714527730977,-0.06811642213475506,-0.05068527316235672,-0.1849451351936242,-0.21271965994079434,-0.07330039053130799,-0.13733221527605907,-0.36299299385569433,-0.09396969417476028,-0.06473916050879858,-0.4471563259202695,-0.11362575060829833,-0.20213976636033976,-0.443434585638358,-0.022625196348935214,-0.27116355274880355,-0.6307901949117747,-0.0516755631848687,-0.3029533417952014,-0.7462968878049139,-0.07874128392759629,-0.31885120741834555,-0.8471094848345461,-0.10029672242441193,-0.12815150425917982,-0.4972113998898914,-0.026665625887074176,-0.17174046757504602,-0.7220118290596835,-0.048681816680102796,-0.19459036789028372,-0.8595530939559437,-0.0788904542114982,-0.20936561047849295,-0.9723987856845224,-0.10259241525144658,-0.05209448102437135,-0.49927389367952724,-0.03932793188239114,-0.0617954663904295,-0.710483359321447,-0.06503720364783004,-0.07165384502323238,-0.8374859805937056,-0.09894178947474629,-0.08284205302327591,-0.9373938252461655,-0.12443295539011325,0.025794957150367316,-0.465090668459025,-0.05769630628719701,0.05234820607989782,-0.622346470453875,-0.08002008114270454,0.05819465548154633,-0.7285038891792897,-0.09739860386576946,0.06027118963867606,-0.8184930078870603,-0.11147242656440381
0.0,0.0,0.0,-0.11885635495052202,-0.06196976263340223,-0.04796110688742608,-0.1863382835014247,-0.19888652258564615,-0.06985500746376797,-0.14297587681893908,-0.33351348280245996,-0.0903724061559284,-0.07905652722123474,-0.4013892208767845,-0.11049584543314385,-0.19808818315623938,-0.4422333205630644,-0.022498342641289575,-0.2658966594806539,-0.6297016798127665,-0.05103898219113291,-0.2973542624885149,-0.7459108042148062,-0.07749273271839607,-0.3131063515547081,-0.8470351304673416,-0.09829210209890282,-0.12480646858669885,-0.49457076488171164,-0.028286603327354092,-0.1678662271090892,-0.720324486254701,-0.05078701079686511,-0.19069029064752752,-0.8603044846044616,-0.08050243013278513,-0.2051874630364881,-0.9732452172477164,-0.10311491747332382,-0.04910342501683714,-0.4966252005094738,-0.04237716942809817,-0.05905624329084436,-0.7071150278672685,-0.06804764438553854,-0.06839284360829115,-0.837014203254269,-0.10141198720201079,-0.07969252767749349,-0.9381577445930709,-0.12579504484267465,0.02744721188220866,-0.46246438000676393,-0.06195829967855061,0.05298586420822621,-0.6211701555447808,-0.08368355463668357,0.05968548551234075,-0.7287853874283854,-0.09983941187204663,0.06252814736182588,-0.8194916301602952,-0.11253229634703962
0.0,0.0,0.0,-0.11645221673053965,-0.06844928762810373,-0.04794570107122062,-0.181793374899956,-0.21505240478353246,-0.07056282295888942,-0.13422127523682714,-0.3577775090427109,-0.09188693418544983,-0.06155448941897079,-0.4289930921417411,-0.11300421134570741,-0.19805325729293746,-0.4435869354165301,-0.02555801330990433,-0.26315227117647566,-0.6323190241524345,-0.05641907214905112,-0.2933157022580222,-0.7489478266091123,-0.0843966652599887,-0.30860690154786213,-0.8504824195828679,-0.1065244624568,-0.1243372668979221,-0.49467926509078186,-0.03248846760731766,-0.1657346867732966,-0.719122043058004,-0.056763448893494446,-0.18841590863316823,-0.8590364262367269,-0.08716147442845532,-0.2029006454165126,-0.9729193362066249,-0.11032833389177352,-0.04850623733066917,-0.49501148032300446,-0.04759293841724091,-0.057555151455292816,-0.706058876802226,-0.07512498307276241,-0.06568167887736068,-0.8364148191800118,-0.10859906201205272,-0.07521374587860792,-0.9392540770517721,-0.1331098727719504,0.027550620798546303,-0.4591390920810766,-0.0681397163951784,0.05129148015744489,-0.6186828999620069,-0.09246751836772826,0.05682086195884038,-0.7274408232672072,-0.10951592468631872,0.058228098067214504,-0.8197077080400099,-0.12282040516300025
0.0,0.0,0.0,-0.11948786253612402,-0.06938134983581609,-0.05506711268213111,-0.18548384889194736,-0.22076044227220828,-0.07835209794017814,-0.13375805772366398,-0.37540002238205156,-0.09901433217014335,-0.05401999915291983,-0.4541505857248575,-0.11888228352509882,-0.20266884239809219,-0.44875871026562875,-0.023099658212106827,-0.2663497753245533,-0.6391696962031433,-0.05265172782328073,-0.29548197941195836,-0.7565554605857958,-0.0814677637346238,-0.3102279578871913,-0.8594085647552823,-0.10480729280350706,-0.12716896828735547,-0.5002612208010719,-0.02583112701345177,-0.1676730430052677,-0.7232080343488173,-0.04774462267765383,-0.18887958501724528,-0.8602411937121399,-0.07843581726237388,-0.20218950951046558,-0.9739016017467066,-0.10261917267150612,-0.05079056586355479,-0.50054691704309,-0.03789021290256159,-0.06035445628831434,-0.7100997948500314,-0.06346839551773995,-0.06863256628622036,-0.8385236339021567,-0.09737669219210483,-0.07752636570965511,-0.9417725946957614,-0.12289035635042651,0.026014866817135184,-0.4653007915431919,-0.05635081355319113,0.04592919825203764,-0.6244040821405978,-0.07922920590825393,0.04902941619267037,-0.7307033726730372,-0.09654984362994601,0.04951043751413792,-0.8218371272123384,-0.1106676625031438
0.0,0.0,0.0,-0.11975579409838999,-0.07383603468340233,-0.054182998894270626,-0.18458054609798957,-0.22758102498118224,-0.07646457710891687,-0.13230529588470552,-0.38501517504966576,-0.09646899565907757,-0.05068574267790388,-0.4644843345835851,-0.1157003115510851,-0.20038589770882936,-0.4513047017533044,-0.019748524623816245,-0.26161789420461523,-0.6422953702707529,-0.04903819874967686,-0.2889883512226501,-0.7598544261377405,-0.0782658769431997,-0.30234986790107704,-0.8631984704548352,-0.10204685691090826,-0.12509315916647545,-0.502201532358284,-0.02309608408779614,-0.1647480049749226,-0.7236883336710052,-0.04456360487546242,-0.18602370291107423,-0.8604570431342604,-0.07550491776288001,-0.19940063824483062,-0.9747735430914253,-0.09994008547127536,-0.04892461821155915,-0.5019703692318154,-0.03595378774659233,-0.056883677087555484,-0.7119278494896295,-0.06144093651563559,-0.06409870287943963,-0.83938117101783,-0.0950770993336186,-0.07214595633311585,-0.9424330290789218,-0.12033170904788655,0.0271495339114851,-0.4655802532195408,-0.0553008365819926,0.04595804341838894,-0.6247340868901742,-0.07832434186659673,0.048522138437422625,-0.72995076495419,-0.09545856483298248,0.04817752927988017,-0.8203271306148117,-0.10940900711394416
0.0,0.0,0.0,-0.11988195673636771,-0.08118526470205384,-0.05373034576300923,-0.18115283884767366,-0.23819177049995702,-0.07559092358946704,-0.12506816038598853,-0.3969099165210203,-0.09533350921472353,-0.04348753893054076,-0.4795693212381895,-0.11453916030694182,-0.19344699313863423,-0.45411190598490203,-0.018379980272301144,-0.25144498609144317,-0.6475025516581963,-0.04729815601591948,-0.2767488345868795,-0.7642991319072281,-0.07679473835164075,-0.2882441541213753,-0.867332858672427,-0.10072114046219592,-0.11784679727505148,-0.5040320739541846,-0.021424082703017884,-0.15593611986490036,-0.7265975246037074,-0.04161954479988016,-0.17566443656924247,-0.8626057697272664,-0.07301267694618875,-0.18724485393792376,-0.9772963722251828,-0.09818350129254214,-0.04152302679085249,-0.5027062434201619,-0.03387825351833919,-0.04750776139286017,-0.7125745047221179,-0.05712046655339861,-0.05289099571317826,-0.8376168071143513,-0.08977862677482205,-0.05931009043558958,-0.9394131478761797,-0.11494180815043878,0.03471791991549743,-0.465190493471693,-0.05290856697158054,0.05149540932405171,-0.6250296355773874,-0.07331375634025072,0.05336336189613865,-0.7291065034498829,-0.08878902117956002,0.052578334455507934,-0.8187797963338213,-0.10203507785938404
0.0,0.0,0.0,-0.11608690226660624,-0.0898717556879779,-0.04786885595401271,-0.17304241194128123,-0.24513593843934312,-0.06864438699516058,-0.12569399029149483,-0.399838438197777,-0.0885733624668839,-0.056593874460114865,-0.4892516186927235,-0.10835364155682582,-0.18305949353102619,-0.45717199988921686,-0.015905948198296316,-0.23580147651752495,-0.6506582622904724,-0.04715862554817419,-0.25926843385845266,-0.7687558855919752,-0.07801231273083595,-0.2692745716407143,-0.8726265790320845,-0.10207101986855596,-0.10779639628658677,-0.5043540674559168,-0.022029721417795287,-0.1411698779349544,-0.7272695435418292,-0.04418542101202164,-0.15944241274768883,-0.8645476219121211,-0.07655063564802012,-0.1701601019873197,-0.9799055901955674,-0.10208370509635596,-0.032093156650717235,-0.5017037015899443,-0.03696181961401034,-0.0335778553567775,-0.7109518120456049,-0.061037133711262244,-0.03748213486642409,-0.835934281279846,-0.09251206765577326,-0.04345201617133708,-0.9373203005440953,-0.11671017216375805,0.04285204593776529,-0.46268652987115566,-0.057875047195464165,0.06151330686887743,-0.6213239394029144,-0.0779984353071945,0.06353130093848208,-0.7257395702279954,-0.09198657208072138,0.0620094327020925,-0.815852500206324,-0.10395539805406917
0.0,0.0,0.0,-0.1181070105179167,-0.0923205930818184,-0.0472378235187831,-0.1757630718396868,-0.24977307793908687,-0.06709591252335809,-0.1276278549221505,-0.4049944534453971,-0.08605089201784477,-0.05783977976205877,-0.4929272438649736,-0.1043999965447823,-0.18162839980650225,-0.4593978616299376,-0.013048214285071132,-0.2307246449812791,-0.6544429815434155,-0.04323227930739118,-0.2506373693540268,-0.7727620405647708,-0.07354500139368811,-0.25746158896112326,-0.877012261375787,-0.09721650989275979,-0.10485893553167802,-0.5042375231818488,-0.018682557536971865,-0.13583243037679954,-0.7270592393148558,-0.03991697032594718,-0.1516486296646287,-0.8653822755763605,-0.07224996046956589,-0.16015675983106223,-0.9820503299834651,-0.09798334751350252,-0.028603570562535846,-0.49948124029623936,-0.0331658060568804,-0.027822643585323433,-0.7078382340449112,-0.05684721527080409,-0.030153849845555594,-0.8335016538033422,-0.0887810702189131,-0.03513851289322381,-0.9349970315794096,-0.1133306536143723,0.04700128574958367,-0.4592904596037368,-0.05349721025632826,0.06600027892572616,-0.6173450631096851,-0.07330682207608065,0.06741587385973974,-0.7206415221776505,-0.08741984292082505,0.06461493993688157,-0.8092216793441718,-0.09950191394593387
0.0,0.0,0.0,-0.11888718242008127,-0.09726176310618517,-0.04598760528519896,-0.17583778980729103,-0.2578381748219327,-0.06495669833128387,-0.1268392909459113,-0.4154710509640067,-0.083080053494694,-0.05373838347044846,-0.5013044927460957,-0.1006097122733837,-0.18088555745713958,-0.46193616387730774,-0.010881190898502705,-0.22809504888621043,-0.6592492126378031,-0.039859197590486325,-0.2463613672770512,-0.7774793982164082,-0.06913227107875707,-0.25176813734381237,-0.8817522873390935,-0.09206792708090977,-0.10275041509768384,-0.5055103521326068,-0.016522706646299637,-0.1323714449501564,-0.7286874517248769,-0.0367437672093406,-0.14755366198604786,-0.8667429158111047,-0.0685523423721295,-0.1556948686746064,-0.9832352051791291,-0.09384056411615796,-0.02524757447875048,-0.4994149415407625,-0.0308398315344069,-0.023638882803519126,-0.7076650324268015,-0.05370456206235247,-0.02577148169804483,-0.8329783862070343,-0.08534451267760934,-0.031008722213151853,-0.9338519884112936,-0.10954780333771191,0.05137901197972555,-0.4580517751127645,-0.05082725092422159,0.07027986337309322,-0.6164111105045601,-0.06976774880397477,0.07122382187145564,-0.7195361225533259,-0.08329408681596628,0.067688198630323,-0.8073006498611914,-0.09484058246699342
0.0,0.0,0.0,-0.11710782177346235,-0.10202891629552133,-0.04342988247653474,-0.17077429830293064,-0.26827289360840184,-0.059769721287110306,-0.12085116752132319,-0.425567072767705,-0.0757220163851067,-0.047925313265125176,-0.5083554079230299,-0.09096546654424073,-0.1730644579728005,-0.462218899682479,-0.006628975409360882,-0.2195504302976617,-0.6587843261580155,-0.033515762092427806,-0.23706896724503385,-0.7770500386510858,-0.06089139597999703,-0.24124033294375608,-0.8814686469820974,-0.08242035615794643,-0.09595748708921872,-0.5051512377500502,-0.012555079115593464,-0.12401994578353948,-0.7285115408697008,-0.031008492930149553,-0.13792643077795516,-0.8679629887992063,-0.060993553964665145,-0.1445325793828246,-0.9857103394195678,-0.08467553125729538,-0.019392520020950703,-0.49776548010311833,-0.027044450742642452,-0.01651880768285337,-0.7055294146127604,-0.048175052275083494,-0.01832411218528823,-0.830303205214835,-0.07809813519747891,-0.022808336168275975,-0.9314748425462736,-0.10096318809112918,0.05623424422197226,-0.45484950600394414,-0.04709660969821128,0.07582050321101527,-0.6102970091025938,-0.06381817316251003,0.07703212229036863,-0.7129758511313743,-0.07580204717354906,0.07385688753947472,-0.8010355983080897,-0.08635079460673667
0.0,0.0,0.0,-0.11430551522135313,-0.10780510394587078,-0.041507716820849624,-0.1661393789451175,-0.27754398180410755,-0.05685757657742851,-0.11631880051818898,-0.4341586802157957,-0.07205543180766302,-0.043825989809887334,-0.5206992057323514,-0.08621264561451825,-0.16875786301155543,-0.4672173659216396,-0.0036981114358261022,-0.2123800833933214,-0.6644192142086379,-0.029770024215861658,-0.2293945305791213,-0.782878721683206,-0.05657939405430057,-0.23352565564452898,-0.8870423216396228,-0.07759778837320831,-0.09041103272002504,-0.5074395605909554,-0.009952016352645915,-0.11665217407475142,-0.7313022794299987,-0.027829592205139947,-0.12962946933503305,-0.8707295109421451,-0.057251239913527416,-0.13502256519023165,-0.9874426530265372,-0.08034922747789064,-0.011867438817263036,-0.4974595347137891,-0.024633649418692553,-0.008427687662368111,-0.7067320707313036,-0.045413823759075114,-0.011301991261732484,-0.8304402568134948,-0.07413237111881138,-0.01727085959879939,-0.9314832802970328,-0.09602085160465029,0.06501776333373549,-0.45157423025628846,-0.04463841970000995,0.08684337653555495,-0.6065134572130346,-0.0613487679199269,0.08899346002151601,-0.7075001615915504,-0.07228360359573727,0.08626976809639278,-0.7949262413810105,-0.08170204181321647
0.0,0.0,0.0,-0.11557526872457215,-0.10595092058511277,-0.042710622553416455,-0.1680452759353746,-0.27626119135063265,-0.0589669632098649,-0.11518055758032389,-0.43331361817434816,-0.07468338284596882,-0.040025518210026374,-0.5205873603474921,-0.08960439538889463,-0.16986879029702465,-0.4614559656075663,-0.008714358220584997,-0.21146725606815386,-0.6618409974270001,-0.03554014810411911,-0.22754633534872332,-0.7809121712955627,-0.06172834218618687,-0.23139793452552404,-0.8844199273732619,-0.08225766263161041,-0.08985528339318,-0.5015062233383851,-0.014765487452440176,-0.11454430029864907,-0.7278770923392308,-0.03364277883919514,-0.12782535163903347,-0.8689456106420297,-0.06299711384883687,-0.13416942840251833,-0.9871116832251101,-0.08624681252824645,-0.011084230828998357,-0.49187652410010363,-0.02906463050313553,-0.004435358848519681,-0.6999467717222708,-0.0507053983747634,-0.006428404818506947,-0.8237713187111178,-0.07984962844849944,-0.011725532372641276,-0.924527201735782,-0.10229501856150244,0.0658368693384956,-0.447121345567777,-0.048656806509333836,0.08953077325376697,-0.6004508514411107,-0.06605040376962712,0.09230579912114165,-0.7020877440420517,-0.07770014535045289,0.09007410773315777,-0.7898973379612372,-0.08802505741596414
0.0,0.0,0.0,-0.11725358794019936,-0.10537700904975209,-0.04428135562966802,-0.1674381929425914,-0.27661024136987766,-0.060147386005676054,-0.11166710998766083,-0.43590873139461034,-0.0752143230833267,-0.034014663270627084,-0.5238981551644809,-0.08967313350603376,-0.16969228465894956,-0.4569593158030023,-0.007886300337673381,-0.20893719591527077,-0.6596966625548039,-0.03414366735719422,-0.22323935808800738,-0.7815121204842088,-0.06047754220302886,-0.22530013303889662,-0.8876781855753815,-0.08134841298465079,-0.08853379494286592,-0.4985197832774324,-0.01272172338038641,-0.11185777468526995,-0.726453409334376,-0.0300744624914343,-0.12388390843039226,-0.8685572155502099,-0.05962702821268177,-0.12963414544297347,-0.9879707245687966,-0.08363873870388036,-0.009358911489353576,-0.49024262687923137,-0.026053570917242037,-0.0002836399727436248,-0.6991543883009514,-0.046841299045156805,-0.002235923889999427,-0.8224054798774856,-0.07664506281447087,-0.007837675709024423,-0.9231856557251131,-0.09999903871563189,0.06854255888502156,-0.4482467526457229,-0.04480841777586925,0.0923876100849188,-0.6011982268026979,-0.06166669262656759,0.09517407692027492,-0.7014110827212493,-0.0735594917986099,0.09249709863448774,-0.7883369010639851,-0.08445359297200138
0.0,0.0,0.0,-0.11672538280592301,-0.10697520518432357,-0.043169633891441045,-0.1646809102599808,-0.2807325861453611,-0.05782894801853465,-0.10832281653174118,-0.44146559243708866,-0.07178716720183012,-0.03099681845599389,-0.5298100854036806,-0.08521216500604907,-0.1700934842319506,-0.45530533511044063,-0.00613326280061536,-0.20683103863063051,-0.6590644919367283,-0.0317360551164342,-0.22149809860436376,-0.7825478134205294,-0.05746210576313536,-0.22471196361855922,-0.8900167897574794,-0.07775616526510029,-0.08856548118886062,-0.4964372929482392,-0.011199098040053684,-0.10862666879867436,-0.7248587723522626,-0.02785524823338511,-0.12035197224398021,-0.8688288430547979,-0.05659615185817385,-0.1262398884075751,-0.988746463584141,-0.07974944124560604,-0.009531756689605465,-0.48867772327757647,-0.02468914435457814,8.175041320099957e-05,-0.6977612707553773,-0.04459068778315062,-0.002614134164465407,-0.8218150558448426,-0.07343491519684908,-0.008612787152792942,-0.9220330428228146,-0.09581863233968743,0.06750132746877469,-0.4485544833430507,-0.04356869768546365,0.09020925961750514,-0.6024250701079479,-0.05964534089517903,0.0924306554243948,-0.7040156575815084,-0.07075737403868465,0.08994318422800043,-0.7915684375972849,-0.08081683842282439
0.0,0.0,0.0,-0.11567809130135527,-0.10772537870557608,-0.042762691245198256,-0.16266475665894498,-0.2831974491717155,-0.057403539499853884,-0.10588360349617543,-0.44372338114376714,-0.07128553863173859,-0.02787276709691863,-0.5291222632220967,-0.08476939903264294,-0.16863389478733867,-0.45578687371367266,-0.007081290686427282,-0.20346030079750205,-0.6588963197684352,-0.032552745020803506,-0.21790434774096,-0.7825409379198962,-0.05809090202762228,-0.22158694615727254,-0.8901564232705284,-0.07829158470521856,-0.08763713729295564,-0.49640574953976213,-0.012300151337645955,-0.10574891064867481,-0.7240939434187439,-0.028777425118707775,-0.1172256305604458,-0.8685897008486707,-0.05707285994570298,-0.12338066263185413,-0.9891111781216688,-0.0799123313919883,-0.00924924546741544,-0.48870132509333525,-0.025771332360726366,0.0006502426805609692,-0.6964276494044186,-0.04520742284174792,-0.001762884130082466,-0.8202345445228907,-0.0734977988531593,-0.007745439698228072,-0.9204101365185653,-0.09545431195531845,0.06673550883166177,-0.4491058519127775,-0.04462463986779325,0.08822138591409248,-0.6030312271738614,-0.06039653758887811,0.08975495176815204,-0.7047225715948296,-0.07127585889075722,0.08660042296350678,-0.7920930343598949,-0.081118814925491
0.0,0.0,0.0,-0.11525451119941742,-0.10644930659309616,-0.04463225954525973,-0.1634850414633156,-0.28155344173180186,-0.06029071151282644,-0.10733509189618597,-0.44244822596974426,-0.07487631539315978,-0.02902277193900929,-0.5288127765503746,-0.08902843441707933,-0.1667877074023468,-0.45723783990124905,-0.008571428101614667,-0.20303647988689416,-0.6592129020635109,-0.035532308467571334,-0.2175961590158887,-0.7828462551151729,-0.06253893244804179,-0.2210824042524085,-0.8906405473877266,-0.08382955339830507,-0.0871697902934096,-0.4976987275895357,-0.013051002837661738,-0.10509348828506548,-0.7252493839344043,-0.03053305022049118,-0.1159154036299938,-0.8688822700431533,-0.05937848100702285,-0.1219148448082722,-0.9890591187063402,-0.08284284361288,-0.01054130113254122,-0.4896377901555028,-0.026127200463123022,8.571964258037294e-05,-0.6975023046401057,-0.04619635189612622,-0.00253161743256603,-0.8222523966464912,-0.07466503466980276,-0.00877847770667365,-0.9225651255290351,-0.096945778420814,0.06430733088077371,-0.44942496856933933,-0.044857141539151324,0.08532847177103728,-0.6038372302548785,-0.0610739856923495,0.08587358173557223,-0.7054275806447563,-0.07241997567266201,0.08144352150349021,-0.7919324267077774,-0.08282883204131505
0.0,0.0,0.0,-0.11331242784594671,-0.1034938836754507,-0.047749440968133605,-0.16208802214923396,-0.27728180773635547,-0.06523669199682941,-0.10545985894080756,-0.4385556010944329,-0.08104008768332777,-0.027230238694448,-0.5264924665991698,-0.09627322837941238,-0.1656305213304214,-0.4586698967277649,-0.012455073607882939,-0.20278205687215584,-0.6598603016375535,-0.040507772639788914,-0.21720340505318153,-0.7829043268902529,-0.06843309308819506,-0.2199158314376094,-0.8903807848270988,-0.09052407130801289,-0.08610096728153645,-0.499679003080121,-0.015801356448259935,-0.10509353947889097,-0.7267199755838387,-0.03413404059585323,-0.1160212995207993,-0.8692397578050098,-0.06334713024469468,-0.1214269182913888,-0.9887381339976046,-0.0872616313942893,-0.009624441042545971,-0.4915842249748489,-0.027974821185680086,-0.00039136181073937967,-0.698707714087797,-0.04874019358017948,-0.0029553811122644902,-0.8225003828546233,-0.07714915776504705,-0.008015002199636427,-0.9233345708185867,-0.09963447599558173,0.06595732345863231,-0.4507537155517445,-0.04610870735619026,0.08545783338680855,-0.6051698326440735,-0.06325707388025022,0.08545642428138076,-0.7061481951792308,-0.07518209644554044,0.0810816057841171,-0.7932068271717276,-0.0861568733537414
0.0,0.0,0.0,-0.11364837418421064,-0.10456484857904629,-0.04727739351456532,-0.16216316697713223,-0.27450884396162456,-0.06560271117317125,-0.10408737301065835,-0.43355405432452376,-0.08245322095572277,-0.025890624025381295,-0.5237444041661792,-0.09868637518281846,-0.1660228251103777,-0.45961438724881976,-0.011913283268277461,-0.2049425350806875,-0.6596201050893056,-0.0402252971771673,-0.2203632836801263,-0.7812765682502069,-0.06836294586707287,-0.22375714682032616,-0.8879078805149292,-0.09052315324226107,-0.08662391723944321,-0.5008955483726586,-0.01563287737923935,-0.10689768858228947,-0.7279135981691047,-0.034148810292571996,-0.11862423066581176,-0.8696809585294512,-0.06366189702163115,-0.12440421576358678,-0.9883289586436879,-0.08775691871580409,-0.009766695166772196,-0.49314848584240467,-0.02816189512925746,-7.13067114390298e-06,-0.7005204648801876,-0.04864344474862876,-0.002374297550292258,-0.8237165184448869,-0.07683848079665692,-0.007724927267742258,-0.9239910497699598,-0.09925902202500067,0.06618888225038755,-0.4520478220218399,-0.046610994846303704,0.08637656551003761,-0.6055192590924262,-0.06298522635586672,0.08668092523839602,-0.7058461382496148,-0.07426716585865548,0.0824844497958451,-0.7919961387683994,-0.0848224426932116
0.0,0.0,0.0,-0.1133001522722914,-0.10453308398220719,-0.04796248008490934,-0.16252856118137005,-0.2699027624287127,-0.06716806657633764,-0.10441057481656299,-0.4287855427369195,-0.0846631462388085,-0.02545252205228506,-0.5205092552431226,-0.10133655733984705,-0.16993240832965767,-0.45762280132183564,-0.011693066558637503,-0.20957626347101732,-0.6584840481935366,-0.039711902970222285,-0.2254405223951511,-0.7805663814350339,-0.06809348966345741,-0.22915882124437736,-0.8873645651269157,-0.0904765309124454,-0.08932099896397507,-0.5009319145331399,-0.014734105685526206,-0.11019562085680353,-0.7289171232525045,-0.032490981121130094,-0.12153653807534595,-0.8702402053297955,-0.06214358107125621,-0.12697384212040944,-0.9881079256337857,-0.08659255877722646,-0.011277217351879091,-0.49497410741106496,-0.026576753100681014,-0.0027872213136150154,-0.7018118297194438,-0.04575908473956917,-0.006223203946333659,-0.8249303640042429,-0.07360632200256564,-0.01286467464139065,-0.9248913528762559,-0.09613345542266852,0.06593854961518324,-0.45489969993128243,-0.044439681016424135,0.08568934384620891,-0.6083812271249165,-0.05931815009317535,0.08593753865614662,-0.707158225829436,-0.06974055238505608,0.08172256658411423,-0.7913593687057356,-0.0798260505334199
0.0,0.0,0.0,-0.11141951379100351,-0.10802602611557321,-0.044472468694710846,-0.15576923684228383,-0.27703302861280654,-0.060719549794515534,-0.0952959365548468,-0.435483835370496,-0.07599570748521162,-0.015510855245394063,-0.5208793068615888,-0.09034985816310953,-0.16811452748179792,-0.46063060769262204,-0.003960400375620084,-0.20881408734221613,-0.660579700490094,-0.029633566021936224,-0.22511519330823532,-0.7821756192282956,-0.056907463053244026,-0.2294119249563133,-0.8888317172253799,-0.07860789230243798,-0.0877447105581301,-0.5030767839671645,-0.007896803601820452,-0.10980788907396173,-0.7286574370714223,-0.024373450649382858,-0.1215999225640087,-0.8701606079104127,-0.054190902725457846,-0.1276238799415847,-0.9886735306072916,-0.0784805608831573,-0.009556560812413495,-0.49712902861137614,-0.020537084331779663,-0.0017464169159746767,-0.7016075688056912,-0.03900951146332872,-0.004470163593777341,-0.8249876346141791,-0.0670990659212515,-0.01091143167521691,-0.924861629689663,-0.08931103613341251,0.06683545665242847,-0.457826800461239,-0.038946358189283506,0.08549791856514756,-0.6103997285273066,-0.05269543388872088,0.08563836866899022,-0.7088170956612672,-0.06252541942218064,0.08153224805093286,-0.7927949974941093,-0.07195854825235552
0.0,0.0,0.0,-0.11198759521825032,-0.11127131617773783,-0.042753089463048,-0.15359855169575598,-0.2790399460068068,-0.05856200311227895,-0.0914490273875182,-0.4343902079277704,-0.07374855662477683,-0.010899984938373557,-0.517120107141571,-0.08779581341956696,-0.16485578942046752,-0.4581161347595476,-0.0024033948780041474,-0.20756163854109502,-0.6591462981468444,-0.027048568501092708,-0.2245082525347949,-0.7801541394561042,-0.05276087369083919,-0.2290732847065831,-0.8865109969360817,-0.07323365882655788,-0.08450152338124124,-0.4998822009725066,-0.0068227563666327685,-0.10744087797004062,-0.7282187466429835,-0.023685392113982455,-0.11917119247694678,-0.8699722259009186,-0.05304174035046612,-0.12484860039528331,-0.9891900034256906,-0.07658728573453508,-0.005923930064699285,-0.4934000176129451,-0.019742619495433933,0.0036365879379918918,-0.698614636636733,-0.03838958901723234,0.0017714067082868871,-0.8230909490929248,-0.06629463437814118,-0.0042599982139994155,-0.9240454947286163,-0.08800562391896283,0.07062151170732292,-0.453034564237748,-0.038174394935141534,0.08924527814211591,-0.6051039528359108,-0.05069561735609905,0.08894439575705826,-0.7037591542568307,-0.059645801879495766,0.08401932658288225,-0.7880656544193041,-0.068506710075431
0.0,0.0,0.0,-0.11183034845390621,-0.1017113818618455,-0.04293784696568424,-0.15836652723646133,-0.26999993730285,-0.05844934025091007,-0.10017814289832863,-0.4263513622149435,-0.07341876392870962,-0.01934471433646229,-0.5075117151464292,-0.08737677394790785,-0.1712533054674468,-0.4573852499257556,-0.004042830804337403,-0.21463080825601266,-0.6574516533906103,-0.02888778882143655,-0.23139318450567664,-0.7786879213140238,-0.05444653352138161,-0.235949932406457,-0.8846763817604385,-0.07491638638898462,-0.09044432458279768,-0.5008243400443504,-0.009202420949871734,-0.11409865935066292,-0.7269019700922239,-0.026905364015020562,-0.12608377044406213,-0.8694491236690174,-0.05606899795574098,-0.1314541132123273,-0.9881249056818676,-0.0790749964922412,-0.011457934130111928,-0.49429977089957355,-0.022848593876563045,-0.002891177222892382,-0.6985152866077771,-0.04223024812313138,-0.004608936084527943,-0.8233823079213148,-0.07072135867494653,-0.010356511281539464,-0.9238196760435489,-0.0926047577932893,0.06484179890262794,-0.45401994186268296,-0.04205868190275559,0.08417922305788719,-0.6068051207139602,-0.05624826257588732,0.08402467976186498,-0.7073550467928003,-0.06652369512658556,0.07942456468251452,-0.7936353932969156,-0.07601589656585786
0.0,0.0,0.0,-0.11275463581047412,-0.10315467030406875,-0.04356725976239974,-0.159348797005059,-0.26775749888015077,-0.059801208830141075,-0.10105246328334452,-0.4239888643213832,-0.07572321750440025,-0.02066953213330925,-0.5066433985082542,-0.09083822492635527,-0.17211718852650199,-0.4559884917884002,-0.0035777293780872724,-0.21648773408831523,-0.6562886891438992,-0.02926283566203779,-0.2343454731022644,-0.7771519362718442,-0.05579091356977466,-0.23984330239863239,-0.8834824972895623,-0.07694386143436384,-0.09260710728094629,-0.4996409226914006,-0.00899210142410853,-0.11842347497050552,-0.7259166864242363,-0.02726806621282932,-0.13176466123087793,-0.8680740108396396,-0.05786568496593175,-0.1383974505449435,-0.9869223452242266,-0.08205973154484897,-0.014013733183512777,-0.4939162089950724,-0.023099483452459414,-0.005167838224384397,-0.6995601560517055,-0.04380383811256475,-0.005663345068623933,-0.8239585501678925,-0.07409532119078996,-0.010812076999058381,-0.9243861125239312,-0.09708672792819703,0.06226435496261456,-0.45458919106107853,-0.042718049536843605,0.08318266998301974,-0.6077306451432564,-0.05809302356718181,0.08472640086662363,-0.7075631217878275,-0.06940577656191602,0.08124293416555314,-0.7931097134544929,-0.07960797465401173
0.0,0.0,0.0,-0.11096900580486099,-0.09470357766731832,-0.04558952145767408,-0.1601374989426305,-0.25693980352016277,-0.06318601875718236,-0.10233623055680645,-0.41334646178327206,-0.07985163511085716,-0.02135947930994314,-0.4950741751397585,-0.09592878643607033,-0.17509738327455,-0.4524617661351156,-0.010036395604030683,-0.22006932819159356,-0.652183741773406,-0.03693417869159412,-0.23833561703827336,-0.7729318278800901,-0.06379717338854705,-0.24509316869945308,-0.8788011987286799,-0.08512139669247754,-0.0960744933829591,-0.4969714572790219,-0.014912825657312351,-0.12194838097354621,-0.723766056440322,-0.03407637360718495,-0.13588361915935937,-0.8661999958114279,-0.0644329422435783,-0.14403499154527435,-0.9855442486470347,-0.0885038537064073,-0.018335785003955645,-0.49251141437096124,-0.02828786671086383,-0.010225840110551675,-0.6961654793195646,-0.049267182568942046,-0.011146229234852081,-0.8215263482003483,-0.07972443204578311,-0.017121462846943734,-0.9235676268209171,-0.10311000421618136,0.05685078236845877,-0.45509286111432823,-0.04733335365219127,0.07757010207796182,-0.6073249132007059,-0.06310001052618808,0.07954020001610118,-0.706534375057325,-0.07465816199557748,0.0765172924312238,-0.7914440608093363,-0.08521520814757964
0.0,0.0,0.0,-0.11533227397943391,-0.10230476129667392,-0.04510202304071378,-0.15883482617076705,-0.26761707759120046,-0.0603964478094269,-0.0953274935250542,-0.42394287531468655,-0.07534564692659748,-0.012816877377852785,-0.5012653702328751,-0.08980995254252065,-0.17335950032566255,-0.45180912692741304,-0.0014793320037235708,-0.21963536016738844,-0.6513057680515372,-0.025392800439512704,-0.23904314937176008,-0.7721863603923678,-0.051241693333056816,-0.24600536735049316,-0.879741133455056,-0.07210973909316903,-0.09353462801961834,-0.497864544911615,-0.0057332321264630835,-0.11979303284095241,-0.724479488852461,-0.02198602615929229,-0.13472284536731294,-0.8662898731146189,-0.05295017740285558,-0.1438671927456286,-0.9864432873006261,-0.07781386794304913,-0.015066556190414115,-0.4948619694748642,-0.01891514046233575,-0.00529232301207594,-0.6993036017776288,-0.0376055937381201,-0.006352594081934719,-0.8234093001324463,-0.06911221199281929,-0.012755858505940132,-0.9244306647713991,-0.09333763436144671,0.060483512338958184,-0.4587442082109049,-0.03789617260486661,0.08249262404516103,-0.6119883355751728,-0.050555783226441844,0.08463746036436784,-0.7111847267078588,-0.06150017390170183,0.08145703141793291,-0.7959534058694038,-0.07207473863164239
0.0,0.0,0.0,-0.11300886860342058,-0.10311769466637422,-0.03972299828220889,-0.15172000771976074,-0.2744090027163232,-0.05089712852376303,-0.08766117228592327,-0.4310117269903899,-0.06297211469333022,-0.008797426970769996,-0.5113459961504718,-0.0744989948367448,-0.1669352801000295,-0.4535228667064982,0.006831493864439044,-0.21255781332802065,-0.653221807245759,-0.01605739422011655,-0.23238347062101222,-0.7754403123552229,-0.041220403863811275,-0.23955460207260834,-0.8822767365589683,-0.06123732733026205,-0.08920040874310955,-0.5010664550073762,0.0007829360765951713,-0.1148235779725165,-0.7275197767042664,-0.015135379924824301,-0.12930347381262575,-0.8702123030573231,-0.045501060643872535,-0.1377387565512042,-0.9879518887896048,-0.06910073198225411,-0.011410024269679101,-0.5003782808701914,-0.014102886479858297,-0.0035530303219570855,-0.7056088257380705,-0.03214384147802196,-0.005050614978322455,-0.8301863853248904,-0.062128990352463546,-0.011473362352709933,-0.9303286630748795,-0.08474596960426928,0.0639906247690763,-0.46714101780358175,-0.034460930151826885,0.08347707902555077,-0.6214653220094413,-0.0462985410049116,0.08441024115818684,-0.7210092913872891,-0.05591330196432368,0.08066693444127476,-0.8047234298342214,-0.06499158216277265
0.0,0.0,0.0,-0.1105735184198269,-0.10356512278516797,-0.036890901959478084,-0.1486759814121063,-0.27856842873973464,-0.04578421147959235,-0.08765533921823557,-0.4361810842755286,-0.05590845356391017,-0.013857905018297603,-0.5224199923966801,-0.06533623907171676,-0.1632338158632587,-0.4563713807822167,0.008954240397522928,-0.20904143965442762,-0.6572412908455867,-0.013435024214286072,-0.22896934068395514,-0.7807137670454174,-0.03756001716352185,-0.23624173876458363,-0.8879719344236364,-0.05678418959497221,-0.087793782133125,-0.5028705491295753,0.0019489992477063653,-0.11261418459936323,-0.7292050724469161,-0.014551432021922807,-0.12603528870754796,-0.8719210752936638,-0.04388653010121738,-0.13332728091581936,-0.9887871427350393,-0.06628452399670552,-0.01171441905517246,-0.5011309181238551,-0.013733099225918626,-0.003461553328784837,-0.708561016953054,-0.032852523225640126,-0.004589024881581617,-0.8351028465185149,-0.06195164523346979,-0.010166202541818645,-0.936510399755669,-0.08360508299735675,0.06257434131683984,-0.4664287633442291,-0.03453460343646779,0.08149648282819817,-0.6220134096305199,-0.04770218658914624,0.08214234260867187,-0.7227452714546603,-0.05737180036154227,0.07827473687502155,-0.8076985549091993,-0.06613647914461798
0.0,0.0,0.0,-0.11311513737007502,-0.10548455762256176,-0.03923882886699295,-0.15207093057184645,-0.28035598367696557,-0.05015108556168451,-0.08872335329790342,-0.43697325674246923,-0.06180772503231306,-0.013892650255613325,-0.5198825305052532,-0.07270048264066482,-0.16589808755992147,-0.45272472116381046,0.004312990313116323,-0.21272782564342402,-0.6548884440761951,-0.02021475194830732,-0.2322794606768352,-0.7789425232924048,-0.04576135758467821,-0.23874796842800972,-0.887271466615416,-0.06613257069126965,-0.08914465332596543,-0.4999335683062335,-0.002190498402046999,-0.11515178109426352,-0.7272345038758837,-0.020135710068873054,-0.1280407059394016,-0.8696053826270711,-0.0507988979665009,-0.13480454752929566,-0.9879761694322194,-0.07477200702747511,-0.01305004823000265,-0.49949502269919316,-0.01742290870346274,-0.006965310083682276,-0.7059009289478462,-0.037584896722745675,-0.00845878627709998,-0.8316012905913744,-0.06765276626017558,-0.013997330110505492,-0.9336147870593745,-0.09050443998945387,0.06153865218355867,-0.46600591277332004,-0.03799794666874386,0.07668094286840517,-0.6200101357448632,-0.05175357675206831,0.07619430287171364,-0.7184984344914063,-0.06218602278961754,0.07164231093371873,-0.8019828743144098,-0.07207177016145858
0.0,0.0,0.0,-0.11473565742491593,-0.11068105946473407,-0.03394607371396182,-0.1510346986381413,-0.28938882394348964,-0.04153399372097814,-0.08611856573370445,-0.44258349688669785,-0.051097934016886254,-0.01115358794460104,-0.5193815397811301,-0.060187911449881844,-0.16408344595359942,-0.4495641957697252,0.010909129707464283,-0.2103231144036416,-0.6530182614043123,-0.012305056863837564,-0.22879585690922738,-0.7790542841400401,-0.03647608883519981,-0.2339781787592774,-0.8879955334077667,-0.0555071872453886,-0.08675828355026882,-0.496105297915183,0.0025999764586034386,-0.11267341478460777,-0.724854653282968,-0.015327332416406473,-0.12535003432794156,-0.8689676506656856,-0.04583222527616909,-0.1319746060494667,-0.9887933969022216,-0.06897899222489445,-0.010282002938780812,-0.49669527123431556,-0.014216691774015713,-0.004585896946880838,-0.7048020735273224,-0.03447165008015938,-0.006648302408605979,-0.832989489600676,-0.06513019623567425,-0.012952639703306228,-0.9362429517815791,-0.08771330523128383,0.06506536389396725,-0.4656832893940805,-0.03585774809226612,0.07907727026729357,-0.621720652082835,-0.04870926529760718,0.07725077441525131,-0.7213054844767681,-0.05899182565350487,0.07030523987660721,-0.805544392810683,-0.06858875198432324
0.0,0.0,0.0,-0.11453908068064386,-0.1158892774606237,-0.028270400648103162,-0.15062537258774095,-0.29134029140835427,-0.03352537931149038,-0.09311838976438268,-0.44196296958094045,-0.04154290319602132,-0.026222595479499143,-0.5256299719918293,-0.0491771514581448,-0.16317058880066623,-0.4369530645202227,0.010396206377289729,-0.20955110851632297,-0.6432914670065712,-0.013619215133117977,-0.22781771729860412,-0.7722316765324163,-0.036588369788727315,-0.2331486975295256,-0.882957748484345,-0.05424188415274504,-0.08627889364993,-0.485886261341124,-0.0002087592223030839,-0.11194647309040764,-0.7198310899014297,-0.02045854015613116,-0.12393588254620233,-0.8665486909817737,-0.05091315027707653,-0.13034062552882858,-0.9887030965013375,-0.07347455388199087,-0.008648221967348985,-0.4890736443980898,-0.018377953519030515,-0.002305811474876553,-0.7012433094241131,-0.04060075816622637,-0.003093164540215823,-0.8308706571870912,-0.07050651660796116,-0.008964900108222554,-0.9358003662446931,-0.09218653125930454,0.06870412618759561,-0.4585844462519295,-0.04042164607025008,0.08228799936399225,-0.6139276923252164,-0.05396700968573209,0.08104565017782323,-0.7142116312126727,-0.06326561150021297,0.07435439574065156,-0.7995232652764366,-0.07198971688333541
0.0,0.0,0.0,-0.11708596145107794,-0.11740568502335062,-0.027085414547089133,-0.1511465880095188,-0.2949797354865842,-0.03146755761209487,-0.08816674674793523,-0.44394565698183774,-0.038741271212507394,-0.01810478329164357,-0.5236096792073635,-0.04607813985009343,-0.1629240190942739,-0.4341607507327626,0.012245251651846811,-0.20920921668146442,-0.6411286333570168,-0.011345136476659003,-0.22756483285162932,-0.7703429339672379,-0.03444713189494752,-0.23348662912701834,-0.8805349401687801,-0.05229756602935842,-0.0842305653235281,-0.4827834494886496,0.0007252698071735093,-0.11129490378221316,-0.7178052094440484,-0.019876272227365818,-0.12399841455008798,-0.8666411958451035,-0.051700178455793985,-0.13088622405668604,-0.9885456934424159,-0.07486293577103523,-0.0059820350861040095,-0.48347596412088345,-0.018158387462077756,-0.0008230106236328399,-0.6968505997620063,-0.04124784364507714,-0.0019271685843273542,-0.8279953856815323,-0.07232804697728953,-0.00763764202062116,-0.9324157033013315,-0.09427187039550038,0.07220404070664688,-0.4494934566873593,-0.04061475480468688,0.08485671150567406,-0.6069253367606073,-0.05507613842337134,0.08329815201604483,-0.7088338171752722,-0.06451121710210568,0.07614210212930142,-0.7950864804298856,-0.07299646001808263
0.0,0.0,0.0,-0.11691921841939887,-0.11786646829904657,-0.024305085837885654,-0.1527023685577141,-0.294099728201719,-0.02739058380667716,-0.09422125929997341,-0.4429653276131745,-0.03374700569097874,-0.026094987699655365,-0.524848246401546,-0.04018532744279674,-0.16194902257033866,-0.4302175653157012,0.013318535315553996,-0.2077813986905855,-0.6383985868918443,-0.009242957753069816,-0.22639011147807542,-0.7687850070318896,-0.030975701637553497,-0.23256201267349208,-0.8794821349516788,-0.04747061448826405,-0.08315191266401942,-0.4795239120006233,0.0013211873804479556,-0.11025812824633038,-0.716568388752177,-0.018383554523243556,-0.12293384176597902,-0.8666952629273523,-0.04867561466364319,-0.12919150504629878,-0.9890930062339096,-0.0704337727664321,-0.003634611036759779,-0.48127793620123693,-0.017644541791297083,0.0009064070174375013,-0.6957581514509114,-0.03940309043451466,-0.00039919390186148496,-0.8271827357235721,-0.06873086492753774,-0.006194094770029024,-0.9314661356026079,-0.08930887553124958,0.07615188893280513,-0.4482767310305603,-0.03985423361608133,0.08815599438990027,-0.6065865325424132,-0.052551322200791464,0.08588482860248914,-0.7089884458590525,-0.06023932144425935,0.07790966584935924,-0.7947640099853672,-0.06730466512100905
0.0,0.0,0.0,-0.11777268651249778,-0.1149265787983768,-0.02597780466221304,-0.15365401116928423,-0.2877605405233882,-0.029823154137670317,-0.10200529478268613,-0.4383509071460199,-0.03633744317469742,-0.04036356645682802,-0.5255373369157796,-0.04245258369892669,-0.16003501000048412,-0.42765500575630655,0.011566769435408917,-0.2077271548593987,-0.635560162711392,-0.012050636850890426,-0.22717972355644123,-0.7668719760688796,-0.034295190547164414,-0.23469768350978104,-0.8784716253875502,-0.050811410182233285,-0.0811626138157875,-0.47842460299011424,0.0007192369331338659,-0.10952588378953232,-0.7143176122577104,-0.02009905543341828,-0.12327636067421394,-0.865557800410107,-0.05096039238569584,-0.131259522175112,-0.9886590035181497,-0.07275058808008134,-0.0023823291587791937,-0.4812205683833093,-0.017074908418822254,0.002167256639422573,-0.6929928766196037,-0.03952690058902392,0.0015366694036629738,-0.825735658540479,-0.0687762472716886,-0.004759135034375915,-0.9309500007513276,-0.08884210226460787,0.07468562607213655,-0.4485024275999577,-0.038146902039865704,0.08754456445149608,-0.6052710057551705,-0.05112889766216524,0.08577206784734756,-0.7076418064638527,-0.05853303970537735,0.07739501880454022,-0.7927578022080942,-0.06486383520955753
0.0,0.0,0.0,-0.11654613697912487,-0.11386445993085884,-0.02273259761698314,-0.15580081025889891,-0.28906426145729197,-0.025352185388469773,-0.11390815913026993,-0.44122609963849063,-0.03044459266277166,-0.060207289813907446,-0.5326650566895568,-0.03520355093516549,-0.15888965836160623,-0.42934372861604997,0.009093685917323114,-0.20493398731100174,-0.6388090270582689,-0.015088458926840742,-0.2230836338873191,-0.7708530436263626,-0.03639606493336952,-0.22993968900342837,-0.8823670531941732,-0.051988194863606854,-0.07890304617769145,-0.47812350304020923,-0.003023678344371255,-0.10594619074033126,-0.7149209375589275,-0.025438647543390955,-0.11919216001168785,-0.8661696755681346,-0.055846549501597634,-0.1272561045218393,-0.9888585734009462,-0.07691158760455645,-7.43429554424537e-05,-0.47925211647173066,-0.021356015686019837,0.004908645027434548,-0.6925292570526856,-0.045803722799300915,0.003923285291543899,-0.8271030391290153,-0.07472565917380958,-0.003130202707504722,-0.9351763095411063,-0.09415607933791403,0.0753836348070927,-0.4441686593943733,-0.04221926911136723,0.08942110721283272,-0.6024051574570517,-0.05761836751864405,0.0891673261283599,-0.7064194970996998,-0.06542705254829423,0.08209698017236086,-0.7941347814769455,-0.07149642403355796
0.0,0.0,0.0,-0.1152791275227533,-0.11786652101714756,-0.02376627528099805,-0.15397162895609776,-0.29360348888265475,-0.02597422360855532,-0.11848659486083056,-0.4511883020258243,-0.030655517830483574,-0.07629049903410891,-0.5514264346420741,-0.035167033692885846,-0.15005626067278183,-0.4277041451234429,0.008042123078310136,-0.19524739373634326,-0.635844936816327,-0.0175977579741406,-0.21411371769649268,-0.7687170713668399,-0.04000462840761971,-0.22189749999756234,-0.881696552835181,-0.056481662088600726,-0.06915386708942352,-0.4767300642852995,-0.0037775858371415887,-0.09600945093736948,-0.7134549925581439,-0.02779928286258124,-0.10973255626821922,-0.8650462211925907,-0.059330435300635385,-0.11880127188337335,-0.9895040967743804,-0.08154695608385354,0.010536256793373486,-0.47795033457963987,-0.022064529237025732,0.01626786414737831,-0.6920930449815395,-0.049200532573001485,0.014446480560161743,-0.8266661130963981,-0.07903496995427617,0.006608299902534962,-0.9350690152873097,-0.09913975204092317,0.08746508109619662,-0.44235471843114726,-0.042838518752199975,0.1028954457373445,-0.5988896715705181,-0.06138376366509441,0.10237290793863317,-0.7041787832455351,-0.0712165128940103,0.09425325975415821,-0.7934646993444817,-0.07873312273831157
0.0,0.0,0.0,-0.1174868188961577,-0.11671354757499386,-0.023226818634423833,-0.15809719684227508,-0.2866721044817992,-0.025321587001155867,-0.13202359495607274,-0.44369999774183305,-0.029904496713647286,-0.10078655523783306,-0.5487397416473361,-0.033894525399283906,-0.14964959733533467,-0.42719820636292494,0.008985731194946923,-0.19203428523741428,-0.6341734135219328,-0.016655210728415262,-0.21001798179087972,-0.7675911986316041,-0.03870443421427956,-0.21795713333381686,-0.8802490299841095,-0.05486099983436426,-0.06847598277055816,-0.4747445549032876,-0.0030549477984355942,-0.0925172747939496,-0.7106892220975844,-0.03001950702229776,-0.10543564014046107,-0.8636019575678717,-0.062019330248643825,-0.11482190736812105,-0.9898288559024588,-0.08352201408665091,0.011575583039054302,-0.47444349058549257,-0.021388902714650576,0.018854672703897964,-0.687793317220468,-0.050981824464247635,0.01668414620622992,-0.8246239553084364,-0.08027830587954987,0.007987952593354691,-0.9342907057959919,-0.09882487673535242,0.08855300959561965,-0.43664511649079185,-0.04200768960129951,0.10587774398347677,-0.5950920041452157,-0.06185707546069611,0.10581770635039184,-0.7025130770467556,-0.07132976009859995,0.09734280202719822,-0.7925516970807758,-0.07770487371597035
0.0,0.0,0.0,-0.11772999152197972,-0.11083572166393277,-0.02848710522476306,-0.15665497368465764,-0.2795175945372954,-0.034767007624525115,-0.11227140487527762,-0.43202666521363164,-0.042900290772469166,-0.05961749020966773,-0.5243348272017256,-0.050325011884869514,-0.16173237030404652,-0.4316078147812964,0.0067987533676906785,-0.20565325317162414,-0.6374278903185495,-0.019291451003280884,-0.2227051979778158,-0.7686269803495034,-0.043271543891484326,-0.2286343010113282,-0.879137055508971,-0.06135318700995146,-0.08007590166100817,-0.47948073567603977,-0.004085008912037004,-0.10625536796795214,-0.7111152734444934,-0.029326778797987875,-0.11844483318954593,-0.8631966727154647,-0.06236673832845549,-0.12612820672347022,-0.9882545157767559,-0.08527533662588394,-0.0005342379429928478,-0.4774100908969653,-0.021921719696664024,0.004767840211251836,-0.6881861258375128,-0.05005791328070316,0.0030570837327913124,-0.8223981915979615,-0.0810094224563282,-0.0049632976660456875,-0.9299690826781144,-0.10142296310496486,0.07633339532541597,-0.43873899035927166,-0.04276712723575782,0.09255810089599642,-0.5958633646916476,-0.0629695937954362,0.09155787551042316,-0.7008555798390678,-0.07363909613945084,0.08281884941868613,-0.7899573985317392,-0.0811460453840703
0.0,0.0,0.0,-0.11534598019622964,-0.10810778975698905,-0.03006067682079683,-0.15452794560587318,-0.28088989069119263,-0.03702072660558986,-0.10370660009715321,-0.4347640525652937,-0.04540475023113083,-0.04116618005329311,-0.5223881190062825,-0.05261933428862695,-0.16616640497089397,-0.4368898080618397,0.00767268848316458,-0.20985228931104627,-0.642750581121293,-0.01623697969950237,-0.2266438652161593,-0.7715690239643211,-0.03905609266248682,-0.2324227072577567,-0.8804711869009951,-0.056450188520329105,-0.08697229495692749,-0.4844932188763588,-0.0017705497267642284,-0.11228226999762342,-0.7151140749398812,-0.023323159303007372,-0.12470685410655316,-0.8651227555570942,-0.05403906144159017,-0.1323879422216887,-0.9881894912429141,-0.07575435501990507,-0.00868159695864883,-0.4829176509325165,-0.018365745801650527,-0.00402740308239621,-0.6935422153760367,-0.04225135358927258,-0.006132610762125838,-0.8248292666288548,-0.07091156295774537,-0.01399614380531889,-0.9300243077318868,-0.09031046142693779,0.06734251557602701,-0.446496067614518,-0.038520751826770984,0.0810647761508366,-0.6032817566444446,-0.055034749157279725,0.07877919282876515,-0.7066770147036407,-0.06387273303396296,0.0699769547779,-0.7943778634163778,-0.07046600404792257
0.0,0.0,0.0,-0.11674979302542601,-0.10740947577371687,-0.03287181008175635,-0.15617960668873182,-0.28385663763841157,-0.038863307172975634,-0.09908858135097032,-0.4430578886426557,-0.04599330132402245,-0.032785639120637776,-0.5345203591320212,-0.051865967055205894,-0.16842545841920048,-0.4399975200940268,0.012730375726578046,-0.21208545197003453,-0.6429312984667075,-0.00933380414047286,-0.2299886382476311,-0.7705982207664741,-0.03242222538653425,-0.23636188466464073,-0.8800605745766532,-0.05039821094701574,-0.09047173306147324,-0.489484574753305,0.005589495541005701,-0.11407028566637747,-0.7194143060174965,-0.011901518615230651,-0.1264757746273342,-0.8666905676577846,-0.04139559449743479,-0.13444814867251637,-0.9887665637606556,-0.063198306715409,-0.014066888745354124,-0.48967725324441486,-0.009619784329960938,-0.009878924529620935,-0.6997137650288465,-0.029535276810436186,-0.013421439250056469,-0.827846815272129,-0.05695822126065196,-0.021434814762859716,-0.9309070848339542,-0.07662613391988167,0.06110332404264089,-0.45592882836263526,-0.029228630433806482,0.07444385967014674,-0.6109386712594473,-0.04220640476317855,0.07189705806107015,-0.7107745346084837,-0.049969325755079216,0.06377420448042381,-0.795386792264729,-0.05670141732088956
0.0,0.0,0.0,-0.11848331151130728,-0.11283747630657923,-0.02922165453186925,-0.15595980795191106,-0.2943970256987291,-0.03115083888070807,-0.09651722242575546,-0.45490002751827363,-0.03503697490555041,-0.030978342196979293,-0.545867218101794,-0.03745374764306811,-0.16592661447967674,-0.4442837417277673,0.023689560205416738,-0.20940367411380287,-0.6447770742945844,0.005146518946049325,-0.22789435221098983,-0.7712421044962364,-0.0165102924923825,-0.2344156384253231,-0.8809148216193825,-0.03379050654546104,-0.08840961993185024,-0.49417465262527593,0.016198568301609352,-0.11173989036228231,-0.7227120296240086,0.0018484428858983482,-0.12365805235857873,-0.8680592144792454,-0.026796326643053266,-0.13149446906791962,-0.9899511843732112,-0.04838517074839303,-0.012670989162877188,-0.4952094165218921,0.00038175454570754403,-0.008752116093940962,-0.703097996457116,-0.016441941327583056,-0.012362646898661954,-0.828810437013595,-0.042605855626070284,-0.020104374902421798,-0.9303224875225853,-0.06185097399642273,0.06307862009581304,-0.4633008443036756,-0.019880723093909106,0.07553764313370306,-0.61811867587744,-0.029041405071283964,0.07326316965341753,-0.7158918593107064,-0.03508391063646088,0.06522647627081829,-0.7989911166018759,-0.04122051793636868
0.0,0.0,0.0,-0.11470517799583786,-0.10976405814670057,-0.03511241888818771,-0.15350528321088075,-0.2852703569611526,-0.0412669609002666,-0.09561649343987669,-0.4454547000659187,-0.04825371340467011,-0.029782143287478084,-0.5416920339154971,-0.053529119606243535,-0.16290019429559668,-0.4466307299348271,0.01505053587230465,-0.20827101884798863,-0.646820490813379,-0.006271779411352986,-0.2267459472847646,-0.7729154266085225,-0.02955617075544749,-0.2333077186932349,-0.8831059656902605,-0.04789517907208081,-0.08627162287489383,-0.49510703240135046,0.009290276221095007,-0.10971591455368657,-0.7240948875874405,-0.0069406910012234065,-0.1214102166776768,-0.868453068235076,-0.036509972504497244,-0.12908388253306355,-0.9897292605584556,-0.058938472221924006,-0.010853082137803702,-0.4943804891852127,-0.005100879360914606,-0.00571308024868822,-0.7025973100390968,-0.023528523754704146,-0.009124546812671178,-0.8284036983943665,-0.050473530673080795,-0.017358771744349372,-0.9302408349698408,-0.07038236446256513,0.06360553091523806,-0.45952000194557874,-0.02435958349924952,0.07630316623466632,-0.6131870691626479,-0.035069688753757475,0.0741990772924421,-0.7107688262667569,-0.042004764306447534,0.06651869633614688,-0.7929927266436161,-0.04873204411094006
0.0,0.0,0.0,-0.11473175563258467,-0.1130145381359075,-0.03143222876206471,-0.15581913331287073,-0.2899350479875893,-0.034881906076530196,-0.10906917761646343,-0.4512495626343692,-0.03950035027720246,-0.05226466598343795,-0.5513005037429344,-0.0420042586031017,-0.1596280143199126,-0.4453683199026946,0.017441642399490864,-0.20516660443995516,-0.64663797947207,-0.002886989701160232,-0.22410893794901476,-0.7745489642287354,-0.024239084943856078,-0.23128469180148759,-0.8846513348920608,-0.04059760127367838,-0.08423955807360761,-0.4930419856904569,0.011328582127345211,-0.10630224273188944,-0.7245254452864753,-0.005313505526186363,-0.1169974386372836,-0.8703242659056976,-0.0333050718163338,-0.12386873853361205,-0.9907441917889559,-0.053631015907792304,-0.00879908830609841,-0.49260022180298163,-0.003006277274691079,-0.0018398095802477465,-0.7003450419356285,-0.021143457361544174,-0.004964169601559657,-0.8270819840613142,-0.04612635728597435,-0.012837249020025907,-0.9280000032920204,-0.06394469075898684,0.0661416307509553,-0.457359831012027,-0.02177859710836569,0.08068077051373104,-0.6114766794696257,-0.03071391097551221,0.07964051954035944,-0.7093613338576094,-0.035786454728863895,0.07294669572559803,-0.7901920154114397,-0.04075418231232921
0.0,0.0,0.0,-0.11584284876058973,-0.11094171632516547,-0.03416900046713656,-0.15469733509054162,-0.2845438753329047,-0.039004479781522564,-0.09772879677705244,-0.4445862624609235,-0.04495821977452877,-0.03117879337023967,-0.5377547614496323,-0.04920849456056679,-0.1636429187538052,-0.4429980734820633,0.017533910381525776,-0.21190133672051797,-0.6451725059284297,-0.002000926702739486,-0.23228310962825338,-0.7721772934533404,-0.023738463376971927,-0.24034906390799493,-0.882535484341235,-0.04071743880489442,-0.08685847455259768,-0.4931847819931811,0.012129619065131877,-0.11009666345890057,-0.7247391368721854,-0.001958002657305118,-0.12202294207755877,-0.8702462139536277,-0.029202878172085514,-0.12928109647731878,-0.9902954731777674,-0.0495150443486215,-0.010688295394785642,-0.49480418683837474,-0.002015107258200078,-0.0045539155441686515,-0.7020717874532197,-0.017797075554634587,-0.009315212172532339,-0.8290220582511734,-0.043364838845770554,-0.017666382441343345,-0.9297593544034544,-0.06222157415328243,0.06479539949324736,-0.4618441131622846,-0.021188726477802615,0.07927521604750623,-0.6157819805066442,-0.02834256081265161,0.07756661735232882,-0.7119461339766802,-0.03318553709150313,0.07096466067625254,-0.7899835109152114,-0.03850259269245809
0.0,0.0,0.0,-0.115319323586619,-0.10325169622502155,-0.038958234642243676,-0.15597229394121337,-0.2793654773459358,-0.04686080610119139,-0.09846686480104772,-0.44134896006633734,-0.05485603726106317,-0.03043910894262912,-0.535083012831771,-0.061250345775624014,-0.17459961161321716,-0.442164844075015,0.010026413429718172,-0.22160771497724446,-0.6458918833223571,-0.011703803814189622,-0.24041247258449094,-0.7731438186567594,-0.0351952628509665,-0.24708816837130662,-0.8824094276158094,-0.05353209023632216,-0.09743189906007027,-0.492219368611731,0.0057966283251154336,-0.1217395031653019,-0.7225762747164297,-0.010086178426481157,-0.13382470284091577,-0.8685944426701968,-0.038587678323197476,-0.14045589933136876,-0.988115853567797,-0.059892521547496136,-0.02078827275516825,-0.4926638613852159,-0.0073632367751071265,-0.015693108502374303,-0.7019190830640852,-0.025018470012798236,-0.0218277634690974,-0.8310301714245087,-0.05219640820923427,-0.030256803444922976,-0.9333361904108382,-0.07239163137864592,0.054379481628231335,-0.45858847321947105,-0.02582561728032597,0.0679898483974419,-0.6139712776765371,-0.03670421262785212,0.0648185135581848,-0.7128027205589431,-0.044058260709703104,0.0580836552828539,-0.794573668865324,-0.05091844967464949
0.0,0.0,0.0,-0.11619104388862399,-0.1081677288454026,-0.036754864350075606,-0.15573388993188297,-0.2849311025184118,-0.04381544798273844,-0.09656398928338109,-0.44319939919714757,-0.05148458954244696,-0.023619727903415575,-0.5295660016665846,-0.05736474185851177,-0.17524706841971394,-0.4468973815518967,0.014318482135120963,-0.22415426890349904,-0.6482591977528869,-0.0044546961004563925,-0.24531279212143803,-0.7732833844859871,-0.02622273842617201,-0.2542360336740611,-0.8814547894125793,-0.043509592020869486,-0.09991859459967647,-0.49621429043603965,0.010159902576188398,-0.1256823627890625,-0.7236679001204787,-0.002843028883634434,-0.13897325919057274,-0.8679583703337199,-0.029616462051851526,-0.14724931016420423,-0.987688331135546,-0.04986444157888141,-0.023637665663070698,-0.4967312518381164,-0.0027048444061815793,-0.01964941013629869,-0.7023298433770575,-0.01686578802431299,-0.02589744512698174,-0.8274046800248567,-0.041636872290827534,-0.03484751547573501,-0.9267833374591115,-0.06029142751077479,0.05234482243174269,-0.4640366873314491,-0.020944450461416013,0.0653472306475398,-0.6175521345114283,-0.026925593639207136,0.062287669953210056,-0.7140108890956309,-0.031221667969913554,0.05578828124641054,-0.7938372472345658,-0.03630656721701268
0.0,0.0,0.0,-0.11727665370217556,-0.11636806955275605,-0.029592938715080543,-0.15721301198909365,-0.2929023001385327,-0.03430250692151866,-0.1041790705777267,-0.4489075805022775,-0.040630544212248446,-0.0360210496981489,-0.5410026168463768,-0.04565848117479004,-0.17444016893445713,-0.44237501589064243,0.01576584944328451,-0.2229487929233904,-0.6450298388727705,-0.0032773450997087266,-0.2435172515668524,-0.770538755764818,-0.023727151220326977,-0.25283217527651564,-0.8782682380295903,-0.039661521647806446,-0.09793050540041304,-0.490991991652145,0.008598708979947547,-0.12364598427198828,-0.7223630767777491,-0.006210890675912773,-0.13646564874208283,-0.8678082077213001,-0.03284147268710287,-0.14528711220594887,-0.9879080255564945,-0.05259798468668161,-0.020607211312691574,-0.4905544009245647,-0.006354654299876656,-0.016353646938775755,-0.6990510022939875,-0.02264375199882878,-0.02336090143741887,-0.825767447359044,-0.04740895018311398,-0.03445006950692924,-0.9259793196239035,-0.06561797180738596,0.05632150186169832,-0.4546607555641633,-0.02555881204555752,0.0695896397614949,-0.6094209453985238,-0.032891584858415826,0.0665315919003305,-0.70706628783201,-0.037118478143451455,0.05804659237166834,-0.7872260855052221,-0.04199570236197872
0.0,0.0,0.0,-0.1201256103408058,-0.11857092613890995,-0.02414330616164699,-0.16189474843792317,-0.2951962954712112,-0.025573914551270827,-0.11174278860979558,-0.4483511854619944,-0.02971543391044165,-0.04440136443049282,-0.5367288653858704,-0.03257993687851336,-0.1768208088808642,-0.4368392998814014,0.02067063935495964,-0.22748531115035842,-0.6388236948400057,0.0018235185221555181,-0.24787008305438266,-0.7657072609998969,-0.01750897842082158,-0.2567101518781928,-0.8740562825918754,-0.03229222325821746,-0.09902367888122275,-0.488200447039091,0.011237206413236448,-0.12713547917984164,-0.7197018389093415,-0.004970854595412831,-0.1414959789501577,-0.8663453526725189,-0.031124372128525604,-0.15152308716412652,-0.9871404654604854,-0.049647278582017444,-0.019899991241384668,-0.49077737235533564,-0.005620722078987628,-0.018781003567227894,-0.6987542869095867,-0.022931171306096343,-0.027760487496671517,-0.8269590863294323,-0.046926912828109554,-0.0403901526713579,-0.9275849432048936,-0.06365982176959453,0.059354458640155636,-0.45695687700552867,-0.026270233636113284,0.07023814769931666,-0.6122777995381745,-0.03301956236164811,0.06613963737237227,-0.7100994139932236,-0.03596959979747101,0.056469073245021054,-0.7895099872018035,-0.03952939750680386
0.0,0.0,0.0,-0.11769818888628636,-0.10897558899125638,-0.027017692462075974,-0.16185931977505988,-0.27525413549114097,-0.03270306615432439,-0.11316440094951895,-0.42721235868977714,-0.04061109077436084,-0.045974205220899414,-0.5171521650212129,-0.047840717877052644,-0.1824989835808774,-0.42917025336049575,0.011106423882513927,-0.23656512298080956,-0.6295069542976792,-0.011183217145410495,-0.2583218838095889,-0.7555985972975476,-0.032645501957408805,-0.26812358048579343,-0.8625799202342236,-0.048711561333038375,-0.10389053870573167,-0.48354219481130867,0.0012223798586317924,-0.13605413574341085,-0.7159407849716826,-0.016671310872448317,-0.1526150485498678,-0.863649918649293,-0.043938723846906225,-0.16394545311009598,-0.9841952084245292,-0.06369176666206253,-0.023297622394300447,-0.48745793591585385,-0.01591347732985449,-0.024766735494861032,-0.6969367539148436,-0.03558602457225213,-0.034173085132220976,-0.8242327276080288,-0.0616857931039793,-0.04766351081560125,-0.9244474072017949,-0.08018499809047608,0.0572485462215662,-0.45436259032673254,-0.03673350884213361,0.0674244146832334,-0.6096016066904129,-0.047354357560561305,0.06263679410422968,-0.7057810262364481,-0.05239602658193208,0.05197055312511159,-0.7836391519157542,-0.05722633632972413
0.0,0.0,0.0,-0.1192106512545803,-0.10422444198626028,-0.028759461316955143,-0.16407615477764176,-0.26474525541161875,-0.035204373260791025,-0.11627228881482597,-0.416953462364169,-0.04356923509205222,-0.0500546676397563,-0.5078445793730696,-0.05142923340877245,-0.186008334338224,-0.4245675168174796,0.010871975041744123,-0.24229670280700305,-0.6228040715815046,-0.012712632612141396,-0.26446248902973324,-0.7497889309255676,-0.0357217484881009,-0.2736116367281417,-0.8580779991125618,-0.052894031809305075,-0.10596142310410023,-0.4805616174362065,0.001392318936575345,-0.1395911217169275,-0.7134286244314166,-0.01798004942136376,-0.1566793356424706,-0.8612120780141306,-0.047112060541816284,-0.1686941019028269,-0.9831779691689454,-0.06817050599669514,-0.025511176366170986,-0.484814365419002,-0.015510043795764514,-0.028519805746776806,-0.6954424279281275,-0.036995869551083534,-0.039947287406754406,-0.8248495300642422,-0.06419391608608176,-0.054354444414888105,-0.9257012401738183,-0.08313044518611878,0.055702760555193326,-0.45123006558030443,-0.03618393794981113,0.06581006464114877,-0.6076460868084854,-0.04822106655542348,0.0602012934773946,-0.7066622071459232,-0.05399973485768199,0.04909489643306094,-0.7878115404967708,-0.0592349431298375
0.0,0.0,0.0,-0.11847983062322977,-0.0953124297199944,-0.03538040461231247,-0.16527509401585883,-0.2517423173008502,-0.04631999150195086,-0.1171505082904013,-0.40659953558558787,-0.05778481113077573,-0.053927100844981604,-0.5019950481046365,-0.06881417851343481,-0.1884824623840575,-0.4246504134643371,0.0001905077411815696,-0.24668089695654977,-0.6224563590221543,-0.026573541728707843,-0.2702741675144217,-0.7493845063934863,-0.052021676606698986,-0.27997081410384583,-0.8572105073074228,-0.0710568796795869,-0.10774919272238477,-0.48031083938760255,-0.00772377407748146,-0.143826754742429,-0.7119890370556132,-0.02890259773733068,-0.1625665745710513,-0.8592078070843361,-0.05951888768401681,-0.175484152212161,-0.9808609551181099,-0.08211615579977195,-0.027280451598971668,-0.4839936614932951,-0.0233655481041255,-0.03258025158604361,-0.6951662368601768,-0.046938381182350095,-0.044805977595783586,-0.825304969716453,-0.07570997921927271,-0.05874168952773384,-0.9280390197697286,-0.09622995696399624,0.05440760445184785,-0.4501628141623291,-0.04326687628968125,0.06401340427032201,-0.6076410289700538,-0.05892378787023376,0.05789591705302444,-0.7078164026948583,-0.06734704195298764,0.04670692337867268,-0.7915291833412761,-0.07452674909784134
0.0,0.0,0.0,-0.11993352381444988,-0.09405437950813267,-0.039283154558130445,-0.16698982739627036,-0.24845528764099564,-0.05241351401439036,-0.11709130069915946,-0.4060679560871887,-0.06527997578465944,-0.05439986107593402,-0.5046017702660639,-0.07765694830269079,-0.19022382092992607,-0.4189975143097687,-0.00442526893568994,-0.2503528372500379,-0.6182300089811102,-0.032888891954080055,-0.27530174223427534,-0.7465719025368872,-0.059665540588689364,-0.2858521741473731,-0.8549081580348383,-0.07947945885879837,-0.10745213583246753,-0.47562661972456277,-0.010862115538724033,-0.14609990102928055,-0.7089037289263671,-0.03264617677465507,-0.1661247130448312,-0.8566667395580359,-0.06436417125930774,-0.18042843944140843,-0.9794964213814306,-0.0882146325323065,-0.026117757999501792,-0.480718645553747,-0.025303277077068972,-0.03362568939035907,-0.6921388478337245,-0.04931139665156707,-0.04686510685810648,-0.823819472530605,-0.0791011073060519,-0.06087288141069761,-0.9275203993403085,-0.10078130369794422,0.05721507267517921,-0.4488646278901231,-0.04431845421234708,0.06620401890217288,-0.6068697950859565,-0.06036311786059145,0.05923237446159018,-0.7079385009556751,-0.06958549087220986,0.04753719154806957,-0.7921842133985297,-0.07772310128000495
0.0,0.0,0.0,-0.12066740637364534,-0.08978003508972271,-0.04970383339524691,-0.17285990514069874,-0.24204928598868836,-0.0687715769271974,-0.1233426033013469,-0.40362641295080115,-0.08522285750509123,-0.0616380068379685,-0.5078202351828008,-0.10099072397409349,-0.19848815889949473,-0.41626175834673285,-0.01979564897141953,-0.25825448888609165,-0.6157210276529759,-0.051234396251238934,-0.28392060959239973,-0.7438666338989859,-0.08028483881641263,-0.2965182820321677,-0.8533090113439306,-0.10205735438292314,-0.11562470838124017,-0.47256844427216693,-0.02287237399057731,-0.15647993668352012,-0.7039267837129876,-0.04642849596273452,-0.1782414591764303,-0.852116434511419,-0.07931992237528605,-0.1941111554846644,-0.9750925195562727,-0.104492153689747,-0.033736921452715056,-0.47530542200098286,-0.03429605784862087,-0.04509551364342077,-0.6881548351380049,-0.06117863777777789,-0.06141115260884097,-0.819960847873355,-0.09335098120680546,-0.07759619540007966,-0.924362110866711,-0.11663549792732363,0.049985405708555856,-0.4407239939056695,-0.05088734774096761,0.05703123415622498,-0.6026046778753646,-0.07249195172966735,0.04859806460458935,-0.7063997213385603,-0.08557856601336805,0.036017265142755175,-0.7937251316093334,-0.09578220629315232
0.0,0.0,0.0,-0.12255730007395634,-0.08750712727506857,-0.05288418353061314,-0.17721347137672006,-0.24689667839188834,-0.07157806590908822,-0.12571126228540627,-0.41385973920108,-0.08684826387912278,-0.06343000328853869,-0.5186375079428251,-0.1012800095681802,-0.2060589347008348,-0.4178767294034779,-0.01881633068963797,-0.26819232589155717,-0.6151139323375837,-0.04885969104704946,-0.29569154041363077,-0.7401808230233291,-0.07796363515824437,-0.3102644053565601,-0.8487510042953501,-0.10061196452302323,-0.12237552852778737,-0.4744075861367725,-0.020404083283374244,-0.16553029147383455,-0.7022337112281867,-0.04278056667155258,-0.18853990831631695,-0.8483865543084685,-0.07691475385030033,-0.20631230111110316,-0.9727293945145155,-0.1038241164169666,-0.04178107719895874,-0.4763898190070799,-0.030802951938262494,-0.055191342700360496,-0.6850147854258345,-0.05748766955304496,-0.07229340916086172,-0.8150277633462806,-0.0914856052015583,-0.08796548527364936,-0.9191962191380976,-0.11672243876574595,0.042168347234944184,-0.44385222155697746,-0.04674719588814609,0.04635706957695514,-0.6046383311372703,-0.06894071028425715,0.037378517336601406,-0.7089592687723785,-0.08380195227442523,0.02480612307025002,-0.798601567764505,-0.09608654117228244
0.0,0.0,0.0,-0.1237529290992046,-0.08934739393653669,-0.056967849866237825,-0.18134433370884145,-0.25216528913053937,-0.07796836594240503,-0.1293560977292185,-0.41860515186784375,-0.09485748629464408,-0.06505933828103454,-0.5194517226542885,-0.11084803969947915,-0.21153287310863378,-0.4197963408776614,-0.02285202235682421,-0.2731245764688235,-0.6175038165119071,-0.0540663874776944,-0.30107959135922124,-0.7413543191930975,-0.08458070760901826,-0.3162531857693954,-0.8498886795254493,-0.10850161154925747,-0.12709794071117383,-0.4748501990636713,-0.022925466502601882,-0.1718381271922621,-0.7007164947239888,-0.04567893098578592,-0.19555726978475968,-0.8455278281073771,-0.0806947565293925,-0.21356838819435336,-0.970671234807584,-0.10897619287823164,-0.046574120953989495,-0.47634395022888487,-0.03214167973081581,-0.06140267769005992,-0.6835127261424905,-0.058515941128361795,-0.07947803988368778,-0.8128312771087337,-0.0931238811500947,-0.09500999171331749,-0.9165199050334293,-0.11950543657519573,0.03714889785811326,-0.4452084047984458,-0.04746298503379487,0.03976517673260577,-0.604934227939572,-0.06908685424670742,0.029957206402394965,-0.7098561968506836,-0.08444428285220809,0.01749206329196932,-0.8010409140140389,-0.09784170480876736
0.0,0.0,0.0,-0.12419010063373392,-0.09030177925837662,-0.05922469648944304,-0.18391623742201857,-0.25022367420129304,-0.08155063004159999,-0.13360465615984457,-0.41691758516734634,-0.09940537878356945,-0.07126824418222905,-0.5209337971633885,-0.11601700824149316,-0.21582887098648001,-0.42224722192646336,-0.022473578312166086,-0.2771507838393682,-0.6188389228487958,-0.053900734317959643,-0.30614626000107326,-0.7412259284816782,-0.0851491194788015,-0.3231908322570461,-0.8497317105114319,-0.10991519122321694,-0.13182547538771278,-0.4766732237452421,-0.021671341746805833,-0.17716916378956488,-0.7014619845353516,-0.04446502594184209,-0.20150960694789394,-0.8448127290190474,-0.07997807843502103,-0.2206366276930793,-0.969167737829132,-0.1087476818504499,-0.0514539539035676,-0.4770083274653011,-0.030368645417303844,-0.06743708950787493,-0.682487451803673,-0.05725682439273385,-0.08624243582017246,-0.8113477824693175,-0.09227276461181061,-0.10327976753617173,-0.9157607481068808,-0.11907194666974705,0.03206783080838272,-0.44458368202944587,-0.04539792693276221,0.035343378605684594,-0.6008441009045018,-0.06794102548040373,0.025225961411195617,-0.7047477623413222,-0.08385737916456176,0.012217407928159129,-0.7958601358406397,-0.09764366026356211
0.0,0.0,0.0,-0.12451044169736053,-0.08855587744555285,-0.05929061448751077,-0.1858956607300346,-0.24676638755946617,-0.08133094689018328,-0.13651010770451125,-0.4147273551759911,-0.09879932555805372,-0.0790140721738609,-0.5265624730122642,-0.115077607812485,-0.21739507028813515,-0.4224926921478541,-0.021869081899864893,-0.28030937410455703,-0.6176462438062891,-0.05325636736326805,-0.31061956825660275,-0.7386925081680682,-0.08484774601959458,-0.3296332580818221,-0.8467187379488552,-0.11013708463781435,-0.13530072256915177,-0.47697777741077574,-0.021417675855776398,-0.18169101355237832,-0.7019056161684718,-0.04450835213278844,-0.2065544167779938,-0.843889376986133,-0.08130886335873888,-0.22687988076558913,-0.9674945875784424,-0.11103634101932837,-0.05639986190545686,-0.47597353960502636,-0.030466285189683515,-0.07286308333889688,-0.6818121403837144,-0.05853817920795283,-0.09206429134584995,-0.8102080193231975,-0.09518745217023414,-0.11031148133031873,-0.914955533497346,-0.12313394047398833,0.02685709873742612,-0.4418044747242137,-0.04566235577693699,0.030594482392663568,-0.5988112581048525,-0.06970065172659018,0.020647482627645746,-0.7024852320283977,-0.08671863903188337,0.007209652269810867,-0.7938402393865821,-0.10133441116716249
0.0,0.0,0.0,-0.12598652766343788,-0.08913260116842442,-0.06028170619520114,-0.18898526160976642,-0.2448043939141229,-0.08249276167823189,-0.1409677248912639,-0.4131066310911454,-0.10010489717271737,-0.08567609715783525,-0.5292173400429706,-0.11654253979422616,-0.21950342560024078,-0.42425380403889923,-0.019683604599353418,-0.2839615514215087,-0.6175818578270444,-0.050953751967405286,-0.3153067014054567,-0.7378895037968793,-0.08328803181332056,-0.3352118279437638,-0.8464368521802759,-0.10943304878616623,-0.13791697029519162,-0.4788416414777691,-0.018848751383715057,-0.18491349837307813,-0.7038935393959758,-0.041553131848194355,-0.20988342617142264,-0.8436679646131959,-0.07929570163834065,-0.23085583385069303,-0.9666890276099405,-0.11011477933633611,-0.05963290716258495,-0.47774281533546814,-0.027825158728596148,-0.07658484891552572,-0.6831906042199059,-0.05583897413275157,-0.09599296260284237,-0.811326866489308,-0.0931697505109893,-0.11494145350411869,-0.9166828666838707,-0.12198027934508937,0.023645894347310323,-0.4433958596071892,-0.043114298933567274,0.027350091936234576,-0.6003963194611589,-0.06681875509574918,0.0178803943115363,-0.7035824434114638,-0.08398131143399777,0.004758911773301418,-0.7952450738893257,-0.09915854400782409
0.0,0.0,0.0,-0.12626344902109587,-0.09279435114157156,-0.06084840776799809,-0.18749676678097665,-0.24886978780856553,-0.08308723591297651,-0.1392193017582112,-0.4171376615263609,-0.10086771321749821,-0.08508328847313931,-0.5337412869044589,-0.11735841617345531,-0.22013264582082823,-0.42492596117561593,-0.01694764575656056,-0.2842860731459972,-0.6173735039133497,-0.04881273780868303,-0.31568903171998797,-0.7376722210136386,-0.08252933072972234,-0.33509495279786183,-0.8463817059139047,-0.10960520913591523,-0.13820099884233958,-0.4800155248598806,-0.01570354318056673,-0.18477775817608955,-0.7035647367917288,-0.038917362781725945,-0.20867529046369593,-0.842830076011243,-0.07854351362564,-0.22877875494265004,-0.9671203944769178,-0.11084703746107563,-0.05934004652001684,-0.48035328350551687,-0.024520901742392198,-0.07562069854945486,-0.6847881753376646,-0.05311727380543798,-0.09391571749432323,-0.81325683752727,-0.09178456209176367,-0.11169040251431818,-0.9196134911073196,-0.1215730518947431,0.024571037754438023,-0.4476356590329369,-0.039693790312639976,0.028623913219060246,-0.6042015802851284,-0.06349556472059807,0.01938137921896113,-0.7073406530983997,-0.08109240310543764,0.006470713533868119,-0.7995277625783024,-0.09669029618442232
0.0,0.0,0.0,-0.12492513304836705,-0.08791295314634022,-0.0613228645023666,-0.18505012516475977,-0.2416563414496537,-0.08338944361326159,-0.13810293513171415,-0.41034720281004966,-0.10110959690055374,-0.08806785370404328,-0.5292260058674911,-0.11751460226790869,-0.2153134595006082,-0.4285130877834099,-0.015705830391911035,-0.2793756380780012,-0.6188000687364617,-0.048188972583645115,-0.3103981350851641,-0.7386960856542899,-0.08239744033180127,-0.3283152374808368,-0.846731962316936,-0.10933198432107852,-0.13420066667243846,-0.48444571876340115,-0.014557996838691533,-0.180252033578781,-0.7062162859464682,-0.03805066363240127,-0.20435393695554213,-0.8453105688287633,-0.07767478007914919,-0.22345366788054088,-0.9685341252239686,-0.10932407282638995,-0.05492917624944884,-0.48467322772656934,-0.02375588572990791,-0.0693280695036973,-0.6897291189663126,-0.053272818063617985,-0.08643111594627323,-0.8161481145154987,-0.09145384460884451,-0.10363493782151324,-0.9214352672070865,-0.12027016905720486,0.028377416497860602,-0.4492186593822852,-0.039336357373436895,0.03430572141731448,-0.60512949622294,-0.06473396366022778,0.02645312702466652,-0.7062617577167394,-0.0820087021561014,0.014237990115508166,-0.7976171598183777,-0.09653499236751359
0.0,0.0,0.0,-0.12078644839361638,-0.09297823209301057,-0.06078975821742784,-0.17617838936685998,-0.2515030590859636,-0.08194851456001298,-0.1289228795138874,-0.42200806548090153,-0.09876764065349217,-0.07968039371459545,-0.5404357781849076,-0.11406397731486895,-0.2086318776852985,-0.43582680053241585,-0.013805751326828911,-0.27022911352625556,-0.6257499795172973,-0.045855191958630345,-0.30001215727429986,-0.7458978713952108,-0.08014666834780862,-0.3161714298811295,-0.853842352320654,-0.10717526731925316,-0.12762137596375978,-0.4897547234345022,-0.012164958323868564,-0.16925978505511963,-0.7108110794039311,-0.03453149055087244,-0.19166756989757883,-0.8490379492935007,-0.07340334163965712,-0.2093588851338081,-0.9720707587355677,-0.10481716205268717,-0.048058240474937515,-0.48864541497427116,-0.020879525890698927,-0.05996655197033589,-0.6950880380251666,-0.048969420741931634,-0.07652477041489611,-0.8194987349007556,-0.08597243435585852,-0.0929162139884445,-0.9229301522442224,-0.11431559612621495,0.035292942224865315,-0.4509738189622823,-0.03608754142926452,0.04387209975564224,-0.6070410879571206,-0.06025178889038792,0.03731953967111419,-0.7078677643332789,-0.07703844973317028,0.026289541858302172,-0.7988856128391314,-0.09140053216639518
0.0,0.0,0.0,-0.12298135382125602,-0.10107927124157529,-0.05504991568373122,-0.17314608822003308,-0.2659235395991498,-0.07180136134006648,-0.12173148292020392,-0.4346893776916558,-0.08511898670789905,-0.06820476087989069,-0.5422344365350265,-0.09701909940325257,-0.19785908605299737,-0.44252499685340063,-0.005940510773269259,-0.2583201149263031,-0.6343744405575522,-0.03324791066252891,-0.2872898698002117,-0.7550842725263482,-0.06397505255834571,-0.30239558008619105,-0.8630990571308041,-0.08863609184967372,-0.11537614365555882,-0.49373208683534997,-0.005182377201399526,-0.15431024032985013,-0.7154021931141789,-0.0226385257360326,-0.1754949191751725,-0.8548001238984057,-0.057689452825026535,-0.19161748633329662,-0.9772382437466549,-0.08648969855592659,-0.03469673494281065,-0.49032560466463593,-0.01441262485768353,-0.04407292118776085,-0.698956949223855,-0.037803322029752486,-0.060670245221486466,-0.8251515662959295,-0.07232361756703926,-0.07611027025482325,-0.9294481837801163,-0.09931898073273515,0.049923906799700345,-0.4514329768531718,-0.02991424444842321,0.06317940110564715,-0.607115995496825,-0.049518726505694444,0.058610397979262,-0.7090953716138232,-0.06420105764027365,0.049707954536868285,-0.8011590958460257,-0.07745440054562894
0.0,0.0,0.0,-0.1197395597149983,-0.10187537209178898,-0.05244680736485706,-0.1689834681870619,-0.26714952124160585,-0.06841159815924733,-0.12133529945973455,-0.436007597096833,-0.08109457936610817,-0.069246677954001,-0.5473594107849555,-0.09240839486115912,-0.19031807332465156,-0.44029095716440514,-0.008380265151605937,-0.25061209128063505,-0.6329445856108509,-0.036274111246676094,-0.27892473789709005,-0.755497942462224,-0.06571677620696506,-0.2932907908171971,-0.8632687421622707,-0.08882557637221798,-0.10809008434316232,-0.4898658004374624,-0.008651654590003229,-0.14294762025238308,-0.7160421121696723,-0.02734467755674779,-0.16166225638324763,-0.8578993920592305,-0.0609964466790792,-0.175822332718038,-0.9801546501501912,-0.08786154938774449,-0.029043711487697715,-0.48497868673492095,-0.01832648640864009,-0.03508758406014448,-0.6936441158672734,-0.042566545639754046,-0.049853712711818085,-0.8219825605517649,-0.07605508422681809,-0.06328930613331384,-0.926211108931029,-0.10161655654923128,0.053343708882343216,-0.4441140219029527,-0.033803382602500855,0.06982649725962686,-0.6000424987765149,-0.05361507224241016,0.0676736324881338,-0.7035787205604698,-0.06772077987718025,0.06055775954168896,-0.7955580129755166,-0.08007319390785814
0.0,0.0,0.0,-0.11883730833688472,-0.10155452430275455,-0.05202398832173458,-0.16613219033623805,-0.26849911486460365,-0.06764428555912871,-0.11709141695102618,-0.4374731202870622,-0.07988517210471852,-0.06536917726380964,-0.5485309276548397,-0.0911140778205844,-0.18640740897683356,-0.44027674460564414,-0.010671124857234055,-0.24552912142119193,-0.635664857057628,-0.03854121557826955,-0.27315561149962436,-0.7594364033579604,-0.06752450163351062,-0.28748047412502564,-0.8676606249847969,-0.09041570304338624,-0.10411105904189201,-0.4891273698296161,-0.011567102564492972,-0.13769402220338509,-0.7166510102105041,-0.03082100619270767,-0.15489627530745392,-0.8591242302321043,-0.06483375726591545,-0.16798003519697488,-0.9812889071172757,-0.09189073623085486,-0.026649292084670165,-0.4830594545331036,-0.02161854607019182,-0.031100014311958482,-0.693279674795295,-0.04680399110681293,-0.043450718443993445,-0.8230359235580419,-0.08174623613311344,-0.05479138198264132,-0.9283625297374526,-0.10829957295144853,0.053605246243763366,-0.4403414992495212,-0.037243929990714374,0.07174897433674425,-0.5978720467434919,-0.058781291817838165,0.07134291548885838,-0.7021864684468129,-0.07463716789568153,0.065655738672832,-0.7946441076085884,-0.08818852026750909
0.0,0.0,0.0,-0.11865439439631867,-0.10294041104776144,-0.05051893121537149,-0.16524811738002293,-0.2712505148244459,-0.06531457238805889,-0.11372781008596258,-0.4371253004235832,-0.07697652844637914,-0.06023852389453714,-0.545559552897431,-0.08792248128451272,-0.18477057749992543,-0.44209869297969473,-0.010978466447366171,-0.24406403469117155,-0.6378834694055159,-0.038198786486294066,-0.2707916022618987,-0.7607443646839438,-0.06618462171812625,-0.28419543647691387,-0.8685076858039319,-0.08851044400914222,-0.10262542856356423,-0.4905579560548183,-0.012682317885692584,-0.13561615237223096,-0.7191263049167758,-0.031821971303550994,-0.15171916781716294,-0.8600837127191086,-0.06529398081256102,-0.16388463499561423,-0.9820561237730738,-0.09211267784888749,-0.025865150149350043,-0.4837644546938923,-0.02332994256031068,-0.027565678627830686,-0.6936633921821705,-0.04862579067197903,-0.03838674266037276,-0.822964556092455,-0.0837343774873371,-0.04880631046569435,-0.9285201703749457,-0.11056718922569087,0.05365741030118095,-0.440273240443946,-0.03941458770355708,0.07300556391913737,-0.5981888789664177,-0.06080511346027159,0.07423311951954184,-0.7026960369684365,-0.0768848611437549,0.06994219138783458,-0.7957454200404641,-0.09101224766639837
0.0,0.0,0.0,-0.11761628676658445,-0.10180655810207372,-0.05381541832642883,-0.1630184765474476,-0.2693411469543435,-0.06925251624560082,-0.11033731886171594,-0.4349490683576859,-0.08134110279921052,-0.056314613205491776,-0.5453930240052214,-0.09265193455104416,-0.18464437676258041,-0.4378640700656727,-0.010212181500910737,-0.24374579666766816,-0.6334341565540277,-0.037844363126743635,-0.27099915695143745,-0.7574237840900317,-0.06696088410836318,-0.2848100542961002,-0.8662342290036575,-0.09030509735303272,-0.10159743070451337,-0.4859973963364014,-0.010575193251850032,-0.13330546319283915,-0.7163704698651902,-0.03109617820406773,-0.14835520807861896,-0.8589099555889099,-0.06723944144321486,-0.15986083663293305,-0.9823779417115701,-0.09609632265460105,-0.025250215163832655,-0.4795908620454019,-0.0204240296939,-0.02511082304477645,-0.6909279498497757,-0.04681602460893358,-0.03529506270140522,-0.8211529885202722,-0.08449520748138489,-0.04533766116280336,-0.9265052459864954,-0.11312826307711937,0.05296209302225959,-0.43666042350064366,-0.035962038039877284,0.07345833896689496,-0.5951457225283612,-0.0575332107946791,0.07559769050059026,-0.7004057377336581,-0.07502186421711375,0.07262912414384437,-0.7934185149639582,-0.09048153455792436
0.0,0.0,0.0,-0.11589495872370181,-0.09694836035809073,-0.05223848962585817,-0.1630627972445047,-0.262404938042047,-0.06820068802643622,-0.11114843667349406,-0.4271355653889522,-0.08100763837164884,-0.05311866601434766,-0.5346849423389229,-0.09374158880624936,-0.1842683652300159,-0.4354451041918851,-0.01433081156009246,-0.24201378409159344,-0.6313818210845532,-0.04312794582480553,-0.2687366240757276,-0.7557818573443105,-0.07223069149169829,-0.28247002365949614,-0.864208296571206,-0.09539963767668037,-0.10074418006388122,-0.4845495185905293,-0.01636945769992347,-0.13052822900316205,-0.7152412861357107,-0.03741657083111889,-0.14432603122163107,-0.8589977227803793,-0.07263414299943832,-0.154543906312603,-0.9827839478952328,-0.10065240030701822,-0.023796879430207245,-0.47767885245888453,-0.02744722046224575,-0.022469292824226682,-0.6889786584366832,-0.05463120669599801,-0.029818512910620258,-0.8208372170265981,-0.09189347572488873,-0.03735945574357877,-0.9291158845887217,-0.12006304420198187,0.05376763655414727,-0.4340628930818696,-0.04388916080926422,0.07465836759318785,-0.5926797879551529,-0.06724605671807982,0.0785248220084811,-0.6980006997310344,-0.0846395678530949,0.07742281996427824,-0.7918391899577395,-0.09956751778715667
0.0,0.0,0.0,-0.11648367697565973,-0.09743844253732337,-0.054632009150094626,-0.16316426235993176,-0.2654090537568954,-0.07234017775446114,-0.10943818324549875,-0.4303927778165162,-0.08636606720735163,-0.047922672668370456,-0.530801228836644,-0.10038288283884705,-0.18271908207521267,-0.4369166347369479,-0.01899921526561831,-0.2408838126103205,-0.6329896068108075,-0.048480349688032436,-0.2682719156764798,-0.7575450693417369,-0.07773067740822898,-0.28224988240982707,-0.8653170365519223,-0.10071465501967718,-0.09965420691586707,-0.48354901843999587,-0.01985042731573335,-0.1282718055421415,-0.7138538664736094,-0.04186940104890701,-0.14196879951668467,-0.8594042840189571,-0.07630699356338713,-0.15120672559593787,-0.9830580598567145,-0.10322335878350139,-0.02241894606811938,-0.47581698073353185,-0.029820411307151906,-0.02031752670049787,-0.6896517294205543,-0.05770865376133111,-0.026978783570918333,-0.8230702821517335,-0.09466679033761966,-0.032968724137532573,-0.9318803343193587,-0.12203197297966176,0.05459426349231858,-0.4330891599758975,-0.045299942817768064,0.07702126768694545,-0.5945359596955888,-0.06947009930762635,0.08267045976299606,-0.701376362838132,-0.08705540550077023,0.0837174682081927,-0.7965372089078628,-0.10149952981718441
0.0,0.0,0.0,-0.11536291724572356,-0.09636013983089294,-0.055114941163506986,-0.16088687448309247,-0.263065443513384,-0.07306089280055747,-0.10941208832661631,-0.4289565326642986,-0.08737432997244957,-0.04676975503452156,-0.5275132645850329,-0.10160160070165342,-0.18169990912288617,-0.4400274803933856,-0.01728068983383279,-0.23949405931036138,-0.6348224349701476,-0.045863244942022374,-0.26740947222921957,-0.7581215250525032,-0.07474672960670473,-0.2813608463547408,-0.8643713851809443,-0.09749641819954176,-0.09925422778237404,-0.4851797981818386,-0.017966528609281072,-0.12683288688389244,-0.7149885213962048,-0.03964764595777763,-0.14058425482143405,-0.8612132632619287,-0.07410309277314768,-0.14941057528862667,-0.9835869822087648,-0.1009215869354774,-0.022228485266901035,-0.47661976593193467,-0.02796371002460498,-0.018253355399315763,-0.6904313022451372,-0.05606002092500566,-0.02359532531102945,-0.8251072060497512,-0.09399314246862879,-0.028037218064157675,-0.9339615441416962,-0.12185230881261705,0.05381718124919655,-0.4336837468492709,-0.04346732171803931,0.07857449732231664,-0.5956968348613124,-0.06820623228050898,0.08587184390697636,-0.7036908916018154,-0.08670171615797939,0.08888009630272667,-0.7999400709891598,-0.10160486885265527
0.0,0.0,0.0,-0.11439274146610984,-0.0953792679609939,-0.054669578685355255,-0.1603562961231964,-0.2611083951575517,-0.07383315604075488,-0.10776420401618136,-0.4260206388710446,-0.08939306421607351,-0.04292975996288652,-0.5247396981262255,-0.10523270324185595,-0.17952160031746917,-0.44189122138684345,-0.021667914297446356,-0.2362763169812161,-0.6358521196141527,-0.05155541266999588,-0.263894057211534,-0.7585124982987321,-0.0809487581080639,-0.2779860540439624,-0.8648198154243794,-0.10435232340213046,-0.09767601612490076,-0.48725258440609265,-0.023979225892678438,-0.12421933908715815,-0.7152612817607347,-0.04733613610166311,-0.13692690779504307,-0.8603405326642213,-0.08248975891815094,-0.14513214696247412,-0.9832112347420311,-0.11003141311083323,-0.021487834443922542,-0.4781597929774659,-0.035300859086206865,-0.017130877266508467,-0.6895827964726242,-0.06514148520925278,-0.02017270895512518,-0.8246560181744317,-0.10393768396821285,-0.02300065773995097,-0.9359617924595244,-0.13260102940514618,0.05446451629167755,-0.43431635552838804,-0.05195758304985666,0.07967195202336805,-0.5964054778444632,-0.0786082949302231,0.08824656887882146,-0.7047562492306465,-0.09817451060433782,0.09188274144401573,-0.8020953940670349,-0.11403685167322661
0.0,0.0,0.0,-0.11269778617306851,-0.09124835287669339,-0.05527502673901352,-0.16042004226064113,-0.2590333233350961,-0.07469555464811033,-0.1091314212445331,-0.42543454403138936,-0.09022901671799637,-0.04158491101856411,-0.5224295194163266,-0.10583744544947771,-0.17950637457605811,-0.4435920089464336,-0.024310739084487006,-0.23649867417532244,-0.636187887472558,-0.053834837938790944,-0.26494809390360874,-0.7578413858353912,-0.08250180683208153,-0.279478499280316,-0.8626152567896643,-0.10547171442549404,-0.09851925591795294,-0.48915489857470673,-0.026050066984824403,-0.1235520045311588,-0.7166693665004991,-0.04943568189060468,-0.13635706361942346,-0.8616097601739361,-0.0836761558703431,-0.1444688602221178,-0.9832922039823813,-0.11046198510825947,-0.022984064175568884,-0.4795040843519498,-0.036645709797621856,-0.01762019887405246,-0.6901506789827527,-0.06603601423637745,-0.02041353612171823,-0.8230592153191105,-0.1038391195194086,-0.02289405656101978,-0.9317919788339445,-0.1318107507863269,0.052301290093021244,-0.4349713198117633,-0.052646517242814814,0.07971513030480087,-0.5970591772521979,-0.07893656501580337,0.08954460718040377,-0.7055421805687356,-0.09831389597924453,0.0947230453407793,-0.8031829330788213,-0.11397700476726784
0.0,0.0,0.0,-0.11331860242905381,-0.0936572501421811,-0.052099099502914914,-0.16177586650753287,-0.25990139561288805,-0.07107777747434577,-0.11002740648947858,-0.42326212831424725,-0.08680455350504432,-0.040692385545668425,-0.5184580562148111,-0.10297106189241392,-0.17885685805928456,-0.44450366251195256,-0.02368098598349474,-0.2357361325744923,-0.6345534160448525,-0.053276492974563223,-0.2638239543609911,-0.7553177923117111,-0.08181925669534867,-0.2778837652464885,-0.85957042385892,-0.10477548616037605,-0.09871757495395042,-0.49036753151330104,-0.027389870437323716,-0.12316344469741122,-0.7170535171359405,-0.050837907355723425,-0.1351922293112841,-0.8618028941942452,-0.08496408659565968,-0.14274963718922495,-0.9834088478924752,-0.11177307700767648,-0.024101595547948936,-0.48021638840237124,-0.03959281985239771,-0.018315638133669793,-0.688401001818209,-0.06876918367967702,-0.02056939798193101,-0.820380804899322,-0.10656952191938823,-0.02334298739588877,-0.9286022218188892,-0.134672517470586,0.0508363669650428,-0.43404327971461865,-0.056922517050118596,0.0789861382999697,-0.5948205600786425,-0.08273650525588727,0.08896383370578931,-0.7023042416426186,-0.10193473215804999,0.09349068615677733,-0.7985935060483695,-0.11769102908127424
0.0,0.0,0.0,-0.11217302006449567,-0.09271864151585635,-0.048921974215580984,-0.16154240799287414,-0.2572496645536647,-0.06716526994256762,-0.11113143918424573,-0.41864427663178616,-0.08279229303342169,-0.04376704638608632,-0.5155885719854978,-0.09910945884239612,-0.1789279335404526,-0.4461769764391186,-0.022853513222609863,-0.2364546323164609,-0.6342187566322152,-0.05323328586734622,-0.2652381066237248,-0.7534570431217702,-0.08234985453679705,-0.28063387617264307,-0.8569517375691038,-0.10567188362530855,-0.10016090012926275,-0.49175714118708286,-0.028554116989751938,-0.12539421756334782,-0.7175174932524953,-0.05249223768836428,-0.138447228291981,-0.8614664785297071,-0.08676482542005731,-0.14744422143898278,-0.9824890950246505,-0.11371259305846765,-0.026603334209662273,-0.4806741921339489,-0.04244676970191896,-0.021465576930456292,-0.6848524034775463,-0.07164421130522156,-0.024250047126507884,-0.8164896840750739,-0.10919625076546341,-0.028385574423028876,-0.9247760861784995,-0.1373415469599624,0.04788934757547633,-0.43366442207185485,-0.06126792346323764,0.07653741905804401,-0.5933132945334347,-0.0870124695984987,0.08658272669153222,-0.700373061015421,-0.10589600910107294,0.09072551934320819,-0.7964752401479352,-0.12159646882769073
0.0,0.0,0.0,-0.1107684307874684,-0.08902510983195966,-0.047618591771609195,-0.16466412148734028,-0.2532987287336737,-0.06480900998257133,-0.1167795958234697,-0.41567871916186017,-0.07950990361513298,-0.049986043684684726,-0.5148519294519986,-0.0949294064113129,-0.18182446798548144,-0.44762577043918844,-0.02092701670780737,-0.24048410251375407,-0.6332451566444901,-0.05010088319565812,-0.270427169531297,-0.7507122085744276,-0.07877884536854528,-0.2876393048199952,-0.8531988432645938,-0.10238977671437817,-0.10414142832650189,-0.4939068718336671,-0.027370374138875428,-0.12952109408723794,-0.7182685640447257,-0.050418857018946536,-0.14284824138137492,-0.8603135735559976,-0.0848567585081503,-0.15312211723264052,-0.9817575227934536,-0.11246798636659647,-0.03200478963887228,-0.48258521211065386,-0.04192181650018546,-0.02713556692221345,-0.6857636133022491,-0.07092872600825384,-0.030377635720150477,-0.8173548551965024,-0.10955109286599798,-0.03590210087933482,-0.926873497768726,-0.13900921657099335,0.04178735888080063,-0.434977710407641,-0.06127950197716398,0.07051366492864376,-0.5927737718204892,-0.0875505511747149,0.08087444842162918,-0.6990171516234006,-0.1075060912778778,0.08538671744671014,-0.7951735292247128,-0.12445029295424652
0.0,0.0,0.0,-0.11468371384705447,-0.08898793391460916,-0.04480501145115598,-0.17207049362262705,-0.2592335439012028,-0.058874082347126044,-0.1224403991536249,-0.42301084178727155,-0.07121160792142743,-0.053303208485397005,-0.5195151422331725,-0.08480368419685141,-0.1806810509016481,-0.4491205953122608,-0.01517342932802277,-0.2392289331774466,-0.6326072502190051,-0.042169058880880364,-0.2697890732102767,-0.7478054979482316,-0.06988219375589749,-0.2880928880982009,-0.8494414397037002,-0.09333449888314224,-0.10466307126829577,-0.49532409063808336,-0.0226795141171552,-0.1319035673338006,-0.7186427441902685,-0.0440148355934025,-0.14682386785661813,-0.8596927087109448,-0.0778247035408606,-0.15815861483898835,-0.9817285896633932,-0.1053082726897025,-0.033775808549757265,-0.4843140723458242,-0.03840004178987613,-0.029507316646873883,-0.6876979911785104,-0.06667097554256493,-0.03320192782667224,-0.8199174104437017,-0.10604017467744403,-0.03907132725856702,-0.9303063813024941,-0.13626158253806075,0.038574341921398976,-0.4376940027930517,-0.058830565317413826,0.06747509832811019,-0.59553667300182,-0.08468522132224524,0.0778890059702809,-0.7020558079598149,-0.10525296132584025,0.08279210477622517,-0.7991763975241106,-0.12316592220700978
0.0,0.0,0.0,-0.11869887831445558,-0.09125169631961985,-0.04380297994746235,-0.1763558622441137,-0.26635893057283583,-0.055601046053673955,-0.12343228372178133,-0.43071971649949403,-0.06628522280845142,-0.05385187762819643,-0.5221234307119378,-0.07818639440235103,-0.1807392320777511,-0.45320208998506983,-0.00802705435314074,-0.2406469516273228,-0.6355329937080452,-0.033174822838677086,-0.2719729709543755,-0.749410524721689,-0.060360820251134685,-0.2898284643786154,-0.8505277322586895,-0.08365032414624027,-0.10490786494601032,-0.49937190474976106,-0.015226610253428328,-0.1341964125581699,-0.7216465572424087,-0.03514552240455116,-0.15029262499209078,-0.861721598826112,-0.06873943366770686,-0.16140891901842427,-0.9821394449175207,-0.09590413012658863,-0.03423704516456928,-0.4887465043639584,-0.031070305003242205,-0.03234647597828724,-0.6927410624807606,-0.05855251938282037,-0.03704258773374818,-0.8236249101261872,-0.09787566058714867,-0.042698031221219006,-0.9326673486185977,-0.12790192532257064,0.03772976767640973,-0.44272299203068355,-0.0517490003828804,0.06561729407101097,-0.6007249599755966,-0.07668561306652684,0.07573942586188216,-0.7065546327549981,-0.09705524176586644,0.08098927290577437,-0.8031826098147029,-0.11491523776343568
0.0,0.0,0.0,-0.11848160441510847,-0.09014542907459461,-0.04545420305299533,-0.17537398237307505,-0.2634964944360502,-0.05798314139740039,-0.12458124347095742,-0.4289746715171375,-0.06888578669570616,-0.059109498785897344,-0.5271612286021895,-0.08074395856703276,-0.1831504510319253,-0.45233916459323587,-0.008978771736301171,-0.2429777865513932,-0.6320808610123994,-0.0344939964173209,-0.2745013627304954,-0.7451113814466913,-0.06215732046999134,-0.2934586567794779,-0.8458279742801048,-0.08587688610500373,-0.1080672132554097,-0.4988636885622447,-0.015552743010847137,-0.13728546896284644,-0.7198496564206791,-0.03608203434403558,-0.15398248345433355,-0.8591123654158611,-0.07065964489641988,-0.16674760827392754,-0.9809764754340775,-0.0988239624117779,-0.03852674139189132,-0.4879546149796765,-0.030866197408151826,-0.03659696080770161,-0.6905770928819268,-0.05982018532700327,-0.04225359363189582,-0.8225147091631599,-0.10085761009055799,-0.04901822952619812,-0.933446220344534,-0.13220094601258842,0.03268794572393173,-0.4417238021359887,-0.05099493599121429,0.06151798725079211,-0.5987951488114487,-0.07780108516382576,0.07212737407377595,-0.7053869478926746,-0.09989619592399406,0.07773565119931289,-0.8033885195201516,-0.11906375871885648
0.0,0.0,0.0,-0.1201875212474266,-0.0903774578333792,-0.046219528057610024,-0.1777556621484047,-0.26190303872417603,-0.058488189641423355,-0.12754546275040463,-0.4289294836492715,-0.06904724021100982,-0.06249804411717287,-0.5293894668418173,-0.08027584853432729,-0.1879615612352833,-0.45144337868268625,-0.005637485982332247,-0.2471532461447707,-0.6317389611223221,-0.03039106255564912,-0.27840329023932575,-0.7442430728534594,-0.058160214883710704,-0.29713949202556356,-0.844963934006786,-0.081972990081154,-0.11305810724383067,-0.49852872705120743,-0.01101199486258406,-0.14361141807428257,-0.7191731802102878,-0.030539836657053794,-0.16044788906558244,-0.8578828835917776,-0.06495349528814869,-0.17351599715699467,-0.9803464962948387,-0.09315294073657127,-0.04353503184587561,-0.4885492909771796,-0.025462230360613933,-0.042739287393114556,-0.68974002041599,-0.05393594033263442,-0.048454088829832404,-0.8209614142936748,-0.09502945676166735,-0.054572870718504495,-0.9312123796056535,-0.12636437901306125,0.028321031875742836,-0.4439653082548456,-0.04485651993737905,0.05692923788712298,-0.6007608823744136,-0.0713595986693123,0.06829160762462305,-0.7072693863860855,-0.09349584501950564,0.07521920601144969,-0.805567118148641,-0.11263803524491182
0.0,0.0,0.0,-0.12006146061367567,-0.08773718397850928,-0.04678122437988787,-0.18029436542123822,-0.2638010883180225,-0.05896628867283296,-0.1317635257770406,-0.43214753554552837,-0.06926299421371697,-0.06512756438863232,-0.5321574747012083,-0.0801221642521693,-0.1920558137649544,-0.44859222071233124,-0.0074336643608840635,-0.2508739254038459,-0.6300324135650499,-0.03195895662069698,-0.28201194328290313,-0.742506627385864,-0.05876328238820748,-0.30036645211664603,-0.8428313623890613,-0.08191701100953844,-0.11712246618631625,-0.4956058939295741,-0.012341280394354493,-0.14861697655323314,-0.7173459876005605,-0.03175980763814677,-0.1661759102666585,-0.8559718518094255,-0.06523305160880541,-0.17984752714535357,-0.9792561418397989,-0.0927529012469171,-0.04706065947608823,-0.48654608753488465,-0.02631371648197004,-0.04798908321114115,-0.6889640288432166,-0.05516130521009327,-0.05413270308135277,-0.8205308171539623,-0.09653121819029048,-0.060469852684749595,-0.9320760057232362,-0.12806917645474586,0.024763059947832497,-0.4437027404247922,-0.04521881557288099,0.05310521287524528,-0.6006301392813138,-0.07267383222794768,0.06550502972422334,-0.7077565336531403,-0.09572108640854136,0.07357870581274037,-0.8074816796062338,-0.11555570880894891
0.0,0.0,0.0,-0.11993898892572956,-0.08428536824493449,-0.04565588155073202,-0.18519261793804365,-0.2643258453547468,-0.05680563921385233,-0.1389993720629748,-0.4345982054635783,-0.0661885945299074,-0.07018090677882782,-0.5334299447906228,-0.0761448094349477,-0.1969037664903363,-0.4488301530657497,-0.00743634546245968,-0.25528374824946654,-0.6297696704152891,-0.03051982984386231,-0.28671560261180784,-0.7418335007036111,-0.055950101394603116,-0.3057286923604912,-0.8414776183041575,-0.07857815028307473,-0.12225784309157868,-0.4965113067213171,-0.012941007505248455,-0.1552261347685447,-0.718027413053042,-0.031192609726849653,-0.17345683066358716,-0.8563635026952439,-0.06295023558625597,-0.18758573079027135,-0.9781078354762324,-0.08938412177848658,-0.05160855868356805,-0.4878291945291736,-0.027399983814039318,-0.055026044886111555,-0.691845163358043,-0.055797836899385236,-0.06155001348975911,-0.8233993940935478,-0.09659611489829131,-0.06816506741011338,-0.9350118113630945,-0.12801440097339842,0.020827478682444334,-0.4459087429569607,-0.046684954949754796,0.048867374727979446,-0.6017666152152827,-0.07518212703018023,0.06220620254209638,-0.7089768711019373,-0.0989613124431371,0.07142617949108518,-0.809224334214931,-0.11930780017764656
0.0,0.0,0.0,-0.12051124755065559,-0.08461107941625501,-0.04559010393401318,-0.19105435620586908,-0.2675335404763066,-0.056019002244583074,-0.1503348729216895,-0.4424321518542821,-0.0648544079608965,-0.07927701633026779,-0.5391112296263285,-0.07397270931167982,-0.20348382170060358,-0.44989384542476873,-0.005699059947483631,-0.2642294497272435,-0.6298527286711297,-0.027897642443639327,-0.2968162129344698,-0.7406256718121017,-0.052187613415522756,-0.31658454388434226,-0.8387251866435221,-0.07395694976172132,-0.12930780316021837,-0.4988249972625437,-0.010943050536644912,-0.16315142154689122,-0.7200778641732314,-0.02831876696644408,-0.18186244894527842,-0.8575381833402391,-0.05804734221547894,-0.1959816499172457,-0.9770334605476338,-0.08255256956659587,-0.05703138025864278,-0.49154038693373536,-0.025360614465317746,-0.0628970496712492,-0.695539847860723,-0.053291782791906744,-0.06991454535819044,-0.8273488338019248,-0.09275803474047215,-0.07612734777275726,-0.9391160085799259,-0.12293737384115172,0.016859755224846035,-0.450832502627731,-0.044723148404908014,0.04485760430135004,-0.605862814883278,-0.07332509757634267,0.058946116029182566,-0.7135268448559883,-0.09687605583362575,0.07009153067249074,-0.8140321544884349,-0.11662339786057835
0.0,0.0,0.0,-0.12121494848990352,-0.08493550185503967,-0.04494631865014103,-0.19528579124891554,-0.26547516863448717,-0.055657180182792865,-0.15914785006018628,-0.4394335516880079,-0.06522117267567074,-0.08635987344961363,-0.5350811204461472,-0.07506378068126326,-0.2077744017256168,-0.4462406688663695,-0.0053071272778606165,-0.2704708815545086,-0.6235006644163446,-0.02816881079744809,-0.3051694496212214,-0.7333555423336867,-0.05270894942844286,-0.3264346835715035,-0.8305486086473,-0.074592482307231,-0.13442676014912858,-0.4970154993415649,-0.011509124071250189,-0.1707396535502313,-0.7181483609349459,-0.029677240409696742,-0.19164509708351485,-0.8560496994039446,-0.059397002285467,-0.20718481209842218,-0.9746067442262091,-0.0836221406404721,-0.061295375165501355,-0.4909745676910021,-0.026911977652450417,-0.06868006886269098,-0.6968732421336805,-0.055980485490407184,-0.07620472338029072,-0.8286440492863583,-0.09557128919248561,-0.08249544753988866,-0.939914676879382,-0.12545873918375736,0.013558211110277732,-0.4503868716965015,-0.04718639769495214,0.04303699786938828,-0.60534404541625,-0.0769946510843241,0.05793195041090993,-0.713321712351862,-0.1008902536358144,0.0699749011084374,-0.8136854020433522,-0.12052860168065962
0.0,0.0,0.0,-0.12099176943255477,-0.08460177859046747,-0.046397097382257314,-0.19655179421780913,-0.25910184399800207,-0.059367259435991374,-0.16067913656090874,-0.43186316071713493,-0.0712271821582258,-0.08725375975951274,-0.5298074258780963,-0.08350595200430491,-0.2107099868048315,-0.43962303540410946,-0.009634009025550998,-0.2751622002640294,-0.6162991535268085,-0.0349018465548689,-0.31130895745090664,-0.7264077655323864,-0.060514860970972695,-0.3337568554276581,-0.823392585715128,-0.0828520157774369,-0.13766531088070896,-0.4922961756142845,-0.016041751160099274,-0.17636370047669497,-0.7158637207140417,-0.03636943419070299,-0.1986651659711472,-0.8543871895286833,-0.06635805774140013,-0.21510651453206137,-0.9722691834039248,-0.09052211104317223,-0.06361596171516468,-0.48768461877511093,-0.031704703619635274,-0.07196360890641103,-0.6967612765255374,-0.06334283045573652,-0.08052323980488113,-0.8279493798717006,-0.10324755630423568,-0.08757975944922958,-0.938281462944915,-0.13295124665886043,0.012617545517343506,-0.4470718811253398,-0.05226163958542829,0.04481196899919768,-0.6024458172728049,-0.08512582997071713,0.06090553119417933,-0.7109382746784113,-0.11023286017402109,0.07378904570488606,-0.8113351111786299,-0.13022804449410197
0.0,0.0,0.0,-0.11881542989966365,-0.08028258770130188,-0.05658044484743159,-0.19539303473719474,-0.24993095709970609,-0.07577401303013195,-0.16450882224895977,-0.42395132755100945,-0.0920486896410472,-0.09381008482522973,-0.5323648596182755,-0.10769180138331723,-0.21807901298161925,-0.43044658863328933,-0.020229644421644363,-0.285751596177538,-0.6057652840910259,-0.04849461871585678,-0.32454454476445405,-0.7169739073616093,-0.07454728448591552,-0.3489559199354705,-0.8125496304550857,-0.09633290239585238,-0.14477907829983616,-0.4852199172344116,-0.022683315057222965,-0.18604650929843214,-0.7076956030091706,-0.04727334754145536,-0.21147128727604714,-0.8483714288393409,-0.07846555427370072,-0.23099041567097084,-0.9672312415219788,-0.10278740997648113,-0.06848792966989792,-0.4858010934757333,-0.03523308375846884,-0.07837463264520916,-0.6947600799053015,-0.07158593195383214,-0.09156491500454841,-0.8281268333603979,-0.1138220044767567,-0.10327700398835461,-0.9398999580479683,-0.1443669840778818,0.009714720325887341,-0.4513430730622127,-0.05323781576583445,0.04370133385334869,-0.6067967296990637,-0.08993392878969136,0.060576096079785126,-0.7180149338552617,-0.1175365574668587,0.07340044097040668,-0.8182581907289239,-0.13869460693667313
0.0,0.0,0.0,-0.1171927281202481,-0.07526649901323197,-0.05450643125194188,-0.1928085894251585,-0.24135376261827232,-0.07409557041763454,-0.16413562216640482,-0.4153407115526715,-0.09117019806658591,-0.0996572605639442,-0.5279295147900702,-0.10806133784290342,-0.21871796386092246,-0.43137673571997304,-0.022156796172340575,-0.28727854833457395,-0.6034045562074934,-0.052304128807517794,-0.3272003150655547,-0.7127313503944332,-0.07924265519450269,-0.35331232295329146,-0.806051467300524,-0.10127756742724536,-0.14712808933315685,-0.4860920653566374,-0.02700431376748006,-0.19068293776321626,-0.7057798457017973,-0.05354374002113191,-0.21695485084283747,-0.8462787310302227,-0.08562335324323554,-0.23745801433820835,-0.964944820799718,-0.1101072044586083,-0.07105205716833654,-0.48544950533816844,-0.04164711468867034,-0.08242530507907156,-0.6925118278839012,-0.08045973140123144,-0.09530282207119148,-0.8264247479381593,-0.12413470318325126,-0.1073288547144382,-0.9399516361441125,-0.15520164370077436,0.007952837457424594,-0.4485351351846856,-0.06132188441387361,0.04191979768088174,-0.6049779507902802,-0.10130363010877952,0.05968922684587426,-0.7168050137136588,-0.13041077446060792,0.0725689786359296,-0.8180345060433922,-0.1519843523490938
0.0,0.0,0.0,-0.11983496751781407,-0.07341533414897984,-0.06082924313026232,-0.19585646380785926,-0.23739243112925357,-0.0845213029516705,-0.17190680690476406,-0.41036369347664353,-0.10501387712668833,-0.1102159898899186,-0.5299885360349947,-0.12409551509524383,-0.22071839336899157,-0.41441503972343574,-0.021462815093283658,-0.28081264815243584,-0.5752976745529654,-0.056120477099799254,-0.30564114747373894,-0.6638950042714324,-0.08796429722958304,-0.3205485660086288,-0.7385745250617068,-0.11163625399977017,-0.15158369571747066,-0.47692967047607693,-0.023433996000700435,-0.1974066716001962,-0.6997115779458425,-0.051242399293689886,-0.2255216795372521,-0.8421607680301426,-0.08606842586851249,-0.24865140716462175,-0.9618297390087501,-0.11281796397902197,-0.07581881322032015,-0.48379507256386545,-0.03680899467455011,-0.08954816102488763,-0.6954247029073404,-0.07734467010799415,-0.10434131511222478,-0.830969289297774,-0.12375397459118043,-0.1182381487544521,-0.9437108686513767,-0.15667940935999594,0.005428168047026995,-0.4553572428660274,-0.055656108627058415,0.03808572370251112,-0.6154673302420548,-0.0944934555961238,0.05580328070694866,-0.7281559285485669,-0.1235285007026658,0.06768282646492985,-0.8278296589067261,-0.1457117892787398
0.0,0.0,0.0,-0.11965692486163179,-0.07065067760013632,-0.05819762122100436,-0.19683458640412343,-0.23245229906970144,-0.08075128970875685,-0.17509841197676457,-0.4068751519792509,-0.10068350022022482,-0.11846739209512608,-0.5293596712198475,-0.11969622235717986,-0.22378641373014346,-0.4115944335394739,-0.02227688663001401,-0.2928876923101891,-0.576150436395948,-0.05679751696429536,-0.3269430524967586,-0.6753723182422253,-0.08734806480746718,-0.34813397825404035,-0.760247412276578,-0.11049103121525712,-0.15563420730108474,-0.4739026279589843,-0.026143292414478034,-0.2029555890112894,-0.6957676227029757,-0.055290223614663334,-0.23155475451008467,-0.839096795222931,-0.09041885091264008,-0.25451466393183353,-0.9598975121602398,-0.11662910020190419,-0.08065794250010108,-0.48092138177238475,-0.040781936732313465,-0.0960055243295955,-0.6890802132504223,-0.08181343217511997,-0.11044241782913117,-0.8242468600151198,-0.12765396118686598,-0.12343205368314485,-0.9374353930422975,-0.15964151767374424,-0.0001152307940468964,-0.45248137091249807,-0.060724304842982656,0.030680779909786987,-0.6118432235011625,-0.10074807439828469,0.04812151800680334,-0.7241564249250316,-0.12988386729864426,0.06055421163820754,-0.823636922632186,-0.15132786234817405
0.0,0.0,0.0,-0.12122243608523853,-0.0729004776047682,-0.0666359700701886,-0.19740499362019276,-0.23245035225325347,-0.09206239772333756,-0.17604638542042955,-0.40922482346793765,-0.11311847396732178,-0.12351039126438008,-0.5373018644326051,-0.13192704017888246,-0.22997223569407155,-0.4151391078362061,-0.022741305382083035,-0.3024730422079835,-0.5846118705737101,-0.05540141985298333,-0.34020808226391547,-0.6902463128037033,-0.08434592505096314,-0.36325495569377997,-0.7790129465468181,-0.10631309795760896,-0.16083606595755334,-0.4769747330429421,-0.021177233263319002,-0.20890377446577396,-0.6989365656246455,-0.048685256238609254,-0.23701477119936984,-0.8402274430226848,-0.08249815485896439,-0.2599953016437505,-0.9595080339103665,-0.10734036424756963,-0.08473784708496047,-0.484295482207822,-0.03133736650795993,-0.09922426508652113,-0.692373454420167,-0.07122944438986448,-0.11377327979094887,-0.8254846107928888,-0.11529890943111379,-0.12740223111083362,-0.93647212587181,-0.1456953085082418,-0.00354187693938741,-0.4564793655349583,-0.04765388517590692,0.027338683977727006,-0.615359241746422,-0.08705064829841164,0.04395024876968036,-0.7265919650001735,-0.11540596777250545,0.055662279787476884,-0.8251256529541514,-0.13565082656052926
0.0,0.0,0.0,-0.12191853516245418,-0.07505463719323767,-0.07194312513382349,-0.1979650862747961,-0.23301435625212133,-0.09916545285885303,-0.17872307213417188,-0.4111254394757121,-0.12109386672991879,-0.1257056842913868,-0.5430263068858694,-0.13981788661126812,-0.23399958782781974,-0.40812373200265606,-0.0186976475386463,-0.3049146057613976,-0.574394589790168,-0.05202933966608109,-0.34045872398586785,-0.6776926295540601,-0.08156782993135135,-0.36114086347324303,-0.7612017916019344,-0.10286426646168205,-0.1653556185245909,-0.47462699616598775,-0.013040823352276371,-0.21315796278946955,-0.6987603186948246,-0.03986545646275059,-0.2404403765798597,-0.8388868430712578,-0.07323450064372877,-0.26363121609137563,-0.9596057340531887,-0.09707985652313861,-0.0885162846617551,-0.485899491124018,-0.02016770620683524,-0.1020982886861847,-0.6952357742320037,-0.0598996686425662,-0.11544461255691979,-0.8272913284704333,-0.10258502805724296,-0.1283933152950237,-0.9377727482814647,-0.13121142234540134,-0.006207991905744286,-0.4607915954733929,-0.033943870574468404,0.023662340876138038,-0.6179573727974916,-0.07142423206601228,0.040400858168381154,-0.7266407960616015,-0.09731284735336095,0.05226740415074843,-0.8229448670352595,-0.11529763968832278
0.0,0.0,0.0,-0.12390111801768924,-0.07456768516780837,-0.07089357159121965,-0.20149244194288624,-0.23461773828304316,-0.09806403439407468,-0.1833546956351968,-0.4156617424781967,-0.12051602864689753,-0.12791654079027653,-0.5493704467238106,-0.13970025920972487,-0.230534940145025,-0.4017181537046027,-0.014631891181313651,-0.297733586275421,-0.5625304223212018,-0.050512415977020615,-0.3276163816396505,-0.654452179323543,-0.08272713339939433,-0.3447672236958314,-0.7267582898903617,-0.10465924944274023,-0.1636865441630801,-0.4716287897315674,-0.009078786730439836,-0.2110394316615702,-0.6975859418742123,-0.03618192395110777,-0.23842281927632225,-0.8381491601361654,-0.07005315224565549,-0.26256471782957597,-0.9602352054980166,-0.09425030390651024,-0.08783999131806716,-0.4858522359472486,-0.016967927170746806,-0.10128559535492052,-0.6943921651382907,-0.0567829650813146,-0.11592635309807922,-0.8283947480124219,-0.09980324164697715,-0.12895292222933025,-0.9399691636576355,-0.12856068595443665,-0.005116803046325434,-0.46477836109616766,-0.03152908926044992,0.024442155071240944,-0.6235786630701836,-0.06732181368231849,0.041156574932519806,-0.7340737828808823,-0.09225251332107126,0.05314027028977051,-0.8318245241843807,-0.10996564667328385
0.0,0.0,0.0,-0.123100967766569,-0.0788952992673714,-0.059670711592927556,-0.19996317456726154,-0.24219154865490708,-0.08275536515056754,-0.1775907843315089,-0.4210733859690001,-0.1032875231528065,-0.11907875852001595,-0.5507793802855687,-0.12214084011535031,-0.22518166630786504,-0.401922405794473,-0.010968883664425194,-0.2925214710006979,-0.5607693320601966,-0.04362682266284458,-0.32548253266028204,-0.6533852501513864,-0.07285795539094805,-0.3456920531687398,-0.7269053236260559,-0.09385743436244404,-0.157564489614539,-0.4706465538595526,-0.011775859958480687,-0.2031386617393086,-0.6983441263149078,-0.03938549401133806,-0.23089857722209048,-0.8397343129734589,-0.07337738843323875,-0.25567402498238523,-0.9617413476674437,-0.0977737624343843,-0.08105774304294164,-0.48502465745399126,-0.024386587312280186,-0.09537258099679055,-0.696102815013468,-0.06544279196811874,-0.10959010798997021,-0.8310183320234369,-0.1090606448912861,-0.1226203437978062,-0.9446378241500941,-0.13826848619086674,0.0014684803864702255,-0.4636625111974435,-0.04238196769105166,0.030391245873035672,-0.6250914274775321,-0.07987858837161796,0.04744322200278482,-0.7375346738556045,-0.10541088650351363,0.05919762484792726,-0.8376624487536868,-0.12382004034498664
0.0,0.0,0.0,-0.11857868536287736,-0.07573998712526098,-0.05392836963329886,-0.19397831523613257,-0.24966660023716647,-0.0716439768157307,-0.16797885339741955,-0.4343149184944005,-0.08707360302840009,-0.10501548815588485,-0.5606611893641995,-0.10164591319636185,-0.22226380537953966,-0.40967697568448863,-0.012522447837420493,-0.2967081634765799,-0.574993395757921,-0.04001579621099613,-0.3376826689802176,-0.6793044096028873,-0.06379128496129804,-0.3615437525575,-0.7649126855524242,-0.08215866312530744,-0.15136494603991066,-0.47622598614905365,-0.014955435133057736,-0.19486017386724921,-0.7015473564872492,-0.039536836720344457,-0.22168712750690778,-0.8470334414344374,-0.06972317074287561,-0.24278842159045855,-0.9656277015851844,-0.09127553054293572,-0.07276237052233142,-0.48851713815510345,-0.02788208763663405,-0.0859661947529354,-0.7012541508796286,-0.06630571061919602,-0.10240711980576075,-0.8396822358829397,-0.10822795941132349,-0.11684173219677799,-0.9531316685812724,-0.13640716224014182,0.008278452935751806,-0.46521079046159397,-0.04553871803574293,0.03966761720696335,-0.6291326488263747,-0.08339275107152164,0.056145307778613276,-0.7455173275995228,-0.10980547283915801,0.06756498006344155,-0.8478458593896544,-0.1284410558444814
0.0,0.0,0.0,-0.12047477132785397,-0.07588224149696617,-0.05082859020837272,-0.19367208714923412,-0.25405164407732017,-0.0659052317236899,-0.15965917959276738,-0.43838059234846377,-0.07872083025258159,-0.09723290751302285,-0.5624950859632909,-0.09137100360333925,-0.2198970372717894,-0.4149532209886959,-0.015156448837280003,-0.29856726554637536,-0.5870891327209045,-0.04160599113479134,-0.3409944414030362,-0.6972909796881941,-0.06474042993205165,-0.3655487318109529,-0.7907738059084597,-0.08320269385113924,-0.1459346176245906,-0.479795245038611,-0.018505623334109628,-0.18809533462326133,-0.7052701925251961,-0.041981889587224666,-0.21341799021700555,-0.850919064754592,-0.07247793523443846,-0.2318033991728743,-0.968013706402929,-0.09453471034473397,-0.06717881970542658,-0.48917969739939376,-0.03141932611820375,-0.07958428169522189,-0.7028787671399923,-0.06826652694481844,-0.0939767679355111,-0.8407749428353639,-0.110602566741302,-0.10663679773638114,-0.9535113761995961,-0.13933620061050594,0.01248203037843965,-0.4629761521073714,-0.04866145139728209,0.045768631218372706,-0.6293835942540436,-0.0860725202878865,0.06335480614811773,-0.74551914011729,-0.11269224685094502,0.07515732246305065,-0.8469733282860417,-0.13136698720698353
0.0,0.0,0.0,-0.12028911071914111,-0.07964364550155578,-0.0443131268376522,-0.191566259140296,-0.26217229358241034,-0.055963015374203534,-0.15579892855495217,-0.4448877166532852,-0.06706447271694338,-0.09598620402264803,-0.5662489048174226,-0.0789591181256982,-0.21551042148100436,-0.4203611639469184,-0.010395728922367772,-0.29493939692295656,-0.5938310465363057,-0.03629129599281428,-0.33863653145930883,-0.7048498001218269,-0.059289918555734095,-0.3644888996274785,-0.801053218956628,-0.07833974686462498,-0.1421441786756787,-0.4829314511804652,-0.017748317893719178,-0.18347255613163993,-0.707108920891321,-0.04138111518059247,-0.20764904791557642,-0.8520716798604313,-0.0729863489345514,-0.22409176380920234,-0.9696891629171436,-0.09633469698662449,-0.06471244593287645,-0.48946545365112526,-0.034133313253492184,-0.07534101100437555,-0.7023838247510075,-0.07115350352158373,-0.08728814800383393,-0.839094093142166,-0.11457946092201586,-0.09773269268422367,-0.9524032916616993,-0.1445935797460498,0.013902488180098132,-0.4604971346180282,-0.05434352408439928,0.047789691003879996,-0.6280660395208875,-0.09235625729050928,0.06551551813582945,-0.7441592654923515,-0.12000324274819105,0.07734858036834003,-0.8468375100958758,-0.14003547053300036
0.0,0.0,0.0,-0.11915233123501204,-0.08208911789532226,-0.0402485074288942,-0.18900278576224705,-0.26513014952398495,-0.05004881965863721,-0.15360444223268377,-0.44685739421945814,-0.060297167423874545,-0.09640413213665786,-0.5691910065009685,-0.0716994869493813,-0.21180962394439637,-0.42426732003765466,-0.0068195638086499194,-0.2903213117705199,-0.5965187440137946,-0.032076215120687604,-0.3345889878276869,-0.7063319123751842,-0.05491533781080413,-0.36169492094580313,-0.8026978882556599,-0.0741929600855829,-0.13902869637333143,-0.4859588926842554,-0.016518865758898067,-0.17941532885372746,-0.7092538058636637,-0.039729934965723815,-0.20311163384311692,-0.8535330391657375,-0.07146259186222556,-0.2193207384214179,-0.9709238481430414,-0.09527415966520816,-0.06241198832444225,-0.49147190667655233,-0.03497030919003739,-0.0719845490189534,-0.7020737682952556,-0.07138793092541346,-0.08252433500598363,-0.8373756885462937,-0.1145519677287884,-0.09218917154453404,-0.9499296758318032,-0.14475454530445886,0.015602454575327393,-0.46184499483947794,-0.0569975783737786,0.04938754866346436,-0.6294534575592112,-0.09431786584061383,0.06718317582286161,-0.7450763250859823,-0.12166891112266263,0.07886757856057722,-0.8473964192480172,-0.1419169189444217
0.0,0.0,0.0,-0.12022720388289937,-0.08052994231260173,-0.04658425738945546,-0.19005056036157672,-0.26192879273124714,-0.05895519149947337,-0.15246334631720862,-0.44610239768494464,-0.0697427065425103,-0.09433433409046779,-0.5708408697254062,-0.08112673117507949,-0.2130294566649575,-0.42036752845631153,-0.01573574604670651,-0.2945862938683617,-0.5961192116941441,-0.04217587233461735,-0.33942135713568766,-0.7115937208300658,-0.06594520310727947,-0.3659725790174393,-0.8125727679433197,-0.08605987521435868,-0.13730617930780661,-0.48442005419639167,-0.021534725179327308,-0.17585435332052618,-0.7086332903970782,-0.0455435600129805,-0.19720280348222738,-0.8540618989862401,-0.07781320056535859,-0.21191372243277612,-0.9718458690981853,-0.10217981330959144,-0.05980980698607467,-0.49142535638867196,-0.03615923587981906,-0.06886137767292991,-0.7051008195074164,-0.0728641197620532,-0.07844263222969548,-0.8426845446306312,-0.11622487456079567,-0.0870967407708469,-0.9557953082816733,-0.14660844071883405,0.018382388769534845,-0.4631961246831058,-0.05472929800814828,0.05282511030303831,-0.6324885143835763,-0.09264523103377088,0.07161647235161987,-0.7491210127279326,-0.12059684786097127,0.08410847896417525,-0.851383549027567,-0.1410206291417726
0.0,0.0,0.0,-0.12279889844704707,-0.07649801494194747,-0.048184468150315976,-0.192284665836945,-0.2599507652157987,-0.06007954368079252,-0.1519059969512735,-0.4466176719192305,-0.06970498446833254,-0.09400642538511303,-0.5699806993603096,-0.08008700735603566,-0.21195022779481465,-0.4195909913981041,-0.01707714997144293,-0.2939547694034531,-0.5932153013143606,-0.04303532361376121,-0.33845049222817714,-0.7088695310261026,-0.06676328039827586,-0.36426545498036944,-0.8109279531672504,-0.08694542383427283,-0.13436681609329784,-0.4849581406773501,-0.021703809081822935,-0.171362645949928,-0.7095512847247745,-0.04471875557992176,-0.19192190341379578,-0.8552615100448958,-0.07653984722887319,-0.20568688591066742,-0.9733473864426344,-0.10080233840741523,-0.05649482664241601,-0.4918549449803571,-0.03531873261481128,-0.06152256787706778,-0.7047944617400782,-0.07160458269600395,-0.06928443215192809,-0.844205842836314,-0.1153244177490589,-0.07673297469705145,-0.9589551981413567,-0.1459766509601126,0.02098867551821246,-0.46273525079998556,-0.052957262458610405,0.05728308209701671,-0.6330945477841557,-0.09051758629504622,0.07724499853429914,-0.7500424242117971,-0.11837341067680197,0.08973381863286398,-0.8531155831539756,-0.13878122044889016
0.0,0.0,0.0,-0.12296363627034598,-0.0728219111062348,-0.047674432950305004,-0.19152498576332264,-0.2554727565482016,-0.05909598088512455,-0.15048625377472752,-0.44189635967388885,-0.06808505601170972,-0.09352316287940032,-0.5638700692662726,-0.07805844669914591,-0.2127992996814329,-0.41787098424056923,-0.017617136637638153,-0.29431907882822833,-0.5869049398706279,-0.04285285741721272,-0.3379100826640218,-0.7010091764064905,-0.06635666854155052,-0.36249338771158696,-0.802071440477657,-0.08646314885992328,-0.13375248181726065,-0.4850263055948513,-0.02237196086476004,-0.16865887772419685,-0.7103900287631066,-0.043966587476183566,-0.18749747364405422,-0.8561487173085114,-0.07528433545747729,-0.19926646743594995,-0.9748272605059491,-0.09947962779094079,-0.05498907567496556,-0.4924861042086026,-0.03595370620038603,-0.05620242367816901,-0.7049856587778649,-0.07116239266718005,-0.061839762048936514,-0.8450026678211902,-0.11541540086723112,-0.0675915850090629,-0.961611613390045,-0.14676402072936162,0.022575563371847164,-0.46256306431934924,-0.05338516618756087,0.060586532672938335,-0.6317360564774963,-0.09021047134527764,0.08167237607662006,-0.7474341511010008,-0.11790754670305294,0.09470115199718096,-0.850665381808104,-0.13839625630257746
0.0,0.0,0.0,-0.12222471510854743,-0.07148204519028738,-0.04758971902724267,-0.19151159365681308,-0.2503812859853324,-0.05965482456270853,-0.15353756843258343,-0.43650472630749604,-0.06907951011433888,-0.09865495206824326,-0.5588459420884959,-0.07937862699690146,-0.21389571033805876,-0.41640835724848085,-0.017838894328862372,-0.2947649120827668,-0.5838744854267311,-0.04250900707688926,-0.33801220327487974,-0.6971514363940459,-0.06597613151124739,-0.36276829175423486,-0.7982063712643735,-0.0863494757986851,-0.13433785182151053,-0.48348288703589415,-0.022805770550646132,-0.16876320374377346,-0.7078249388957354,-0.044161157755873676,-0.1871786493439993,-0.8541749838603465,-0.07608402111662524,-0.199136549114933,-0.9747056258858342,-0.10117522209992316,-0.05563038107762944,-0.4905211510273052,-0.03647957633447042,-0.05535407562448035,-0.7006775568656805,-0.07173250536836731,-0.05863788313328239,-0.8419749204377776,-0.11678942490075658,-0.06250651833410784,-0.9604398880916267,-0.1488924560726041,0.021532944706597654,-0.4603619347375882,-0.05385280907528421,0.05915430855464308,-0.6297437236103423,-0.09082569274907905,0.08194639008620368,-0.7456865632520255,-0.11875700632242946,0.09652191932073614,-0.8493995368504557,-0.1395446257812656
0.0,0.0,0.0,-0.11936011988444413,-0.07304342103130614,-0.047280422874150005,-0.18904058615971675,-0.24977588605984308,-0.05994970853607148,-0.15356128534823782,-0.4340672893508519,-0.07015626958928813,-0.10015942366907729,-0.5563544522112154,-0.08110404190770881,-0.2154385314554201,-0.4166841585715242,-0.018335982533890932,-0.29612670153885046,-0.5832041746108618,-0.04274942945515767,-0.3393450959226343,-0.6946777676668461,-0.06567636180017267,-0.36397214498578623,-0.7948877631081265,-0.0856975422630398,-0.13632552503545914,-0.48252209218360914,-0.02374380579342609,-0.17103918026833453,-0.7068133797669005,-0.045060471176419065,-0.18863961440451937,-0.8530515511623977,-0.07696835178603822,-0.19916764170635579,-0.9745968919940291,-0.10229035269075366,-0.05705740955944131,-0.4890078556331726,-0.037765839819375674,-0.055792482551422294,-0.6978783982089518,-0.07302391042974068,-0.05687569193588646,-0.8390800330748314,-0.11855103957695534,-0.058722702172850264,-0.9583275439694389,-0.15111762512739313,0.020278391332649644,-0.45881195971497307,-0.05538565921996394,0.057345770515202836,-0.6282901633104496,-0.09182230627073026,0.08045111108607075,-0.7437050809427908,-0.1197342093845512,0.09546252161084538,-0.8471276429803285,-0.14079542376501544
0.0,0.0,0.0,-0.11815623178914207,-0.07194994398119232,-0.048703422500014304,-0.18839107591348592,-0.24966016745836497,-0.061339925906406835,-0.15626909418672819,-0.43512836356625795,-0.0718365445640266,-0.10596034388163347,-0.5590518302481929,-0.08272867648407575,-0.21584771307577455,-0.4179096174979309,-0.015789768698980466,-0.2965158039760122,-0.5833863190840269,-0.04046817973662391,-0.33852279482143216,-0.694027738742178,-0.06350497667269848,-0.36214051454269897,-0.7941287846556914,-0.08346395865784406,-0.137459955392912,-0.4834434360875037,-0.021010464843922473,-0.17247786578920374,-0.7071393096499735,-0.04201020787489364,-0.18932010308415953,-0.8527823891599364,-0.07342359285470815,-0.19898595288425672,-0.9750501941581179,-0.09823496625214567,-0.05810283491964613,-0.48917210604049977,-0.03545218792903623,-0.05660839362320268,-0.6969524040897495,-0.07103943135357421,-0.05703681587863704,-0.8371607993541761,-0.116099355889258,-0.05866180652754616,-0.9571133216205918,-0.1481445940773008,0.019382957682237648,-0.45777108397126665,-0.05382190214338378,0.054968913997358086,-0.6267819675823927,-0.0906166542518966,0.07813271550641519,-0.7403645510041739,-0.1183162544895038,0.09325855292078683,-0.8429271046209871,-0.13919000833042444
0.0,0.0,0.0,-0.11568389608946308,-0.06869135842477962,-0.05022553536008158,-0.187662411777964,-0.24615447153137235,-0.06463772695162888,-0.15649597072929328,-0.4303311006204905,-0.07621410868092257,-0.10555768454378354,-0.5538824396508188,-0.08824798507746036,-0.21942473286851827,-0.4118386755711852,-0.023198555269617442,-0.29809878337253415,-0.5808437065127272,-0.04912138207625498,-0.33910311820598404,-0.6931772353966924,-0.0724040241547236,-0.36228322240940614,-0.7948428594661218,-0.09264827541198006,-0.14061890161738072,-0.4772012482075907,-0.027801283912998413,-0.17548656675689012,-0.7028814769629232,-0.04989313906359327,-0.19149464273999717,-0.8489708503680476,-0.08180969100029323,-0.20132533233251765,-0.9735312093130706,-0.10766857333790693,-0.06107937528277152,-0.48384626491852534,-0.041164692440363915,-0.060146822199128654,-0.6951857133443502,-0.07678223367242101,-0.05973350169843604,-0.8347321933099654,-0.1220041751119495,-0.061478013565426426,-0.9538934146178684,-0.15478441862217823,0.01621352428423662,-0.4548309462815264,-0.058450824916527984,0.051333014799040594,-0.625036504981538,-0.09483935517083986,0.07347686540948031,-0.7399709579853855,-0.12303829689595999,0.08733630368786736,-0.8435878193187414,-0.1448906764514601
0.0,0.0,0.0,-0.11704702335865007,-0.06510574993640979,-0.0501093108943094,-0.1915063601865346,-0.24328482748432315,-0.0646869434640832,-0.16057955873524238,-0.4280346941293093,-0.0761294673059415,-0.10841515409905694,-0.5522262750634287,-0.08827444317599786,-0.22089640301796706,-0.4100406044053066,-0.02523247324207474,-0.298774321041241,-0.58146828378476,-0.05105075307701011,-0.33967002126297785,-0.6941734501902872,-0.07434078068575944,-0.3633241518585132,-0.7958195370651013,-0.09468279718970388,-0.14211176818810595,-0.47517349611925247,-0.0296648048725887,-0.1780126004736133,-0.7015079643611397,-0.05095350555210151,-0.19409059746861124,-0.8478985553741125,-0.08236068398929439,-0.20409999562901082,-0.972915281179253,-0.1082329161596958,-0.06273293445000423,-0.4814262566593835,-0.042725834491832766,-0.06361191036494242,-0.6934987773643008,-0.07660823279963733,-0.06398859091152873,-0.8323902547325926,-0.1208284995899947,-0.06649033215746603,-0.9506905624682249,-0.1534366984263566,0.014085219654749799,-0.45266655438304687,-0.05979299602712444,0.04628665829217086,-0.6239642391862908,-0.09477776932695102,0.06659398648851456,-0.7388509720453544,-0.12226767175027464,0.07899473416505975,-0.8425451153526939,-0.14390736692855569
0.0,0.0,0.0,-0.11840251065406376,-0.06829602154254907,-0.04782313006522022,-0.192072121011804,-0.24181398990875386,-0.06249799059479013,-0.1617934432448237,-0.4239713746232006,-0.07449795217680646,-0.10919655706462139,-0.5457349722608502,-0.08743405765997016,-0.22256951757886445,-0.40732034666377104,-0.023637980815104438,-0.3000135579351289,-0.5807231215956932,-0.04972924815581283,-0.3398362267091497,-0.6926806150475712,-0.07370175372244231,-0.362915137303982,-0.793849634840343,-0.09453294775680658,-0.14420921665314446,-0.47292916051825373,-0.029063732139134317,-0.1816492655050193,-0.6997565388084123,-0.05120535655763751,-0.1980151028121222,-0.8452391256947133,-0.08406844109485115,-0.20921226203371013,-0.9715060191013287,-0.11107538741126893,-0.0653759836181236,-0.48024721655584246,-0.04268580503216976,-0.06810879443386898,-0.6918127022217282,-0.07654185538311006,-0.06872233879232295,-0.8296481256272161,-0.12071720700737938,-0.07099105760232269,-0.9474039363542028,-0.15338594965889885,0.012130887672869819,-0.4527632235347755,-0.06010247983029607,0.03987969489186881,-0.6246946495016822,-0.09391999939017195,0.05794101302486261,-0.7384268746216308,-0.12045817790563601,0.06878911998101814,-0.8411984471501899,-0.14173282810753535
0.0,0.0,0.0,-0.1175160120169007,-0.07061325722285319,-0.04623593212986944,-0.19105077868480963,-0.2424347604993632,-0.06108431271099287,-0.1631760377901854,-0.4232167882332084,-0.0735434350157191,-0.10970034801326602,-0.5423328489503573,-0.0868638037680209,-0.22365361113794713,-0.40693556047235196,-0.02296216033113488,-0.3016452264940684,-0.5806679701749884,-0.04880314088099863,-0.34178742876866036,-0.6915710075021388,-0.0726430476190665,-0.36567288163185263,-0.7927273252662517,-0.09358197303423783,-0.1464425201536661,-0.4726201460745461,-0.0292370331481878,-0.18535601355487707,-0.6980445996851048,-0.0516636001111775,-0.20204510704115788,-0.8433633583954725,-0.08451051693426145,-0.2138098825860957,-0.9704584456756769,-0.11153037924638126,-0.06804940065086032,-0.4800164849332418,-0.04346410990814397,-0.07235952940547416,-0.690298088930049,-0.07686542391476182,-0.07308894950766623,-0.82744860811816,-0.12002596675969292,-0.0756592126712459,-0.9451316784893681,-0.15199434849198856,0.009499508477881518,-0.45336378738802285,-0.061432108850443805,0.03306016335202386,-0.6254242428492138,-0.0941318116255436,0.0488660576289069,-0.7390362344300486,-0.11961887168416929,0.05767082532872302,-0.8420775089623789,-0.14029312987579007
0.0,0.0,0.0,-0.11560208572790398,-0.06980933537144834,-0.04735731952918132,-0.19117413707140718,-0.23987274113317575,-0.0642719855889488,-0.16695857835240638,-0.4203784078179641,-0.07863255025577257,-0.11099396968670827,-0.5436405315690174,-0.09369120271287748,-0.22402158343919049,-0.40768492666731543,-0.025417202719024288,-0.30139099349292797,-0.5825139144412503,-0.05214268375355924,-0.34275162528500025,-0.6940023187109745,-0.0766258820712066,-0.36801084787788224,-0.7958148744100784,-0.09812306044299526,-0.14845854941565453,-0.47195054721678353,-0.03168266761609882,-0.18809053791673058,-0.6968748432628316,-0.0546903311376257,-0.20628826751136692,-0.8419002551747428,-0.08775304693811117,-0.21917039969889202,-0.9688240642896324,-0.11519999567267533,-0.07060349137376794,-0.4798034542263882,-0.045814758893601204,-0.0761868581524902,-0.6938881246874835,-0.07870206342767273,-0.07831548561553935,-0.8317456079421599,-0.12120870143640264,-0.08262413684811146,-0.9498440112901081,-0.15320092203400887,0.006197947692588875,-0.45404246919063773,-0.06383495483511914,0.027458623096114014,-0.6264408367156136,-0.09577802832556728,0.0415045848766689,-0.7408925072283249,-0.12080566088638822,0.04874973591719048,-0.8441080846152073,-0.14148517040856462
0.0,0.0,0.0,-0.1131250912575385,-0.0693512770452829,-0.04500707929856815,-0.18821571284091237,-0.23886850337187102,-0.061050835909610066,-0.167034243898395,-0.4187974853661181,-0.07557080771950492,-0.11295049037697043,-0.542682876890096,-0.09109745673307314,-0.22193597220434164,-0.41086089676328763,-0.021839150378021095,-0.2990727624451947,-0.581521232731756,-0.04861546060101231,-0.3406436363872474,-0.6922931306535625,-0.07335485022522531,-0.36576443988978297,-0.7942705636557257,-0.09499059172319407,-0.1474916792032981,-0.4751490254753308,-0.02977352993911373,-0.18778155601459703,-0.6981663439506073,-0.053210360546287694,-0.20682051997028084,-0.8430434710851449,-0.08690108222039619,-0.21976551574645187,-0.9687829899056032,-0.11456554239385025,-0.07010557073109247,-0.4830511596655394,-0.0454323581199601,-0.07601644607539823,-0.695228930630601,-0.07870457190986466,-0.0792468979655481,-0.8329424143704629,-0.12112799079313025,-0.08468078077288047,-0.9510149810611734,-0.15291567528888855,0.006117782515474171,-0.45618743208553203,-0.06480833368062547,0.02698310343612633,-0.6278579579856776,-0.09659692389795457,0.04036084235756668,-0.7422202396687414,-0.12103725192626338,0.04697775077837141,-0.8447757603721533,-0.14128697617452657
0.0,0.0,0.0,-0.11554223817373667,-0.0636948460745224,-0.04670609797455334,-0.192950839395732,-0.2294409465079274,-0.063656238263312,-0.172855999013504,-0.4107301803904374,-0.07817258604202018,-0.11840125435492793,-0.5317901915039767,-0.09344714438672215,-0.22337782535038397,-0.40266379168809074,-0.027796459790658236,-0.299380593476574,-0.5756753889767152,-0.05488664062056239,-0.3413008586882603,-0.6889176217680322,-0.07974711428924836,-0.367913393495223,-0.7913377482910731,-0.10146209570432163,-0.15303093275433016,-0.46869099763764765,-0.03455260311477777,-0.1966628295546935,-0.6943334407213234,-0.057300710282823755,-0.21899640233137518,-0.8411937733188753,-0.08821529364396982,-0.2345577605894768,-0.9652836150925537,-0.11384170051137653,-0.07746347394570317,-0.47829032366028623,-0.04891541558904531,-0.08963263340693553,-0.6911543171598249,-0.08041325297732663,-0.09859807450622637,-0.829747631638434,-0.1202199304862224,-0.10790733601267459,-0.9463362713570291,-0.150529011053801,-0.001292303995664417,-0.4526597619622423,-0.06738477841989085,0.016578306158074145,-0.6270241481494344,-0.09900368728994244,0.027516154660397467,-0.7435260515119297,-0.12324911710767102,0.03294487587367216,-0.8474311327968894,-0.14308839781355895
0.0,0.0,0.0,-0.11634244619390982,-0.05981488807748266,-0.04974649189258998,-0.19747828543835994,-0.22804957744804177,-0.06649375625402,-0.18286116724250207,-0.4127680035728736,-0.08048514453013646,-0.13281249400684106,-0.5366481315010214,-0.09474466322788548,-0.23330791874898277,-0.4043154566149661,-0.025547159132830267,-0.30891371523566663,-0.5796776275588895,-0.052379571787079984,-0.35222964958550906,-0.6946276900276841,-0.07769728050901302,-0.38047051073142213,-0.7974533873463188,-0.0998816122418181,-0.16508220036748306,-0.4702936380856785,-0.030841109304004015,-0.2123482362740619,-0.694551557044336,-0.05303933879064664,-0.2379042235526972,-0.8395319224556523,-0.08369597863854389,-0.25547109021445247,-0.9603007105556213,-0.10931250506268408,-0.0896205752921183,-0.4805244614957145,-0.044449187234890906,-0.10798734142208137,-0.6945411114099579,-0.07446426106352998,-0.12258428731046458,-0.8318250249836809,-0.11269073204530884,-0.13530521234766382,-0.9459117452124539,-0.14251092354363143,-0.012960990600821617,-0.45590556692258966,-0.062862177307711,-8.296070182966728e-06,-0.6276771461332167,-0.09357671929292624,0.005741361343823942,-0.7442344336576119,-0.11782581211683163,0.008112210663011276,-0.8491221963259795,-0.13786011596066575
0.0,0.0,0.0,-0.11868664914277967,-0.05560934120611849,-0.045712314756408606,-0.2020370906699101,-0.22476563302024216,-0.059400004863770645,-0.18911047819703292,-0.40819862323227174,-0.07232116707026175,-0.1434596258506972,-0.5323756083793127,-0.08604968039201692,-0.23817299903763706,-0.4046201899265353,-0.015372273009524142,-0.31595675395564105,-0.5772156047133952,-0.039991355484549754,-0.36224657220458745,-0.6883553078542697,-0.06520928303738556,-0.393629444330755,-0.7895425138477186,-0.08796535252872806,-0.173499489285742,-0.46931247409692617,-0.0240100328785062,-0.22609650403533438,-0.6905734561457905,-0.044004993623735306,-0.2577006341039323,-0.8332600997361865,-0.07507974202806031,-0.2801021245736177,-0.9540343758477259,-0.10175572715902764,-0.10033742420038014,-0.47785165005777785,-0.041482799467530494,-0.12214907575993231,-0.6895021314433536,-0.06944660091087781,-0.13980146225191142,-0.8257714644152226,-0.10755312062580055,-0.15468671580212046,-0.9395716278420956,-0.13844995411752078,-0.023865063588765195,-0.45291498819459974,-0.06407376110752853,-0.01546646578433939,-0.6253384281976047,-0.0940255302518084,-0.013691799674673325,-0.7419668403242885,-0.11873490297959774,-0.014220269168183206,-0.8498603952431045,-0.14015410183184096
0.0,0.0,0.0,-0.1142654611271384,-0.05486061805619709,-0.04814975271529968,-0.19770004622785572,-0.22097129377908098,-0.06444083540346632,-0.18970840043531165,-0.4028822481947967,-0.07970624831934439,-0.14816998730744618,-0.5286208945721365,-0.09612956690199469,-0.24083231933673052,-0.40090739467089254,-0.02069788135476476,-0.3206273118684372,-0.5754380691188341,-0.0473000440042126,-0.3672098880002084,-0.6855780122442627,-0.07329421573339243,-0.39784914033774776,-0.7866166036362945,-0.09616194951410434,-0.17647269015552747,-0.4652978084576935,-0.028678927883361897,-0.23100156003777894,-0.6887833886678614,-0.04947664065088746,-0.264622804869936,-0.8294533107901554,-0.08135041693068662,-0.2888405565767691,-0.9508686344554205,-0.10855362112883772,-0.10349536111429057,-0.4749273799673317,-0.04530017040826001,-0.12840266636749037,-0.6895116827277581,-0.0729159736149155,-0.1483456102228381,-0.8253044024206124,-0.11113559382635005,-0.16546406894529164,-0.9410946650325794,-0.1424326901644262,-0.027374994186260944,-0.4491133065885984,-0.06717463362122535,-0.02203366547826025,-0.6212423841182987,-0.096245173528785,-0.02291042887805491,-0.737616144073365,-0.12039207425708434,-0.025758318913507224,-0.8458817061294321,-0.14176369347587747
0.0,0.0,0.0,-0.11510210993722264,-0.05411106739728395,-0.045467137775452346,-0.198710928223036,-0.21918899250620696,-0.06161054501114094,-0.19157808614551466,-0.3991232518208597,-0.0771352667891616,-0.15288629514261337,-0.5279479965512788,-0.09386585444822795,-0.24327299192535695,-0.39650532863146937,-0.01980941887070513,-0.324174693527395,-0.5698056678685814,-0.04745327642308289,-0.3707404927138279,-0.6782539016543623,-0.07454214157903258,-0.4025234675330605,-0.7784568125803373,-0.09813183490136368,-0.1804250589970869,-0.45993000817903984,-0.02947759406407746,-0.2396915740785009,-0.6827886037196218,-0.05136863199303471,-0.27650448767392005,-0.8238483255398609,-0.08457390677082999,-0.30454136410646926,-0.9454635808690351,-0.1128748412244289,-0.10845607418932417,-0.4683760586330946,-0.04745171977366777,-0.13869666648587134,-0.6795462236981804,-0.07561448594963235,-0.16100302735800437,-0.8150670193000882,-0.11446360304476258,-0.18037175252466364,-0.9306936204088079,-0.14633046236212402,-0.03188577944584749,-0.442512171445545,-0.07037981655178699,-0.030192727905754405,-0.6152093167086121,-0.09997419702594795,-0.03307350832136342,-0.7324717136402383,-0.12438734907566013,-0.03864630574709954,-0.8413622771954075,-0.14609803060141358
0.0,0.0,0.0,-0.11538479056694398,-0.05491930839627208,-0.04351027412238691,-0.1973235335140704,-0.21999176567830894,-0.05951045539855379,-0.1923173839686711,-0.39610582443904685,-0.07540640048008243,-0.1591822631243467,-0.5248465779634723,-0.0927018678366163,-0.2446630685684345,-0.39457153150699975,-0.018210905895556052,-0.3259705892144865,-0.5657136648461618,-0.04680090580261685,-0.3725528766660172,-0.6729501124397463,-0.07484554947557667,-0.4043286127103167,-0.7732872998439313,-0.09890222026526854,-0.18415987773432074,-0.45796191707488887,-0.029207221509352142,-0.24638708199124545,-0.6784134049669757,-0.05192488157265805,-0.2846394089487838,-0.8195548830048891,-0.08619204263810275,-0.31343377818148566,-0.9423623723272927,-0.11537444630413052,-0.11352051004281263,-0.46680734438576765,-0.0483534884410743,-0.1467359810305211,-0.6761911400257902,-0.0770546194632753,-0.1695839695042634,-0.8090060185225705,-0.11625676703452574,-0.18947624034503596,-0.9220722533793195,-0.1483502330241504,-0.03766256616736126,-0.44150102661065715,-0.07230583051428555,-0.03861154683292152,-0.6142639598054318,-0.10179545319154601,-0.042190878414847366,-0.7308610148978834,-0.1260169217742826,-0.04850293912699215,-0.8381286984145299,-0.1477637795068409
0.0,0.0,0.0,-0.11776998059545303,-0.05278638548075172,-0.045301382123909884,-0.19859663027913693,-0.2162385652911171,-0.061913632630522714,-0.19445867077867113,-0.3940448691220971,-0.07845557482909953,-0.165129790650711,-0.525773111683985,-0.0963449966138136,-0.246300410913452,-0.3909398941921286,-0.015867705096648154,-0.32765264358903623,-0.5636641002505838,-0.04571469657377468,-0.37411969334749884,-0.6723315793608211,-0.07566321856433411,-0.40584421587713493,-0.7741195626440698,-0.10092436568852395,-0.18652437777518205,-0.45488548573135096,-0.026529890752907917,-0.25078421950967233,-0.6762417494768618,-0.04979872021036834,-0.28978554455567773,-0.817715455393055,-0.08575591758016925,-0.3190718751027928,-0.9404577437461215,-0.11617116129382414,-0.11658014234489075,-0.4647968622371206,-0.04592618044884046,-0.1525474512365789,-0.6755114943129463,-0.07501875458753109,-0.17782742907718252,-0.809946125441637,-0.11599101965661311,-0.19984597051305014,-0.9238015417895105,-0.14948926784005778,-0.040774787325275466,-0.44065524193697936,-0.07040134657089983,-0.04333648722057139,-0.6138449586451621,-0.10017825895656665,-0.04863657939529227,-0.7303461544727066,-0.12538495997801147,-0.056624679268170525,-0.8368102940855406,-0.14805320896094498
0.0,0.0,0.0,-0.11997787696325432,-0.0572800914147045,-0.042605149938370175,-0.1991325490636931,-0.2177666710086023,-0.05802908937202332,-0.19411293518261147,-0.39561504320615704,-0.07397633843243219,-0.16600141417087189,-0.5268278223120169,-0.0914550986600127,-0.24491581605816282,-0.391392866336266,-0.011522498652623437,-0.32708032650858193,-0.5648750174848465,-0.040441927492391797,-0.3745821788198209,-0.6735793258349758,-0.06988477439232554,-0.40722014601583983,-0.7759888692504955,-0.09487894232124315,-0.1855947508704325,-0.4555303877076588,-0.023474958733605153,-0.25161939697547864,-0.6761007779312209,-0.04681264392099348,-0.29313876498740654,-0.8167745285984148,-0.08385028734044278,-0.32451879868794575,-0.9387843225963621,-0.114975343598447,-0.1167588699506941,-0.4658884267825131,-0.043989587668468125,-0.15463898098360987,-0.6758012263478017,-0.07424183646743217,-0.18357455790682997,-0.8095613021511274,-0.11687787015238117,-0.20807066799875584,-0.9217666555473163,-0.15113530157592586,-0.041905466891534196,-0.4419001553929649,-0.06915176538212245,-0.04690382495971905,-0.6157235560063641,-0.1000634349839446,-0.05372202759147099,-0.730981401829264,-0.12595831001199514,-0.06262090817113744,-0.8345653431778843,-0.14883212718186742
0.0,0.0,0.0,-0.12051040602559174,-0.05901048962854179,-0.04099491377919508,-0.19719502929264543,-0.21792501969498052,-0.05646288717687149,-0.19016378252870994,-0.3945642764045709,-0.07303308780494552,-0.16419921032409918,-0.5262223236049194,-0.0914189870985713,-0.2406702135220829,-0.3931800890102135,-0.01109656569951125,-0.3208657214305679,-0.5658162255796984,-0.04136322065408854,-0.3674316051486267,-0.6750227096476713,-0.07164881884768695,-0.3989422437402434,-0.7784522060125962,-0.09705545122827103,-0.1818613231404853,-0.45823661904844704,-0.0244450476110328,-0.24690248165906042,-0.679077305102079,-0.04867499124867064,-0.2887968973981403,-0.8188618298723989,-0.08596753046771899,-0.3198439267112728,-0.9401382409774768,-0.11719734606561764,-0.11386247500840475,-0.46906624999695024,-0.04623228833503129,-0.1510937982868438,-0.679738566817204,-0.07691646540146953,-0.17892581670907853,-0.8100263808676254,-0.11806331619798874,-0.2018918117908537,-0.9194095126578256,-0.15117074314058626,-0.03958273367016199,-0.44402747615401683,-0.07267080370928551,-0.04535670678540066,-0.6169333632059747,-0.10365284291026855,-0.0518679560550742,-0.7308360821739279,-0.12838530377227197,-0.0603282498239846,-0.8332182642382493,-0.1502780300651267
0.0,0.0,0.0,-0.1237964865818035,-0.059630166280972924,-0.04465141725027913,-0.1997955814395837,-0.2190286509087817,-0.06052973656026684,-0.19096879271892386,-0.3989732291673329,-0.07679476911306754,-0.16665253528310753,-0.5330232792298519,-0.0944000550937504,-0.24278054988983683,-0.39421633572031334,-0.009668168052737602,-0.3206074444627006,-0.5708114290975863,-0.039280216900910284,-0.36476284275520776,-0.6819005562826881,-0.06968705616054917,-0.3944093927097374,-0.7876482676332833,-0.09530450984447286,-0.18275683574611967,-0.45721918647315635,-0.02097058033904598,-0.2458432367206882,-0.6783288849252331,-0.04522435546767586,-0.2858551342376271,-0.8191016394959703,-0.08363849276989344,-0.31520765598210354,-0.9418917056409787,-0.11578085387418058,-0.11503457244665503,-0.4668964901804653,-0.041336959983936536,-0.15056873143776006,-0.6770920563640508,-0.07310247425641411,-0.17626488434478033,-0.808449577270596,-0.11585418685892515,-0.1968800038179626,-0.9193270071573978,-0.14978223427109427,-0.041642921099679084,-0.4430223907352172,-0.06662147578242153,-0.04845128696969879,-0.6162907430923201,-0.09902523129305676,-0.05372139576335485,-0.7299992963867481,-0.12508932892706262,-0.060186571639550185,-0.8326547577956104,-0.1477296509148447
0.0,0.0,0.0,-0.12436761091011587,-0.06095997612365466,-0.04465783920403177,-0.20055622409138368,-0.22106845709777473,-0.0614244128439699,-0.18922313393380719,-0.39886990309578585,-0.07824930215701542,-0.16230538447360865,-0.5299696238268572,-0.09673476180816765,-0.24047453415865178,-0.3969331181704022,-0.014171973814269795,-0.3166978770610478,-0.5756505343757778,-0.04462720744487614,-0.3597430341185879,-0.6869623191390286,-0.07509179196380905,-0.38812935293496414,-0.792785368601799,-0.10044123289368134,-0.18001220454171257,-0.4588817503944739,-0.02508236372865741,-0.24288549159169517,-0.6805191233373902,-0.049508298816993784,-0.2823019849379058,-0.820641742552463,-0.08775180937331122,-0.3112331736233193,-0.9427152411144499,-0.11979089890090847,-0.11212941753053615,-0.467809562723931,-0.04458976076685696,-0.14806166948399507,-0.677331239294994,-0.07565777514307506,-0.17353984660290073,-0.8077008184123344,-0.11821788172836742,-0.193958734817756,-0.9174857322629595,-0.1521721243449815,-0.03884519343262455,-0.4426691080549554,-0.0689255755678329,-0.0460734446471604,-0.6144349908775417,-0.10013229861460685,-0.05206186301231691,-0.7271675382609931,-0.1256932035502094,-0.05917644572708175,-0.8282021007914055,-0.14814785901404842
0.0,0.0,0.0,-0.1278950960947721,-0.05985090992782603,-0.045552936099242596,-0.2059490918968891,-0.2211389544724994,-0.06190452381568205,-0.19170308874244602,-0.40279578766612845,-0.07807689971190634,-0.16233877154685505,-0.5346925041213084,-0.0961145205482547,-0.23739520722091845,-0.39934944713528986,-0.014307152694744828,-0.3113065973760114,-0.5808201541424228,-0.04444002171741816,-0.35391902147761517,-0.6932558187465587,-0.0751573391971325,-0.38257563848353116,-0.800048442092735,-0.10117545058105175,-0.1773969642975911,-0.46144526278593345,-0.02456447070070516,-0.23848208098546592,-0.6831142738325486,-0.04888913833784391,-0.2775850492648183,-0.8228823214533441,-0.08758066552760964,-0.30601734282229553,-0.9443794609472784,-0.1201445250071467,-0.11075221108862768,-0.47003822362441094,-0.04340513081578809,-0.14738685076168848,-0.6782198937471093,-0.0739642803774976,-0.17481627012634093,-0.8071683392506908,-0.11631255936679805,-0.19571938805200575,-0.9161567975382126,-0.15054645769374236,-0.03822718406747813,-0.44420689442917566,-0.06726082967982053,-0.047280140040654194,-0.6115106272813071,-0.09868652772867513,-0.053893449731287825,-0.7220103532233888,-0.1244572975263077,-0.059954860792577086,-0.8213210676509126,-0.1471389181317178
0.0,0.0,0.0,-0.13006128125767408,-0.06213004010206221,-0.0479390613501913,-0.20804561228733012,-0.2323030906990715,-0.06380619684219424,-0.18768597956790833,-0.41657760225442697,-0.07951585509731089,-0.15508959794644106,-0.5497035879402716,-0.09661044738913506,-0.23570647269017775,-0.41054233571477944,-0.010081352246628589,-0.30148512204391326,-0.595747471359273,-0.04091226142184713,-0.33903036891852195,-0.7115601398014355,-0.07338969362501441,-0.36457597082149995,-0.8190300642014177,-0.1009889599240918,-0.17317397297087828,-0.4708130064264102,-0.019165915973345198,-0.226481090046883,-0.692069686308248,-0.04418432410498739,-0.26164935528781824,-0.8295627351771339,-0.08397933514509735,-0.2896557290657532,-0.9497228357141021,-0.1174282999690396,-0.10622504470606453,-0.4779746066559505,-0.03769077631458417,-0.13748317745665245,-0.6866945170729839,-0.06862469191215531,-0.16199166823886924,-0.8137082815515737,-0.10971736231276247,-0.18129751121420196,-0.9216946183818342,-0.14324074564578393,-0.03379923866696363,-0.4500409340082009,-0.06188585780726924,-0.039904879421039416,-0.6148929446818511,-0.09333727798605126,-0.04556683358266311,-0.724569076488274,-0.11823887258956256,-0.05174391722388329,-0.8239706893112679,-0.140406837130982
0.0,0.0,0.0,-0.1292319159629555,-0.06798520444085461,-0.047383538085453925,-0.2036746622703107,-0.24313057337172528,-0.06308077952160407,-0.1767519950825043,-0.424601623732392,-0.07857089678493888,-0.1398994275294812,-0.5519147127215465,-0.09598798304359848,-0.224424715423078,-0.41707310720743335,-0.014187268463523747,-0.2854960136411573,-0.6057587192935732,-0.04678588861247976,-0.3205629245646737,-0.7235132886328132,-0.07994822858892481,-0.3448181516985346,-0.8325540877438953,-0.10803630617422832,-0.16104215721671483,-0.475027575956818,-0.023576717017065506,-0.20946258963617026,-0.6960815931132683,-0.05052229405179169,-0.2415474507458146,-0.8337092291041122,-0.09103560640415509,-0.2674417639799775,-0.9550644300835555,-0.1248269226609692,-0.09432959763534154,-0.48018289273871423,-0.04199695310895564,-0.12312610645624474,-0.6878883448148412,-0.0740679231437647,-0.14610045390950896,-0.8144052308927314,-0.11480242960897101,-0.16449401654253126,-0.9227649423085635,-0.14788789189086193,-0.023172688664048362,-0.44923112278121013,-0.06599946815758978,-0.02943646759886609,-0.6115064529405426,-0.0978111151308422,-0.03556715641205502,-0.7199988270870017,-0.12240737169921982,-0.04232771880129724,-0.8188221484659246,-0.14437055367250184
0.0,0.0,0.0,-0.1263517319113175,-0.07456080930519234,-0.047589514435980064,-0.198237477997904,-0.2520239830674825,-0.06279128740058698,-0.16926271723336678,-0.4290534422152904,-0.0777328663176427,-0.12772892035321193,-0.5502330376381428,-0.0940293644177495,-0.21493682486268106,-0.43078268525535685,-0.010900367326521854,-0.269931106331742,-0.6213599708883969,-0.042765788922746684,-0.2991221587828703,-0.7416719638330609,-0.0755648976969202,-0.3175761933183101,-0.8515404624274612,-0.10345209619007986,-0.14936985089617338,-0.48518757026475656,-0.019604786407985887,-0.19098464746513838,-0.7054666326082959,-0.046240765260312816,-0.2174910749331604,-0.8419840498577327,-0.08657215321542919,-0.23924880224129033,-0.9628615883989047,-0.12002645816464935,-0.08208090325113784,-0.48678768034660846,-0.037568511603038666,-0.10501186566457718,-0.6919730456450683,-0.06988641693633509,-0.1242115272943888,-0.8176661684369668,-0.11041496747431657,-0.14021260247729525,-0.925770594120338,-0.1430326160966539,-0.011025208113179811,-0.4521583669836263,-0.061163684277510906,-0.01370818860551318,-0.6107842014411959,-0.09269660042827846,-0.01835731850556742,-0.7160413788260681,-0.11678931152962407,-0.02494279195827507,-0.812604236999326,-0.1382491585914639
0.0,0.0,0.0,-0.12293028895532773,-0.07731406325025014,-0.048450512907596124,-0.19000729393642168,-0.2562966502135998,-0.06421244198465588,-0.1556847845018905,-0.43201344716596973,-0.07929210370223042,-0.10945598413752489,-0.5490760279719529,-0.09570776610071445,-0.20290701229668184,-0.4404588249652035,-0.012817152571552227,-0.2529613211585957,-0.6324545689093619,-0.04395013790548644,-0.2788662441397345,-0.7522381125912565,-0.07616130092095363,-0.29413585324063257,-0.8612300939921969,-0.1035415155075392,-0.1361851978154338,-0.49225136750495524,-0.020513621375134093,-0.173045447173641,-0.7125552063953866,-0.046136485271597194,-0.19529535742040846,-0.8481019208857377,-0.08524461842259043,-0.21310462263993804,-0.9692028605124388,-0.11780474670786861,-0.06913322170323781,-0.49225879371605885,-0.037363374921600766,-0.08769139641528251,-0.6976030620370071,-0.0674870714245338,-0.10415932973512536,-0.8217554438150367,-0.10627945260366528,-0.11849570103013907,-0.9298061372852853,-0.13802769717732896,0.000982666480555526,-0.4560059604706423,-0.060074562892004135,0.00019230798509095592,-0.6134862018680276,-0.08884348170938076,-0.003734196144392554,-0.7178186639792349,-0.11144530550977291,-0.009681411790629799,-0.8144736133336884,-0.13217381522735186
0.0,0.0,0.0,-0.12330599004077714,-0.08087782022451334,-0.05092331627985383,-0.18633109555418,-0.2594337487855235,-0.06824790432795527,-0.15002613032216666,-0.4352783598171659,-0.08432569849508639,-0.10283568988762509,-0.5531296999211057,-0.10146033313487886,-0.1939811738363012,-0.44229830906158585,-0.016061837130389726,-0.24261013248653762,-0.634853655902857,-0.04818267491900357,-0.2678091455772077,-0.7546462575046823,-0.08085808892338536,-0.28222669891983343,-0.8646232915076472,-0.10831796847015863,-0.12613789345427645,-0.4936485942612204,-0.022488710976300067,-0.16146583044467633,-0.7142115739180577,-0.048314118487541205,-0.18210406079626523,-0.8503579775826327,-0.08697870648988965,-0.19779537524601665,-0.9724778806842144,-0.11932813278786564,-0.06016087151059918,-0.4925420687244322,-0.03818476791960331,-0.0764565481354963,-0.6965988384327924,-0.06777061029709733,-0.09136521668881657,-0.8208489528728221,-0.1058051787098345,-0.10375677761186768,-0.9289549700461237,-0.13721220182593144,0.008297058175012098,-0.45519392015074706,-0.06003332976465972,0.008389321047720801,-0.609930149312402,-0.087774263652804,0.0051068671907386,-0.7134762780367165,-0.10995670375507494,0.00021035072455784145,-0.8094890635812207,-0.13048810304046682
0.0,0.0,0.0,-0.1205104878230812,-0.08345567537179875,-0.05188288566384501,-0.18111417957330694,-0.26242602761572786,-0.07045195395206977,-0.14473351825935593,-0.4365415087026797,-0.08802294173521391,-0.09756213797006838,-0.5568766907393558,-0.1063549003928032,-0.18696665333408974,-0.44636404815920455,-0.015764209161350802,-0.23247818506032847,-0.640529296805517,-0.04927917189421718,-0.25569980972620976,-0.761995106284266,-0.08296120573225327,-0.267971386852631,-0.8726466486463198,-0.11114725830986691,-0.12024233447738528,-0.49455365049692407,-0.022535700916766085,-0.1535894953101921,-0.7144402276149829,-0.05040121949830834,-0.17298513817373432,-0.8513649614437806,-0.09031624293331739,-0.18738970079581443,-0.9742029768024743,-0.12338425727507724,-0.055141448254730774,-0.4918588615607994,-0.038974769607899126,-0.06847410647836726,-0.6974082876237198,-0.07012579625783077,-0.08182232892801813,-0.8221733608664663,-0.1089539477292834,-0.09350342259052677,-0.9309757673432262,-0.1408228314692606,0.012186085242101437,-0.4539480380129234,-0.06172358136150902,0.013516793524958834,-0.6093640739365287,-0.09110312036584522,0.009735031417246054,-0.7139636508567617,-0.11464119604796527,0.0036471600973112116,-0.8110467835389009,-0.13610509381266894
0.0,0.0,0.0,-0.11838144069066464,-0.08416246585557013,-0.05275327657886507,-0.17446238599217284,-0.26576478634058776,-0.07134106035105196,-0.1340696617399585,-0.4378605139027687,-0.08874568749443323,-0.08585294583606409,-0.5559947686856304,-0.10695726566534275,-0.17734558292909128,-0.4510067381171158,-0.01659964704730229,-0.21768106658230157,-0.6446505171692609,-0.04982152219210591,-0.23863343745800697,-0.7655685816425677,-0.08330817315406636,-0.24908619965154155,-0.875990495920326,-0.1113940162551082,-0.11046738948518366,-0.49712187039508643,-0.02288132634795898,-0.13752609484741213,-0.7165697995279965,-0.0503095054795068,-0.15355085206493319,-0.8543318594327463,-0.09003031508278496,-0.16532120004956646,-0.9781281796780289,-0.12303097839317421,-0.046589572000551444,-0.4921441864879102,-0.03893588901833545,-0.055275541646744905,-0.6955853213510717,-0.0695230067452727,-0.06659072400624429,-0.8202902409307019,-0.10850092003305503,-0.07650753485097564,-0.9292893270117957,-0.1405393312069041,0.018144995936177435,-0.45234878921770766,-0.061432947569271465,0.020652831410552824,-0.6059189218116345,-0.09041861416320787,0.017598557930817518,-0.71025666188239,-0.11412989833019593,0.012651058188640959,-0.8075198608538116,-0.13579929272858265
0.0,0.0,0.0,-0.11581116736563851,-0.08344318162880524,-0.053790963168267175,-0.17103494500238114,-0.26616016140962767,-0.07287120990358786,-0.13030658276117008,-0.4355826659299692,-0.09031537782237967,-0.08031156050249283,-0.5525952830455951,-0.10836281425418622,-0.17144380092552103,-0.4530921300613395,-0.0191585149760408,-0.20881004377074572,-0.6465340167216067,-0.05273254872132134,-0.22842019195901567,-0.7683894969994451,-0.08612327765924827,-0.23792202449681876,-0.8788382841810839,-0.11417657296362167,-0.10499301492926327,-0.4971318603826504,-0.024924490981649363,-0.12801740513945814,-0.7156835097060535,-0.05298916281848219,-0.14170758916696793,-0.8546271033143666,-0.09275743725555657,-0.15168993974515416,-0.9800873578330933,-0.12578912723104577,-0.04198909489008201,-0.4907530001132373,-0.040402513949361195,-0.047157888637235836,-0.6926028995867402,-0.07163421192475383,-0.05624400534841981,-0.8181458846865715,-0.1114302992641642,-0.06471399216633682,-0.9285940144246694,-0.14394446605705108,0.02072483775443818,-0.45006213110716486,-0.062286095098611986,0.02368993735975599,-0.6012776715213966,-0.09224917825019358,0.02115451269916606,-0.7051790482772062,-0.11700052293360105,0.016629205961947145,-0.8024606683084997,-0.1393247577488646
0.0,0.0,0.0,-0.11447534147757979,-0.08520072620497539,-0.0531291746983389,-0.16734748301603403,-0.26984532535976824,-0.072097484029147,-0.12506159673470713,-0.4371355199688279,-0.08966006562343211,-0.07363468134471193,-0.5525406235202471,-0.10794187216638253,-0.1644270328025551,-0.4560396615643315,-0.01833583905392012,-0.19893365128920143,-0.6485960535465449,-0.0524161904309172,-0.2157366659034236,-0.7704676950247896,-0.08646904527848756,-0.22189208535483157,-0.8813117441845975,-0.1148953694484976,-0.09837301139676498,-0.4979860415919367,-0.024495593794230698,-0.12129872090734928,-0.715585368841579,-0.05279662483368382,-0.13364545011547804,-0.8546756116432896,-0.09311695625533975,-0.14162601384984436,-0.9815789800884847,-0.12665898908202405,-0.03578841358275205,-0.4898712932213958,-0.04033303414735627,-0.03982249855351584,-0.6912569039954642,-0.07157343045087367,-0.04820009830170279,-0.8168951110471561,-0.11148157701629582,-0.05584912083253221,-0.9281483563450097,-0.14414785067975228,0.026413660914095728,-0.44806068373157515,-0.06254651253848027,0.02868892965876735,-0.5987982567633453,-0.09237490281515823,0.025784873274382482,-0.7031251202609368,-0.11708022996106159,0.021067541288973854,-0.8011257197771537,-0.1394669100010187
0.0,0.0,0.0,-0.11313936636297332,-0.08835809642274702,-0.05494145714154795,-0.16576573189792998,-0.2726116086639131,-0.0748158989500862,-0.1255019479368304,-0.4395975054253023,-0.09341463950412969,-0.07170477617773735,-0.5559122912170162,-0.11241978819358892,-0.1612577722357938,-0.4615317840094111,-0.01644956173912971,-0.1928857392251459,-0.6544501063371891,-0.052061249936522336,-0.2059238943342576,-0.7785356689437647,-0.08748880926965391,-0.20822977648134056,-0.8904752367604415,-0.11675507426634402,-0.09471069524436503,-0.5014223205688828,-0.02230073926456649,-0.11238747898393525,-0.717875870471945,-0.052553025480837866,-0.12194881602494256,-0.8556984852925851,-0.09428106278290886,-0.12811509613248903,-0.9831892294960476,-0.12859025733338514,-0.032203250335472056,-0.4925284476833148,-0.03840934566010054,-0.03266433708984147,-0.6924696024284304,-0.07175250422660316,-0.03984070566936772,-0.8174485524624613,-0.11223604293566361,-0.0462762811213296,-0.9289549102003347,-0.14484990835301523,0.02991381737692983,-0.44999315219616565,-0.06112775546580129,0.03353757152072098,-0.6017434880054674,-0.092088824140777,0.03160902979681396,-0.7065376655196836,-0.11704028354712687,0.02770791196386686,-0.8053553726116336,-0.13947202775097817
0.0,0.0,0.0,-0.11185364898405614,-0.08992024958036654,-0.05556637331363517,-0.16115267614050754,-0.2770140745617051,-0.07537668386469645,-0.12078211939796867,-0.44412862697353617,-0.09368884479239582,-0.06723035690969081,-0.5581166528199374,-0.11232969913349122,-0.1550226408686367,-0.4623779836712477,-0.017637472864211048,-0.18438513084362473,-0.6586535010562495,-0.05267299643022129,-0.19450208823236487,-0.7831252247253553,-0.0874127979661119,-0.19408844039795525,-0.8951653804369809,-0.11577551814963355,-0.08765423742816952,-0.4998403283099974,-0.022463812143795555,-0.10317366925014099,-0.7172647229927918,-0.05222106576773589,-0.11110734961711805,-0.8568011363131638,-0.09338292264654807,-0.1161735932208374,-0.9848921802132526,-0.12707593579373394,-0.02543120705124695,-0.48981849846226844,-0.037504843962069934,-0.025303073949411004,-0.6915339254646649,-0.07025327776448212,-0.03385316029660006,-0.8177739515271778,-0.11092480369714323,-0.04158791553514647,-0.9289673890251564,-0.14352256800101842,0.03562243772920682,-0.44786728469041914,-0.05912002307397746,0.03874309459020279,-0.6005431135456286,-0.08990981456439401,0.03623762637285827,-0.7070049742395239,-0.11548340060780131,0.03210692146514324,-0.8067438783885907,-0.1381210910693659
0.0,0.0,0.0,-0.11169463754837558,-0.08833789493579693,-0.05663425070248511,-0.16135374878159914,-0.274391586920044,-0.07755590677064375,-0.11904912881916668,-0.4400233232137041,-0.09654533755302622,-0.06382221592825611,-0.5548802974876249,-0.11584580314965123,-0.15603811034551995,-0.4608226222445111,-0.021852494771495774,-0.18384391004954692,-0.6585792041635651,-0.057589912430002506,-0.1929866171899444,-0.7832008791569101,-0.09224423208775369,-0.1914466148553322,-0.8956026780947226,-0.12062751909996301,-0.08745769132152503,-0.49861856857354986,-0.0264630095796242,-0.1012251458218143,-0.7165125597996507,-0.057037567424814875,-0.1079868277924658,-0.8565186133282725,-0.09862467229456265,-0.11161437386538664,-0.9847315638723511,-0.1327464268630172,-0.02459247962040004,-0.48836440556811517,-0.041084468993992054,-0.022021561749667178,-0.69014279767493,-0.07467026905843663,-0.028475707026414377,-0.8164639807016105,-0.11615046085168312,-0.03446209491133082,-0.9275083755952045,-0.14936215790245222,0.036087606786853264,-0.44567618607175413,-0.062179015279913354,0.039203937394651014,-0.5982044673390735,-0.09407275853187103,0.037520410683520154,-0.7040485237067642,-0.12040303090270016,0.0346209647043219,-0.802770387912985,-0.14352734275860118
0.0,0.0,0.0,-0.1112774403177806,-0.09193455851072549,-0.055345505913434984,-0.16116056929833406,-0.27543176087644283,-0.07598599452971153,-0.11763753116834091,-0.4395188627867401,-0.0951436032974604,-0.06020310645786334,-0.5527191963842539,-0.11452701206230964,-0.15565960015580593,-0.4663698393467965,-0.018474240482560942,-0.1824200038551712,-0.6621038479853385,-0.05386558609134201,-0.19077747011960328,-0.7854109908431938,-0.08891115647024657,-0.18917863372015556,-0.8972410686967567,-0.11788967190480382,-0.08716453338886904,-0.5040876753864089,-0.0241287609930399,-0.09982435327917744,-0.7213648620018958,-0.0542086666827674,-0.1060287171602319,-0.8592067405868581,-0.09543431952007357,-0.10979965458131008,-0.9854382484516229,-0.12933634710182548,-0.02396362571083189,-0.49272674493255875,-0.039966045746564066,-0.020897749496398776,-0.6934493593139659,-0.07298027182537022,-0.025311374677678775,-0.8187476181034483,-0.11321390369567173,-0.029675414463073552,-0.9297349507439097,-0.14563155659139332,0.03810636526759597,-0.44798347842104536,-0.06242697727007103,0.04302708713891207,-0.6018912102079994,-0.09356214894755369,0.04250641781998821,-0.7072641362013288,-0.11865666763664356,0.04023125192420593,-0.8057989446224592,-0.14101192398835485
0.0,0.0,0.0,-0.1110026724985809,-0.09347290412484598,-0.05457640325443256,-0.1612432077049875,-0.2765448429901791,-0.0751552906841083,-0.11631737096757706,-0.44282793808228066,-0.09394625924182794,-0.0560770677765969,-0.5552119355908833,-0.11290730167491161,-0.156523499812484,-0.46533872557859834,-0.01882818183962185,-0.18165326457055309,-0.6627476272770496,-0.05342830932316328,-0.18884263853572994,-0.7853584664351951,-0.08778148834690692,-0.18647718000673225,-0.8964600606489737,-0.1163729891076048,-0.08678277008012039,-0.5037908129485116,-0.02404352955069037,-0.09768915336122472,-0.7220382703066472,-0.05321854034335595,-0.10318182250171004,-0.8599778164408141,-0.09394093030771594,-0.10672006437759529,-0.986016233956247,-0.12769693333445803,-0.02312511185414832,-0.4929175655388973,-0.039079012017069606,-0.017479153025457522,-0.6950600636867522,-0.07143137684014739,-0.02020359161540453,-0.820617378100056,-0.11128583170114531,-0.023423218871273802,-0.9310928908170333,-0.14355022147318486,0.03917734814084943,-0.44751479662138893,-0.06048516357512365,0.045771928079002586,-0.6007688962060775,-0.09131276238033605,0.04599513590818666,-0.7057223188882547,-0.11612514968858631,0.04419590334581731,-0.8031405793063042,-0.13822642612900976
0.0,0.0,0.0,-0.11118799903372986,-0.09321816610922465,-0.055711657905270676,-0.16271314973129714,-0.27626167960069514,-0.07641909230183266,-0.11825609955370597,-0.4450409848484752,-0.09494822873435685,-0.05568047901766635,-0.5565241562576655,-0.1133935152851209,-0.1565184840030291,-0.46501599764448537,-0.018078354430945784,-0.18201270056774085,-0.6629385095718692,-0.05154533489753311,-0.18959740540036052,-0.784745236115202,-0.08539391130366453,-0.18748494522313053,-0.8953229039127473,-0.11392277235599227,-0.08601342912566881,-0.5031497325956122,-0.022314780059952934,-0.09790937064756007,-0.7211554371057272,-0.05100363574341765,-0.10403767800056218,-0.8593200876140662,-0.09219872671538784,-0.10831565443632023,-0.9860101962386806,-0.12652884181092944,-0.022276151060102035,-0.49212488517730746,-0.03647238931422743,-0.016368166575359652,-0.6944123027739258,-0.06906305326710657,-0.018643626357159708,-0.8216869238212646,-0.11022145459268445,-0.02166692506921341,-0.9330569345788162,-0.1433696989561223,0.04049489291936732,-0.4471574344340815,-0.05696440379572644,0.048241937007165496,-0.6016364151293512,-0.08833408853360146,0.04901147740498267,-0.7076666073663127,-0.11430789826460731,0.04759761191851858,-0.8055034822551863,-0.13727836600951965
0.0,0.0,0.0,-0.11073724887843027,-0.09292686946092024,-0.05562754787519808,-0.16091598534231688,-0.28135941572137113,-0.07521216610806278,-0.11497176392860906,-0.4512902837446796,-0.09279109191592441,-0.05096218110436099,-0.5603147177671909,-0.11032084823055534,-0.153787063485679,-0.46359098888016337,-0.017127468256825002,-0.17666671003031154,-0.6636545128167728,-0.04954890159335844,-0.18326854375458473,-0.7867525073005304,-0.08237085281128047,-0.18039241186527966,-0.8974599186752956,-0.11021176763064172,-0.08351361479421433,-0.501437386928443,-0.021286600992323934,-0.09426150103551019,-0.7208209434310164,-0.049182913481385405,-0.10029105634911196,-0.860338670399545,-0.08990752018368708,-0.10480478248371022,-0.9867285765878167,-0.12386155558456692,-0.01985654742368368,-0.49038021994453684,-0.03540307111753638,-0.012452415469727649,-0.6943695960436307,-0.06737731904592302,-0.014542527384558655,-0.8224384623572121,-0.10879541307645313,-0.017789778295740685,-0.9335112053721556,-0.14211627956639566,0.042716482653543365,-0.445727497002964,-0.055901670927266875,0.05189930441143755,-0.6006480478563394,-0.08714577009884808,0.05248147768530712,-0.7076582239921997,-0.11370322311525863,0.050573968945248314,-0.8060084462253516,-0.13711303845391495
0.0,0.0,0.0,-0.11126328088268855,-0.0932974732107128,-0.05415422703622419,-0.16037816057667603,-0.282984843495124,-0.07268333631896304,-0.11257558758761292,-0.4527024244064073,-0.08943987227389605,-0.04816653336269715,-0.5605612699934734,-0.10646476585080195,-0.15311349842081645,-0.46351547965029183,-0.016141043639480754,-0.1737174810481589,-0.6626826522838769,-0.04795773311878566,-0.1795805321377891,-0.7861855027362223,-0.08050604237483189,-0.17645538819625145,-0.8976951345492834,-0.10829723987889546,-0.08314969954587262,-0.5016569061551662,-0.020987336974890122,-0.09274865733159265,-0.7208351784665226,-0.048483710228442035,-0.09832752349747578,-0.8603381590270724,-0.08862462908509575,-0.10257412948115177,-0.9871637744671214,-0.12230348799414709,-0.01995921025001918,-0.4909503647631271,-0.03564829926675259,-0.010871783797811504,-0.6967194660482858,-0.06735163695536062,-0.013261385488212124,-0.8250540451246693,-0.1083161663915023,-0.016695244213165185,-0.937081537582664,-0.14148728101487243,0.0420106627668212,-0.4464810690508308,-0.05661281297302341,0.0522945761219473,-0.6024659066019986,-0.08792916056975428,0.05416180862631744,-0.7106183575387464,-0.11436787272474996,0.05385254079182937,-0.8108949652435131,-0.13776721474515402
0.0,0.0,0.0,-0.11153741149036973,-0.09423547682084175,-0.05431116308745161,-0.15976684433537874,-0.2871108554902129,-0.07274901288474878,-0.10931299185783826,-0.4566867638217129,-0.08937064003505205,-0.04327042768401552,-0.563089804749312,-0.10600878653318194,-0.15258951671689308,-0.46653812048174836,-0.014881492624923588,-0.17065125359403732,-0.6667651145511823,-0.04668843448757627,-0.17390359493466118,-0.7906855101127381,-0.07935605574307202,-0.16855323619761947,-0.9020427443096308,-0.10704612610920719,-0.08203926328389397,-0.5038927416444103,-0.01917714889422905,-0.09068838770141063,-0.7235808180449579,-0.04595099354918647,-0.09512532331555604,-0.8620296820708826,-0.08513910389108838,-0.09845591627748025,-0.9880945201393733,-0.1180055507407781,-0.018320887828562015,-0.4930104933567846,-0.03345245037304234,-0.008599618129493149,-0.7005350028262579,-0.0639952378999819,-0.01105723060102402,-0.8285357961930363,-0.10336445690921237,-0.014571520557797112,-0.9402240632523631,-0.1354976712464149,0.04415591769914674,-0.44834142373918046,-0.054231241359167286,0.054216905887395694,-0.6024126980368087,-0.08404956862048246,0.05540825496409246,-0.7102737456819167,-0.10915347114072235,0.054311049116132146,-0.8107768709095524,-0.1316281961323783
0.0,0.0,0.0,-0.11087458921011197,-0.09377759624619453,-0.05406277807569128,-0.15911727627213745,-0.2907963954167909,-0.07216361718663541,-0.10804666896322801,-0.4592261699130317,-0.08865429985617142,-0.04056899510368646,-0.5630748021783171,-0.10546958261590535,-0.1490085092656242,-0.46636786611925596,-0.01625074596217163,-0.16358473714791577,-0.6638752785504116,-0.049669322187232315,-0.16463489666769293,-0.7884724191331691,-0.08388528881480334,-0.1584245236296321,-0.9014164210276712,-0.1127942893235122,-0.07905013188723095,-0.5027745448058929,-0.021317620658086782,-0.08498259610909217,-0.720756082833379,-0.04954113934075658,-0.08857590949728611,-0.8595952782011049,-0.08935826959203692,-0.09203510633734513,-0.9881203019736071,-0.12271601831806495,-0.01585270908310496,-0.49123957868780643,-0.03640715672158675,-0.007233841090628213,-0.6976666868362986,-0.06802907568426862,-0.011380032464276598,-0.8279158245017813,-0.10792454084087438,-0.016183630010873598,-0.9420841317461097,-0.14037758157301933,0.046454984229022805,-0.44654488626760397,-0.05810722081218762,0.053641862866804405,-0.60147203300679,-0.08866158559166151,0.05325472243317819,-0.7104765157428277,-0.11427050723905254,0.0510524565702113,-0.8112005239469331,-0.13722340992578747
0.0,0.0,0.0,-0.11222254343319152,-0.09292179038095244,-0.05657530453072997,-0.15972540184173395,-0.29284914423471825,-0.07504385303529805,-0.10667698171262896,-0.461367421305931,-0.0913775650425249,-0.03846906793674817,-0.5657414758994496,-0.10803634534575304,-0.1495588761813864,-0.46121914839622624,-0.019601816071083897,-0.16263238185307471,-0.6585419420140775,-0.053865682409775226,-0.16209649258045977,-0.7842133048794075,-0.08861867853755961,-0.1551104967080998,-0.8984350095202578,-0.11783624514154932,-0.07861887032945153,-0.4985693441322271,-0.023361864438881635,-0.08327847422657884,-0.7165943726561157,-0.052269114552261804,-0.0862304814101609,-0.8567450825338241,-0.09254522113864211,-0.08958404817042594,-0.9879192036378568,-0.12620549660354685,-0.014981359414019336,-0.48811369444613395,-0.037250997566826,-0.007613691489603837,-0.6952440160244752,-0.06955924426298407,-0.0133158644476359,-0.8253925649353662,-0.1100456524696089,-0.019078669682117196,-0.9396964980231135,-0.14270995879541126,0.047214262877027596,-0.4453663981674699,-0.05791808830344035,0.05324679954991679,-0.6020928999495961,-0.0890759742600506,0.0527722899674733,-0.7122314377864399,-0.11536486945824492,0.051099590740397015,-0.8140488494692761,-0.13869129498681826
0.0,0.0,0.0,-0.11223705389630917,-0.09332741638927508,-0.0562887898389685,-0.15929840083841917,-0.2941537224887043,-0.07467398814080586,-0.10650614473613276,-0.4636960482832551,-0.09104005498198464,-0.03818015684307644,-0.5702115501959826,-0.10786614683986395,-0.1466720303477533,-0.4572977836344382,-0.01881251341357567,-0.1596715000831382,-0.6545261693692712,-0.05388113962965403,-0.15911312392900445,-0.7814873916944846,-0.08946833664921537,-0.15206701142885376,-0.8962190423500074,-0.11907607001657321,-0.07685375648261228,-0.49387128509628053,-0.02272004077032143,-0.08193816738815539,-0.7141414867841426,-0.0519483077909548,-0.08478499325872406,-0.856083070620334,-0.09291258688355769,-0.0876559499221284,-0.9879911822433594,-0.12709869665154266,-0.014216740496529568,-0.4828172663946948,-0.03681470447718599,-0.007343591849164456,-0.6914341507602908,-0.06920054787490897,-0.013494226621849476,-0.8234317414454697,-0.11037416374730821,-0.01942016272620889,-0.938020469794068,-0.14362661450894787,0.047485889361142536,-0.4400842994297679,-0.0576261009988185,0.05332100923718801,-0.597211563979949,-0.08858942011482263,0.051625730285028315,-0.7074198721855991,-0.1150529276585066,0.04801659258459191,-0.8080969518924566,-0.13868731022808667
0.0,0.0,0.0,-0.11151058188849187,-0.09414010606256266,-0.055524108585235994,-0.15923914377677345,-0.29171426786512766,-0.07449842010339783,-0.10862619956026073,-0.4605407575025293,-0.09166584815052706,-0.03895220213146597,-0.5638294607353187,-0.10933859871766703,-0.14721931526537302,-0.4553045262842361,-0.019972943090620282,-0.16044153108215875,-0.6542587888031738,-0.055545843797985994,-0.15827277134817508,-0.7821656690947468,-0.0916448110572407,-0.14964737659101152,-0.8974623609808232,-0.12143918582370644,-0.07785818235913386,-0.49160841847485115,-0.024208627667718974,-0.0843787092754278,-0.7123795559697539,-0.05342306986540707,-0.08657401033978782,-0.8549719276743263,-0.09436272227424869,-0.08892631967192186,-0.9876953076375662,-0.12856264863020084,-0.015324032128742678,-0.48112870902584637,-0.03836302751533917,-0.01098329383607776,-0.6888838831221895,-0.06969002836159725,-0.018319684123585776,-0.8213376927987862,-0.11040237420267363,-0.025191159368252926,-0.9359840984333827,-0.14347384160924953,0.04684185892100576,-0.4392930307112857,-0.05923828889069536,0.05041592052346352,-0.5972810613467208,-0.08904995092032666,0.04731216626777559,-0.7078565485349895,-0.11498188245062746,0.04212848478082194,-0.8077304430593817,-0.13825586223870506
0.0,0.0,0.0,-0.11040008470849975,-0.09382215035640998,-0.05427723095235321,-0.15867224359265003,-0.2888290907730386,-0.07303543792245934,-0.11375170761571803,-0.45852598737851935,-0.09022264312189214,-0.046908108592741846,-0.5619561673973069,-0.10795598177164402,-0.14642127514920927,-0.452728542561315,-0.01978269077884883,-0.16007593462741876,-0.6540588561761234,-0.05515470201664155,-0.15771331140918954,-0.7820326510137918,-0.09078557293991066,-0.14921591832150832,-0.8970691046249666,-0.12006235470534447,-0.07762161232251336,-0.4894127907263084,-0.024654571239545786,-0.08360035117510511,-0.7123946260404926,-0.05384582877786076,-0.08493474318004714,-0.8553556421811219,-0.09448991529595274,-0.08693500345388792,-0.9879089667836181,-0.1283091427314552,-0.015473243652555292,-0.47931280073774807,-0.03925855698367378,-0.011502091697066726,-0.6879112955946192,-0.07034055073404152,-0.019346879465283538,-0.8206175493089658,-0.11086488840458278,-0.026911832217222514,-0.9345927566058112,-0.14375041581878142,0.04662568183387939,-0.43809031049861646,-0.06043415954809688,0.048598718577938245,-0.5972435430784531,-0.0898707854931515,0.04474885044760421,-0.7077332587565626,-0.11562057178516294,0.03860552260888478,-0.8066302844062245,-0.1387338609865184
0.0,0.0,0.0,-0.111498785658423,-0.09560161777409468,-0.053083589287765354,-0.15919541726050593,-0.2919745135076576,-0.07107806878049683,-0.11296179316883267,-0.4602912444384902,-0.08777123643012333,-0.045731824581005234,-0.560061333984927,-0.10513094294202202,-0.14769098787927606,-0.4516753929336832,-0.0194965934740445,-0.16168737572697506,-0.6538298985449171,-0.05483266804248921,-0.15883504193408504,-0.7821767850803094,-0.09058479609777595,-0.15016181819237098,-0.897601664417307,-0.11999563692845014,-0.07897999625111729,-0.48856309011102694,-0.025027955160401176,-0.08582293393746626,-0.7116863001349542,-0.054134999875400144,-0.08670344879070757,-0.8546956347557478,-0.0946179502398061,-0.08849234376790721,-0.9877779132394109,-0.1282730845482471,-0.016409210041680423,-0.47852062486825353,-0.04019713690474819,-0.014139405084840828,-0.686842566348977,-0.07091660903573535,-0.022724287022768158,-0.8196428601610468,-0.1110625957424268,-0.030891642713657578,-0.9338953760016273,-0.14367414678177987,0.046841689482229554,-0.43755423755440115,-0.06192444857418433,0.04739038930260907,-0.5985352398120969,-0.09097416787461782,0.043077461040405246,-0.7095634552560414,-0.11627166590567531,0.03657688049047411,-0.8090747393530102,-0.13906668314717602
0.0,0.0,0.0,-0.11109277562543186,-0.0965515323294318,-0.05242981654269009,-0.158408191700492,-0.2908985971046816,-0.07014945378882056,-0.11515994350444449,-0.45962664890764193,-0.08683138958334682,-0.04783272574163601,-0.5601744612749595,-0.10406069893701683,-0.1469741547919727,-0.4519055307998152,-0.015971584640094415,-0.16142352192824883,-0.653029967667488,-0.050521680673973494,-0.15888524621721245,-0.780777149588676,-0.08610039834193033,-0.15047153981578426,-0.895921082929495,-0.11530808252745373,-0.07861861068807037,-0.48836919230379294,-0.021712244066730786,-0.08576194978653592,-0.7116208304749869,-0.04999373273425413,-0.08726199275040714,-0.8548207878438987,-0.09049903216910643,-0.08978022802314928,-0.9881862953384625,-0.1241097918698138,-0.01612131557849613,-0.4786511176411098,-0.03723292123022827,-0.014721337931325792,-0.6869247395791338,-0.06721360052487663,-0.02362190686165014,-0.819771198821559,-0.10720452842761719,-0.03218757751042155,-0.9342258676705196,-0.13959586659423562,0.046858214207755544,-0.43896417733349224,-0.05931169394858134,0.04672759225408239,-0.600415530485515,-0.0873711701978845,0.042636565092410206,-0.7115742294061773,-0.11212611172092855,0.03638397841002773,-0.8114325371305598,-0.1345022407031665
0.0,0.0,0.0,-0.11118087840302723,-0.09838757988417449,-0.053152438954582076,-0.15747517748607254,-0.29346397278736025,-0.07067504231299954,-0.11325712226964693,-0.46196143872317086,-0.08692113531676901,-0.04662994988234277,-0.5637430449521486,-0.10334086122053474,-0.15027219634417302,-0.45095303794441755,-0.01536104243550326,-0.16370464251161554,-0.653093856746035,-0.04967903848664934,-0.16022699874302815,-0.7813784379360015,-0.08494893882402865,-0.15105895952397305,-0.896908337655577,-0.11394311607975308,-0.08093521230773117,-0.4882359448923419,-0.02027756978982303,-0.08811863181851408,-0.7112315236623346,-0.048417682016816635,-0.08917574531932174,-0.8545282172797087,-0.08894822688919304,-0.09156052019621462,-0.9882074389730924,-0.12265968383028483,-0.017625994477754543,-0.4797757111005828,-0.035083520021730166,-0.015987561578105138,-0.6877458184980079,-0.06535253532534953,-0.024625653661709344,-0.8202850047648415,-0.10560049077951597,-0.03332943979505054,-0.9344934044998492,-0.13813357882453414,0.04612953939920207,-0.4411309557177865,-0.0564973858539822,0.046341963871185644,-0.5997844650213087,-0.08482657222262173,0.04195632289484511,-0.7101175708101788,-0.10997207927472084,0.03524065004168759,-0.8095327232067095,-0.13261011651135554
0.0,0.0,0.0,-0.11280918937773127,-0.10125667520600524,-0.05075201707273666,-0.15745014134062474,-0.2979662254694372,-0.06659201070900883,-0.1115580628139197,-0.4633888430811075,-0.08166883981276898,-0.04700429778611065,-0.5629685446843945,-0.09698255242617113,-0.1512547860335064,-0.45030733240149834,-0.01164418139372985,-0.16538881004661657,-0.6525530555561776,-0.04487429758672283,-0.1622638424885598,-0.780321969801808,-0.07959339290819005,-0.15365391854773502,-0.8951296685149832,-0.10802584894155712,-0.08232271319068372,-0.48770940006279384,-0.01737035374853324,-0.08994510323016487,-0.71118589497897,-0.04483191039626958,-0.09116856111187863,-0.8543768952554928,-0.08547010318074666,-0.09421379436103107,-0.988398360205214,-0.11901000241773856,-0.01907420643784332,-0.4797546742949882,-0.032886481585770205,-0.01754061192422674,-0.6885009614278587,-0.06266842018873864,-0.026752770850478162,-0.8209758382546306,-0.10306262828304721,-0.03626485703666662,-0.9347366250737559,-0.13539198415127074,0.045261681921143895,-0.44202129708552085,-0.05480595361978967,0.04528274787375675,-0.6023950751349959,-0.08231032631149504,0.04045158658903768,-0.713181516071963,-0.10675121059053366,0.033234854930374744,-0.8130896544421177,-0.12873608847058854
0.0,0.0,0.0,-0.11391094758744018,-0.1037593933888892,-0.05049555821089137,-0.15917875398780346,-0.29809998748363786,-0.06667553482198185,-0.115081950520113,-0.46340276112501444,-0.08243788642144825,-0.05066965122942513,-0.564185998930828,-0.09814168373175419,-0.154226187856341,-0.4517384024678929,-0.007572926785169739,-0.16888990013360228,-0.6527940947890516,-0.04023729787109992,-0.16557902613328285,-0.7793135812627769,-0.0751349516088768,-0.15628127257147692,-0.893628723569649,-0.10370333929588535,-0.0849419857027672,-0.48854526728595093,-0.013646050888943884,-0.09304009254953874,-0.7117697904428307,-0.040611425973522255,-0.09395771274262685,-0.8551937800551109,-0.08161511595837437,-0.09621890266835198,-0.9886264680677485,-0.11544843542949815,-0.021082431157864564,-0.4804340509374665,-0.02986206018974341,-0.01973113358936042,-0.6886145475659085,-0.059219442738457126,-0.028882065611128292,-0.8208075513043634,-0.09970478643852017,-0.03827720883787647,-0.9341637559963382,-0.1320964081350928,0.04387374832835841,-0.4433222268155902,-0.05255289483432074,0.04389788482227021,-0.6039567113957964,-0.07949941756486294,0.03874611820233585,-0.7148727265493691,-0.10365517080583651,0.031056697091393866,-0.8151553577891264,-0.12543540119285237
0.0,0.0,0.0,-0.11139315875131156,-0.10502383643861413,-0.052924321222589554,-0.15698331409370214,-0.2977465669921045,-0.07071127889163736,-0.11472795161460568,-0.4645540388241094,-0.08760104325055848,-0.049276696917154195,-0.5667623224629951,-0.10435517776770198,-0.15342518967813917,-0.45372778491387045,-0.010099636389931266,-0.16792225110184122,-0.6541038700044928,-0.04418205817769786,-0.1644396457523516,-0.780790662538912,-0.07995752577952736,-0.15497559694400548,-0.8952074519214575,-0.10884256702051964,-0.08444485734527701,-0.48955634867510106,-0.014909495718716819,-0.0928740140529851,-0.7122806758746469,-0.04296724946881594,-0.09417444857098728,-0.8555929260510173,-0.08430339200296633,-0.09676462656779186,-0.9882677002184854,-0.11807037964127076,-0.020420202586613673,-0.48100699873538766,-0.029984872757139923,-0.02008114338505613,-0.6885655543379186,-0.06026151998133461,-0.02917837521584885,-0.8219321437726055,-0.10078198854643314,-0.03831127066645045,-0.9356108342989968,-0.1327113358139667,0.04475116284135808,-0.44353631696012386,-0.05167196551072849,0.04410442130385801,-0.6043967605937431,-0.07890581108755959,0.038856134069779294,-0.7159534708083894,-0.10302984161410578,0.030901554870361198,-0.8152701934375506,-0.1244207910004333
0.0,0.0,0.0,-0.11339447702999685,-0.10564345174705521,-0.051350669493421514,-0.16038784008387658,-0.3004623035552542,-0.0679483227588715,-0.11707349992653002,-0.46825048758957144,-0.08399543035378748,-0.0508754536345003,-0.5671716045953561,-0.09999018923331524,-0.15421788625439986,-0.45556563802188793,-0.008155696222011476,-0.16934455080107869,-0.6545582219517534,-0.041842643888405834,-0.16650441104981784,-0.781104994040853,-0.07753059576846266,-0.15731978127599372,-0.8954865495705399,-0.1063274381527774,-0.08585367079230105,-0.4915493578336663,-0.013531386063926721,-0.09498616257872901,-0.7128085236011259,-0.04092948336803395,-0.09703676071086756,-0.8560359781729806,-0.08142581313822589,-0.09970586816130991,-0.9883953862151225,-0.11445564309378359,-0.021863953232874676,-0.48342576938358706,-0.029137117346290174,-0.021867403415227936,-0.6898098562066874,-0.05855093393716515,-0.03136482740568773,-0.8232670862956448,-0.09802996805378761,-0.04063670291729589,-0.9371437012925148,-0.12920342645517147,0.04329027240478289,-0.44571866305413543,-0.05138640368755222,0.043180444800624246,-0.6060877525627665,-0.07761085221771366,0.03797384143436305,-0.7168574760146,-0.100669950969667,0.030131246820396636,-0.8154643948915963,-0.1212538923910223
0.0,0.0,0.0,-0.11473877073425184,-0.10683213198069313,-0.050050783392039784,-0.16261790562866885,-0.3028107842427435,-0.06523411390753192,-0.12212808991537666,-0.47133278297156583,-0.08022067606961578,-0.056388288142961054,-0.5698021916664634,-0.09507537354599016,-0.15161887910219946,-0.4573697407164784,-0.0033132696114301463,-0.16788356384464503,-0.6531402260493377,-0.03594866876910139,-0.1660459073291755,-0.7787793262259162,-0.07148452444386288,-0.15771322645809527,-0.8930108357852437,-0.10024800272571972,-0.0848246698373554,-0.4917019735788407,-0.00897016386816192,-0.09452817977688144,-0.7115347530541966,-0.035762662710920975,-0.09802181630994494,-0.8554028049189377,-0.0764211813965957,-0.10195236196163532,-0.988728698172874,-0.10942681237589341,-0.02177846593403214,-0.4829466575632878,-0.024983991816660465,-0.023051542130746352,-0.6887614080288768,-0.05417190631749333,-0.034108236015845915,-0.8224270050125235,-0.09371277941104386,-0.04468770820115538,-0.9360342958529974,-0.12460002648090407,0.042924893739398506,-0.4454339137768323,-0.04758962026760079,0.04314463272188532,-0.6061291325849456,-0.07328791752396624,0.03739580773927445,-0.7176970853397289,-0.09621310419437956,0.028903261442141805,-0.8168987799978095,-0.11659778383278202
0.0,0.0,0.0,-0.11579612338364946,-0.10576347167781797,-0.05187601844648415,-0.16384222593960113,-0.3009668871434645,-0.06680603550038335,-0.12544383656476074,-0.4724510454810126,-0.08130199800042973,-0.06049396323473795,-0.5723714870674412,-0.09522554629331767,-0.15052088589902773,-0.459441578342404,-4.877202462803473e-05,-0.16736478765333268,-0.6540499827296413,-0.03156216934085804,-0.1661268393305249,-0.7790135441454968,-0.06706201048800225,-0.15853347650367644,-0.8933995785366171,-0.0958445465392308,-0.08397781848384724,-0.494581647482823,-0.00444938300978778,-0.0945769296291514,-0.7133569660691179,-0.02976891652316825,-0.0991629655807176,-0.8567757883660706,-0.06981470622676511,-0.10419521425007844,-0.989225127211132,-0.10246845588645183,-0.02124446988192951,-0.48638523674402584,-0.01971471146941319,-0.0232814848332053,-0.6910876146937059,-0.04725408593392383,-0.034734054256730026,-0.8245786231642349,-0.08574506970451401,-0.04549067079669608,-0.9373605113079111,-0.11604902399434347,0.0433559851219374,-0.44937397998415507,-0.041982715422941,0.043434513143142645,-0.6095662664562973,-0.065784279111052,0.03782053667007943,-0.7208521066232776,-0.08763667436226091,0.029487624900348265,-0.8192369409965916,-0.10734847459996588
0.0,0.0,0.0,-0.11853823002106581,-0.1008914946796278,-0.05300682627986233,-0.17094419568738123,-0.292025897987252,-0.06971631614685353,-0.1336986167592071,-0.46577771943386526,-0.08559425517004685,-0.06737238862904013,-0.5683812621105346,-0.10085625337595688,-0.15362106373937978,-0.45970192978348356,-0.003715267560357977,-0.17186032697162115,-0.6549276938591715,-0.03584185835158727,-0.17188345290970863,-0.7790850655383628,-0.071480429403872,-0.16523797670942242,-0.8931956646761923,-0.10047510783253324,-0.0855051878187986,-0.49647310666123246,-0.007807932751454527,-0.09744130329360645,-0.7150777366191865,-0.03327564558858759,-0.10274489965223887,-0.857451167599581,-0.07277745153818062,-0.10820859753700784,-0.9884978367102908,-0.10535348297560193,-0.02225982251276335,-0.48858069076689326,-0.022660700650802112,-0.02500920851746498,-0.6927267895748803,-0.049908666697314676,-0.036107761239120156,-0.8247314944065277,-0.08749204743946573,-0.046633320259136225,-0.9359131877912554,-0.11762588827501153,0.042708487052649464,-0.4510239570116707,-0.04456196205347711,0.04331509966624768,-0.6097719467657924,-0.06838407251323658,0.0378924955456986,-0.7203708322248353,-0.09005884645794301,0.029785491639946298,-0.818413237955935,-0.10981607332109006
0.0,0.0,0.0,-0.12072541596503128,-0.09426971276717189,-0.05455318901034995,-0.17806601392446653,-0.2793860210211,-0.07340053706660332,-0.14560835994400598,-0.45463251680277605,-0.09099945643585486,-0.07764696569780632,-0.5556576100659976,-0.10789398316307178,-0.15636197512196892,-0.4596322006608724,-0.007565562214978589,-0.1754534950507517,-0.6548263155708327,-0.04036519252864619,-0.1757357721466323,-0.7772017689408088,-0.07619486252379098,-0.16893805600541048,-0.8900006913279599,-0.1052459361796853,-0.08648680425864827,-0.4979750633026626,-0.0115901799957079,-0.09865467304561967,-0.7177460524837008,-0.03734507850207901,-0.10422789606975857,-0.8589669129384745,-0.07591003897773735,-0.10997122996507684,-0.9880491965100948,-0.10781448983475368,-0.02188732808187379,-0.49113553139961097,-0.026310684425655616,-0.02315152396597485,-0.6963898594837187,-0.053569906510258974,-0.03200892695674901,-0.8278290971879252,-0.08943525327835596,-0.04079556556566742,-0.9383601558018239,-0.11843922326319567,0.04375595190832665,-0.4537050374404398,-0.04821033368862905,0.044613345213885394,-0.6118887569909969,-0.07180416906535787,0.04123776406660354,-0.7211041590238534,-0.09186444556333788,0.03554480211010319,-0.8176889188846354,-0.11037000330313515
0.0,0.0,0.0,-0.12152968078231195,-0.08538593806076408,-0.05344556525814867,-0.18601923669074816,-0.2634883287816931,-0.07353733600361359,-0.15807250860795788,-0.43669826359443453,-0.09195489389775854,-0.09232546797963972,-0.5386469560914701,-0.10948229007683738,-0.1594727903554205,-0.46619417491437465,-0.011235735533359062,-0.1781626654046276,-0.6601235659894628,-0.04427635905664219,-0.17850221226038504,-0.7808540706776499,-0.0796951740681128,-0.1714329155366967,-0.8920224886459751,-0.10844677638508626,-0.0870920216287024,-0.5034512099073161,-0.016104201686783143,-0.10063095453515847,-0.7220483513661331,-0.04229108461880825,-0.1065198528857289,-0.8611891606675504,-0.07948500282853924,-0.11243728292899718,-0.9875097947546572,-0.11022479711836797,-0.020027420664889835,-0.49523421177412796,-0.031245730591635254,-0.02002402914479403,-0.6985071919459163,-0.0591761182141817,-0.026264328104018738,-0.8303202074279195,-0.09345766588142428,-0.0338885506877247,-0.9419064888309241,-0.12131744513969486,0.04762388893934483,-0.45569855530715153,-0.053278176564674665,0.05252402013497426,-0.6115335904612607,-0.07769175497334244,0.05277966462901232,-0.7195796969844672,-0.09662755595691941,0.050313050812964756,-0.8164037690419034,-0.11400290980455667
0.0,0.0,0.0,-0.12194825234913298,-0.07957414320078184,-0.053730687100203275,-0.19180551378569655,-0.25109345100620856,-0.07396467253481791,-0.17496263937600193,-0.420142559820862,-0.09211916441070887,-0.12737706872369814,-0.5292519112727772,-0.10884165615093691,-0.1600554772073043,-0.4705771843748956,-0.013686734759122418,-0.18688886607401492,-0.6635576361003144,-0.04626052469451518,-0.1947281380027201,-0.7819939194984677,-0.07988009117796216,-0.19349871718110262,-0.889272439854857,-0.10658528136354972,-0.08647621057512787,-0.5079455800672623,-0.017699232500579337,-0.10306015938691171,-0.7266424511757941,-0.0440124453768188,-0.11096661315485355,-0.8652853980184838,-0.07914350892598873,-0.11706761506828796,-0.9872743965913393,-0.10741829026286759,-0.017580387730601114,-0.4998018151845904,-0.0319130018054604,-0.017522810936493282,-0.7034928743080286,-0.061053757454418094,-0.023337119953389447,-0.8341883346711643,-0.09415039950641294,-0.030747815684125147,-0.9440330221854399,-0.12024308042119261,0.05150196031247178,-0.46007651883100653,-0.05268228136904469,0.0665428321955163,-0.6152766972014153,-0.07903655145228444,0.07234562395250829,-0.725305958039242,-0.09804513409639191,0.07487160762959474,-0.825322722361792,-0.114201079990455
0.0,0.0,0.0,-0.12046687786247945,-0.07937420756152552,-0.0555524488660845,-0.19390266072112655,-0.2432970194330198,-0.07861135411312453,-0.18647063349154872,-0.41105809423715833,-0.09890671916761659,-0.14662649084627233,-0.5294017972970724,-0.11720734212661245,-0.1603451889687837,-0.47289994944843794,-0.018692342571025578,-0.191922361233618,-0.6647494412382171,-0.052831673942146995,-0.20335947298945103,-0.781479980824617,-0.08655324206883626,-0.20473915110719687,-0.8877564115424164,-0.11298553735873881,-0.08666960632352476,-0.510104121231757,-0.02219566743758752,-0.10562866421521282,-0.7278251982753484,-0.04958532505714809,-0.1140829740732606,-0.8652612520395381,-0.08427194274605279,-0.11966524792383067,-0.9864324275784055,-0.11215406785409583,-0.017030649878226264,-0.5013810302426219,-0.03587253395383823,-0.017990044376401185,-0.7031689313369542,-0.0662554726109388,-0.021761370003470802,-0.8320393549642826,-0.0988652264335819,-0.02749584810104389,-0.9411991925384031,-0.12445141897613812,0.05346458287411648,-0.46118969214878935,-0.05601569073039709,0.07130100402480644,-0.6157135117692245,-0.08344489549576739,0.079693353007664,-0.7250280828753137,-0.10252795096647814,0.08432368255523418,-0.8249820163339214,-0.11844177904272243
0.0,0.0,0.0,-0.1189282134694143,-0.08833892978397871,-0.05418673004511067,-0.18652758074530146,-0.2534137458793786,-0.07673275745966468,-0.1751071039922969,-0.42163680093165745,-0.09671716496833646,-0.14425035058948793,-0.5484345952873864,-0.11459103111754959,-0.15871907657535228,-0.47831958285514825,-0.015471393380706218,-0.1929629125839477,-0.669389515958104,-0.0494571075193985,-0.20507828305207343,-0.7836202610916926,-0.08331703210103927,-0.20620286836875812,-0.8883088239501308,-0.10952632917311456,-0.08426317978199196,-0.5139890628776829,-0.019297530696391278,-0.10529463750024758,-0.7307555987077166,-0.04591264619184423,-0.11440947179227448,-0.866266634108003,-0.0811843681023803,-0.1196023299336206,-0.986709593928313,-0.1098531067376527,-0.01434557448638793,-0.5039701589055692,-0.03337078089615102,-0.014894164680786384,-0.7043006916956882,-0.06302679245240496,-0.018301671881292274,-0.8308071685690935,-0.09578952996429889,-0.02317184351107763,-0.9385771876974336,-0.1218554546724056,0.056586262714579685,-0.4632594577712065,-0.0537934589311051,0.07583678769416478,-0.6162455637609322,-0.08032608685005307,0.08477921339877367,-0.7240190776641231,-0.09910104437409907,0.08996525337164883,-0.8236428077437874,-0.11509646321608703
0.0,0.0,0.0,-0.11945960674156492,-0.09127898114754004,-0.05296445454509142,-0.18378355805116414,-0.2586648756648513,-0.07431031640671315,-0.16814704148001441,-0.4277179818486944,-0.09316865986115921,-0.14127941632734498,-0.558020174910056,-0.10969527266669468,-0.15828849771347242,-0.4837571777085584,-0.01147929219420852,-0.19358777644338576,-0.6735650844516645,-0.04428444545640388,-0.20501884015575547,-0.7858274345447972,-0.07757057284106744,-0.20510697708645434,-0.8885671468795358,-0.1031808734001155,-0.08290279950856114,-0.518528860784347,-0.015470221469088375,-0.10418808498846807,-0.734391445889071,-0.04056535171106377,-0.11316940985254387,-0.8687624813387455,-0.07526309136938913,-0.11771919048971427,-0.9876068248642538,-0.10351086396566109,-0.012439664239399323,-0.5071314452646223,-0.029867563570778348,-0.012456439062025109,-0.7068849877947414,-0.05837498141316885,-0.015361078024319505,-0.83210125996878,-0.09045468940175755,-0.0194667222830612,-0.939121002800947,-0.11608369816766867,0.05863685660355426,-0.4650712394904497,-0.05056113755139571,0.0780552317918688,-0.6185967835745293,-0.0761165864265245,0.08716366447442726,-0.7251081796127937,-0.0939903078997201,0.09277621015333476,-0.8240940511766057,-0.10931371365193111
0.0,0.0,0.0,-0.11856928313787093,-0.09357274805410458,-0.05099061813339145,-0.18061191020868825,-0.2645640819067371,-0.0700016432770929,-0.16048684758225804,-0.4338414609779631,-0.08716569023721202,-0.11856063046876314,-0.5505734419508724,-0.10249347196286639,-0.16101342370937125,-0.4751907191084296,-0.009244797046092226,-0.19826350234722045,-0.6675727009914242,-0.03999717545677671,-0.2104812905487,-0.7827981928161338,-0.07165748744359692,-0.21190103943312721,-0.8870886298257774,-0.09666425337524101,-0.08600959909818906,-0.5144091269744484,-0.013718272809759638,-0.10677078609072713,-0.7324152060921845,-0.037400112792857945,-0.1150690087411809,-0.8677560941288309,-0.07091283363970938,-0.1201660329658836,-0.9878324234004555,-0.09841223229760682,-0.015628718321532682,-0.5062502456070321,-0.028308669937184013,-0.014800780851308048,-0.7078465724859991,-0.05545825768433515,-0.016650678449535723,-0.833390912049436,-0.08722442174342557,-0.0197645569344192,-0.9396193758131749,-0.11279462965913059,0.05558163538782582,-0.4667503379004262,-0.04921382727236817,0.07550026205714627,-0.6205982412664386,-0.07291012844564172,0.08555689169535549,-0.726745590287156,-0.09017004267265982,0.0921336421326481,-0.823858701382737,-0.10555945337026482
0.0,0.0,0.0,-0.11793581381739861,-0.09676319400633665,-0.05212573481853472,-0.1759804264134031,-0.2715161178227951,-0.0705504739567075,-0.14814197158839582,-0.4434907372709509,-0.08675853132100707,-0.09892263719757392,-0.5557184447827183,-0.10158731761100115,-0.16265114352605542,-0.46688151212697754,-0.011243679246425381,-0.20316320086722384,-0.6609327546118425,-0.04210665699568776,-0.21535911584397896,-0.778762524527064,-0.07379893672851784,-0.2158669648280391,-0.8849509817847939,-0.09912389174971453,-0.08687166227580714,-0.5101467310842156,-0.015012943683822834,-0.10861927686749229,-0.7298671741028919,-0.0386301726333416,-0.1160309912242977,-0.8653750408610934,-0.07311539524584922,-0.12090735248998236,-0.987409748661036,-0.10178490585733477,-0.016783563570323526,-0.5041394377534838,-0.028868695284517167,-0.014882437248184728,-0.7062624812260669,-0.056271102720826666,-0.015730931458777186,-0.8324024149397324,-0.08990593625589416,-0.017226861484116004,-0.9394703410337115,-0.11728562748101423,0.055256781099361815,-0.4658725300811595,-0.04910198782934949,0.07606646785549065,-0.620904497295892,-0.07256896250563039,0.08727748762654797,-0.7264206908787781,-0.09086641892388236,0.09452605607688758,-0.8227003743420427,-0.107795559496247
0.0,0.0,0.0,-0.11704305564430163,-0.10330522869638434,-0.05295003862113616,-0.1728455950917876,-0.28049009765331445,-0.07148174027933321,-0.13973192474093094,-0.45521069840151607,-0.08770058240667844,-0.08259628303318851,-0.5639200298506623,-0.10273094342295831,-0.16439848371735782,-0.46434614573012234,-0.011094819365492673,-0.20416912196851184,-0.6605742053721968,-0.0415924603293982,-0.2168987158048606,-0.7796524035179826,-0.0731023536351384,-0.21845265462030322,-0.8872883972086015,-0.09858398822843675,-0.08807396434174608,-0.5076556698373018,-0.014119014979159177,-0.10931035158107091,-0.7276527906186161,-0.037979143818041794,-0.11729492598167322,-0.8639341875623829,-0.07334245935634814,-0.12290397141144724,-0.9870698678563208,-0.10276676060507994,-0.01714540246065102,-0.5024620121394363,-0.02721417859991933,-0.014683779669588183,-0.7053473608432129,-0.05511529674084309,-0.01568667941782735,-0.832656632338294,-0.09035084230641277,-0.017218228489584268,-0.9391979867728169,-0.11864293647904348,0.05530488908072435,-0.46559204606093296,-0.04666990376342903,0.07568404166405454,-0.6213847106618502,-0.07027635350363609,0.08575300113218198,-0.7271306576087359,-0.08976792452813875,0.09166635689312368,-0.8216311437836304,-0.10761986086382122
0.0,0.0,0.0,-0.1143593364564261,-0.1057995267347071,-0.054164714569283484,-0.1677204049784337,-0.2835596118116943,-0.07347769407745494,-0.13341496372452522,-0.4582574353781112,-0.09033846629039574,-0.07459667775344182,-0.5672943839942286,-0.10626196756815157,-0.1650396915055681,-0.4632267546406214,-0.012509161156000034,-0.20326204055490732,-0.6602327911448839,-0.04396424070045245,-0.21553112087867443,-0.7806277863822795,-0.07607304152913333,-0.21689295402423558,-0.8891785267724444,-0.10193900028898426,-0.08817356897270892,-0.5058634742666007,-0.01518419454196099,-0.10851286814419245,-0.726157065477819,-0.04008257430580381,-0.11685096302044744,-0.8631244117542993,-0.07678251951523835,-0.12265905551194245,-0.9866317751168978,-0.10714357950793879,-0.016865661942347916,-0.5003355547849646,-0.027949996175306323,-0.013215912327128198,-0.7033569947311511,-0.056925327231765604,-0.014364682606606057,-0.8316712305674347,-0.0939965404516533,-0.01587204300142079,-0.9385467938131375,-0.12349534772410974,0.05493207739070649,-0.46277884770550787,-0.04702239466974995,0.07370731714105408,-0.6172580829772656,-0.07148782852655916,0.08227922798077428,-0.7224772897110554,-0.09224135983380821,0.08663069404218329,-0.8156791939435554,-0.11107959584438816
0.0,0.0,0.0,-0.11325021102877075,-0.10432016936405362,-0.053399684542209204,-0.16603092032239988,-0.2837259354311225,-0.07232796318243928,-0.13082029916164395,-0.4592424760196284,-0.08898943178739513,-0.0704653008351015,-0.5674200334060936,-0.10492291074187765,-0.1646939469576536,-0.4610199340735929,-0.012335159789728177,-0.20193837893096067,-0.6576435763423938,-0.04383752767473785,-0.2138614835743999,-0.778135871654468,-0.07597339408539479,-0.21475201540212172,-0.8864418614312812,-0.10185018994978937,-0.08836773796085046,-0.5039800308793152,-0.015395490306662412,-0.10964130584245915,-0.7247706547725444,-0.04032293643876796,-0.11922205629315226,-0.8624189805069851,-0.0774421058032664,-0.1256632638475192,-0.986149649215748,-0.10812500937682612,-0.01746612579489951,-0.4987948842227471,-0.028384218287173132,-0.01269733314597455,-0.7029256127392904,-0.057084723000817364,-0.013896104151495866,-0.8312136951322231,-0.0944634222839681,-0.015353448764885326,-0.937476904739407,-0.124303317247905,0.0536783263624996,-0.4609068629235802,-0.047561809740254465,0.07062847401031278,-0.6143155583896476,-0.0717371318627984,0.07746579926104227,-0.7190593438368786,-0.09253146474360982,0.08022447185436948,-0.8116893376147877,-0.11149815006897418
0.0,0.0,0.0,-0.11234881921906403,-0.10567885045490197,-0.051131582524861545,-0.16495164829667958,-0.2822564024912104,-0.06954440372240854,-0.13040017269135834,-0.45509480812339803,-0.08629161242594033,-0.07027050678124516,-0.5629602396473418,-0.10256635350679195,-0.16390659914840106,-0.4611986167361876,-0.010470492592696862,-0.2014377634874387,-0.6560688959450287,-0.04206833617785815,-0.2137219937160736,-0.7758855564097682,-0.0742632460560764,-0.21527148053511108,-0.8827932058322443,-0.10014953571623914,-0.08792482152777575,-0.504724340011552,-0.014944333630164421,-0.10933113670998297,-0.725500514708938,-0.03996736907842538,-0.1195625678215529,-0.8628038236794173,-0.07696603853205072,-0.12680718798697227,-0.9860903783102443,-0.10738034442285832,-0.016723097289997615,-0.4998100067452882,-0.02914009943047094,-0.012488342885647073,-0.7053325699160055,-0.05792225629769433,-0.013993729917201528,-0.8328203380608553,-0.09453005428065886,-0.01581536507596844,-0.9392264088849572,-0.12372899328147732,0.055000445425293074,-0.46079234391836255,-0.04932963566989876,0.07199367279496163,-0.6139363100525861,-0.07339537269441598,0.07892228581129229,-0.7181267696050775,-0.09313221271130813,0.0817772811238317,-0.8105167075542861,-0.11122288046451359
0.0,0.0,0.0,-0.11209971964840512,-0.10567492917223381,-0.05092761138827456,-0.16528040159945034,-0.2798252884958715,-0.06948517145206738,-0.13303889802907942,-0.45174899482736,-0.0866643200268698,-0.07329364935235211,-0.5609791527181078,-0.10305637837496565,-0.16211512605033127,-0.46438503512829554,-0.007311186722743407,-0.2022469489607433,-0.6573945477806401,-0.039187955517650114,-0.21602340804195955,-0.7767806068459293,-0.07151710211316314,-0.21812865771059803,-0.8829600919273651,-0.09723136513036913,-0.08639941577319071,-0.5066339781471918,-0.011727239949862748,-0.10999138249518371,-0.7257244895665432,-0.037378864780955534,-0.12107313639630632,-0.8631367130093904,-0.07421017070143425,-0.12804216819029493,-0.9863034822571308,-0.10387095550440378,-0.014681139872928883,-0.5013147260806595,-0.026111376660924807,-0.013437965475549872,-0.7040812346017805,-0.0554203994255323,-0.01652946891583178,-0.8309123238268923,-0.09099111415584529,-0.019565444201154865,-0.9372286071490745,-0.11890789245403673,0.05844429020244796,-0.4627348477614349,-0.04657611740249954,0.07565628418971582,-0.6134476383902556,-0.070317819157871,0.0821670550176257,-0.716759599946118,-0.08894472366668864,0.08439900108598333,-0.8090368679548124,-0.10583285643868054
0.0,0.0,0.0,-0.1148222652074578,-0.10853773955498527,-0.052969238175512336,-0.16736260330344777,-0.28285522968765503,-0.07191953076088181,-0.135184970885895,-0.45607085649743817,-0.08921856929935161,-0.07292068293835685,-0.5602154807975941,-0.10523310947990658,-0.16163793895028702,-0.46728651739248356,-0.0037419845893506935,-0.20254557097405312,-0.6600977699664488,-0.034895150866121424,-0.21733765842779462,-0.7795378134194376,-0.06802004613312534,-0.2202735870904608,-0.8868974219483151,-0.09438652973146677,-0.0847215501239123,-0.5093996609823326,-0.006281618952187542,-0.10756779362204306,-0.727616156738512,-0.030013677967560236,-0.11794517439351257,-0.8641852488000761,-0.06603641667109311,-0.12463149785158312,-0.987552907956982,-0.09545402532647014,-0.012429581988986313,-0.5041612986139801,-0.01932547182915965,-0.012516084550764554,-0.7054858302873653,-0.046070746474009265,-0.017176475952531255,-0.8311455296517565,-0.07965510785282309,-0.020924130385630242,-0.934861180703533,-0.1064938223889719,0.06213315414011085,-0.4663528021825599,-0.03904501235082361,0.07855544314058087,-0.6158506533186274,-0.05967017764220958,0.08468267185960994,-0.7183893911251116,-0.07641963959101272,0.08677779093693135,-0.809064244085691,-0.09218404409438563
0.0,0.0,0.0,-0.11329641481694638,-0.11155308679707969,-0.055677709928575694,-0.16246135817551105,-0.28722547387848607,-0.07261331605284507,-0.13276726181760398,-0.46305778681047216,-0.08795775077915331,-0.07677681987872984,-0.5729598120559339,-0.10085780498303779,-0.16012247934611257,-0.4675603669845464,0.006319187455997938,-0.20237745533364215,-0.6622485383096062,-0.02251346195728503,-0.2175051704944512,-0.7837453145884437,-0.054563124825939655,-0.220703939709813,-0.8910993269165995,-0.0796787245386337,-0.08198950395007716,-0.50901076476777,0.00660715395101012,-0.10553391397014808,-0.729363091825638,-0.014384752736402412,-0.11575326307382101,-0.8672202663626634,-0.049248252926016464,-0.12229311211138977,-0.9892981609322493,-0.07706902764067822,-0.00789880629473338,-0.5043585720708226,-0.004815580635715221,-0.009848630685966975,-0.7042434766408874,-0.029303147989351366,-0.016613593943125005,-0.8302676987380193,-0.06123316615321974,-0.02311262478026518,-0.9340475197750063,-0.08632293827988734,0.06956891433163262,-0.4685382914226085,-0.023526866821064394,0.0877051866210602,-0.6156867639843235,-0.04151988205564228,0.09296627255405251,-0.7171854885735665,-0.05630963474357292,0.09320562602457691,-0.8068416646567477,-0.070121219601088
0.0,0.0,0.0,-0.1150419774370608,-0.11626446760895018,-0.06055522267633604,-0.16154739039732646,-0.2887917534916822,-0.07873510500195754,-0.12962691986831215,-0.46308754483656167,-0.09486858270442114,-0.07660659825897746,-0.5758946912604574,-0.10791038469742484,-0.15654547313177808,-0.4699542570346756,0.01117018011519823,-0.20289969626716614,-0.6657124198627995,-0.01452537782013161,-0.21937462750308712,-0.7889234116772463,-0.045343862954694086,-0.22175519938986027,-0.896785506891673,-0.06903789293973096,-0.07898110245055082,-0.505589699835636,0.014538915949611157,-0.10438313045109285,-0.7281793152194764,-0.0007709480432797683,-0.11609227714467907,-0.8685769169615696,-0.033429515012988305,-0.12218232371726684,-0.9904583848994859,-0.05969505973175195,-0.004434078943423388,-0.49922183571678336,0.004924525528986779,-0.00935508710330985,-0.6986783608568032,-0.013810015529437919,-0.01847361014425744,-0.8251069908382498,-0.044506342330189894,-0.02628851554443047,-0.9260423395079707,-0.0691547406938379,0.07423922554165499,-0.4656188000532894,-0.01305840918868583,0.09041870099888927,-0.6122692283848636,-0.026478532038322764,0.09330676720036946,-0.7131791889406192,-0.04048333678416525,0.09184750355531368,-0.8014397251498706,-0.05395394411741081
0.0,0.0,0.0,-0.11649002315420931,-0.11714134833672069,-0.06339976109780134,-0.1615607778591118,-0.2899159552032293,-0.08143043487705523,-0.1280167599369752,-0.46437880145605365,-0.09664827825941683,-0.07330510521447917,-0.5761740722174276,-0.10858477219955248,-0.15504185230142048,-0.46861802688712245,0.01107703111045645,-0.20309146688526206,-0.6637895763655017,-0.015004035151741736,-0.22030101691754111,-0.7876064526414114,-0.04728886405397665,-0.22260350462202222,-0.8969365611560838,-0.07186104822353058,-0.07685984426696224,-0.5041135392719391,0.016698360516021887,-0.10386083426565755,-0.7257427027344752,0.001824940012486463,-0.11651337689296548,-0.868418743864756,-0.032303589497830534,-0.12231137566389458,-0.9905669103555712,-0.05972445476594149,-0.0014576931745455127,-0.49782779264105825,0.009014312304448291,-0.007627488863676272,-0.694569719764404,-0.008559894526985376,-0.018620317116548234,-0.8210372884482393,-0.040932315095788,-0.02753234304346773,-0.9201461972625029,-0.06688949058184486,0.07752553793047112,-0.4647254317771694,-0.007336560038291781,0.09338872252994616,-0.6092788765958218,-0.019258993259005368,0.09552156430487602,-0.7086546688534231,-0.0336899858002991,0.09354375962121006,-0.794136133205195,-0.04759002510083105
0.0,0.0,0.0,-0.11811509562277166,-0.11737322303965925,-0.0654365695532998,-0.16254162191949598,-0.28916695235189904,-0.0838075835560129,-0.12697590358885155,-0.4631906063228112,-0.09880015020597074,-0.07105744143164966,-0.5761469425940379,-0.11045049782879018,-0.15520429069230285,-0.4672676328528314,0.009485220964548877,-0.20404994177558228,-0.6632544639698592,-0.01669671044286067,-0.22175409127979695,-0.7876966581901783,-0.049551184903923615,-0.2244000019738587,-0.8977900471434758,-0.07456301560813525,-0.07629159552243364,-0.502411743674616,0.016201479710808275,-0.10399898537160418,-0.7245900089069013,0.0014719668003642756,-0.1167889305909647,-0.8688071497355325,-0.033518233419045904,-0.12236781369686672,-0.9904972224753748,-0.06174326133775927,-0.00030171491981963205,-0.49573165736364266,0.009407727922130692,-0.007238777615791163,-0.691678813394719,-0.008115978777404846,-0.019018521166120177,-0.8179373242410785,-0.04212613964645312,-0.028581466502798223,-0.9162991315072511,-0.06938468243903538,0.07927198670550668,-0.4629501455553703,-0.006162178168716502,0.09512428848688823,-0.6075028799937107,-0.018321593176214814,0.0968831918653037,-0.7061579988627871,-0.033880278530461994,0.09451520442686395,-0.7907583904343314,-0.04873387330913144
0.0,0.0,0.0,-0.11731161197731294,-0.11786359778748448,-0.06467060394825307,-0.16192943320481404,-0.28689139046930945,-0.08334817154327197,-0.1262370471949133,-0.46407122277531543,-0.0984067127114677,-0.07258294080918093,-0.5835784768068192,-0.109690269706091,-0.1579370285809079,-0.46926734943976767,0.00991863792800585,-0.20715136548755664,-0.6673049975590183,-0.01627857931127079,-0.22501125945895284,-0.7923969138787881,-0.04922690974322397,-0.22799631524683106,-0.9028313298716584,-0.0744906882007578,-0.07866129741630865,-0.505087768232261,0.016867225611942264,-0.10739309022804545,-0.7283844643835278,0.0019312265493762336,-0.1211613174461379,-0.8700985518610316,-0.033236269950243966,-0.12798094081741523,-0.9897967497068962,-0.061860257446891345,-0.002539011685404789,-0.4984327456957707,0.010660278327129806,-0.01002460029724487,-0.6945996509658852,-0.006714837323112044,-0.023397441093695404,-0.8178698182684974,-0.0393072180751564,-0.034133944454853626,-0.9127966567486772,-0.06580399193102285,0.07906927484301597,-0.4639931539505688,-0.004216429363452876,0.09372943733607048,-0.6078098806407273,-0.015975619184141882,0.09401433812955604,-0.7058671523110984,-0.030524165953875766,0.089849955386967,-0.7899207162703175,-0.04464575944161772
0.0,0.0,0.0,-0.12152508748135393,-0.1223367279798843,-0.06388875878396721,-0.16591702093599398,-0.2992549880653067,-0.07822908978332199,-0.12388164728328224,-0.48178134626115643,-0.08936906655888543,-0.06554255635437087,-0.6010871584126898,-0.09628010903576134,-0.16126239641881832,-0.4685484818134035,0.022468901623695116,-0.21025281558362052,-0.6696190577643351,0.0032698964039448945,-0.227644270663309,-0.7958840648250314,-0.024659199488343598,-0.23116547051450423,-0.9053106220204121,-0.046611419730530235,-0.07957495071224856,-0.5049948703723145,0.03111619927020358,-0.10799582055128393,-0.7312273734854476,0.02377749092147894,-0.1215592677131585,-0.8721273155707432,-0.006806133071770953,-0.1291160829718671,-0.9906374679289164,-0.03211595543314834,-0.0022115098470331966,-0.4987723029337932,0.0259171602009914,-0.0051925080649306,-0.696477233097696,0.014245075374365132,-0.018265824021620233,-0.8188278559480512,-0.014698384519214777,-0.028502355240098348,-0.9131894968081484,-0.03875308350428292,0.08171546364656074,-0.46465041738420293,0.011717531461365605,0.09987748019390116,-0.6069256623415357,0.00481731234466745,0.10149313919245512,-0.7045080689529107,-0.006410013955069462,0.09825230333361515,-0.7888798014284908,-0.018186972468296845
0.0,0.0,0.0,-0.12262156173624406,-0.12592241676068602,-0.05856016594629514,-0.16493549126977988,-0.30538868175089406,-0.06976424489256294,-0.1201838976119136,-0.48490411803196964,-0.07857100094517555,-0.06334028802735261,-0.6036683324707057,-0.08373225927373222,-0.15774400056542415,-0.4690590501012981,0.025900860230569825,-0.20887171355910786,-0.6685010213462659,0.008265928540368239,-0.2290118754445728,-0.7956103473620747,-0.01763681552225721,-0.2349046139264597,-0.9058722837986991,-0.038029494891269965,-0.07550142289929523,-0.5046329966742117,0.03225393487586316,-0.10335258992309918,-0.7298594075679183,0.025330482631185248,-0.1179110686126137,-0.8720789843252834,-0.004652430601314622,-0.12612053924892994,-0.9913481527646121,-0.028898326386395667,0.002288466765711631,-0.49595995507916546,0.025399998363610267,0.0001490959045879433,-0.6923072486115424,0.012640860357838818,-0.013733784051859842,-0.8167287228319826,-0.01702158983377583,-0.024511311937684764,-0.9137506763721113,-0.04080944487253846,0.08555276965386302,-0.4595384227228182,0.010355533973269913,0.10654765811883342,-0.6027956427402617,0.002323087214536489,0.11057776319049356,-0.7019841104210502,-0.008875450996874772,0.10975777179878471,-0.7889324661639492,-0.020131545082716282
0.0,0.0,0.0,-0.12352010414480179,-0.12735929072660185,-0.05742414721991477,-0.16552261617421776,-0.3058566533089746,-0.0676173465556422,-0.11824006398463308,-0.4833871511975182,-0.07538955724582799,-0.06127210361340435,-0.6020154226203887,-0.0797698906653443,-0.15912934335538942,-0.4710892549184208,0.027267302202757297,-0.20815390092671096,-0.6684949091698893,0.01067019066611495,-0.22626548581014344,-0.79587938812326,-0.015462901932281642,-0.23080386330346442,-0.9064776797053873,-0.03670695305235448,-0.07343796985156592,-0.5064906060158003,0.032851773221364226,-0.09769940594955004,-0.7331308750500002,0.0273766036495228,-0.10854052753558088,-0.874174584312777,-0.003010133195817097,-0.11451294154511585,-0.9928211734029833,-0.028498592937465893,0.005325892491310589,-0.49579554701423684,0.02540824997411713,0.008185405254685661,-0.6930494612075786,0.013133949823779611,-0.002823572691854846,-0.8199059253729024,-0.017488818139931032,-0.011811005513657767,-0.9193424518198604,-0.042827474057980194,0.0904636095465286,-0.45545862741926835,0.009995818666291102,0.1149773131345516,-0.5997656616477058,0.0016367729554705715,0.12120429807163836,-0.6994921472877071,-0.009776280416942906,0.12108575162194064,-0.7875395288964468,-0.0218529244098061
0.0,0.0,0.0,-0.12520849190700614,-0.12889773251817715,-0.060507193758,-0.16603920788135815,-0.3083737393823479,-0.06914573797551726,-0.11553076046867258,-0.48200249533997447,-0.07454346272930032,-0.055033910350464725,-0.5918233620272184,-0.0758358217833289,-0.15911418289513768,-0.4737250328639332,0.033066568307415514,-0.20835510044041028,-0.6682070246776397,0.022357299653797697,-0.22655565095874935,-0.7957518319000192,0.0003573954111925851,-0.2300267579748438,-0.905201613221559,-0.017376166580803685,-0.0727754596278958,-0.5079237965580479,0.04268735963776122,-0.09723851925053745,-0.7305336070536594,0.046412291012378225,-0.10844048849980013,-0.8732647470255822,0.023571329617961417,-0.11394636773286897,-0.9928440229699826,0.004192475064592773,0.006775962980425878,-0.49616339755889116,0.03824915259783425,0.008508681122816907,-0.6907272168882996,0.03419655576148142,-0.002494022644348311,-0.8181099879027207,0.00947791616624376,-0.010308958475066913,-0.9179318828476211,-0.01133971599268106,0.09136920459880327,-0.45730344045888416,0.02485149681537919,0.11556527220966131,-0.5993205478405081,0.021477985186137836,0.12214650059168358,-0.6983602001760097,0.012876104352179745,0.12415938920576508,-0.7877267653144959,0.0038321285364910466
0.0,0.0,0.0,-0.12984322434887138,-0.12977448194134011,-0.0606275743072041,-0.17311537214588515,-0.3169655768559034,-0.066654050553278,-0.11846598189489832,-0.4908587072327121,-0.06912762641499758,-0.05543039179383752,-0.5986433379558307,-0.06754073704154984,-0.1623927288310374,-0.478090550901234,0.035985047778356094,-0.20754509383529532,-0.6744211663129185,0.02775807863623375,-0.2233716694441385,-0.801551675410993,0.006490511151043965,-0.22632258366722374,-0.9098024898279533,-0.011123503215977578,-0.07369862123432677,-0.5134612953511937,0.04655477185552437,-0.0950216498216663,-0.737415441709272,0.05321592165097393,-0.10344312674440127,-0.8778143193469405,0.030812841360168486,-0.107504433339603,-0.9937760548822587,0.01134547226115165,0.005688020929514425,-0.5022087100686192,0.04304009597467942,0.0098919580032573,-0.6998558447149565,0.04162007019323874,-0.00043006687148928417,-0.82756047474219,0.01761654336298263,-0.007832459002522173,-0.9267944548002607,-0.0031424455720308673,0.09020702831375085,-0.4631999574808504,0.030462744113497392,0.11310207007981318,-0.6085077297253028,0.02948346184052865,0.11777813178304739,-0.7067374023687584,0.02248259969956408,0.11785414943710806,-0.7941572905860796,0.014288721432245431
0.0,0.0,0.0,-0.129072957013034,-0.1286500704153207,-0.05856807439726218,-0.1729577928204593,-0.31641033344218195,-0.06367060959479542,-0.1170777060025143,-0.48946969276784125,-0.0654866420989317,-0.053466829694839964,-0.59409991019442,-0.06380304813671815,-0.15967193255698675,-0.4792748600693739,0.035799933134463335,-0.200672898842365,-0.675702772392258,0.027094082848422407,-0.2151165934610304,-0.8020610371891812,0.005151496406035634,-0.21714022860721474,-0.9101658631646024,-0.013298539394591916,-0.07172041496506715,-0.5142131475045224,0.04515122809790775,-0.09129935043240336,-0.7378472563765868,0.04995287066408596,-0.09806584876580657,-0.878174614280613,0.025725628145231855,-0.10078769080689168,-0.9946700143834827,0.004802306109322633,0.006350177121024738,-0.5016186892416004,0.040797090397256666,0.011314942219900155,-0.6996529527241808,0.03733196612715675,0.0025099171877237016,-0.8277352417519301,0.011292714426405174,-0.00399192010058621,-0.9276579850477205,-0.01085098918023045,0.08951074354210559,-0.46121778585768186,0.02781876659723507,0.11272370023199779,-0.6088329701185926,0.02486565524778181,0.11719798693986161,-0.7081440754813457,0.01628979590935298,0.11667072056157915,-0.7967116970889849,0.006837015359974375
0.0,0.0,0.0,-0.1285057786851716,-0.12748621093252,-0.05274661772301684,-0.17153412776749816,-0.31878635528953847,-0.056403274736053874,-0.11373449572940739,-0.491844002851143,-0.057944187925790924,-0.05046497682647463,-0.5951982878870186,-0.05663449786925162,-0.15455141231959513,-0.4833628415919534,0.03652190535751494,-0.19029929983618332,-0.678815154968833,0.0266857951331235,-0.20291406518064212,-0.803128964174713,0.004129406284745575,-0.2042640008937218,-0.9101098604146707,-0.01515688074642995,-0.06800361840308117,-0.5168537465216725,0.042063012350667,-0.08471040870104778,-0.739343100157017,0.04407450054021167,-0.09023781305821651,-0.8791816129573379,0.018858019596190448,-0.09220610917414576,-0.9955540753935571,-0.0030297472835711455,0.007805936926401294,-0.5021334420425021,0.03453368389530853,0.016513052333784035,-0.7010911358152503,0.02873517447022274,0.009985566754386133,-0.8289307976982487,0.002331625814285455,0.004530648218908738,-0.928858384104503,-0.020354513311023413,0.08817239285242803,-0.45881388628858705,0.019010568825065056,0.11334779524654567,-0.6065911640188357,0.013842806127822162,0.11746027882004224,-0.7066086843769308,0.004505446761429329,0.11564642920712043,-0.795481217162919,-0.005840189033039829
0.0,0.0,0.0,-0.12591574494101976,-0.12442430168694849,-0.05175874176742293,-0.16957873481665114,-0.3191173643877179,-0.056880567854534776,-0.1111337942460551,-0.4891689455518071,-0.06038892766299018,-0.04677236557053721,-0.5871908014498,-0.061372179748849044,-0.15351812174292248,-0.48775685129451807,0.031118177380286667,-0.18692680549113838,-0.6811535489176735,0.01872606881040365,-0.1976090524123944,-0.804545968750742,-0.004583837971874837,-0.1972890775095973,-0.909901074427391,-0.02454122757057896,-0.06747383343607827,-0.518989098549599,0.03435685537771082,-0.08308790748484146,-0.7391037154611874,0.0328015544894794,-0.08682767603839593,-0.8786440586744522,0.006896876567348475,-0.08714354765537242,-0.9959007450092784,-0.01524258801679589,0.008352464343011113,-0.501795355047562,0.02479230393936132,0.01868415549755576,-0.6998079670316326,0.014684927045123468,0.015185506591291347,-0.8293188641145783,-0.014109846914702321,0.011109871482683827,-0.9315018151205986,-0.03803690235705486,0.0871083602903612,-0.45605035940650185,0.007574564032435336,0.11568182471677424,-0.6033989823646737,-0.002423622866295525,0.12156892384197623,-0.7037983380017425,-0.014668508188362508,0.12062232367207756,-0.7929337077941423,-0.02686297239068965
0.0,0.0,0.0,-0.12037242640221366,-0.12084708463787655,-0.05128233478107387,-0.1652751800494546,-0.31543776027710946,-0.058701818007805655,-0.10900091350913779,-0.48741738529895895,-0.06452974204424626,-0.042704131807277605,-0.5859575062866189,-0.06774169961157896,-0.1532440431976736,-0.4856528741435179,0.02346165775707279,-0.18360234933174208,-0.6802123356423568,0.008692388416313201,-0.19407916344212342,-0.8034516548830162,-0.014368986837058074,-0.19455029816942215,-0.9086004259931777,-0.03399395318289939,-0.06757144322371583,-0.5161866558719366,0.025391954269477258,-0.08182279872798401,-0.7360535960144414,0.020679574222284242,-0.08782908266095443,-0.8764782451075566,-0.004690686587294044,-0.09081487555923931,-0.9953781168625366,-0.025889530973039827,0.009289754249729418,-0.4983818121449337,0.01512382838556223,0.02063270175622129,-0.6975520338237247,0.002052527662503666,0.018092897200589403,-0.828030987433628,-0.02592760304459361,0.013894837614473332,-0.9313631280645686,-0.048578989448182175,0.0875422534663111,-0.4521086818002921,-0.002485544890553926,0.11865825675613123,-0.6004883935260604,-0.015390395917461738,0.12539109730301556,-0.7032474096882617,-0.02802808316481733,0.1251266081091267,-0.7944014950163218,-0.03981119682139828
0.0,0.0,0.0,-0.11564658089148218,-0.12084030287369175,-0.05195654008559847,-0.16046250408994436,-0.31615189147633405,-0.061715195718602386,-0.107236146843101,-0.4861696433080455,-0.06943145251850782,-0.03895046785789284,-0.5792610757686418,-0.07454420836591226,-0.14929962091006654,-0.48602598943201414,0.014910913169311089,-0.17814778794053582,-0.6797532631104616,-0.004054105077942698,-0.18830546415934726,-0.802658807204976,-0.02948266184026861,-0.18917482821914636,-0.9092152206072346,-0.05035370936048719,-0.06542445871784774,-0.5146426809415818,0.016610079223533986,-0.07861586295925847,-0.7325339773333669,0.008372017036314008,-0.08564368549991261,-0.8737841448032806,-0.01759977616651098,-0.08949549429060205,-0.9950613735028484,-0.038964440223557856,0.01119649477235309,-0.49616764766850874,0.006720769319207856,0.021634870572732764,-0.6943368082968444,-0.007594954620515038,0.01805521749813692,-0.8246833011514394,-0.034064635891293854,0.013348352952784817,-0.9280313293009519,-0.05539071012993807,0.0879239182234631,-0.44981563732938423,-0.01059522020847133,0.117911675064788,-0.5952948260385555,-0.02304983483425553,0.12513298338535248,-0.6979399340762703,-0.03419860293272038,0.12643677781611665,-0.7880138148632503,-0.044765231157206584
0.0,0.0,0.0,-0.11474342622562944,-0.11662926264143714,-0.051948423573436264,-0.16019508523585163,-0.3146792315755993,-0.06209679379274834,-0.10805183949631889,-0.4872248202965817,-0.07052674320957447,-0.04026707989983992,-0.5784528328534051,-0.07628351666467902,-0.1524501162006223,-0.48416434249710305,0.015207908071132972,-0.18034081801705082,-0.6788518108005834,-0.003792660689924639,-0.19081144199904831,-0.8018114099454241,-0.02857361102434921,-0.1931544476639637,-0.908137369103925,-0.04894488262578235,-0.06950040447856448,-0.5128972443034522,0.015925494412551137,-0.08087167664563728,-0.7308793566017748,0.0071286308065288614,-0.08774099677816935,-0.8733947544669616,-0.017725872498027782,-0.09205107443482835,-0.9949570605434088,-0.0376315419585226,0.007547777940702772,-0.4941541450250339,0.004938328826231499,0.017215753523572942,-0.6927043077868605,-0.00978983508088246,0.014365792792097914,-0.824044210807293,-0.03450675720491981,0.00969886287105272,-0.9285831318947805,-0.05411041711986677,0.08400236162380706,-0.4475854149110976,-0.01359114949221012,0.11285350322604193,-0.5947171251744753,-0.026608018890298478,0.12103582705806243,-0.6973954853858665,-0.03653176071617273,0.1237185194700331,-0.7870091601566978,-0.04570382138173176
0.0,0.0,0.0,-0.11419036858233547,-0.1133353542013181,-0.05129204273535472,-0.1597592597925911,-0.3190322093079897,-0.06115441261690052,-0.10557619492512979,-0.4934908772116846,-0.07131132870330142,-0.03380258271768839,-0.5795130087033707,-0.07904670669128042,-0.1533574202873611,-0.4847793722363174,0.024248692817471593,-0.18309914054435522,-0.6783049979298612,0.008308185068949366,-0.19222547196539402,-0.8022165774319678,-0.013073601160966853,-0.19183456545345,-0.905506882458518,-0.030341325160113206,-0.06971082330726483,-0.5134267954608912,0.022423358467879746,-0.08058289513731659,-0.7306018491895059,0.018427801447065364,-0.08792280913222972,-0.8741559125296917,-0.0019260684107942367,-0.09294421432060042,-0.9952697955557149,-0.017236547806043397,0.009185229794857785,-0.495640348847857,0.007577465434457615,0.020228228935442842,-0.6951035636960952,-0.0034318173390100043,0.01689036278662788,-0.8284088122808415,-0.024193220319604723,0.010555772625758953,-0.932647350033545,-0.04005278521362482,0.08564507685988045,-0.4532195085797788,-0.015512606237836953,0.11246197105650518,-0.6026230790143994,-0.02683479310443191,0.1195893899970124,-0.7067432028806876,-0.03452574561132618,0.12157982933947821,-0.7975522080170862,-0.04088135374842838
0.0,0.0,0.0,-0.11204083749289885,-0.10653068005345886,-0.047813818850423136,-0.15783508109414607,-0.3128854954606969,-0.05574266356802832,-0.10762045481385758,-0.48770818482224687,-0.06404051801865188,-0.03877783250732603,-0.5752965061022786,-0.07038168701666261,-0.14959961894219342,-0.48665725513711516,0.02036936998135878,-0.18034271307500227,-0.680831452344618,0.0010770100391455859,-0.18821614635244616,-0.8035529754826632,-0.022131578754080644,-0.18557330880388948,-0.9074431780688514,-0.04040721643537864,-0.06669050142544405,-0.5177524819049555,0.01670345782648342,-0.07729160491312373,-0.7347394870275348,0.007840159211893653,-0.08376412384621157,-0.8772883491639433,-0.014110953683312919,-0.08726987577594601,-0.9955081050580619,-0.030014805129062277,0.011417142230717697,-0.5001136244713758,0.0007124948479654324,0.022157709502510246,-0.7008101081603981,-0.014817877459396849,0.0198657611294114,-0.8319468669771941,-0.03616807301003768,0.01495830443832588,-0.9362846333769158,-0.05174770045363462,0.08604531559417365,-0.4561807854799527,-0.02285986029137032,0.11162922544523082,-0.6073330293538715,-0.03784166428431153,0.11954486795128522,-0.7092477406287232,-0.04618739445577326,0.12258590189616897,-0.7999047986849422,-0.05257151677554252
0.0,0.0,0.0,-0.10845200194985641,-0.10616701769493159,-0.047203535601417296,-0.153628902842342,-0.31232869666015584,-0.055636681799282925,-0.1053693075735633,-0.48437239109367003,-0.06411562033810408,-0.035806637386167905,-0.5645030523648764,-0.07044172366235744,-0.14850618823620274,-0.4909999832658063,0.01599046052869399,-0.17824441819776415,-0.6839999195206146,-0.004749735787282096,-0.18485706287729692,-0.8034214990909616,-0.028754645356812696,-0.18015883716768427,-0.9062622031161083,-0.04754426029984987,-0.06599261071039458,-0.5235234854569581,0.012455011725745091,-0.07616217273090248,-0.7395847359133799,0.002321238617962358,-0.08126694834485176,-0.8797581793034044,-0.019476733119631433,-0.08284827430316859,-0.9957930792814531,-0.035487687686785827,0.012825153366351937,-0.5063050751748672,-0.0028623989222472564,0.02377993090606311,-0.7063969686239696,-0.018519329901845277,0.022908184668619085,-0.8346074927319596,-0.039075711992927066,0.019136916687634013,-0.937579271972779,-0.05427329677261836,0.08771855153052825,-0.46205390949548786,-0.025614472738760382,0.11223321379649773,-0.6116933735862915,-0.03954126848586499,0.12018264933331319,-0.7116456038473247,-0.046758997916468065,0.12349191244147147,-0.8001955416995062,-0.0525740565451068
0.0,0.0,0.0,-0.10715318379917307,-0.10405737544525742,-0.04427837833170241,-0.15060374126503268,-0.30217272577842136,-0.05292640041779112,-0.10740989314112986,-0.4697819857586014,-0.06291655969842018,-0.0426808970283952,-0.557696282747963,-0.07074409026351161,-0.14255098688098497,-0.48916823952891964,0.01866648431059697,-0.17398123273868016,-0.6822603507241758,-0.0030290928025667086,-0.1829341394060795,-0.8028536258664225,-0.026332898530025135,-0.17965165713079928,-0.9043865625028222,-0.043321753978707016,-0.062308147851058066,-0.5209003913434317,0.01328895555460365,-0.072535263311859,-0.7387569295997441,0.00363424527111964,-0.08008030449954451,-0.8805901857637075,-0.015417061019801634,-0.084279653177987,-0.9959460993802915,-0.02823387670016807,0.014880134784385927,-0.5040774918323989,-0.004005297421088816,0.02591427026009479,-0.7042406577590774,-0.01863354120285968,0.02397144348571359,-0.8339667238966164,-0.035066682501415744,0.01958390417835189,-0.9358129036480015,-0.04650528382081032,0.08765605822889394,-0.459831495670617,-0.02879379665115943,0.11269503700058296,-0.610126929110014,-0.041746086680745004,0.12059334045052332,-0.7108866579392953,-0.046483282945721356,0.12429684937873908,-0.7988526327743398,-0.049479395596476
0.0,0.0,0.0,-0.10694648055655485,-0.09824192200499404,-0.04580362528817031,-0.15451753375042826,-0.29568012912053687,-0.055284777291149244,-0.11627415971228147,-0.46946659813624453,-0.06566656003721932,-0.05239358044956449,-0.5659327832517469,-0.07379147020342622,-0.14274894374647437,-0.4874578406594057,0.015154778907764663,-0.1769757426914883,-0.6792579294354553,-0.00797656524311187,-0.18787445436635408,-0.7999958501557919,-0.03245465002391586,-0.18612634112022905,-0.9006726422736373,-0.050672129332862116,-0.06445599645775912,-0.5196912261076717,0.010058681544568848,-0.0756623834514697,-0.7373676358737764,-0.0026416048048627976,-0.08348086664971481,-0.8796597598193754,-0.023874712095498463,-0.08727615651642281,-0.9953291245518144,-0.03860461931167103,0.012025356455055525,-0.5031928870018656,-0.006951335786777769,0.020485813552445713,-0.7031826156061938,-0.024703292440922585,0.0172341354526732,-0.8333843042300102,-0.044683175047966456,0.01276471729004918,-0.9367711079998893,-0.05902507636451099,0.08438984112083747,-0.4578753540832176,-0.03134766185926827,0.11132853216966163,-0.6078715255086565,-0.04772627293962675,0.12053092363552509,-0.709719402681102,-0.056264031623150385,0.12615327716273617,-0.8003206612790499,-0.06243725528308955
0.0,0.0,0.0,-0.10599832134210661,-0.09795447802133243,-0.04667723478611384,-0.15424254819443697,-0.29769678377378306,-0.05572140069926271,-0.11264533236549912,-0.47360566106293644,-0.06496947854134291,-0.0449565910207779,-0.567196663436361,-0.07216204569513161,-0.14200706465325838,-0.4906475387603465,0.012683022307178866,-0.17610269433140277,-0.6794289086303871,-0.009814839211794673,-0.18772829157338208,-0.797668606808785,-0.03449670421367522,-0.18672733959377014,-0.8976446622507487,-0.05371617703227978,-0.06302649543814806,-0.522779143496094,0.008329491223987694,-0.07442227555372538,-0.7387585913333387,-0.0049235424646095205,-0.08171978886850456,-0.8799604866690679,-0.027604311400330005,-0.08450563225779356,-0.995378459183771,-0.04401505646552102,0.013605825726994848,-0.5047055945977147,-0.00767627362859701,0.0220460390129197,-0.7020925069717517,-0.026842341639401447,0.021546240912609812,-0.8307304362432175,-0.0495946945389978,0.01985466881169739,-0.9345131047533473,-0.06620241937951027,0.08630955965751627,-0.4573946090122636,-0.030818325676432626,0.11392552816003662,-0.6074828493633364,-0.048722834730214604,0.1244937743669681,-0.7078977720415286,-0.05920181955290343,0.13140212465311255,-0.7982902658588618,-0.06731719278795814
0.0,0.0,0.0,-0.10508648061199591,-0.0997051356444465,-0.04970029419587635,-0.1543626884417822,-0.2985880049864176,-0.06083705168724154,-0.11444172107180918,-0.47780936669643503,-0.0717580731795479,-0.04495593596763829,-0.5689990413499104,-0.08034128340513655,-0.1418507305959734,-0.48937257487339714,0.011426993363643775,-0.17656356336639834,-0.6770139283775976,-0.011536611388328157,-0.18819055382243075,-0.7951545781595659,-0.03624458566910252,-0.18661937377124732,-0.8947810857985572,-0.05567669005916553,-0.06264259887755234,-0.519519751741264,0.007923696523662873,-0.0735275686871518,-0.7362053650272602,-0.00652023928695253,-0.07964258514756425,-0.8774702290204385,-0.03025283139675837,-0.08072623769959926,-0.9955520562849884,-0.04754968220998673,0.014382694675061371,-0.5002265373960907,-0.007600051293962726,0.02267841744488769,-0.6977784023748618,-0.029132906121901093,0.02387313531389662,-0.8283691511657335,-0.0544580076280337,0.024217269944807284,-0.9349083429198981,-0.07266648652442327,0.0875539206546875,-0.4526523936657987,-0.03028219909694633,0.11475860039319341,-0.6037203127760298,-0.05029980967267396,0.12625668567555906,-0.7049966493349603,-0.06296585064691906,0.13413412404111497,-0.7962124168479854,-0.07278239067699693
0.0,0.0,0.0,-0.1050117831954073,-0.10118134895390522,-0.050933505946035976,-0.15515653917879804,-0.30032578249570735,-0.06299684104909828,-0.11562320212922392,-0.481228495013189,-0.07403986004035426,-0.043670202511518,-0.5690670501207717,-0.08280794383280446,-0.14191625012352238,-0.4898094181526012,0.006599520074656912,-0.17713486609251766,-0.677811909320428,-0.016863173678560044,-0.18922251116678862,-0.7951958310475724,-0.04239499363255495,-0.18816633894960016,-0.8958587521654731,-0.06300881058244932,-0.062235146304668115,-0.518738311289724,0.003819472258336336,-0.07301033838311671,-0.7358010964439838,-0.012236661565592038,-0.07837440138409166,-0.8766903562717407,-0.038224268034438735,-0.07824428862527202,-0.9951722588336884,-0.057863060046940334,0.015045915589860574,-0.4985919826016645,-0.010492518130010677,0.02390213630124546,-0.6952046113817602,-0.03355446971580668,0.026580295208397702,-0.8257217535864327,-0.06207360707850135,0.02842358168032199,-0.9328697307301417,-0.08300233127310278,0.08873560032207994,-0.450417932360702,-0.03170214152963073,0.11584237785235467,-0.6021272501732678,-0.05253522350679822,0.12810487447037733,-0.7027636012087479,-0.06704630887848267,0.13632349747145836,-0.7927401560160867,-0.07890851678157265
0.0,0.0,0.0,-0.10485253765114055,-0.10372534934508608,-0.051967839132528074,-0.15555968377296756,-0.2993703393987315,-0.06638267809217867,-0.11748444091750904,-0.4803516378095193,-0.07934506068109862,-0.04443788992552933,-0.5665460421495765,-0.09018278233151009,-0.14196148307946466,-0.489987805327771,0.0017924308355062532,-0.17733956329699702,-0.6774014432306545,-0.023802498089790416,-0.18961345845144267,-0.7943136592216675,-0.05136986041889033,-0.1885748289076789,-0.8962233551547912,-0.07367251923889187,-0.062308925332848084,-0.5182291043582467,-0.0007490863209251523,-0.07261770704975268,-0.735335348374526,-0.01919664211966278,-0.07761562235915932,-0.8753118413160845,-0.047394444485584095,-0.07682651520809744,-0.9945364214683277,-0.06916569020263738,0.01497791667575503,-0.49808300500531344,-0.014408144215922056,0.024017569767396104,-0.6946670093017232,-0.03883391586269805,0.027754578634090712,-0.8239354439293887,-0.06855129014257039,0.030671406468473997,-0.9305561965494293,-0.09067346376937496,0.08946119682236564,-0.44934103986598467,-0.03490270089678153,0.11658770607251479,-0.601479166704921,-0.05584091435443839,0.1293289851132712,-0.7021679498991991,-0.07074397154400522,0.13765295975081104,-0.7914457860334871,-0.08336362090419804
0.0,0.0,0.0,-0.10563965572123599,-0.10244049017364266,-0.0535714573636074,-0.15705153050032744,-0.29841839448746343,-0.06836809420123588,-0.11995451258459683,-0.47981669908521307,-0.08151794330451692,-0.04740584908654167,-0.5673141073573227,-0.09237203366210438,-0.14349044956382256,-0.4918478723659821,0.002167910545944594,-0.179779083879896,-0.6790285893583474,-0.02345543106847321,-0.19291135588067979,-0.7960951720125349,-0.05110331873320584,-0.19242704268386904,-0.8984536770746734,-0.07354813352980305,-0.06342793809443878,-0.520607407991509,0.0003113207315383215,-0.07459578838327172,-0.7365978984006928,-0.018120381525321028,-0.07992252261356758,-0.8758570607144379,-0.04635444635276613,-0.07901333123578654,-0.9944801180288835,-0.06822735825643123,0.01395844985039878,-0.5006683652123335,-0.013009006223385935,0.02240796190261573,-0.6970708613315492,-0.03749904961890522,0.025351399101008816,-0.8254117219380467,-0.06720071231568106,0.027555501680168657,-0.9317467531440476,-0.0893427376196614,0.08809053612121717,-0.4521765091492377,-0.033367379315079326,0.11387446591761054,-0.603855449002131,-0.054414459192708445,0.12552400387477639,-0.7042367839769198,-0.06954001357391001,0.13283309813130034,-0.7937690661764101,-0.08233757450613455
0.0,0.0,0.0,-0.10543140779195019,-0.10035539099725849,-0.054366462393321074,-0.15840071637906247,-0.29388984965482046,-0.07013549651469858,-0.12314208071662594,-0.47543631780469786,-0.0837987020912716,-0.05029626766500343,-0.5638935085312501,-0.09501431641205793,-0.14586568673856093,-0.49196813415265717,-0.0011576780248930558,-0.18178066130431614,-0.6796496741230498,-0.027312719755228712,-0.1959152124949708,-0.7967207065757614,-0.055190122925512404,-0.1970836483906863,-0.8997524000496967,-0.07784812148201548,-0.06568057681176163,-0.5219976994992516,-0.0023227748223910143,-0.07674376503792273,-0.7377517181340187,-0.020729655436620746,-0.08220796236820452,-0.8760563556101737,-0.047978205702962115,-0.08173113093707407,-0.9942051361385634,-0.06936714204358169,0.011883851937094035,-0.503284493099197,-0.01477462515867863,0.018354888171718233,-0.6989318326124838,-0.038635322965024047,0.020524513496384896,-0.8256815013427625,-0.06669233572423558,0.02237922114867222,-0.9310073840824679,-0.08790710630902678,0.08617212451732831,-0.4556607386772047,-0.03439154808353029,0.11092460745531488,-0.6072055214090151,-0.05475169587179371,0.12319814474829087,-0.7070484669632302,-0.0688146972187478,0.1314768529553608,-0.7955996731645603,-0.080872870851848
0.0,0.0,0.0,-0.10440491557308129,-0.09978000365037745,-0.05514821855045848,-0.15807964588848616,-0.2908844120488083,-0.07199036612435666,-0.12477697171444849,-0.47173456491045485,-0.08653331411625607,-0.05288445531546347,-0.5640299547962275,-0.09860831494199807,-0.14567662401394785,-0.4904887066298564,-0.0034607968172810154,-0.18218033393463762,-0.6781846154447404,-0.030697455830604122,-0.1962247327869972,-0.7952759614691436,-0.059011947994387096,-0.19690502472862703,-0.8983379778660645,-0.08193262036735853,-0.06555755874676339,-0.5205706040468855,-0.004580248120127396,-0.0766053233896063,-0.7369105423847102,-0.02431407648351377,-0.08196128433389253,-0.8752060049480122,-0.05236610850497847,-0.08137130995683309,-0.9938730959047924,-0.0744117390827131,0.011823685437058223,-0.5020481543381059,-0.01695857200299453,0.01778294804539973,-0.6982412380365316,-0.042367072301472394,0.02001056019554355,-0.8251314715875369,-0.07134645717100106,0.02197167821197611,-0.9317878638356121,-0.09320833793080831,0.08605325186417237,-0.45423782193730977,-0.03642955700858329,0.11079016759448213,-0.6061035556153117,-0.058282742240677976,0.12306371270129499,-0.7060739670367727,-0.07335304476726404,0.1310980722032435,-0.7954412777735151,-0.08619132160859971
0.0,0.0,0.0,-0.10421108493264572,-0.09978126092366531,-0.05481570474225178,-0.15814898896513446,-0.2905215571456283,-0.0720554333214197,-0.1270173114373584,-0.471267817035125,-0.08721820801880648,-0.05574667605311455,-0.5634499127600412,-0.0998094428809045,-0.14592781572494165,-0.48964946486661687,-0.003494319194690732,-0.18297682504631738,-0.6776083730866856,-0.03164069516031203,-0.19740754750441558,-0.7947413574876193,-0.060414785200489166,-0.19812237341670247,-0.8982974150593492,-0.08335090835703372,-0.06672175744959433,-0.5208518837532827,-0.004686644890349925,-0.07908468127027014,-0.7365525311250396,-0.024952884457720113,-0.08521832471612448,-0.8750735460294861,-0.05276422760561421,-0.08492327090598353,-0.9935861360474181,-0.07438408873069191,0.010463031467056343,-0.5037271768839887,-0.017118823811599446,0.01637214825956388,-0.6997303722231798,-0.042252795483109645,0.018405998785512058,-0.8258579642071765,-0.06991287884619504,0.020259101035808455,-0.9304794046160947,-0.09058639085034562,0.08454641323014578,-0.4570526759971003,-0.03675322231561366,0.10944113305751688,-0.609046770143916,-0.05773275998715485,0.12158983980694604,-0.7094252954152378,-0.0718198177692172,0.12952423705412758,-0.7982097259217408,-0.0837172179692717
0.0,0.0,0.0,-0.10520837558905294,-0.10061830506575967,-0.05325296604870204,-0.1589363907313731,-0.2913229185881832,-0.06969453090573022,-0.12785608890895192,-0.47001520872812386,-0.08438009056590579,-0.05829652613617686,-0.5602302732781326,-0.09661557635630888,-0.14437841704857488,-0.4894483610247639,-0.003084926782911803,-0.1824951456855121,-0.6763354175356657,-0.03141975012703582,-0.19744410683957575,-0.7935739132129482,-0.060315073466727126,-0.19867134843806059,-0.8972734269162783,-0.08327366703049485,-0.06628397901157118,-0.5219766267569527,-0.004858533328637455,-0.07978799013733984,-0.7368243582904956,-0.025154797855910925,-0.08662685339843143,-0.8750134494795708,-0.05276120064756819,-0.08713511179733012,-0.9934130542941931,-0.07424430135484723,0.0099445790219348,-0.5059096314929051,-0.017687280570524877,0.015582269102082172,-0.7013358817977127,-0.04229419383224718,0.01667814314672282,-0.8264375773930446,-0.06943839486723936,0.017558557956136405,-0.9295066634574437,-0.0899090945379303,0.08301044651596716,-0.4594301796984249,-0.037695536653913404,0.10833129685142906,-0.609020284832388,-0.05788246842097969,0.12028126912569057,-0.7086810680731672,-0.07161037099448808,0.12795912677541954,-0.7963306863304113,-0.08339011972783804
0.0,0.0,0.0,-0.10523343950478592,-0.1015970318012604,-0.050847598724392054,-0.15904468859828805,-0.29218233040515795,-0.06651169762751682,-0.12796264938271612,-0.4693152523651818,-0.08095240373353194,-0.0583922286763619,-0.5563697578902522,-0.09295402794463811,-0.1445824593202286,-0.48937758453978986,-0.0023929695191384054,-0.1838043974366212,-0.6759958364286558,-0.031077601066255692,-0.19918253757782306,-0.7936946704244023,-0.059919759655430394,-0.20063895937886017,-0.8978297484080224,-0.08281692128033641,-0.06743565196383472,-0.5233968802054593,-0.005219637992417875,-0.08172848411723507,-0.7374493906823839,-0.02586631199361225,-0.08861014359196873,-0.8755746868048431,-0.05278844120781999,-0.0891915599601087,-0.9932828841818389,-0.07359641403537895,0.008427939720218115,-0.5082814622911099,-0.018851891485261483,0.013035037733354864,-0.7032789376567483,-0.04342469382295175,0.013603571390326853,-0.8276595538635723,-0.06921644547549567,0.01383701515943371,-0.9293212229200172,-0.08852248261812994,0.08146814262428183,-0.46184374678570017,-0.039585440818609194,0.10761305161694364,-0.6111655292947505,-0.05973102365058294,0.11915929454583575,-0.7113002112177683,-0.07305953808753654,0.12633036021279792,-0.7989428988711538,-0.08429483296058361
0.0,0.0,0.0,-0.10538041628117613,-0.09965176253427796,-0.052120959913714626,-0.16118316848451256,-0.2926748062330305,-0.0670061764062544,-0.1299647293303251,-0.47016273811971077,-0.08061717879066907,-0.05992098321693769,-0.5565888769031733,-0.0915909072405042,-0.14681362730443837,-0.4913372596232728,-0.0008063509070268162,-0.18679060977954576,-0.6784919526098718,-0.02822433667667048,-0.20239896489927958,-0.7961190471567894,-0.05546662467888236,-0.20420054175987357,-0.8993248403505363,-0.07711780980182535,-0.0687041139733249,-0.5248907926032682,-0.0028788138253512405,-0.08246001996048463,-0.7383021008207634,-0.02317734341904767,-0.0887405157493957,-0.8765784474508935,-0.04894859870880974,-0.08909167194244352,-0.993653446545501,-0.06840806349490752,0.0075303343395180305,-0.5093036945017468,-0.016320461348369678,0.012930701716217675,-0.7012547303924199,-0.04183162572042769,0.013609039245071852,-0.8255661265392549,-0.06821961053195216,0.013430737769268994,-0.9275120093251134,-0.08721482171751374,0.0798773682188739,-0.4642869404294322,-0.03693135229637584,0.10517223798942667,-0.6138984634159799,-0.05860947556141835,0.11592076687848094,-0.7144760415047714,-0.07323806210625478,0.12228617983567823,-0.8036218387487857,-0.08498323748023212
0.0,0.0,0.0,-0.10527197113322664,-0.0978012869991176,-0.049624865019856294,-0.159742163771124,-0.292769965123008,-0.0626876143822601,-0.12798750220179217,-0.4710611536176919,-0.07473570496504595,-0.061018681915163756,-0.5571096997245621,-0.0843050047571689,-0.14781493012895103,-0.4888569264484959,-0.0014764926658616512,-0.18872897550924994,-0.6797912021377187,-0.028030938348153796,-0.20604103916835315,-0.7985323212826992,-0.05384747886773596,-0.21015702089928057,-0.9021069860780371,-0.07424274729154953,-0.06992562474688103,-0.5234765203797989,-0.004033794455608643,-0.08467462131683344,-0.7392995174741358,-0.023032573854331776,-0.09217508473918748,-0.8782874873434408,-0.04665898598079639,-0.09434130101585352,-0.9934268663504229,-0.0643488415200187,0.006601156634245372,-0.5086290256714482,-0.017504694161991526,0.01200142249700304,-0.7023971172128429,-0.041564743800361584,0.012731506680020117,-0.8264839279287545,-0.06576434636449803,0.012452985609010267,-0.9263011156700308,-0.08313005936714832,0.07861899724017951,-0.46476480963014033,-0.03799129181596116,0.10490109610926207,-0.6148705543786115,-0.05886026307156077,0.1155692604878697,-0.7156082750678412,-0.07238788993808733,0.12209287781877803,-0.8043399268871101,-0.08303168202537536
