x1,y1,z1,x2,y2,z2,x3,y3,z3,x4,y4,z4,x5,y5,z5,x6,y6,z6,x7,y7,z7,x8,y8,z8,x9,y9,z9,x10,y10,z10,x11,y11,z11,x12,y12,z12,x13,y13,z13,x14,y14,z14,x15,y15,z15,x16,y16,z16,x17,y17,z17,x18,y18,z18,x19,y19,z19,x20,y20,z20,x21,y21,z21
0.0,0.0,0.0,-0.16949070892133566,0.01624330905867187,-0.043930311940726476,-0.3519824249895128,-0.05814070847510334,-0.06894642971061545,-0.5097325716322311,-0.09580752741619457,-0.0958459907237431,-0.6434435436771206,-0.10046927169384841,-0.1174322781913273,-0.3015640067409517,-0.45575307707714274,0.02106927286824149,-0.3920095773704567,-0.6880406270748498,-0.004798429275771871,-0.4872347374817187,-0.7694289520175763,-0.036381662179852996,-0.5789625761653928,-0.7847291876836244,-0.055440663963858314,-0.2616020121580436,-0.4938786505627781,0.01741966408560769,-0.35871425433395066,-0.751410170902378,-0.0047189643212472935,-0.470650051442907,-0.823858315962931,-0.024395469713806066,-0.5686586030415557,-0.821847777017797,-0.03454887259711637,-0.2300650143891071,-0.498761432538075,0.0010820648131506967,-0.3219234804286521,-0.7452845584875127,-0.014437247949791465,-0.42508230391032364,-0.8245332759282303,-0.027220883012254084,-0.5144622795461137,-0.8332329331253099,-0.03347621673107382,-0.2128593028302602,-0.4793447204831991,-0.022384468000220047,-0.2900840756544776,-0.6624493563166318,-0.03372283821723991,-0.36615689602059753,-0.7445830989392802,-0.03979550017870743,-0.43737468103355065,-0.7804155232217935,-0.04236403070947302
0.0,0.0,0.0,-0.16808708156203206,0.011794584631878501,-0.03243303636371879,-0.33997106039681835,-0.06568242106165591,-0.05579638524981585,-0.4907468387301266,-0.09686508004615633,-0.08429118518857216,-0.621199645156579,-0.09958350730036492,-0.10958758270331653,-0.2964908559182008,-0.451624561504233,0.024127422636440025,-0.3828428346445097,-0.6683286020721642,-0.00486327212407969,-0.47365104661025287,-0.7523047765801166,-0.040310968074739884,-0.5643891488800477,-0.778975114568424,-0.06433934219598243,-0.2585023744056991,-0.4842263321821589,0.009812549824402817,-0.34917981654726027,-0.7279724445393064,-0.016614904148374576,-0.4585158873788148,-0.8117465202280686,-0.042120079240539246,-0.5590016759835593,-0.827044760708778,-0.05927976072600074,-0.22645431791338327,-0.4858729955626517,-0.01647427157603457,-0.30978152049666546,-0.726263596906755,-0.03832998098891047,-0.41272602565584443,-0.8150843514047431,-0.058403365712210775,-0.5063343579128143,-0.8393500792344024,-0.07180742510325291,-0.20725432044076209,-0.4644903003602973,-0.048845870979068916,-0.27392132549334575,-0.64671332557412,-0.06696166391725303,-0.34790930692676897,-0.7337033025335594,-0.07919401025187031,-0.4220195230909545,-0.7796039680586049,-0.08802546954944201
0.0,0.0,0.0,-0.16689949966551382,0.014873811397309096,-0.0517317996176403,-0.34093568514008366,-0.06014140424670483,-0.08200101195027226,-0.4950689349586185,-0.09374670472090989,-0.11137657824043959,-0.6273031136485963,-0.09629876609460451,-0.1361358095336898,-0.29633310044698585,-0.4480577140030788,0.0006424969009238019,-0.3851897677062587,-0.6718717762879484,-0.029327438584807852,-0.47788965307903164,-0.7548534484872875,-0.06372488107473118,-0.5698715473443563,-0.778406929092756,-0.08546068277837976,-0.2599079501217212,-0.4814346019640481,0.0020794761449470446,-0.3522101452826233,-0.7298480960601531,-0.02318940294015679,-0.4615020860603777,-0.8116566677449087,-0.045803228523046,-0.5609988565144977,-0.8256537965795878,-0.05974903724252001,-0.22936755580209112,-0.48113441798771334,-0.008419285057132391,-0.31489301324335317,-0.7188177387211145,-0.027246636748108722,-0.4160084095340373,-0.8049541164567143,-0.04536369538401272,-0.5071108879457695,-0.8269976499670468,-0.05652936667316974,-0.21128766336808902,-0.458815668241642,-0.025944865246857258,-0.28107548487896394,-0.6365379147356649,-0.040284108333269154,-0.3540910035786152,-0.719169869740677,-0.05031806718528309,-0.4254351012125803,-0.7625712571830117,-0.056735938412780934
0.0,0.0,0.0,-0.17157245772679108,0.013269707020450982,-0.0317296031850612,-0.34217327643394935,-0.06501647171344185,-0.055475123158836764,-0.49312230458567735,-0.09710768728395121,-0.08473814531939719,-0.6262814443221897,-0.09976114557011231,-0.11092674844226,-0.30152415630911267,-0.4483588454613078,0.02849835959875635,-0.3867862004865581,-0.6659516977879683,0.0010077357197601604,-0.4769730651307704,-0.75092963055199,-0.033261218006325984,-0.5661822462402258,-0.7764747227547464,-0.05625587067502888,-0.2633628811285403,-0.48219237441776797,0.014172492521539,-0.3526763135507439,-0.7281549566253444,-0.010975127167784517,-0.46145239363590085,-0.8111824306170502,-0.035938785614874805,-0.5614109617145238,-0.8258393284347649,-0.052445360794906734,-0.23075863561234095,-0.4839279668382774,-0.012226074356672136,-0.31373820969763,-0.7258676492047684,-0.0333384236920877,-0.41599015196993155,-0.8145616842515144,-0.05315724101271524,-0.5084123602078068,-0.837511612495158,-0.06615528252301608,-0.21093471332722313,-0.46196410942095517,-0.044623131840833635,-0.27854222576671606,-0.6449851230962891,-0.06151356597357885,-0.3528136483320028,-0.7315038298194386,-0.07287391525618386,-0.42681336440902645,-0.7761384348394806,-0.08116746011744105
0.0,0.0,0.0,-0.1692900741698998,0.014318541614377987,-0.027916764517039623,-0.34140172356893334,-0.06509679040199692,-0.0501416967517013,-0.49161441449585663,-0.0991690152926879,-0.07908718668778288,-0.6234724007671857,-0.10291145228883689,-0.10464139877845637,-0.3009183773326031,-0.45101394900584235,0.03284545854131983,-0.38472656279475814,-0.6679836919226172,0.0056138803855275525,-0.4753757335517269,-0.7516994865992888,-0.027782615081347467,-0.5644461723097678,-0.7763774672788488,-0.0502285431155409,-0.26219355212434803,-0.48511112551510416,0.015055725063659622,-0.3507164867700586,-0.7330900486787271,-0.011065149288895222,-0.4603906348681207,-0.8137144167743606,-0.035040329244787435,-0.5599523948453756,-0.8269851632262013,-0.050116687150044754,-0.22942883896852884,-0.48752606388098885,-0.014809545354518653,-0.3131791387536349,-0.7321367644903908,-0.03764263554302854,-0.41795995725536894,-0.8174884491523633,-0.05618419777794882,-0.5108398112291617,-0.8380531586505394,-0.06750738747694547,-0.20940044520358034,-0.4652571923850013,-0.05049300347719965,-0.27888171632199743,-0.6483899718212898,-0.06845847683956906,-0.35558995007749894,-0.7314554933494645,-0.07884225654673985,-0.4306580843223243,-0.7723172058955838,-0.08583052511424083
0.0,0.0,0.0,-0.17829503004526054,0.013946451195853287,-0.001205680994041754,-0.34920300222765793,-0.06811660469507641,-0.011128481448065611,-0.4955140026121312,-0.10074615775159934,-0.03583047830189111,-0.6279656865045697,-0.10776827120808782,-0.059327137969619886,-0.307991172380944,-0.4549978802887514,0.07715328294996687,-0.38479442587431034,-0.666150291529231,0.06073419326421298,-0.4721500509614247,-0.7502707105636646,0.03136735078285499,-0.5605187484458753,-0.776676094775087,0.009214192292113614,-0.2697881455357528,-0.488866396499263,0.04198590150323073,-0.353156605148543,-0.7319732300307561,0.02511541357703248,-0.46247792964773327,-0.8132880189426828,0.0014591455986778176,-0.5632298275166425,-0.8254162317681213,-0.01576923804427982,-0.23725957609238862,-0.49246495374640986,-0.005505100044406052,-0.3171005258462429,-0.7394119561478484,-0.02399483183568566,-0.4231918492777149,-0.8249703338921919,-0.042778595223201155,-0.5187102414780211,-0.8422391454930487,-0.05607049923205955,-0.21778475781066625,-0.47154072707105354,-0.05759786205715387,-0.2859929765004804,-0.6601448096222824,-0.07458142681379669,-0.36380612800337,-0.7452722992244877,-0.08554651549242752,-0.4413604167502817,-0.7847116056541776,-0.09451934686663038
0.0,0.0,0.0,-0.18047461983017238,0.01273174268429566,0.003418878471627292,-0.3501078521133037,-0.06944033182787938,-0.003981012765890951,-0.49546939896446074,-0.10045373615240519,-0.027514005243516215,-0.6272442860094427,-0.1092061298270679,-0.05010638317243062,-0.30860216888068315,-0.45502556414096773,0.08429265643361872,-0.3824016493897183,-0.6612217602578963,0.06848251113740855,-0.4682062873076231,-0.745639616647638,0.03939284994584107,-0.5554392258513277,-0.7734384591079376,0.01711593019449308,-0.27025726343699746,-0.49026859261104816,0.046338878153139085,-0.35263333012116066,-0.7295059774389745,0.02950053627642549,-0.4620250105232979,-0.8118221636975032,0.005458330007820725,-0.5636605257441658,-0.8255383755583696,-0.012515974846623246,-0.23779880411246854,-0.49602432212872694,-0.00404276076750035,-0.31558039526591636,-0.7425777954790446,-0.023315228969552532,-0.4222172703597404,-0.8274322286524709,-0.04295348423316604,-0.518655457526077,-0.8431906044889348,-0.0568301013048931,-0.21848572631979576,-0.4773004880940895,-0.05878036612363195,-0.28355476027220955,-0.6689296997991171,-0.07662170062164816,-0.361462409231187,-0.7553117183493129,-0.08876333629634484,-0.440190844515615,-0.794047365609621,-0.09872417375683937
0.0,0.0,0.0,-0.18216254597386913,0.013302802988664895,0.00988846592904661,-0.35099569380294016,-0.07002592098162053,0.004819731631186437,-0.4946695322987556,-0.10074192870898113,-0.018197571481632972,-0.6257379013967344,-0.1105121749982396,-0.04069007934832268,-0.3101048229796052,-0.4569066356754158,0.09193653015757927,-0.38160468625878097,-0.6604653506284923,0.07753160002175472,-0.46683789593730907,-0.744700353621408,0.049107025547439655,-0.5537530541229261,-0.7729994991125291,0.02690631611726004,-0.27150517055681544,-0.4920638552257139,0.04953009380785349,-0.352589388910236,-0.7300050106562607,0.03434427501715737,-0.46188702437106893,-0.8120266283913715,0.010959487385198266,-0.5637241493971955,-0.8257281880666085,-0.007095138173459109,-0.23866377890423268,-0.4985887339504137,-0.005168577520974439,-0.3154127425084183,-0.7461768633140622,-0.023551796202723487,-0.4226658656453046,-0.8305859762628509,-0.042494142280127954,-0.5196139269689906,-0.8451631653936215,-0.05633740946597508,-0.21925802224883875,-0.4800451927129765,-0.06394714407047786,-0.2842615495305145,-0.6735236453034477,-0.08139201378808271,-0.3627027938387073,-0.7600273307825911,-0.09305988786963157,-0.4420822795428483,-0.7971483124102385,-0.10301253510949296
0.0,0.0,0.0,-0.17668819002600505,0.01476625776524354,0.000725645792001484,-0.34880087037530466,-0.06816934270433617,-0.008712349055540348,-0.49454215729387063,-0.10005997092956119,-0.033421984395487256,-0.6259776293860788,-0.10931353818204154,-0.05703340969208337,-0.3079124804830796,-0.4560804644899696,0.07583334708823844,-0.38370931191931135,-0.6611854749196661,0.05819393514301373,-0.46942318903964364,-0.7464250198808342,0.028214899719306696,-0.5558658055444259,-0.7762569690457047,0.0052074574662050455,-0.2683331590214571,-0.4927249344254232,0.03846330478743184,-0.3521448684049435,-0.7337339594329886,0.019819090070082687,-0.4611846303462044,-0.814546326343152,-0.004520882849200835,-0.5616863867239658,-0.8267925605042534,-0.02256280099532948,-0.23451452940009762,-0.49974510118286714,-0.010947774921504888,-0.314088229763816,-0.7476952435413031,-0.031305090259606594,-0.4213587773203149,-0.8305977843799226,-0.05088641475855318,-0.5175421076768913,-0.8449973906445488,-0.06480077573746984,-0.21370146939182538,-0.4808000304433575,-0.06480942091943026,-0.28101454438544055,-0.6720468270407777,-0.08289486863139381,-0.3597231856188229,-0.755717443148707,-0.09451647518170994,-0.4389595115213827,-0.7908114757753215,-0.1042353718821854
0.0,0.0,0.0,-0.17791470538880622,0.012636157818923134,0.01570963555238305,-0.3513466537832991,-0.07349728897486679,0.013974361637207411,-0.49406178176482896,-0.10434622902857102,-0.006854651342041806,-0.6235911500947436,-0.11374075096972583,-0.02772130441969288,-0.3120013875500397,-0.45704990514828375,0.09868257391509555,-0.38890518823724674,-0.656555549699321,0.08883284975513075,-0.47253606932717496,-0.7421121965377805,0.06325982603076863,-0.5566928819496153,-0.7730260457239637,0.04215696980817525,-0.27175978288543046,-0.4927181030528283,0.05277312520178501,-0.35565250411013993,-0.7304414035023343,0.040920440172325934,-0.46232720956776097,-0.8134038530848025,0.018624680247242488,-0.5613514592324547,-0.8271083502859045,0.001265945305623531,-0.23612487593997566,-0.49956077757530026,-0.0050470177775013446,-0.3166607082549234,-0.7453309363364264,-0.021924716181225563,-0.4229994814215879,-0.8304009537681942,-0.0413414954555414,-0.518787590415573,-0.8461686777901902,-0.05580566533787036,-0.2135419080628152,-0.4806110065012879,-0.06641261133608417,-0.2838564943154788,-0.6701293660807148,-0.08356461115654587,-0.362725845818796,-0.753582126796877,-0.09549320765639599,-0.44177281283182956,-0.7884420524308009,-0.1060375470788664
0.0,0.0,0.0,-0.17820611675014034,0.011792040018813586,0.017073801909608107,-0.35219119320300984,-0.07445622752566088,0.01666909940509844,-0.49406177318797384,-0.10291780642887552,-0.0033469842255169253,-0.6225664257330161,-0.11093473540805064,-0.022895701665778055,-0.312515670270197,-0.46134323525795823,0.10403787980583348,-0.38960246411257016,-0.6588019660059303,0.09539692107271977,-0.47357843374422803,-0.7423177559530658,0.07059907620863959,-0.5569636837247269,-0.7722106652419337,0.05009087592574317,-0.2726002274689011,-0.4970852568901626,0.05768646631402507,-0.35824944012717486,-0.7351949099466948,0.04628298485282249,-0.46570910968295703,-0.8148691258600785,0.024519184649691095,-0.5643702101026158,-0.8252119468823538,0.008070761847793198,-0.23754477836155452,-0.5048678131316715,-0.0008583312380399835,-0.31937068477137054,-0.7520185789391931,-0.017357212573040702,-0.4272772485624998,-0.8326457246375714,-0.036255269576461205,-0.5234658326401006,-0.8435365003417349,-0.049784938752764775,-0.21583671988121805,-0.48684740270262516,-0.06300338197848662,-0.2873836469266603,-0.6772626267733493,-0.0792514698102568,-0.36778639987849865,-0.7577664350628652,-0.09071185281046318,-0.4474186468070451,-0.7891859166632524,-0.10065107445487817
0.0,0.0,0.0,-0.18213640694059058,0.00924683513692726,0.023133780457854067,-0.3547229573252425,-0.07620427398334864,0.02481491258505199,-0.49609829817355594,-0.10449350445549907,0.005224255085713271,-0.6247160572109576,-0.11318233002132835,-0.014600680544425374,-0.31244735696884984,-0.4636103669910526,0.11412718960950208,-0.3911297339010247,-0.663586285556412,0.10857492082736528,-0.47494573368079246,-0.747550108119288,0.08510905955023798,-0.5587113621177444,-0.7768034181469928,0.06547344882635772,-0.2719556723702463,-0.4977534701991459,0.06488970294503933,-0.3575402852748798,-0.7363136481672715,0.056896536230555794,-0.4648921455116708,-0.8160672061986189,0.03594414777861795,-0.5633087038466443,-0.8257880330407051,0.01985017859729705,-0.23724068869018092,-0.5030004070870144,0.003588887695312672,-0.3192785140290696,-0.7501992014087744,-0.009362869344394438,-0.4272472646647407,-0.8322575784041084,-0.026358656184221303,-0.5234272078791778,-0.8438105489254619,-0.0391413933015647,-0.21704908101995316,-0.4822143104760068,-0.061032385330304084,-0.2900041527073486,-0.6714534202370865,-0.07430902884281099,-0.37028908606950395,-0.7534445709893811,-0.08371856546357206,-0.44947861956879537,-0.7874737100480919,-0.09246364588842923
0.0,0.0,0.0,-0.17898988427961005,0.010040821854996154,0.00393797193840322,-0.35468326299510167,-0.07204338871443702,-0.0017716475155956264,-0.4999222214574027,-0.10039940657322871,-0.02263536809244163,-0.6277343027630029,-0.10947192833809041,-0.04230872377628631,-0.311716265564052,-0.45985196273740525,0.08325359845701531,-0.3929541144097747,-0.6631694781006285,0.07096178525911745,-0.4785731475514692,-0.7461506952753176,0.04482331486272702,-0.564242625404089,-0.7733096827937054,0.024697969807689922,-0.2716210781606174,-0.4932211054304494,0.04704288006933765,-0.3578961653708629,-0.7331402760996726,0.03312113788030556,-0.4648838007352196,-0.8137807723676291,0.01157351124944525,-0.5632599965006275,-0.8258160132694832,-0.003992006048851426,-0.2373021117354657,-0.49546294296513,-0.0011552522310258211,-0.3205076516704111,-0.7416852823701545,-0.017859121314742835,-0.42632304060888704,-0.8250351908011995,-0.036473751824382755,-0.5206687053119016,-0.8401704064629427,-0.04941988272050815,-0.2172648454034074,-0.4726031336965737,-0.05338174958750441,-0.28999383862862005,-0.6601452771574515,-0.06901185258354112,-0.368614926190163,-0.7427745460738613,-0.08013636645476431,-0.44586303508825326,-0.7805330168695874,-0.08923077377914801
0.0,0.0,0.0,-0.18029418762816357,0.01517383351766895,-0.0014224563987536515,-0.357444319310785,-0.06394482122237782,-0.007591235847504784,-0.503029413947588,-0.09356448102076073,-0.02760969083823759,-0.6308510888521737,-0.10408410639989678,-0.04663148753005522,-0.3199391303308306,-0.46003360733032417,0.08298661333367821,-0.3991602838914886,-0.6633509501452852,0.07370584861351687,-0.4820081585535608,-0.7465684843885194,0.04876683128781673,-0.5661413987498332,-0.7748742977099123,0.029246229455788794,-0.2772464645769339,-0.49428327481430623,0.051452412098355486,-0.36157804162373,-0.7304949783388867,0.04093394785562618,-0.4645431460262112,-0.8118400311432763,0.019461696039348317,-0.5603131144889363,-0.8280007488757642,0.0038122723098131008,-0.23901135622089437,-0.4955012211140255,0.007772963454829223,-0.3204266940751357,-0.735464287962527,-0.005350193108689359,-0.42250973369878186,-0.8208357204512913,-0.02355966464584426,-0.5157635073199529,-0.8407454885334873,-0.036654266042939254,-0.2128443959171898,-0.4707627528953616,-0.040417752972920835,-0.28532636651915777,-0.6562391918660709,-0.053417651546315364,-0.3628868642027975,-0.7392210777701107,-0.06375810281532361,-0.44033407902533794,-0.7799978632453459,-0.07232258464268629
0.0,0.0,0.0,-0.1843784278059662,0.014653614258602933,-0.014061777559406014,-0.3612750666730783,-0.0600601078004708,-0.022208773618794753,-0.5084596289057215,-0.0859398951170462,-0.038711195193567284,-0.6339485189783891,-0.10021816991250615,-0.05312184536600639,-0.3164746526588462,-0.45624263148348043,0.06497931789417259,-0.39845508785415645,-0.6651956241830824,0.05717300899852573,-0.4824352185791907,-0.7514343345927039,0.03425259574039153,-0.5664038227846715,-0.7827323979400997,0.01726267651208669,-0.27199999972645006,-0.4906892252262917,0.047496025913217235,-0.35946419884516767,-0.7279006973332286,0.04097763705712752,-0.46304812347888785,-0.8104870518070213,0.022718487442478057,-0.5590917225138479,-0.8288970826051865,0.009382440594832054,-0.2346370072143782,-0.49136760249789047,0.018355237877060327,-0.3196074565376509,-0.7293508535348227,0.010592416639605948,-0.4215351731374174,-0.8153263345642799,-0.0068628175435640265,-0.5146160491702783,-0.8383396795498494,-0.019553114202234243,-0.2125032295877493,-0.46881768900058796,-0.015503171207677403,-0.2884571024693118,-0.6501592471581521,-0.025481437701827515,-0.36655146694876145,-0.7331274511681785,-0.03647762785749833,-0.44351523665301196,-0.7786467746304675,-0.0448439011538106
0.0,0.0,0.0,-0.18219321091876128,0.014142202854789298,-0.021746639294788678,-0.3640387702826536,-0.06022966119304626,-0.03239344777540633,-0.513003345422036,-0.0832991032049327,-0.04925446197211486,-0.6401226400678419,-0.09618456933123175,-0.0635445208784445,-0.31943935787503874,-0.4582372753155096,0.05884553724925089,-0.4039537989409161,-0.6671724921786599,0.052617240255938315,-0.48681886276009534,-0.7526621465682737,0.030284203458552574,-0.5694142294469224,-0.7814588149222366,0.01401958924369453,-0.27353621048825894,-0.4931057199478145,0.04659927081517992,-0.36333900107190265,-0.7275180598015978,0.04313446317500262,-0.46483201839473787,-0.8105035017884431,0.02522409481107321,-0.5594893753573211,-0.8286645184783025,0.012224689982298299,-0.23452940936856786,-0.4943126548513945,0.022424693020407997,-0.3235477336042283,-0.7267950966162502,0.017346188705726753,-0.42265510751903135,-0.8140425403462757,-0.000449702448170487,-0.514704365983112,-0.8396830814245677,-0.013528194017097185,-0.2106142436050349,-0.47477096566250887,-0.006934222156523957,-0.2913406782081587,-0.6525638145485475,-0.015563303234188398,-0.36782258123630496,-0.7364946097650455,-0.02669898491823789,-0.44353876490096866,-0.7857501166248124,-0.03503410005362765
0.0,0.0,0.0,-0.17544513507894105,0.015743083229208265,-0.032167963530449345,-0.3690804188311168,-0.05311373278617677,-0.050530894178673506,-0.5227505134691853,-0.08087994601464635,-0.07403401296633232,-0.6447065808448103,-0.09666499582514106,-0.09337502863500416,-0.3266604802510575,-0.44610682785003114,0.03126687916284582,-0.4004096539186664,-0.6615192208182132,0.003528425271698078,-0.4786820566467614,-0.7486546995286307,-0.030275851633876794,-0.5618075102995373,-0.7791545035571634,-0.053252372485040056,-0.28134041447266106,-0.48539611857398274,0.015980054361132177,-0.36354614980879324,-0.7243870805907874,-0.012812838168872498,-0.4632262376218519,-0.8114483789356917,-0.03980992882771785,-0.555754274257925,-0.8294337188706763,-0.05636393034917617,-0.24319692963355133,-0.490342116610034,-0.012126255340176887,-0.3250976684070947,-0.7275672312804549,-0.04008880710424193,-0.4260742871504606,-0.8154059457667252,-0.06380395225411103,-0.5159297618529189,-0.8388670379416763,-0.07696524567650324,-0.21551730942139816,-0.47252508630915235,-0.046019191151075965,-0.2952171669918419,-0.6558513680301047,-0.07187937904663759,-0.37409572083415166,-0.7434372486410894,-0.08943467696847716,-0.4498492420671455,-0.7928412243033359,-0.09983710636244131
0.0,0.0,0.0,-0.17497511598159238,0.008321804279372376,-0.009404323051026467,-0.3631617231674553,-0.06348379116939193,-0.01903977684335859,-0.5130087613289918,-0.09002476683123858,-0.0413588794243924,-0.6350323968174005,-0.10363561302156882,-0.06133744404402167,-0.3241223422608219,-0.4488836506264835,0.06868763307274911,-0.3945326903482089,-0.6572328694695118,0.04866510752481867,-0.4689530055697402,-0.7476298184322123,0.017090627700953633,-0.548218279376727,-0.7854240794662011,-0.0068588917154858466,-0.2788244185827084,-0.48850755533648804,0.036297359083073494,-0.35994636403785796,-0.720497807639524,0.014651045206139277,-0.4570936849916136,-0.8124633557800867,-0.011904868900935398,-0.5488020604341352,-0.8349480380441796,-0.03051487261173614,-0.23872527870121235,-0.4973498130807576,-0.009194824734979507,-0.32058404194977463,-0.7305010838201,-0.03201629376818585,-0.41775991670883317,-0.8228769578799453,-0.052418020754153916,-0.5054605691667129,-0.8498144594655417,-0.0656933084771738,-0.20836506502301827,-0.4828363065788007,-0.06006105162040401,-0.28716875566232203,-0.6625925444188613,-0.08214025399999994,-0.3637533194668455,-0.751908379420013,-0.09624002439957524,-0.43914658254872174,-0.8008136231982323,-0.10613484160371044
0.0,0.0,0.0,-0.17076180394635243,0.008829112166217724,-0.005608498813757788,-0.35752712121252167,-0.06496237941502286,-0.015088278164695528,-0.5058182512281857,-0.0909476048017828,-0.03838142358639222,-0.6270665306090628,-0.10350321395182072,-0.05961832296004156,-0.321482192978389,-0.4501534117620366,0.06725531649198463,-0.38961963257901333,-0.6629344396459314,0.04308465733445778,-0.4657580665237211,-0.7527446753996129,0.008662300779937418,-0.5457260694743981,-0.7864608117752229,-0.016582519390766895,-0.2751436278838778,-0.4903894340786115,0.03114337509841523,-0.3547047868258555,-0.7281613384084492,0.005020802025703113,-0.45498063853880677,-0.8194081990952415,-0.02390711233037178,-0.5479530158205715,-0.8350638101947212,-0.04333015403640511,-0.23373190405808156,-0.5011413091572264,-0.01774672288504507,-0.3135721994697147,-0.7393710997199245,-0.042838429718218295,-0.41391817761018235,-0.8295231750343668,-0.06421335343947329,-0.5039456433744414,-0.8510289762997896,-0.07771797942880422,-0.20097974256667228,-0.488088142071079,-0.07179220534163847,-0.2745211291828217,-0.6728990229182694,-0.09526433940423237,-0.3528430516243925,-0.763936570653772,-0.11031075794643785,-0.43078461928235723,-0.8102063898364793,-0.12064005410533174
0.0,0.0,0.0,-0.17355461724204374,0.007716965797791787,-0.025754893436894678,-0.36012361277904353,-0.0643343654474724,-0.04351940654838939,-0.5108484307033723,-0.09240484302621789,-0.06790544326178898,-0.6311041721153917,-0.11031597518261818,-0.08938688403144551,-0.318259883854245,-0.44210312339774016,0.02973423246403151,-0.38787085558468537,-0.6622052832440589,0.0006835076277603228,-0.46295622446763607,-0.7558492422708217,-0.034409179981972106,-0.5423878660130549,-0.7945338954114282,-0.05869802046921776,-0.27054125174297783,-0.48101467136309134,0.010258047210145463,-0.35218237789243423,-0.7233811298505188,-0.018259244538793813,-0.4517002793336041,-0.8164221963233314,-0.045589844291252436,-0.5452640333500607,-0.8354453864085765,-0.06351481631372828,-0.22838263447967705,-0.4884270617962096,-0.020988622975346517,-0.31130772546124924,-0.7284478547439719,-0.04688330401163194,-0.4100042366389307,-0.8214645069954336,-0.06876512425578993,-0.4993630539781716,-0.8465769749963232,-0.08208209712520954,-0.19621237714604056,-0.4733853760803419,-0.057649726016091044,-0.2732773767722388,-0.6561698498313492,-0.08301262141615767,-0.3511017231317205,-0.7476961186817717,-0.09988392890209066,-0.42747319768826153,-0.7980348446097757,-0.11052022764494332
0.0,0.0,0.0,-0.16777996120480798,0.009680488551599802,-0.028232757980687292,-0.35641190777292975,-0.060408103203220494,-0.047047883860093925,-0.5094489189951208,-0.09023001569354136,-0.07212052835418424,-0.629925990882334,-0.10885927659989203,-0.09348441399681945,-0.3170784225049851,-0.4455234241215685,0.028461706856636786,-0.3872928503589549,-0.6658523661960168,-0.001000478705503248,-0.4633162843208626,-0.7589497468397197,-0.03516392671471401,-0.5430782651255999,-0.7953292542904857,-0.0585628784847651,-0.2690578818170515,-0.485393136616051,0.009309400247927915,-0.35196861767514975,-0.7270973042058407,-0.02039324174520231,-0.45114388496226865,-0.8188965035246009,-0.04682904177155252,-0.5434937776960249,-0.8368149092660626,-0.06331086839558647,-0.2270828558703095,-0.4951812509730348,-0.022022867392294088,-0.30933784205368403,-0.7352389954646056,-0.04976105100164688,-0.40824627724218604,-0.8282551059910481,-0.07069023280381598,-0.49709050763708656,-0.8539851842968692,-0.08243408201268182,-0.19396979365243955,-0.4836179839467642,-0.059036189856753074,-0.26916986051840036,-0.669044195894019,-0.08559974523382292,-0.3458176320028266,-0.7610822373174457,-0.10204974966238523,-0.4210910898046036,-0.8107516583578162,-0.11162947520302338
0.0,0.0,0.0,-0.1648749792039069,0.00971535543931908,-0.017502140905355866,-0.3529985872332091,-0.06185722398910795,-0.032742169272133415,-0.5040017159244397,-0.09320684886806295,-0.057711113485032745,-0.6235158264746925,-0.1154335820604914,-0.07930473123167273,-0.3118329944206525,-0.44894840392454866,0.044935423655102606,-0.3789483830950814,-0.6650170480542277,0.019538959719417534,-0.4538251107982805,-0.7573513596867714,-0.012619760881989007,-0.5323011176608579,-0.7945679715526262,-0.035862749811697806,-0.2645810482516344,-0.49007593274834593,0.01721132604380456,-0.3469122852984957,-0.7303166876514354,-0.010293950579215349,-0.4463069000627269,-0.8231906141802061,-0.03619903538146463,-0.5383536611676834,-0.8408697415185,-0.052784682002367696,-0.22264894156945317,-0.502310410410207,-0.022719200539207157,-0.30465925926122583,-0.7414670549879374,-0.04860746480210469,-0.4037452070992638,-0.8351608292288539,-0.06837422265421944,-0.4931733840647813,-0.8599365862466781,-0.08021091441851003,-0.18798033462098368,-0.49183109872252295,-0.06818027451770253,-0.2610308246166384,-0.6781187625942351,-0.0928818843525541,-0.3377896143447702,-0.7700844035739656,-0.10809246238195172,-0.41477568857750124,-0.816735052435192,-0.11765841019408721
0.0,0.0,0.0,-0.16567586860781996,0.006550905944405581,-0.008241342320962962,-0.351051999941678,-0.06954781335221151,-0.02152057503355627,-0.4991385012712014,-0.0998641335875933,-0.04681466662643138,-0.6192099386460582,-0.1179007476956111,-0.06946891493099915,-0.3109041694513661,-0.4572221140926771,0.05530543175644401,-0.37820914019818463,-0.6694086622285594,0.03301262640696918,-0.4528738755351582,-0.7599621801980524,0.0018444403574872925,-0.5308380752287236,-0.7953174911258845,-0.021368428096717587,-0.2633522395817678,-0.4952064096522289,0.02149322328934447,-0.34466898271114443,-0.7356787189171056,-0.0024207817957919917,-0.4445046441441747,-0.8264325653650036,-0.027061569734973107,-0.538209152729205,-0.8415274032933188,-0.04379029160226574,-0.2198976179653647,-0.5060419883402785,-0.02421673875384539,-0.2997981333720966,-0.7484589936370495,-0.046617602621263285,-0.39804329176154657,-0.841896879692237,-0.06466383147771383,-0.48711394634813876,-0.8653141721917441,-0.07671897211497439,-0.18449444839611967,-0.4943625258859472,-0.0751606840544749,-0.2549614567440994,-0.682781731315625,-0.09716644590987009,-0.3304977441238309,-0.7764569210748569,-0.1107289471124197,-0.4067244981846889,-0.8245141854264947,-0.12027057442254077
0.0,0.0,0.0,-0.1677080605664607,0.0036752302082132915,-0.005578232486201772,-0.35097752869848864,-0.07284630326195315,-0.018391763788949272,-0.49639553379256696,-0.10243636782998816,-0.044150208989670946,-0.6158382304056083,-0.12134398614789098,-0.067456369763357,-0.31124261200204417,-0.45840600996232417,0.058764839289659754,-0.37823576608383963,-0.6717624468969886,0.03689229549963893,-0.4530646575476328,-0.7609698041976893,0.005630115846395122,-0.5319803898947892,-0.7964715559581919,-0.0179613515766346,-0.2634579673562768,-0.4951313833555853,0.02260931600619747,-0.3435901066182481,-0.738058822217019,-0.0019523921306578542,-0.44386911514509214,-0.8272228460435931,-0.027557018190015135,-0.5390113409088475,-0.8410143310808191,-0.045127599684656065,-0.2201695706209938,-0.505300459281792,-0.025437738778531525,-0.29967088987191376,-0.7506512197588695,-0.048379353362632674,-0.3985158636135104,-0.8436862509579126,-0.06718056832692171,-0.48838221936558424,-0.866058155154926,-0.07990795908516288,-0.18587185357843838,-0.49350506886113443,-0.07856568314740864,-0.25598020857062875,-0.6834790635800287,-0.10029789566208969,-0.33171361284866185,-0.7757848666996426,-0.11360468377324878,-0.4079299007327844,-0.821927202225959,-0.123262010441691
0.0,0.0,0.0,-0.17035557972754423,0.002822911978159901,-0.0026307851740590706,-0.35022850521679694,-0.07084026218160877,-0.014631890061001955,-0.49136125466374236,-0.10042705386292618,-0.040313034230984826,-0.6077595362650852,-0.1234508595883779,-0.06429521695752818,-0.3118365128916122,-0.4557559171367277,0.05794624029257911,-0.37748968121112336,-0.670273991887258,0.03539263855345119,-0.45177720176741365,-0.7617659453632907,0.0038078195416270783,-0.530237394981393,-0.7987140327197322,-0.019940746876372942,-0.26331692941818785,-0.4918358189507185,0.019612426179159016,-0.34020327593470784,-0.7396364049040453,-0.0068685959545832925,-0.4399409522416119,-0.830107632900186,-0.03389101583886976,-0.5345912858784303,-0.8434287125546308,-0.05200835054994672,-0.21904557227058258,-0.49913151871417505,-0.030082341533409784,-0.29628263616057016,-0.7470385153893003,-0.05434374517930457,-0.3960583452982386,-0.8398129800844333,-0.07450080793593505,-0.4865344430015024,-0.8613078289894879,-0.08806946189550857,-0.18410883672880946,-0.4819729097270625,-0.08441846168389147,-0.25375651488205214,-0.6711046528904465,-0.10769980808367444,-0.33093717099383557,-0.7640518780564115,-0.1221901852946766,-0.4081238615572078,-0.8120672930917587,-0.13257641475379686
0.0,0.0,0.0,-0.1687411861556477,0.0028121531876718936,-0.006615765061203669,-0.3477870794280589,-0.07073114655192811,-0.019794081037217956,-0.4884417535368736,-0.102461136948656,-0.04493046336055101,-0.6032908281544211,-0.12476144487462557,-0.06811862078634082,-0.30968969363304244,-0.45673793086606806,0.049568449268723856,-0.37841711632874303,-0.6723209993059325,0.02607499089997102,-0.45453216327626084,-0.7622573615196058,-0.005469538358071274,-0.5347228733890594,-0.797137384413541,-0.028875614068576357,-0.2607429950079594,-0.49325686101770805,0.014691807084047805,-0.33979723734189593,-0.7426492400865103,-0.013093187758711473,-0.44018704741513803,-0.8312588623659621,-0.039974425534786445,-0.5352577821614288,-0.8426573469916027,-0.05767893671000923,-0.21702122402007096,-0.5006116587538942,-0.031225960412513833,-0.2958715772902942,-0.7491823212753963,-0.05567819559892195,-0.3956311740634677,-0.8420501446573512,-0.07593357639543216,-0.4863546864168901,-0.8642405743549693,-0.08953728928285176,-0.1833588447009837,-0.4843037226997837,-0.08184984637191045,-0.2532945278676898,-0.6740908807763439,-0.10520438114023692,-0.3303466776079129,-0.7684425990937017,-0.12008034776194056,-0.40772645943165586,-0.8185538894934182,-0.13069697467499003
0.0,0.0,0.0,-0.17087070295532092,0.010114794554256191,-0.036747257165215624,-0.35260625036322685,-0.05843992105479395,-0.059463571226918845,-0.498326679295297,-0.0913335574276466,-0.08491328249064187,-0.6143637695398321,-0.11434893084728065,-0.10613296765534569,-0.3040050206286602,-0.4509058753904263,0.01135257295600842,-0.3733505651302267,-0.6751447321088186,-0.01654393470664799,-0.45377391985264354,-0.7630015751654412,-0.04962401812901765,-0.5379416410766111,-0.7955499720857089,-0.07204755329279541,-0.256585672334871,-0.48844551424847266,0.00041708846741900143,-0.33848573369698964,-0.743413536018094,-0.02866533475038486,-0.44414244195712327,-0.8295055747887772,-0.05370692224425892,-0.5386256797272546,-0.8395987923018065,-0.06897484249394531,-0.21661287147455832,-0.4929522040383055,-0.021751292548421647,-0.2974789407928713,-0.7424909683248837,-0.04592655505373078,-0.4008380511065798,-0.8306613109927903,-0.06784768878410607,-0.49179788262171586,-0.8507589079189449,-0.08092097703998954,-0.18762512480574678,-0.4759994283107345,-0.04985093366552343,-0.25918943517161475,-0.6662506060489835,-0.07275770700542099,-0.33984803859185864,-0.7561576316792469,-0.08966867253389738,-0.4178827170002337,-0.804880316915048,-0.10024492335881036
0.0,0.0,0.0,-0.17306997559888132,0.008720572445278922,-0.04480496920164279,-0.35284293531154165,-0.05820574419000894,-0.07338684030010803,-0.5000107459395484,-0.08881114867406113,-0.10145158717587023,-0.6170902073425446,-0.10981434280484323,-0.12514568448654922,-0.29809578605318154,-0.4475292289172885,-0.008958540279865144,-0.3737317196094178,-0.6730509819949315,-0.03960833820365922,-0.4561355673540846,-0.7616815644588605,-0.07321222041104739,-0.5410900013176108,-0.7975219263912494,-0.09523405023997547,-0.24926122448413002,-0.48726400994437624,-0.012422363764207845,-0.334661714037334,-0.7405994291772579,-0.04254390760234758,-0.4409050121520363,-0.8274973461187145,-0.06579679911754527,-0.5344928269967808,-0.841235082759185,-0.08000155616203612,-0.20933286500715176,-0.4894178666171968,-0.025872978337545822,-0.2925209788041871,-0.7352222345558199,-0.049081451897897074,-0.39575200391565524,-0.8259921756475501,-0.06815791759445411,-0.4852917068139325,-0.8510455555233379,-0.07949535097209427,-0.1834758674945301,-0.4688113851204381,-0.04520510859076533,-0.25645218096463773,-0.6544736413034544,-0.06612241830959344,-0.3363498002758493,-0.7433465906822567,-0.07992609523513805,-0.41220138264702244,-0.7940028273216002,-0.08819711763590435
0.0,0.0,0.0,-0.17188162556802544,0.009421081137398382,-0.02959686025181426,-0.34919356339724816,-0.05786768791835756,-0.05317711906036823,-0.4914667008390635,-0.08737392284517789,-0.08109796194725184,-0.6063694303063925,-0.10105710716083394,-0.10619811955537956,-0.3052824269848509,-0.4473756959138689,0.009489766044440958,-0.3787022889375894,-0.670920387044391,-0.017761747852819754,-0.45866021511460425,-0.7627194812582725,-0.04909090695366007,-0.5410716445547878,-0.8006249613110343,-0.07040949489008119,-0.2574141713986079,-0.48409959571688455,-0.0056955331841853545,-0.3414167823960004,-0.7363983998701507,-0.032779305891817254,-0.4438992157011347,-0.8249547034276693,-0.05475959660076946,-0.5360302325486682,-0.8412441640666675,-0.06878450444875273,-0.21578306188441176,-0.4849620900597599,-0.0306254450004399,-0.29743779068339893,-0.7338594801585974,-0.05179151325017426,-0.39655625324924754,-0.8258819041509352,-0.06871835209832466,-0.4831857066899764,-0.8503371926559165,-0.07969772128788884,-0.18706227238263373,-0.4606524483222151,-0.06091440405988264,-0.2602310462330867,-0.646731893745916,-0.07945609852968388,-0.3372588075242684,-0.7354899856407242,-0.0903581869209461,-0.41079959783068354,-0.7840972643994499,-0.09746767369956824
0.0,0.0,0.0,-0.17597466999773465,0.006748496844858079,-0.04589917986142622,-0.3525070460356856,-0.05688858269023845,-0.07785441880064363,-0.49915361083139403,-0.0799862043019158,-0.1090955369249744,-0.6173784947913641,-0.0933922591748011,-0.1369682053199492,-0.30529197444353007,-0.44588848822683536,-0.015678291583087506,-0.3842314231470322,-0.6715220351611145,-0.04670637228163143,-0.4671239334947794,-0.7634872047397641,-0.07936233815293618,-0.5512134166566276,-0.8006677986924171,-0.1001926992186022,-0.2544883943989008,-0.48281929736922874,-0.017627703472273888,-0.34394350737160667,-0.7339917208417884,-0.0457598223971985,-0.44814155602396155,-0.8207633618992703,-0.0662304340247383,-0.5412034642379366,-0.8370281826937565,-0.07882293835119225,-0.210098110709395,-0.48150192228353,-0.02884807968917302,-0.29503093215604215,-0.7283548693303613,-0.04980435806511314,-0.3945662115175294,-0.8209518867434724,-0.06477125711343673,-0.481146153142583,-0.8474748144744135,-0.07360455835986451,-0.18018724270498943,-0.4565258694017326,-0.04582315307329616,-0.25439022554177093,-0.6418418826108019,-0.06409088216548568,-0.330969384361167,-0.731612111286489,-0.07359930207273155,-0.4032391583088416,-0.7841105495675135,-0.07871353555668167
0.0,0.0,0.0,-0.18226984953105851,0.020758946401278146,-0.04455354912008754,-0.35897836319502874,-0.03851614124629622,-0.07440114835270836,-0.5101363584114098,-0.06622537256124693,-0.10492127977939496,-0.633392996112234,-0.07272366988633742,-0.13053175897602645,-0.3182707746042034,-0.45406748690055715,0.01071495557154686,-0.40076971478376894,-0.6773220349618474,-0.01401704061873632,-0.48785551062551324,-0.7586946573231803,-0.04446408799727087,-0.5739215016016546,-0.7828272693020755,-0.06304055362534981,-0.2658812583269781,-0.4918549083243706,0.010409492145396713,-0.3643153419916844,-0.7380797426214392,-0.008908593325238634,-0.4736316248852214,-0.8127711322910494,-0.02609265154069606,-0.5696987540470466,-0.821052577308922,-0.036276644437148974,-0.22611944432262315,-0.49191231956124903,-0.0012254412055804336,-0.3216504834699129,-0.7327086444274282,-0.016639402732170912,-0.42820825715291144,-0.8154203587085824,-0.029220426899618672,-0.5183134308078522,-0.8298416585265614,-0.03553986689720963,-0.20596407131957967,-0.47195549375240997,-0.01923671234760501,-0.29335001713658293,-0.6569270707663049,-0.03298474816710074,-0.3763596151599615,-0.7400419227239605,-0.040586763930994765,-0.4519679478957676,-0.780412598003631,-0.04387997036701618
0.0,0.0,0.0,-0.18250917799403793,0.02223599503523787,-0.06684590681944688,-0.3599592405086778,-0.03274354486410276,-0.10510269209958621,-0.5132067491648711,-0.058184656228341465,-0.13638094425600059,-0.637239312417165,-0.0634194832986036,-0.16230473857617117,-0.31701346960435034,-0.44158225569258913,-0.02630670813582335,-0.40482856220078467,-0.6685608214532264,-0.0518408817092393,-0.49345866130671134,-0.7555801104799174,-0.08046829223130388,-0.579999286805793,-0.7855979394128116,-0.09696696636126925,-0.2649340244427104,-0.48205368014515193,-0.008031820531348644,-0.3676406160726618,-0.7282022647698002,-0.0256911304175172,-0.47627684225654654,-0.8066134175259888,-0.03965495293228775,-0.571363621893699,-0.8192264768062423,-0.04769747801117964,-0.22431588986511242,-0.4805815355616691,0.00011323543065143069,-0.32350850746237175,-0.7174719726255464,-0.012376991257755331,-0.4257052220748686,-0.8023070624272552,-0.023790491327671227,-0.5123141891510621,-0.8214096680321974,-0.02936594937856832,-0.20365327967403363,-0.45941167680898537,0.0013278217754600606,-0.2921723489310881,-0.6390431521042153,-0.009180728554858736,-0.3713119295643511,-0.7214472130627674,-0.015262127661889568,-0.4429953908582737,-0.7655551190661537,-0.017335600632538844
0.0,0.0,0.0,-0.17704613296853483,0.02029479591988771,-0.055680803830165715,-0.3578141516504445,-0.03142495272605681,-0.09160822493496515,-0.5118041521920571,-0.05452726251768607,-0.12501106724253197,-0.6371909980197554,-0.060402890310871565,-0.15384575047811969,-0.31594342734791037,-0.43951951666403877,-0.014385024645219468,-0.4010268473068751,-0.663141776232044,-0.04327159262044102,-0.4882768655964139,-0.7520696852286488,-0.07512581060831156,-0.575684347746583,-0.7849051066459879,-0.09522671732384438,-0.2647362600113268,-0.4790504243191298,-0.009465313123980277,-0.3629611055914713,-0.72274088310968,-0.034170338463086244,-0.47106843143631894,-0.8050221858854325,-0.05386116024334914,-0.5666983450661722,-0.8209931565721844,-0.066231170256975,-0.22437523702154416,-0.4800494657045532,-0.01494107949760179,-0.3197311852003297,-0.7163551187654666,-0.03522144924900156,-0.42397269763179096,-0.8047582165879301,-0.04982545668123388,-0.5126228126963605,-0.8280898697313409,-0.05754574615521085,-0.20216506230204176,-0.46181553460317615,-0.02696770801628936,-0.2890350967170861,-0.642233685160909,-0.04486263985738061,-0.3704064059567159,-0.7293175161399017,-0.05419967754501816,-0.445326796251832,-0.7778239537009186,-0.05856802827425326
0.0,0.0,0.0,-0.1748344410210714,0.027116740225030266,-0.057543633301369315,-0.35896007855652007,-0.023331653115518422,-0.09341703681948983,-0.5123166734468785,-0.044742200194549844,-0.12593258770939036,-0.6358835617933603,-0.047097968006623483,-0.15337767813666742,-0.3131804382923575,-0.4359660087306843,-0.021478090697524044,-0.397522019529715,-0.6646571991288317,-0.052423758082429016,-0.4868552146293712,-0.7540317633091618,-0.08496727348621044,-0.5758724909896116,-0.787137086627397,-0.10530047735048068,-0.2616862430097129,-0.47879446577729523,-0.016177633304849497,-0.3615983546208699,-0.7251528089659796,-0.04409263220106581,-0.47388934380879233,-0.8073403126725511,-0.06470449329228994,-0.5697735160369372,-0.8179961826766604,-0.07676381384304548,-0.22279776208956947,-0.48323801068729566,-0.021057157772871683,-0.3223050813280415,-0.7186999849552288,-0.043961852101427557,-0.432358900873575,-0.8040403652525365,-0.06020983857366863,-0.5237429954112347,-0.8235708794853049,-0.06793864198069409,-0.20240501679104056,-0.4700578618783932,-0.03242085400167348,-0.2946439361908185,-0.6487648037110398,-0.05271941803785111,-0.3811450962863534,-0.7337275985088023,-0.06361692084503286,-0.459586326205429,-0.7792976186014848,-0.06815467822792405
0.0,0.0,0.0,-0.17132436567451936,0.035488178101359985,-0.07807514873497695,-0.355420437465829,-0.013947876583721739,-0.12225593330956969,-0.5097275145999166,-0.03624629667873813,-0.15670607459535274,-0.6339132779655298,-0.03577722459889668,-0.18497849675368455,-0.3084257185189785,-0.43090654431414965,-0.053383350445565636,-0.3952708167208571,-0.6649198180735965,-0.08946538937333721,-0.4880280722930637,-0.7542561587780319,-0.12347612184380521,-0.5779809212898732,-0.785247931804579,-0.14331316610542877,-0.2569057675626477,-0.47545009716931397,-0.0332862190281159,-0.3593248669096025,-0.7255177083605321,-0.06498877948338597,-0.4755407036886983,-0.8058823615668573,-0.08536164205619615,-0.5714143412571209,-0.8146499293487869,-0.09624839430545998,-0.2194566015502443,-0.478922137663669,-0.023008882881492183,-0.32104804381193836,-0.7140188967308527,-0.04884289287192768,-0.43382429381693555,-0.7965907683784412,-0.06686386339212519,-0.5262920226559546,-0.8161708326105457,-0.07449362860658995,-0.20052091367034083,-0.4665812616676047,-0.01973185619518019,-0.29490675914118825,-0.6449754118327802,-0.04158723207422962,-0.38249452862921196,-0.7281222403209041,-0.05328134052539288,-0.46129055511983375,-0.7740765416599726,-0.05748630722027247
0.0,0.0,0.0,-0.1722782619030629,0.04119336112197075,-0.09359374546419306,-0.35516722144759216,-0.0112665604540685,-0.14337214817732086,-0.5115158264185403,-0.03652020884943664,-0.17849429323344168,-0.6369744220585114,-0.0373546870894023,-0.20672432870421983,-0.3102795867705589,-0.4278656129310444,-0.07583317961200098,-0.3998290777978665,-0.665913964922799,-0.1138932981312406,-0.4950267830696924,-0.755645563527268,-0.14774168519913017,-0.5854891708589385,-0.7839907386673046,-0.16610532056111238,-0.2575308574718361,-0.4752302044986213,-0.04274195988778848,-0.36207680970019407,-0.7239680183986825,-0.07389551835286118,-0.47944269081883584,-0.8025072703140451,-0.0922028037409606,-0.5757298343166455,-0.8108116583862115,-0.10101738338447647,-0.21921665733460532,-0.4790629039242701,-0.019002831390061585,-0.3229693024475935,-0.7111546967194836,-0.043384090656580346,-0.4342686471142351,-0.7920999369157675,-0.05956133572195513,-0.5256932124229378,-0.8119230107299704,-0.06519610283665964,-0.2008098864417971,-0.46626531080504496,-0.002832126592985343,-0.2966351189681963,-0.6427725528860473,-0.022660891602693405,-0.3832718943181447,-0.7229798827167462,-0.032307310577816724,-0.4602186864050199,-0.7676173440754217,-0.03435219710990554
0.0,0.0,0.0,-0.17147803011840415,0.03131819151318496,-0.054062973658838345,-0.3603414166858239,-0.028557727874397476,-0.08480675167195244,-0.5142013246588379,-0.05062017228486444,-0.11275652559813316,-0.6348364761450258,-0.04440400392293228,-0.135877016158819,-0.31262572226436386,-0.42699899265065544,-0.02059206951726613,-0.3964122049448968,-0.6680460799415517,-0.05192909843483151,-0.48491461231412086,-0.763421696697485,-0.08335362140552673,-0.5713573998043197,-0.8012864870879698,-0.10240255861587126,-0.2642710681796612,-0.46829618572794096,-0.017267076643824115,-0.3621105887785087,-0.7245843327900919,-0.045728898493638384,-0.4756673965580424,-0.8079096134179616,-0.06463770515209004,-0.5703579589121732,-0.8180379772150203,-0.0742001788373716,-0.22869000468440473,-0.474692785704623,-0.023913568676925716,-0.32759759894911095,-0.7161666949945605,-0.04613256568573211,-0.43989991677203527,-0.8040162633455613,-0.06069005528666583,-0.5319966950806796,-0.8273300143743393,-0.0667438893120742,-0.21022511455165643,-0.4604826182079024,-0.03700652370197993,-0.3012354831658437,-0.6403949668145212,-0.05615798032222247,-0.3869469941821481,-0.7298272909674559,-0.06547226105790116,-0.4625991561757019,-0.7815925737049988,-0.06864812646958462
0.0,0.0,0.0,-0.1704683351254449,0.03247850607932044,-0.05290354116577767,-0.3607561782938298,-0.02828591464463316,-0.08364779113983525,-0.5156215584884747,-0.05217029126532745,-0.11260044024639895,-0.6369658991735081,-0.046568782723552415,-0.1367966050874172,-0.3135784982641779,-0.4298152637382358,-0.0175950655361408,-0.39556438382268444,-0.6697103527822462,-0.05069139084704155,-0.48431157534882996,-0.7644281246114788,-0.08382542098077916,-0.5719925435690826,-0.8003913440975416,-0.10417659162180457,-0.265383118468536,-0.4695803046889414,-0.016876951765752563,-0.3610244108204277,-0.7240207018845125,-0.047434319904294864,-0.4744286550986351,-0.8072507277550887,-0.06801814718600882,-0.5702373258996669,-0.8176929474248982,-0.07866130339729316,-0.22959432549148406,-0.47560484211402865,-0.02644133120831646,-0.3269814813238837,-0.7165907005761838,-0.05073460790616633,-0.43874870996377946,-0.8041399708698854,-0.06531471807133105,-0.531067410994165,-0.8267926008156838,-0.07108279128971978,-0.21019618523186903,-0.4603621348964535,-0.04262723388773565,-0.3008441402518661,-0.6403355248575753,-0.06339137683835172,-0.3867688870617261,-0.7303273155064489,-0.07277206132113129,-0.4631669086122464,-0.781825932547237,-0.07571010154742602
0.0,0.0,0.0,-0.17333912373085575,0.03381210468042749,-0.05766235538110194,-0.3632077022339053,-0.02746280261709503,-0.08996431214789628,-0.5182824613576489,-0.05372145247754929,-0.11869025706001568,-0.6393707075206854,-0.05028348201697025,-0.14242278041612355,-0.31282993889165833,-0.4259751700285973,-0.027048565057388074,-0.39470783788639935,-0.6677024560721374,-0.06132475630188748,-0.4842633552602177,-0.7627256197082359,-0.09431184999100911,-0.5728369226192451,-0.7992725168037729,-0.11411859222114498,-0.2639204694184075,-0.4672456048788247,-0.02173102816733734,-0.360164732051623,-0.7212328068183791,-0.05317154233123834,-0.47466540299108617,-0.8049222039621993,-0.0729724923150466,-0.5710543527803502,-0.8166968859492157,-0.08290613241253028,-0.228168184226131,-0.47389703678683026,-0.02631667493657207,-0.3258525390133677,-0.7150443178732153,-0.05102105953765236,-0.4385956000234994,-0.8025779062708296,-0.06521729543407316,-0.5315529689549834,-0.825753211951944,-0.07030220811603605,-0.20964626687344756,-0.4594726719250359,-0.037558641519719174,-0.30008198353512816,-0.641053240066215,-0.05889548305394234,-0.38726374005989395,-0.7307807617834534,-0.0685403810920126,-0.46430456138317766,-0.7818426283281541,-0.07120129951941695
0.0,0.0,0.0,-0.1725225695938707,0.034078868172412256,-0.02490978375869593,-0.36572164642603977,-0.03156031151357927,-0.043665269026865225,-0.519995956947665,-0.05286918521288192,-0.07048551912820297,-0.6463468831968049,-0.04087181478633789,-0.0937258288458994,-0.3243852403728896,-0.4380326906533761,0.03768720411795632,-0.404298064320777,-0.6660980712053656,0.014905993725380394,-0.49070197751943007,-0.7577943963983926,-0.014797238075911559,-0.5763604007554831,-0.7896571644452737,-0.03479554978942115,-0.27771839608576604,-0.4762706538752507,0.017281644691699162,-0.371103999488674,-0.7231102723109939,-0.0039663430744217645,-0.48183959364894213,-0.805005654143145,-0.024047344278200905,-0.5790999697418779,-0.8130469967364211,-0.03561392356584239,-0.24256480302032604,-0.48621868641200916,-0.014929612391934362,-0.3391381660211624,-0.7245532032920559,-0.03591561005428633,-0.45211953107115527,-0.8086708893643464,-0.049616684577521546,-0.5474274568648598,-0.824584464486023,-0.05568053643447639,-0.22431153723166045,-0.4723950668407462,-0.053169850705839156,-0.3188543554831248,-0.6530034034171517,-0.07337569864593549,-0.40689735541639827,-0.7432211917207874,-0.0826714423927287,-0.48640305743629675,-0.7898917775108676,-0.08664311823469827
0.0,0.0,0.0,-0.1750906995128394,0.0323514484380162,-0.030359797647116833,-0.36958873202815645,-0.03180750099822413,-0.0503943056933681,-0.5247562135904178,-0.05045357482418407,-0.07699303571718415,-0.6510138526485874,-0.0369309015829515,-0.09959668958680062,-0.3302228790573033,-0.44622259706251566,0.03312870498089892,-0.40780526744477585,-0.6757813882782783,0.008188757796291904,-0.49508837859906196,-0.7629544000528535,-0.023311967238789026,-0.5823261314889763,-0.7882440853491213,-0.04419944228012495,-0.28216020648756357,-0.4843932268639892,0.016695742840278055,-0.37410026697798426,-0.7312456171040812,-0.005085868204806903,-0.48436102863667635,-0.8081038143844366,-0.025079747332051233,-0.5817422402923365,-0.8118036544872254,-0.03708598997170157,-0.2450236762726115,-0.4936436509895316,-0.012157960335113897,-0.3387592151232135,-0.7343061711165508,-0.033017047878026895,-0.45199359673241635,-0.815278144805599,-0.04646024874544838,-0.5480743120176493,-0.8275403532811871,-0.052793555973951745,-0.2239893575956367,-0.4796144254191668,-0.047483210336850754,-0.3152466390200932,-0.6623606857952449,-0.06707823559068526,-0.40313523299600573,-0.7492753189319684,-0.07591844966235695,-0.4829666049250049,-0.791550621406697,-0.07972925028322282
0.0,0.0,0.0,-0.1755955669904838,0.03059107514715211,-0.0388137152832066,-0.37064029963641115,-0.03065438236146037,-0.06422336033935672,-0.5261470441959957,-0.04690828782396966,-0.09393385445349162,-0.6519098647657473,-0.031442135888668274,-0.11950096847997796,-0.3293821891384917,-0.4437349915889569,0.018233448929002784,-0.40828707318828106,-0.6721921725025943,-0.01165281120063269,-0.4960960476471748,-0.7570996998391892,-0.046354333096193995,-0.5827475755255098,-0.7812286990476108,-0.0687414731931516,-0.27938223970559006,-0.48346944904513595,0.006875418328785285,-0.3710977828571535,-0.7295440357840851,-0.01856070764351305,-0.4823308152736383,-0.806503926803934,-0.03964172026583759,-0.5806640064594858,-0.8119734719322129,-0.052097464465964236,-0.23840324616009503,-0.49254976656429394,-0.016775108553427745,-0.331321771840826,-0.7303040953089941,-0.03811738926077168,-0.44275147113063473,-0.8120535262274959,-0.05030940475636405,-0.5376244588863253,-0.8270060735891798,-0.05583170714913711,-0.21214895405581163,-0.4778727515465867,-0.047441479097231946,-0.3005247290276483,-0.6580469105048268,-0.06627911599317397,-0.3870420831827265,-0.7441438280589614,-0.07363327144779842,-0.46631597210741027,-0.7880764198306756,-0.07619937854473915
0.0,0.0,0.0,-0.17711078848281095,0.031086457079532656,-0.0167850712916758,-0.3736822965144988,-0.033004177042516306,-0.03029407330435096,-0.5263870192499471,-0.045122165325810606,-0.055245107028113596,-0.6531839884185988,-0.02763809205457046,-0.07742942204999952,-0.3336769801080003,-0.44648390706495295,0.06100474427401098,-0.407383969201238,-0.6680715477053223,0.04192754958942483,-0.49128926767024694,-0.7557280371887082,0.011375531573160319,-0.5775548783871209,-0.7818221542242665,-0.010428609422186364,-0.28635305079131756,-0.4837727134706419,0.03422407545080258,-0.3727976574443981,-0.7282303985679506,0.016562884029076328,-0.4804002384591809,-0.80814713985919,-0.005699576009110641,-0.5774093808085835,-0.8132648391222896,-0.020335350111504644,-0.24933729412702554,-0.49399135922329374,-0.005610464744843158,-0.33934840129648036,-0.7345359240480278,-0.02476108826503904,-0.45092547253662457,-0.8158734210268648,-0.039978657800341516,-0.5481074430572798,-0.8277258131784797,-0.04825485986953626,-0.2286119968874343,-0.4791092970146298,-0.05155078574875617,-0.31971784445750373,-0.6624662376937596,-0.07085086379321763,-0.408914846180631,-0.7485460327473464,-0.0806108180748954,-0.49248238599045396,-0.7904396589541445,-0.08599483510340203
0.0,0.0,0.0,-0.174093935133164,0.03450144319610935,-0.017676144538965946,-0.37393359745612065,-0.031165821500843724,-0.030942582689730266,-0.5289001069081742,-0.0420821882744484,-0.055666576526773454,-0.6556838827296092,-0.018380820457241175,-0.07682569455816687,-0.3363076121890376,-0.44588913310109246,0.06338233259032028,-0.41144833086027344,-0.6718750311615509,0.04304215064121769,-0.4975402736670635,-0.7578814156190151,0.011611248488285531,-0.5862797901106773,-0.7792513268672231,-0.009976478851274506,-0.290276068065473,-0.4840223303590737,0.03688369394073918,-0.3760289172290776,-0.7354477490682247,0.0199790972281228,-0.48464019579025136,-0.8121897400093508,-0.0008497730836669608,-0.581551418895305,-0.8116250735143962,-0.013560900709944177,-0.25422301460470353,-0.49648699814270314,-0.003199679779583193,-0.3451094021129003,-0.7417223204134944,-0.02255273211452167,-0.46084283629955175,-0.8183014234148123,-0.036349966994567245,-0.5597025911128829,-0.8238307521423205,-0.04232327885174812,-0.23337500323548155,-0.4844979841263935,-0.049573752489823875,-0.3274329584457806,-0.6675442102898788,-0.06786434991943475,-0.42162194887139587,-0.7495234080460822,-0.07548904026425934,-0.5076261852829795,-0.7851251538271187,-0.07848989668885767
0.0,0.0,0.0,-0.17159609894252797,0.03391896000835401,-0.046119260313188665,-0.3707980523010167,-0.026976151874352365,-0.07271595605492856,-0.5280569748236658,-0.03799158320222611,-0.1019622976556379,-0.654944743803719,-0.012541195484931024,-0.1269768955090152,-0.3372834877325368,-0.4390340578975029,0.013793540340277785,-0.41526567528218783,-0.671432925688475,-0.017279193958460462,-0.5011882994992151,-0.7575019331981355,-0.05553229976650263,-0.5903526907195307,-0.7802096761396626,-0.08046461756390381,-0.2906155262630238,-0.4788446515159456,0.007291900488090161,-0.3767316086403113,-0.728736158975102,-0.017544305299194287,-0.4853176580972056,-0.8058725421456178,-0.04235609001814838,-0.5824934457924853,-0.808666403476118,-0.05786395426241169,-0.24935849831555867,-0.48763580700552167,-0.011749718236334203,-0.33934549329958913,-0.7252650272375765,-0.0335035867383099,-0.45181304127566474,-0.8042463855800819,-0.05000935424971411,-0.5491002439275887,-0.8164567096182754,-0.058261901099757325,-0.21949529022648223,-0.4715092285421488,-0.03803793132223687,-0.3079936921050978,-0.6500435711671694,-0.05623974019163862,-0.39825085585937103,-0.7290541768212416,-0.06402700452122836,-0.4811474292989799,-0.7676603245121685,-0.06713211461054021
0.0,0.0,0.0,-0.17509506976152664,0.030815930038319166,-0.02695816666500784,-0.3765838098688229,-0.028645825538514042,-0.04342863026440072,-0.5322056030320508,-0.03707811610278703,-0.0684584631833423,-0.6599534919524788,-0.015842924786866407,-0.09008895537053108,-0.341290101018559,-0.44418932806848277,0.05091970834332808,-0.42101877963954837,-0.6669593913658158,0.029503322795799605,-0.5033731667365974,-0.7542709806416323,-0.004321525610756112,-0.5896856018284524,-0.7807853598173784,-0.027982646612937652,-0.295134520021887,-0.4833407377791481,0.031599277737274854,-0.38547880347695546,-0.7256598905261564,0.01323706952678391,-0.49201845420758095,-0.8038110065674893,-0.01206512958322914,-0.5879964788922603,-0.8067503081923035,-0.028697991453945075,-0.25565843912336117,-0.4944157858599143,-0.0007980995175430423,-0.3499462096733691,-0.7296615085839203,-0.020033198030598536,-0.46209239208385156,-0.8077316221685391,-0.03758850714921269,-0.5591527954940038,-0.8174988891363761,-0.047089334410223845,-0.2284959587975251,-0.47956447521309276,-0.03967990528704787,-0.3210955046570141,-0.657123206699125,-0.056943934602499136,-0.4100197516308782,-0.7406554613142321,-0.06569799181969435,-0.4923613903836343,-0.782673226070814,-0.07037727188196247
0.0,0.0,0.0,-0.17580121259328102,0.02765135747970756,-0.007737552306317088,-0.3736674137622683,-0.03236332488788623,-0.01617567461888682,-0.5242959102912093,-0.03874812077894682,-0.038746362230373754,-0.648825571001096,-0.026749016279434695,-0.058521134626799726,-0.3423844020630179,-0.44574073648344203,0.07970411508227701,-0.41909445419208347,-0.661445922732355,0.0637495921866379,-0.4980957244718792,-0.7498972515297212,0.0329911782050048,-0.5805809551458687,-0.7771141105530069,0.010274657463735768,-0.29786851313378326,-0.4844786986685948,0.047043851270016264,-0.3884322380218084,-0.7246620929523921,0.030155699431576588,-0.49325894349708466,-0.803435847045433,0.004669615925459935,-0.5876102695522811,-0.8041276066881613,-0.01227770566767403,-0.261796116600647,-0.49781447656457956,0.001077142689909194,-0.3567605461703705,-0.7350947894341319,-0.01833429253479846,-0.4704784457997933,-0.8109754296660234,-0.03663864915185845,-0.5681015047746611,-0.816426584083962,-0.04705237936333667,-0.23833717878592559,-0.48487009578782425,-0.05047139119192533,-0.33240846137366475,-0.6619728098287838,-0.06898940599374609,-0.4223766684261049,-0.7466224439109972,-0.07953078951105469,-0.5064410214487687,-0.7874811035651661,-0.08618525116074685
0.0,0.0,0.0,-0.1813669479888397,0.0248811263014591,0.00403660584356055,-0.37262991169521587,-0.03069691686981778,-0.0015420412603975447,-0.5189936923086464,-0.03328051522895481,-0.025183719617759028,-0.6414436886103339,-0.03397150318826283,-0.04607439361620965,-0.3473848327031906,-0.45027782066738364,0.09900118769620708,-0.41992942723369353,-0.6705088519152134,0.08463078160842288,-0.5002567710416426,-0.7581304830244595,0.054008934399942095,-0.5826711209857649,-0.7805912641252729,0.031209578498036322,-0.30414167316392193,-0.4891221332832828,0.05787134521044611,-0.3899592109456961,-0.7404594589319327,0.040901529774667544,-0.4964540627406684,-0.8131143427949359,0.014341015017900673,-0.5885767289331971,-0.801239258995994,-0.0029400604553636977,-0.26912927686976507,-0.5026153464283716,0.003223147140116702,-0.35410290568184255,-0.7539838210828996,-0.014107718572668779,-0.469018395764202,-0.8259573944779133,-0.03185242704497801,-0.5658301445988134,-0.8208242816333233,-0.04230238187765263,-0.2448255878224141,-0.4891536152986119,-0.056751777173700106,-0.3309255400199609,-0.675903963705386,-0.07341750052467641,-0.4227840511555093,-0.7586672035437931,-0.08320569460033944,-0.5087629189870294,-0.7912087874825167,-0.08953733837971894
0.0,0.0,0.0,-0.18371161644510153,0.02452035658808934,-0.012193844987697974,-0.3754342191217467,-0.026897243195832123,-0.02567528287212051,-0.5214787396253648,-0.028485020856872545,-0.05295334647431632,-0.6426195655416389,-0.03559747491291848,-0.07707232037967607,-0.34798672827957444,-0.4537181346215291,0.07136405021030172,-0.42104628648389864,-0.6806556244566446,0.04829771089795944,-0.5006182572273863,-0.7684333044686429,0.011695309397723497,-0.5851418764233451,-0.7901239773884351,-0.01377519112099215,-0.3001818431006139,-0.492262946611443,0.04079694273959608,-0.3850226407375462,-0.7437719681953257,0.01652503048394415,-0.4907023341915102,-0.8165812756817917,-0.014697541371877454,-0.5842448674928963,-0.8066126455024067,-0.034559262742259074,-0.2604582942475555,-0.5044611550685265,-0.002911712658513051,-0.34268483014978,-0.7534412255888276,-0.024211768836510345,-0.45632486264172056,-0.8266949467034443,-0.04447284296835615,-0.5541887020758874,-0.8243413169129816,-0.055663681611032134,-0.2323478079325599,-0.48985632020623027,-0.052485068333180625,-0.31443189178136743,-0.6771715069322487,-0.0704405351555428,-0.40544496109143524,-0.7599088934722809,-0.08042039517616756,-0.49091966678312393,-0.7938130972087682,-0.08582712109190857
0.0,0.0,0.0,-0.18191045601822972,0.021163050641341868,-0.011986274020149009,-0.37429660616315164,-0.03062596969998607,-0.02396521772271725,-0.5221651420984794,-0.027415869442521203,-0.050229728317576924,-0.6461579330599628,-0.03424563161702167,-0.07345881176317591,-0.3501510043988407,-0.45428793140039775,0.08044704364826644,-0.4233188497534931,-0.6773173285813145,0.05911934162779266,-0.5015724946966471,-0.7643264425976635,0.022015371251953172,-0.5852068135766095,-0.7859747843620446,-0.004191607875057237,-0.3030865028986942,-0.4920566658011314,0.049272919236210654,-0.38903945087512903,-0.7391455535493272,0.027180258092828546,-0.4921938316670625,-0.8133690457508375,-0.00565948885565421,-0.5842480223664692,-0.8036081987633057,-0.027070185626236004,-0.2633112776572656,-0.5059681817894651,0.00400680585076376,-0.3468899298780657,-0.7523101239513853,-0.016808823850801645,-0.4575883959000271,-0.8278592691123071,-0.03958560426592027,-0.554965712403114,-0.8271059530629203,-0.05265537445692216,-0.2335539501737924,-0.4947618097434721,-0.047326147634288745,-0.3167982720001729,-0.6820992401750255,-0.06587109885448149,-0.40559500223637013,-0.7679342681937709,-0.07789635042246357,-0.49105745050852195,-0.8049130366700634,-0.08500506387449458
0.0,0.0,0.0,-0.1813070552598316,0.01691921339790327,-0.005977901564239607,-0.3719277362489289,-0.03695551472222394,-0.01578352771910556,-0.5200154366319846,-0.03247779751990628,-0.04187147739616803,-0.645232929179999,-0.0368707332911543,-0.06568763282287299,-0.349112728716915,-0.4582376870131375,0.09134039139463034,-0.4206665938769353,-0.6786928896133069,0.07250300711704033,-0.4974224389281497,-0.7654089562389745,0.035988829437190596,-0.5798431565672519,-0.7889835438457,0.009357845402129649,-0.30118801577034593,-0.4956457994947695,0.055845371327811116,-0.3866460062656587,-0.7415152504400191,0.03651710610394782,-0.4881000326311997,-0.8166463208074002,0.0036109230682831936,-0.5793719259983034,-0.8090255556667186,-0.018569666208959355,-0.25924197485018957,-0.510676130194486,0.006200054680764836,-0.34188279112956266,-0.7570254842250558,-0.012687601010990191,-0.4503777258412237,-0.8330619992883281,-0.03494091540473049,-0.5478050399477362,-0.8336011213467367,-0.048361139339771445,-0.2257916124404417,-0.5009849179513874,-0.04942031296526002,-0.30762242893271174,-0.6906811325505215,-0.06668561574193732,-0.3949935087626829,-0.7765132987926797,-0.07787833727718096,-0.4804662345242666,-0.8124957545064206,-0.08500149925814153
0.0,0.0,0.0,-0.18082359948643092,0.015585022268641068,0.0025892230535251312,-0.3709344638975235,-0.04326174831772098,-0.001373011674542855,-0.5183549393768176,-0.03899964229272416,-0.0235717449846226,-0.6423768983429241,-0.04159685397526691,-0.043614542631804636,-0.3519324828269697,-0.458214421743291,0.10483972440849282,-0.4198767363687341,-0.6763836697993306,0.08881357458159006,-0.49486220343028214,-0.7612510122960812,0.05434608790205192,-0.575276946813434,-0.7841590886613121,0.028834453588152155,-0.30551962588968473,-0.4963701938457113,0.06457393711314739,-0.3884993255719064,-0.7410504550701895,0.04759280562071227,-0.4887012919864465,-0.8164983184402936,0.01575631248587428,-0.5771672138567869,-0.8078384998552918,-0.005501709039498321,-0.26358595424309583,-0.5123382030432091,0.010127350405383416,-0.3445349375101614,-0.7597686734374743,-0.007897885734992295,-0.4523183886769138,-0.8353102265880592,-0.029705174015428954,-0.5486011749688973,-0.8341846733896998,-0.04237813532913404,-0.2288387411655619,-0.5035733213238178,-0.04986981612866486,-0.31138271479255186,-0.6955216948559793,-0.06762487139562481,-0.39988772914160603,-0.7810237424715424,-0.07934578362225117,-0.4860980633124198,-0.8155707260881077,-0.08644208716455723
0.0,0.0,0.0,-0.18287594224795267,0.015143468454771195,0.00966833293605317,-0.3744369584307311,-0.04606686488920493,0.008617370390113024,-0.5202306029379238,-0.04609816894228082,-0.012359910810333937,-0.6436162641829795,-0.04351358405923993,-0.032283141224100254,-0.35600543130492907,-0.46050195138723293,0.10866440708895983,-0.4197365921745324,-0.6804471445975071,0.09236164825405566,-0.4926408269945464,-0.7661737263801933,0.05751847691998027,-0.5723953534781512,-0.7908163029819503,0.03124634464085756,-0.3081420594321923,-0.5000457459435624,0.06340356160685534,-0.3874069867009273,-0.7455500276402078,0.045487913746396005,-0.48732067122272527,-0.8210680064724973,0.013345722973161653,-0.5765448418518067,-0.8108482538672035,-0.008363372011163177,-0.26405151734105786,-0.5162482224227916,0.004542438906998815,-0.343824393081222,-0.7639466168001143,-0.014773999043253334,-0.45060102336158503,-0.8382145610002283,-0.03535158450581668,-0.5466865367834262,-0.8355738998788526,-0.0472481524445138,-0.22718951576824692,-0.5051078507792784,-0.05936131416265571,-0.31044862164482556,-0.6981633970725962,-0.07800743179448077,-0.39811657864982286,-0.7829590856700733,-0.08858394003403369,-0.48358685874147855,-0.8161282476625678,-0.09496760735427534
0.0,0.0,0.0,-0.1813637079759898,0.013054461788299207,0.005764998199703809,-0.37514068035759157,-0.050478024431461974,0.004504647703571344,-0.523115208931147,-0.05389838069037204,-0.015209260382735306,-0.6449265616869878,-0.04895170400064093,-0.03301091862313534,-0.35819455745185336,-0.46428844900298516,0.10499640326899846,-0.4240057477039417,-0.6829887620954692,0.08835316924011653,-0.49752038201420357,-0.7695805274615639,0.054809553005674104,-0.5749243469807885,-0.7932006039382017,0.029816285281787442,-0.31107511914292196,-0.5034741187011944,0.06321197701269998,-0.39135835453631407,-0.7483601428504039,0.04633958957387528,-0.4898997045513205,-0.8235395409108179,0.01755391391669272,-0.577264504094289,-0.813201605547019,-0.0014462067594835136,-0.2664810053964687,-0.5190133783347737,0.007577528678893174,-0.3458079320799482,-0.7657944243872363,-0.010612492251225255,-0.45047095481702215,-0.841040733433652,-0.028243366998267433,-0.5435171273745543,-0.8382598643171997,-0.038067559077215166,-0.2273412729275447,-0.507641713620408,-0.05350940983396234,-0.3064526312353095,-0.6987535082793345,-0.07195538246629521,-0.3919381481176939,-0.7846651303793692,-0.08167505515035145,-0.47483518849809203,-0.8181981494589436,-0.08705516642751393
0.0,0.0,0.0,-0.1827778389418463,0.012604938485663623,0.001158277723212639,-0.3754789875992229,-0.047183626206012075,-0.003405831395014939,-0.5220091382350303,-0.04782719808717593,-0.02537766389939,-0.6427964320803141,-0.047981984115842355,-0.04554466184760993,-0.35704368211286,-0.46058428884212965,0.09594481246282688,-0.42386449714646923,-0.677914097334906,0.07466647761627973,-0.49714751252344247,-0.7634287143890595,0.037425121186120014,-0.5743614184788937,-0.7873626072958253,0.010099929859895766,-0.3090284222569438,-0.5001748523912581,0.05544462559666245,-0.390230712156446,-0.7433645351545437,0.032849090043067145,-0.48978025952543314,-0.8185837914466445,-0.0005353625411941322,-0.5786828681769719,-0.8093903205516866,-0.022650161347980542,-0.26315610372423287,-0.5171516772975129,0.0010535561178919152,-0.3436740523398515,-0.7634160749942074,-0.020947753278869868,-0.4478328619576015,-0.8399198860557231,-0.042093329097536505,-0.5402501227344125,-0.839449007251998,-0.05430640111780062,-0.2226844486786777,-0.5075155943206953,-0.05893888861792105,-0.30131609272563087,-0.698321567388879,-0.07892305576395695,-0.38529648994237103,-0.7861470062922503,-0.0902183869889894,-0.46679233050247054,-0.8229297128091309,-0.0970165353498141
0.0,0.0,0.0,-0.1807655957368591,0.009524945331939849,-0.005752402976607334,-0.3752471644505626,-0.05053828308563673,-0.012982470651586987,-0.5246021599596944,-0.05278405983926835,-0.03605359334406306,-0.6460225453079788,-0.04787810404866807,-0.05701217107819996,-0.3562499515070171,-0.4561536396923626,0.09010462303670819,-0.4248394326115723,-0.6662699103566523,0.07040688241989039,-0.4966613935872093,-0.7555124273441358,0.03437395486421162,-0.5728162385949591,-0.7882181371850935,0.0065571835169891774,-0.3082223821642749,-0.4965180445419327,0.05316405118996044,-0.3909557839679992,-0.7317081156042606,0.032429554996050707,-0.4886090116522821,-0.8107045866467267,0.0004915741486674598,-0.5778803526900932,-0.812903058884191,-0.021889358499376906,-0.26123404868806666,-0.5140733397418078,0.0019535577457248654,-0.34410416096880514,-0.7526995482130386,-0.01990917819471305,-0.4461137582122207,-0.8327296922744976,-0.041221566810152155,-0.5381871086127684,-0.8408462004758394,-0.054400163652123815,-0.2188649579661504,-0.5063477699091045,-0.05538183436369913,-0.2976627597237632,-0.6934921120532065,-0.0754890390612801,-0.38110025714770474,-0.7811211086970775,-0.08717886301927617,-0.46322134875739013,-0.8201058551972387,-0.09503297480290723
0.0,0.0,0.0,-0.1819585906125275,0.01002112275234161,-0.007119006006237322,-0.37535479794415305,-0.049179277400807235,-0.01648815280645906,-0.5231761194852551,-0.05096161456395702,-0.04131071767618231,-0.6438683672140392,-0.044712811724063495,-0.06479327167087182,-0.353307350132435,-0.4591431315228161,0.081760285244804,-0.42261274458242837,-0.6723663321669004,0.05829062842912934,-0.4947502236311383,-0.761635744953985,0.019515260967313673,-0.5716834697390905,-0.7929967225401886,-0.009476297460074544,-0.30298632652716984,-0.498858223682348,0.04515008846944393,-0.3852092068242131,-0.7377426194720761,0.019919984771195758,-0.48296580409887024,-0.8170714461864881,-0.015286538674177454,-0.573204889598299,-0.8165577053526002,-0.039150678077999795,-0.2539331132117595,-0.5156453795442082,-0.005082782848264845,-0.3373959178765194,-0.7552658896959465,-0.029853436985611045,-0.43950482115080386,-0.8361055065736755,-0.053207292969726656,-0.5324978176477502,-0.843537877199772,-0.06710095362248074,-0.21040623506729905,-0.5054490757451551,-0.06117061536656956,-0.28957752727072317,-0.6936030916478457,-0.08281485669202296,-0.37276178939315463,-0.7828354968797302,-0.09501176777659523,-0.45461357714336137,-0.8231969184787282,-0.1027594774020245
0.0,0.0,0.0,-0.18028588273297041,0.011248025895673155,-0.008413880844102543,-0.37278417373438416,-0.05029679954054619,-0.018961101428973996,-0.5212460047015683,-0.04942492388765145,-0.04482650240916439,-0.6417797812957966,-0.043024134459655375,-0.06869914753393454,-0.35381936953189486,-0.4573773716860361,0.07958238866347804,-0.4208598189576913,-0.6712550032710278,0.05452528874261153,-0.49226476968743255,-0.7597450091561455,0.01549743582299715,-0.56877595179571,-0.7890970082519457,-0.013212821979217238,-0.3041333264071765,-0.49784794947115896,0.04320020987436405,-0.3842861086524607,-0.7370543238806118,0.01641859737627376,-0.48227010373869306,-0.8155623630019808,-0.018379852484219143,-0.5721009176458127,-0.8106921535494029,-0.04111708486740487,-0.25552292734278514,-0.5158713348177448,-0.007003993705423012,-0.3370361932499283,-0.7569208160484422,-0.032183152863311804,-0.4396281134343736,-0.8378083126478038,-0.05482218856443833,-0.5335606334480938,-0.8429428319077262,-0.06756508359041519,-0.21225496661753857,-0.5072597119561455,-0.06329505724648142,-0.28881445014085255,-0.6970039818082522,-0.08511380632846967,-0.3721849128883331,-0.7876297970381727,-0.09742874978509244,-0.455066414421177,-0.8276422004303146,-0.10467514195115074
0.0,0.0,0.0,-0.1847691735641771,0.009376521903236547,0.004361444177893463,-0.3759950360784351,-0.052628465814017845,0.0022069569372288635,-0.5229065101475399,-0.05113325134467843,-0.018413952724180636,-0.6440776419844083,-0.044127926350230204,-0.038219139369592384,-0.3567230303768373,-0.45291462706441554,0.10217694604340424,-0.4223616937082307,-0.6608327485409242,0.08519312359521343,-0.4910290449232738,-0.7512813774920966,0.0505570720936516,-0.5644237036316535,-0.7850197516099732,0.023736945748786008,-0.3089483600993687,-0.4954989372856077,0.05988646535571822,-0.3888474214029408,-0.7310198676759323,0.03973982929971586,-0.484508150164773,-0.8122573127086963,0.006482834188037778,-0.5703899079528856,-0.8100178259474864,-0.015855780109732244,-0.2612608524704045,-0.5151467969553716,0.003991590906833647,-0.3428948903279382,-0.7542407526390031,-0.01729982279523782,-0.44327752314209573,-0.8360787384733758,-0.039267391125139224,-0.5350527243494642,-0.8430151988441653,-0.051969196611190684,-0.21781770842028148,-0.5082115924189844,-0.05721962505884984,-0.29454417097418567,-0.7011915934442601,-0.07762564345527244,-0.3773161140587673,-0.7923601655407855,-0.08958900560594417,-0.4600937606216493,-0.8332342180333823,-0.09686022677440068
0.0,0.0,0.0,-0.18541456631690906,0.010531229808008403,0.0027521245759135997,-0.37868652492041804,-0.04986632287614009,0.00036869547884649397,-0.5275846154980638,-0.04770693847216938,-0.02025574775613986,-0.6500635432872683,-0.03862116631750158,-0.039949790705897506,-0.3582032676882255,-0.4538478910713484,0.10249735666630357,-0.424011969324435,-0.6639981301636109,0.08545895260193255,-0.4931576348736726,-0.7550910056758287,0.05100265614992177,-0.5654717708164642,-0.7858126968609636,0.024871684195292308,-0.30960522853550343,-0.4976575926405029,0.06157591419406639,-0.3916522069579418,-0.734257927768124,0.04150567886110515,-0.48696881383572976,-0.8164820009645866,0.008521456465271391,-0.5708424098490654,-0.810246134737727,-0.012881002800871622,-0.2606581489540168,-0.5181393552107674,0.006818697963217444,-0.34506584026740184,-0.7567196809069534,-0.014273384097398142,-0.44559438166128035,-0.8387310665661611,-0.0357908082319193,-0.5367733288024499,-0.8422684465978565,-0.04758044155604146,-0.2150404761322793,-0.5119888161685158,-0.05336502388846934,-0.2929392628295172,-0.703440549324495,-0.07437614722249458,-0.376552740512597,-0.7942892044562393,-0.0867565512174778,-0.4600925801607071,-0.8328192815485091,-0.09363528717874575
0.0,0.0,0.0,-0.18593481247908245,0.007233848097541621,-0.0032841209738431716,-0.37777047180569245,-0.054876464841544265,-0.00936310929895695,-0.5261785805284904,-0.05486739039979319,-0.03245961663224513,-0.648179393455766,-0.04329901757051584,-0.05368204263899417,-0.35857366649445427,-0.45439401420440406,0.09565312027074782,-0.4238235129969933,-0.6650866752280672,0.07508700616988291,-0.49324108690507296,-0.7553076466671913,0.038873399624486646,-0.5655264494318724,-0.7844065072080247,0.012442088895989955,-0.3103360028034873,-0.49895048047054824,0.05788763869433004,-0.39096059661130456,-0.7336542969694446,0.03646141584766619,-0.4851614544758699,-0.8157740772446762,0.004053537345271004,-0.568322470217999,-0.8111020297290555,-0.016411455363742694,-0.2612061562139584,-0.5202815817769743,0.005877234384744436,-0.3433746767335608,-0.7571151996140286,-0.015021288714941962,-0.4420272812478124,-0.8405386872264748,-0.03485939899670336,-0.5312498625143856,-0.8459306323311513,-0.04502580297040506,-0.21450796050039256,-0.5159499286661118,-0.05223176309535098,-0.2883674289510797,-0.7081642099147157,-0.07167123158595579,-0.3713195298290268,-0.799066287226404,-0.08229261996467796,-0.4540514469149257,-0.8364324998448287,-0.08736597296616112
0.0,0.0,0.0,-0.18654604362375732,0.006059490827607103,-0.005318910704941383,-0.3777505646340634,-0.05892471313863397,-0.014496762804131667,-0.5249913219259268,-0.06088341393128796,-0.04011491540323618,-0.6464910837102698,-0.047535997135298186,-0.06425018343890243,-0.35776975844625836,-0.4603449737080193,0.08739763906761279,-0.4212863266121587,-0.6758232577531978,0.06217560353590243,-0.4913037577878838,-0.7658738046645324,0.02252946799311018,-0.5642333952638473,-0.7922947633415196,-0.005794174054035722,-0.3072527344401065,-0.5025208206482723,0.04927291094257749,-0.385957509941647,-0.7421327305975214,0.022954687287202548,-0.48044584607589735,-0.8232121202744553,-0.01284259888181381,-0.5653505251065398,-0.8151313387202355,-0.03532572552504454,-0.25584120234515506,-0.5206426813465199,-0.0026793590402480073,-0.33756931075895735,-0.7617905520545325,-0.026793899533473185,-0.4365729256822827,-0.8454646161453359,-0.048715118217445175,-0.5255753010512161,-0.8484078857039787,-0.060254460389300726,-0.20734146466352218,-0.5109035111833995,-0.06058078692083412,-0.28353888499852276,-0.702117276841727,-0.08139861435135853,-0.36668168237117665,-0.793145001107066,-0.09241929019561745,-0.44814562926665924,-0.8309348542027818,-0.09786240617760804
0.0,0.0,0.0,-0.18666673591355842,0.006059010279071393,-0.003929891586313874,-0.3820206854037478,-0.060414755799851144,-0.009226101505385791,-0.5326785642269334,-0.06368894839830383,-0.031100533624374198,-0.6541468151440177,-0.05051302942518716,-0.05104355978865888,-0.3634436231783035,-0.456443978437714,0.0956116312954199,-0.4305210467900531,-0.6613729388571474,0.07653753248308727,-0.4995761969395869,-0.7518770440400595,0.04117640953802262,-0.5712398221500112,-0.7831769621744666,0.014629988242740097,-0.3152112098275722,-0.5014618456041924,0.058643938643891155,-0.39762164102718045,-0.7321801282703904,0.03843346659444721,-0.49026568013677124,-0.812831283367943,0.006531330143018033,-0.5729010616821242,-0.8089158295848807,-0.013943651693311188,-0.26413144033982316,-0.5219880313591214,0.0076207103366398325,-0.3474604499127637,-0.7563880824218614,-0.012048584672929245,-0.44398965192441,-0.839715864004401,-0.03191183076656096,-0.5313272633721602,-0.8457800842993954,-0.04277765684913923,-0.2141721743513405,-0.516138690496375,-0.04953298977989404,-0.2895944397694079,-0.7050792470343192,-0.06784627128027654,-0.3717064740022986,-0.7951135650428718,-0.07845407679430566,-0.4530063282169109,-0.8337354185812178,-0.08408230207177758
0.0,0.0,0.0,-0.18830308509055477,0.003067039550449458,-0.0017185610318449956,-0.38586866779633083,-0.0643119721749386,-0.002601120539678216,-0.5370328088970804,-0.06652106025787248,-0.020808064233343252,-0.6595238446897409,-0.05326070018237197,-0.037279096694815994,-0.3669855127352819,-0.45793082654702116,0.10820747409906087,-0.434482196100627,-0.6621612629288416,0.0951384240725949,-0.501836312482136,-0.7513654830345781,0.06274859457393155,-0.5732481104375098,-0.7829547623591496,0.03777239154719417,-0.3197874008120091,-0.5026600058580604,0.07167126297543827,-0.40180294032626207,-0.7318406791228051,0.05728085098666909,-0.4920164948854002,-0.8121294201443865,0.026109669362373522,-0.5720772297098906,-0.8104596662917722,0.005848057544786301,-0.26952991391652736,-0.5226912094928242,0.020810128500511393,-0.3529051918799362,-0.754228457123177,0.0051997470024972275,-0.44817241586895074,-0.8365112337799208,-0.014215008292172341,-0.5349048654935691,-0.8441940959526121,-0.024860465941952917,-0.2195362950109217,-0.5167018983469438,-0.036181486721833286,-0.29773739104359515,-0.7072777804291335,-0.05158602987900828,-0.37992522246362026,-0.7955369659358535,-0.061028315237905806,-0.4606570046340958,-0.8340695281535722,-0.06586427650884266
0.0,0.0,0.0,-0.1905318226108259,0.0038048428360070866,-0.002552092961273337,-0.3898256613351144,-0.06269644344686401,-0.002665667654986755,-0.5398553375765807,-0.06674346147205615,-0.019769234568895087,-0.6608750234787306,-0.057116009217054564,-0.035043449489059825,-0.3700440394514643,-0.4589623288687635,0.10666627616752619,-0.43545543765430317,-0.6643056947497041,0.09324711375581812,-0.5010292732031005,-0.7542299582178913,0.06119694342988086,-0.5709143596840703,-0.7865029364524971,0.03695919066330687,-0.3222089991787396,-0.5039758567860277,0.07160987156015294,-0.40275114566992914,-0.7338146522267706,0.05690742704557987,-0.4910840439324422,-0.814070501333306,0.02617050000745913,-0.5683830722790733,-0.8130434482764002,0.006787797653145296,-0.2719534815307295,-0.5239750595631106,0.022318249843981366,-0.35395809248390175,-0.7554538491635533,0.006702062984800338,-0.4488927750316598,-0.8371014545256867,-0.011729224054824915,-0.534517740848548,-0.8447099455725737,-0.02105925341345729,-0.22190100814348918,-0.517005493055487,-0.03314761153012544,-0.3002345426094952,-0.7084995067546183,-0.048597552860927117,-0.38277975372496675,-0.7978392351389496,-0.05729468571352482,-0.4631331901917536,-0.8377308704394102,-0.06096446349610603
0.0,0.0,0.0,-0.19249883789669772,0.005320088937313835,-0.0020986284689776917,-0.39205894558055454,-0.058873672594595375,-0.003325787955534378,-0.5431588854607493,-0.06945004880229781,-0.021549441169684713,-0.6632376609212403,-0.06147915769673208,-0.0377637235911089,-0.3725523939652102,-0.46392202487891687,0.1063418856417365,-0.43473211321747796,-0.6688653492861991,0.09444870989727679,-0.5005592012588564,-0.759207306162399,0.06353991748023145,-0.5700650008416259,-0.7911932372272898,0.03924808610222285,-0.3237148335390013,-0.5096465753358226,0.07087434322315742,-0.40253334984936756,-0.7409021197630219,0.05759734614934739,-0.49009895743776644,-0.8185033798108006,0.028938143521071328,-0.568082429494813,-0.8159209829276766,0.010545105529231396,-0.2708944605571393,-0.529190019210058,0.021436643974933733,-0.35032968555646093,-0.7632554714547917,0.007435889063816568,-0.4426349193817136,-0.8441225846762579,-0.008858580912586013,-0.5263927783085217,-0.8499030032479263,-0.017761461398641754,-0.21652811408749534,-0.521234452569728,-0.03428699649411131,-0.2929807679681792,-0.7104701594899583,-0.04937514603403571,-0.3750134833210079,-0.7980740265419612,-0.057695991045462795,-0.4548171445535202,-0.8362622118981485,-0.061567380058200456
0.0,0.0,0.0,-0.19441178608855242,0.003754544773601442,0.00030340012407241955,-0.38855582961732515,-0.06274570907734103,-0.0010642205449696244,-0.5356872460899016,-0.07330760003258863,-0.020302272555214797,-0.6557837067028534,-0.06689087392038062,-0.038322676977860876,-0.36796058935943576,-0.4659199621726614,0.1070836181397203,-0.4265944134052434,-0.6695033131906003,0.09382551443145432,-0.48995801540958206,-0.7609917242697548,0.06177762563585094,-0.5587213745119943,-0.7969898110585791,0.03652733858737478,-0.319085838127354,-0.511397184602927,0.06876683846879163,-0.39351581488157283,-0.7419417925986437,0.05368561668550301,-0.4808557181300146,-0.8220446982831042,0.023767420093589474,-0.5611432740837766,-0.8241500394162169,0.004430598646160516,-0.2653891571317736,-0.530409975210856,0.016531347078748877,-0.34237661578708306,-0.7640266358276651,-0.00016204700060577998,-0.4333803906304969,-0.8454284154412757,-0.016832650996949194,-0.518122491291426,-0.8536559988505108,-0.02552483786990707,-0.21024378909417063,-0.5205849412590711,-0.04175783568935994,-0.28635604187375174,-0.7109378053743823,-0.05859543791329002,-0.36698036114357924,-0.7995195672848998,-0.06637175258905557,-0.4465371156632161,-0.8401183472706677,-0.06954580903184635
0.0,0.0,0.0,-0.1925617589892724,0.008193494051176343,-0.00017955455447375782,-0.38941742868651885,-0.058480719819926086,-0.003001091287043078,-0.539516134212447,-0.0761340464943557,-0.022840990675436528,-0.6599767479495129,-0.07333894309045233,-0.041377993393293025,-0.37123536739926905,-0.46651053484661353,0.10134937420839225,-0.4306775130983086,-0.6705588150076847,0.08911562454875796,-0.4939583577418005,-0.760632342193889,0.0579366680045912,-0.563776491990478,-0.7927760005377178,0.03315456756587263,-0.3201324064974411,-0.5133052046437717,0.06420914130139335,-0.393245684047718,-0.7428886407737153,0.049970829015756224,-0.4778136442419231,-0.8213109035804516,0.020311041077227796,-0.5585181471425678,-0.8214069615012192,0.0012164563960568836,-0.26391684867170473,-0.531872672792099,0.01421997146587755,-0.3405109258376587,-0.7652362298026687,-0.00020367756119090772,-0.42897948655611295,-0.8476837552560913,-0.01573833495411773,-0.5130637306354806,-0.8573414289315052,-0.02463358710789141,-0.20502237115799368,-0.5199026698902058,-0.041663835664831256,-0.2826019631636737,-0.7096668006520658,-0.05807439015133509,-0.3626682565506661,-0.802502737454633,-0.06576329973325976,-0.44219366816528305,-0.8479922836073339,-0.06908377969273796
0.0,0.0,0.0,-0.1873404755095836,0.004887928868671098,0.0009245903232617816,-0.3852648824059932,-0.06610977229700254,0.002561236486781383,-0.5344806571894241,-0.08386647227474422,-0.012211250386658594,-0.6528257457090786,-0.08264155525411615,-0.02556680030824433,-0.36670094674895365,-0.4645368393265101,0.10245684035298205,-0.42848238345210055,-0.6657140350353774,0.09167669461685851,-0.49143472333050275,-0.7573290984504629,0.06151966906174935,-0.5615132710691695,-0.7943768272053178,0.0368301564081172,-0.31663703404696164,-0.5142286243473513,0.06621338062529562,-0.39200177993396185,-0.7404620738384176,0.0518152638789545,-0.4778832706233168,-0.8213887197545524,0.021587032389900132,-0.5607147758015754,-0.8239597175397845,0.002011950714385495,-0.26075006212760443,-0.5353474450565842,0.017316135513044686,-0.33894856080415947,-0.7616892997946814,0.0016147983808254146,-0.4262894067690457,-0.8440541556838029,-0.015875186052105278,-0.5113454906567598,-0.8547984504411084,-0.0256986006081348,-0.2024334205910272,-0.526428318932623,-0.03716789412501747,-0.2792364546373097,-0.7111771327090184,-0.05474729198814299,-0.3562345793450067,-0.8034177615235927,-0.06421472008236813,-0.4338418779713553,-0.8500078208504018,-0.06881976484375504
0.0,0.0,0.0,-0.18718845274108234,-0.0001523402815654597,0.006105450891334016,-0.38230304240148283,-0.07346311097875485,0.010910995877403962,-0.5287081023626492,-0.09411693023086229,-0.0015874004562145437,-0.6438566657202487,-0.0951233546127612,-0.013061089388295153,-0.36307926417981795,-0.46454290600867193,0.10508196340320818,-0.42203408345842464,-0.6693494567061894,0.09305584065037492,-0.4849105491445531,-0.7585145604530013,0.06216408814337418,-0.5555672773386915,-0.7932297025331736,0.03720319168857397,-0.31241801154978555,-0.5160189890799112,0.06666346688086144,-0.3851376569913074,-0.7461850979142153,0.05041941175437835,-0.4731543613773518,-0.8266696189125883,0.018641286995291856,-0.5575104974057832,-0.8275142178417173,-0.002242467618751723,-0.256718015398912,-0.5389517892524198,0.015944452801108067,-0.3331689335485576,-0.7695339827041121,-0.0011320713915102857,-0.42399558456833797,-0.8496757935235935,-0.020669026424958443,-0.5113185133199979,-0.8566792468766056,-0.03192557653806652,-0.19924319012113334,-0.5318519031498173,-0.0397388964788912,-0.2758243027090777,-0.7188835066422543,-0.058328964459226744,-0.35479824450700415,-0.8108737822738665,-0.06941555826927559,-0.43411201181457576,-0.8562369839379342,-0.07533856546088227
0.0,0.0,0.0,-0.18963988526764253,-0.002288985627331765,0.006927021808509575,-0.38249856234561297,-0.07851551502605475,0.010860212744145307,-0.5281435840004188,-0.10078309986207429,-0.0029393029670979356,-0.6443175956251119,-0.09965409411865012,-0.01622006755095875,-0.3626374872723093,-0.46883092499234774,0.10617666456940104,-0.42167845389884523,-0.6709138796576085,0.09395742010371524,-0.4841191469097993,-0.7579643867723158,0.06210373327163103,-0.5548314159184355,-0.7932284866753059,0.036030518489918416,-0.3119874388180105,-0.5175179518730625,0.06633017920948961,-0.3835622610249716,-0.7477477663870096,0.050354938362146245,-0.47056203274170855,-0.8277380346341945,0.017394045186091108,-0.5541031627013304,-0.8307170182255592,-0.005178505055104585,-0.25606481265773595,-0.538180610957537,0.014168831542712469,-0.32954993256892623,-0.7703701785822867,-0.0027326163612588633,-0.4197132182653701,-0.8513773093368316,-0.02357225543529547,-0.5065824008847413,-0.8603293836563657,-0.03651571407315416,-0.19844077131513443,-0.5286057805005497,-0.04289605123526723,-0.2735462962090144,-0.7166997713283314,-0.060659694944509665,-0.3509784291835295,-0.807769554970804,-0.07146095270905362,-0.4287808570876872,-0.8527783268710021,-0.07794195406495634
0.0,0.0,0.0,-0.18616421538226285,-0.0005162956248563879,0.0013431082542390027,-0.3809711541245388,-0.07281218303298675,0.003910939980089219,-0.5296050718641026,-0.09402712982502649,-0.00951753379037245,-0.6453010938144091,-0.09651856502958989,-0.021596440391055603,-0.3602094783869056,-0.4660246627836906,0.10000363816938751,-0.41939449098463183,-0.6661448782814121,0.08704930270457688,-0.48128395743708563,-0.7524060889855795,0.05492038385262929,-0.5506716443492845,-0.7884289948320042,0.028769402520062513,-0.3103740880820687,-0.5183598986394539,0.06457183703155837,-0.38403917143696426,-0.7420998988350498,0.04875468925014945,-0.46922432139408243,-0.8234766057932299,0.016470042592543283,-0.5505860405615561,-0.8308068165669714,-0.006037283341504318,-0.25497189557863065,-0.5426606088471144,0.016520174517060435,-0.33219807556574554,-0.7669786254767599,6.696238074489248e-05,-0.4198814239826921,-0.8482939250822894,-0.02017445310544147,-0.5045178305719411,-0.8622133768895185,-0.03306035853162346,-0.19642890570372856,-0.538188216646371,-0.03688914561005907,-0.27152535158053864,-0.7226073984154245,-0.05410151626216156,-0.34701549582744906,-0.813897804534546,-0.06484362724913609,-0.42423083385166904,-0.8623287288065441,-0.07141254459568108
0.0,0.0,0.0,-0.18557733428415418,3.0374161111600248e-05,0.005485867019633184,-0.37946782784664784,-0.07031965903103848,0.009827424657212409,-0.5279093883214785,-0.0895141527690464,-0.0028434713388322576,-0.6438964272299355,-0.09141569979732214,-0.014270663855976185,-0.356361702669892,-0.46661694654027985,0.10700588682177133,-0.41665464203490526,-0.6671377912302603,0.09612584557152845,-0.4787047179401276,-0.7542827399814747,0.06524545229323359,-0.5474957229510304,-0.7908851784897459,0.03996881598061586,-0.30619827514677267,-0.5189723204856102,0.06944300644253135,-0.38086145510406755,-0.7432221664508778,0.05504272731609858,-0.46634699349854136,-0.8249824047495498,0.023547217144675652,-0.5480540781356711,-0.8306188780023795,0.001830113289878589,-0.2515811943713661,-0.5442889228354252,0.01923178422435042,-0.33028081352435484,-0.7693443590783272,0.0035085274393654134,-0.41890749636206753,-0.8511223885503846,-0.01589689534905739,-0.504239467473609,-0.8628201358781866,-0.02790122250546878,-0.19506269652684904,-0.5415578106811453,-0.03610119858468626,-0.2719280964858918,-0.7265809931166719,-0.053582702403882056,-0.34804229370038064,-0.8199339371723077,-0.0643789438812101,-0.42599913141244516,-0.8695726974364095,-0.07069426724505373
0.0,0.0,0.0,-0.18564908065954727,0.003425920978789976,0.0028722688652901007,-0.37972946099270705,-0.0652219429267375,0.006158229684259863,-0.530067051974443,-0.0840737260906057,-0.006888390599473717,-0.6482478083648735,-0.08603811992825597,-0.018525598542634213,-0.35278365652591903,-0.4644456494140742,0.10606777169001555,-0.41531720602078864,-0.6622236565288045,0.09596290379240904,-0.47762706211576667,-0.7490425469712716,0.06492811190075123,-0.5456528778835271,-0.7883188956593448,0.03916458531978996,-0.30414375465537874,-0.5176399609659574,0.0700551382818061,-0.3817695410768325,-0.7385597364618719,0.05593330508909085,-0.4680229890967782,-0.8210791874534822,0.023719892399406597,-0.5485795482220293,-0.828386242038561,0.0012051817806897752,-0.25062217629941796,-0.5436629920620064,0.02115603659719744,-0.3323773177876497,-0.7656419180484622,0.005584014622773658,-0.420752765521999,-0.8479533781193548,-0.015025667459352606,-0.505615591897443,-0.8621571436760235,-0.02797939022614399,-0.19462862828183236,-0.5432129219127402,-0.03304730865492934,-0.2727807205778321,-0.7289125555069316,-0.05091437209368757,-0.34855429679298944,-0.8233800628898367,-0.062912030939046,-0.4269437025310808,-0.8755839529216359,-0.07022064888116497
0.0,0.0,0.0,-0.1826538462871879,0.010270624295008626,0.0029167915969068995,-0.37659924471419604,-0.056459090142226866,0.0072421090795905495,-0.5266387346006214,-0.07634916647095039,-0.004450369145652902,-0.6431869119956976,-0.08124994619373993,-0.014300217992870758,-0.35088807914555953,-0.45993871950237153,0.10443894516188232,-0.4133278311013653,-0.6574421750998687,0.09530046183844895,-0.47615742444967685,-0.7434156132706724,0.06590439782904724,-0.5444199837420146,-0.782804836033851,0.041392280496176964,-0.30354911635778536,-0.5146725304332622,0.06903549213222415,-0.38154264610390715,-0.733273015044102,0.0571242836408149,-0.46773289786152566,-0.8166965157073522,0.028178181645725577,-0.5473644314758341,-0.8270652832434979,0.007648406605036197,-0.25197694848524244,-0.542273588786514,0.020691823597381524,-0.3338405013674348,-0.7621077169092476,0.0066894785059211075,-0.421928883042449,-0.8444284474878203,-0.011533247645885437,-0.5059119163539514,-0.8621886654729933,-0.02306666596971503,-0.19816011010400175,-0.5440751871831875,-0.033119454425209374,-0.2759598224247284,-0.7288171659500158,-0.050275042060804215,-0.351435107105439,-0.8233024279675587,-0.06152324551910562,-0.4291397985518611,-0.8767563440700044,-0.06819945610813322
0.0,0.0,0.0,-0.18275237296857497,0.01271073578788626,0.003945807608079499,-0.37450794473747245,-0.053865076496491915,0.00725572700627212,-0.5236556188737882,-0.07327617823239324,-0.00616718457841444,-0.6426076718373097,-0.07420690689430143,-0.018329610784099476,-0.34539770770791045,-0.4602454856879612,0.10724181793285795,-0.40577942860647015,-0.6560641720969587,0.09948021699425509,-0.4675562676128219,-0.7419516352484439,0.07053075957865226,-0.5353578093258677,-0.7819821115290415,0.04632918797543663,-0.29803230069266295,-0.5144015846268915,0.07067157989518373,-0.3760025806423948,-0.7334025142669989,0.061054079742619914,-0.4621293424120765,-0.8172145411329473,0.033251868658115157,-0.5414111284989575,-0.8286937664765959,0.013378178860504297,-0.24711866180140113,-0.5424773848831337,0.02114353568180341,-0.3291565178594582,-0.7631114152639119,0.009054469100639687,-0.41621195202093214,-0.846820100752266,-0.006791814179614613,-0.49962835999369637,-0.8659805828957463,-0.016698176099295216,-0.19537743138443675,-0.5440375635049888,-0.033954095330034226,-0.2720344808547043,-0.7308023068124941,-0.04923390589083118,-0.34659576376185813,-0.8274257460655303,-0.057841168948977936,-0.42429156266699963,-0.8826119243302941,-0.06259476625423693
0.0,0.0,0.0,-0.1840987258380888,0.015146991180820664,0.004175973232383198,-0.37431466893090254,-0.05166324180096908,0.007276524160673226,-0.5233762084070898,-0.07143504824648528,-0.006459419093942085,-0.6439572735023789,-0.07222780363972181,-0.01882004884868087,-0.3448861017556001,-0.4604878376334857,0.10877452515886518,-0.4061357880361993,-0.6559506149927369,0.10124224894993533,-0.46789720244456784,-0.7431370018318666,0.07191366170170725,-0.5347411152662906,-0.7849686074692053,0.04728145140189685,-0.29856961701274626,-0.514506170016805,0.07181026172411376,-0.3760879580079527,-0.7349379451572902,0.062162334544551334,-0.4618485948576725,-0.8205271705598252,0.033635024798267465,-0.5399926628048911,-0.8317081893671945,0.013354461652625872,-0.24841915380786594,-0.542269256273048,0.021850814677220005,-0.32961822717199185,-0.7644397618441197,0.00982711620320164,-0.41562226001345326,-0.8488497413104912,-0.006751104561613258,-0.4982528691219237,-0.866812470277681,-0.017097510831625314,-0.19731868041207407,-0.5429739256533974,-0.03368578996144568,-0.27403063022390806,-0.7288069761823509,-0.04922495771218276,-0.3484501496865884,-0.8236358885083913,-0.05845095324239734,-0.4260148350375371,-0.8760059024989133,-0.06359384877681502
0.0,0.0,0.0,-0.1858012451568244,0.014017843116029922,0.010164499388869111,-0.37255977483086156,-0.05131175281982574,0.015651008300801482,-0.5196871007743851,-0.0696869653572347,0.0027775698225795445,-0.6406463659297646,-0.07239237057122047,-0.009331549546401377,-0.3400936004342126,-0.4632132693423695,0.11873198178533924,-0.4005777391842664,-0.65693605817819,0.11388742052961051,-0.4626028736673885,-0.7419570610080741,0.08508328486653777,-0.529635521600939,-0.7814841915981929,0.06048551084339609,-0.2939787960107597,-0.5165454081884217,0.0783554723629931,-0.37097402365973964,-0.7378212450048356,0.07080713708258676,-0.4577486810424828,-0.8229697248140875,0.041659525616771484,-0.536542945170349,-0.8322068940810554,0.020418538245623646,-0.24464618828395351,-0.5434821392494125,0.024994001095174925,-0.3246860256018754,-0.7672443090637083,0.014426542708367558,-0.4114881686487455,-0.8514204504158194,-0.0031322378985713857,-0.49586393279904484,-0.8682416604803407,-0.014774494832827098,-0.19538345053677159,-0.543021700969986,-0.03356079036352564,-0.27119301321552575,-0.7299965638542236,-0.048652840537116625,-0.3456280815278928,-0.8247482949883844,-0.05853566926710749,-0.42441493761443894,-0.8770826775098652,-0.06467251470821778
0.0,0.0,0.0,-0.18349168298490326,0.015088890102472174,0.01009893296420519,-0.3703934692312064,-0.05106718559404834,0.013778529792501867,-0.5165789566087703,-0.0687012373144475,-0.0007980557027129581,-0.6364155673152506,-0.07120273018793291,-0.014679171600700985,-0.33766779939936054,-0.4634632361755796,0.1128748788226602,-0.395564203205172,-0.6599531520536486,0.10645298424403069,-0.4576520283518753,-0.745743235948183,0.07709449831380409,-0.5258519346492656,-0.7849097667007459,0.052291614584221616,-0.29119673254667117,-0.516501177502871,0.07204412372797497,-0.3659099639505272,-0.7400230168454196,0.06354329810953573,-0.4532220917546941,-0.8263146099769734,0.03470528875521383,-0.5337184842053462,-0.8353221792046903,0.013457966406840717,-0.24248583569838064,-0.5434045498463307,0.018705615252218,-0.3208949631825656,-0.7690881982203974,0.00819935845798912,-0.40847861345098513,-0.8537055095401137,-0.008661361020144793,-0.49395103757721215,-0.8692214092349763,-0.020119206230808727,-0.19499828163575783,-0.5421577366372096,-0.039780831247580556,-0.26930560916547475,-0.7299054847895377,-0.05414794430289102,-0.34401360694276295,-0.825689513528157,-0.06312216373898095,-0.4232979312059236,-0.8772549360553669,-0.06880647627580412
0.0,0.0,0.0,-0.1799206082227633,0.014271817148519482,0.013229633313459728,-0.3653869895786202,-0.05381569450599211,0.016815209495120605,-0.5091175787674491,-0.06941709467775392,0.001605363562163343,-0.6266537223137362,-0.07178257057055258,-0.01309192073670934,-0.3324774934380274,-0.4638123626083543,0.10977439590906818,-0.38720367516067944,-0.6628316813304657,0.10258718973695946,-0.4498658682692631,-0.7489817573867987,0.07442037880222381,-0.5185153604347412,-0.7858563959933744,0.050977430813199553,-0.2847713479003501,-0.5156535292327536,0.06677144151320138,-0.3559039094915354,-0.7450452998703088,0.05808849815478452,-0.44326903744739177,-0.8315253782389515,0.03137888248514844,-0.5249343994658149,-0.8387822821067634,0.011885310456868593,-0.2363306807972066,-0.5415855432858345,0.011806449339533684,-0.31174141406254885,-0.7735854977670598,0.001159932659580522,-0.40111747147697185,-0.8588718059917314,-0.014238820798987768,-0.4884870604223182,-0.872172124981351,-0.024625957047209976,-0.1916859749360365,-0.5381269927025685,-0.04792206464078641,-0.26677692162393585,-0.7249823525360832,-0.06227292429736837,-0.34390010844301877,-0.8188187362522295,-0.0705603679873952,-0.4254238728704973,-0.8668769482031462,-0.07567693452946089
0.0,0.0,0.0,-0.1784337862356311,0.02116827685954017,0.011000554633677613,-0.36571665993343627,-0.046309713700747886,0.013186197255024377,-0.5101154225358051,-0.06465946652575369,-0.003048091631502824,-0.6273797853332475,-0.0693113871364987,-0.018093225044293743,-0.3337028404864166,-0.458533450460782,0.10555380904155502,-0.39087728099641417,-0.6575170759058437,0.09727670966610671,-0.45548973086100675,-0.7450666803163835,0.06955503660056589,-0.5241110520378316,-0.7822775685748473,0.04696134481118758,-0.286607451905322,-0.5118982723251606,0.06351685323817895,-0.3582044886285315,-0.7433950368268245,0.05396403716116096,-0.4473026284824503,-0.830064659458205,0.028942799284292928,-0.5289347694981734,-0.8376714003362584,0.011249164566184808,-0.24025021674114466,-0.5389975130175331,0.009342406610902123,-0.31596259704828766,-0.7712553970232834,-0.0010203869828781565,-0.4070536267929599,-0.8563458406542304,-0.01495531745456093,-0.4933640138014346,-0.8694444646700987,-0.024123140090855803,-0.1992025577671243,-0.5362297348048598,-0.049944475910923145,-0.2743484165595312,-0.7208193404148784,-0.0629555251094267,-0.3523839112186137,-0.8123983184320349,-0.07030954058698108,-0.43342051888934363,-0.8582019730047334,-0.07474187110823216
0.0,0.0,0.0,-0.17850797355337233,0.021344532419334143,0.01172734283444377,-0.3657154203535504,-0.04514675687572345,0.014161299442824444,-0.5100501728860072,-0.060919843026901815,-0.002106474783705051,-0.6275873826846301,-0.06465620492474304,-0.01703816200191357,-0.33741311421654796,-0.45828088188936644,0.10569514985390394,-0.39285307550600335,-0.6639388829445274,0.09613775519800337,-0.4582859838568317,-0.7522086244568238,0.06886958601644783,-0.5276859523593094,-0.7860608848356463,0.047359442749873686,-0.28890147020479906,-0.5093404506855104,0.06262021557874871,-0.3593136652331065,-0.7473416752942457,0.05235994770110257,-0.448721147358864,-0.8300913743070536,0.029088644986667696,-0.5305930451054284,-0.8317770588295785,0.013465647749685221,-0.24250660123368523,-0.5355829223819042,0.007108008039936122,-0.3160441733417207,-0.7740108671543375,-0.004523300286595519,-0.41009891064372017,-0.8566192766124329,-0.016793872447186674,-0.49822684626653124,-0.8666717324866761,-0.024095817308414667,-0.20306433933369328,-0.532513606013659,-0.053531869489721634,-0.2770410185758385,-0.7194026837568379,-0.06818223805905974,-0.3560490007295821,-0.8112048300192801,-0.07545527905578094,-0.4369562855261905,-0.8569123363364457,-0.07919430505545125
0.0,0.0,0.0,-0.17875953708597042,0.02084937614239597,0.014010845063417491,-0.3650222650239052,-0.046902537172075494,0.016474637550931193,-0.5085144624893008,-0.06391992612645603,-0.00040102043420803745,-0.6259166139025816,-0.06533959971084466,-0.016383922016515593,-0.33805179244824024,-0.4626623602488056,0.10981415710287792,-0.39403054095969425,-0.6630064301385231,0.10405773431139742,-0.4574542697342811,-0.7515044214029067,0.07891101754509783,-0.5244572988613643,-0.787832700960143,0.05806598327322893,-0.2904449643285073,-0.5125318764252409,0.06578737599689156,-0.36039093052923943,-0.747089026775053,0.059971487411778705,-0.4460845529070811,-0.8303538682997376,0.0382316695388165,-0.5252602233242705,-0.8364764857484892,0.02291606601348204,-0.243864045206732,-0.5378322660853807,0.00973296177804024,-0.31750588462276175,-0.7727466516979278,0.0017875894812676082,-0.407950845720523,-0.8567343816952541,-0.008427186946031413,-0.4932217635323044,-0.8696853398809021,-0.015250252147316923,-0.20365772883888428,-0.5321114418079452,-0.05138351321511981,-0.2786469910840663,-0.715748136297846,-0.06261298572494672,-0.35624268108675144,-0.8063510470450439,-0.06727004959491281,-0.43562265033798975,-0.8519180064139109,-0.06975857124893066
0.0,0.0,0.0,-0.17481698527758877,0.025166337002265164,0.0058943780140728345,-0.3617075823367717,-0.040616531370987904,0.00339285016046201,-0.5058804016257794,-0.05726335138586795,-0.01623195868916079,-0.6228010865321414,-0.05649423022937474,-0.03468970361966967,-0.33944092650362867,-0.4565586283489904,0.09257656993754135,-0.39858174683530206,-0.6606386910730797,0.08085691539658037,-0.46417050411197314,-0.7485968795201892,0.05198600418439189,-0.5327969902637967,-0.7840031240681918,0.028810610664183372,-0.2911068424059742,-0.507643155360813,0.05200690187318227,-0.3632038663448488,-0.7449524137455803,0.03974990007680872,-0.4511795922542018,-0.8279942438852528,0.014626351833358286,-0.5320325741107288,-0.8331596981213287,-0.0031307596500073608,-0.24408015882568018,-0.533203627934305,-0.00051370617554639,-0.31920053676168886,-0.7694620027581172,-0.012723226506067015,-0.4121247547650046,-0.8528962200174977,-0.026564807542050574,-0.4984082273119991,-0.8658680559047178,-0.03617706874697407,-0.2034505929100776,-0.5283565119221661,-0.058311457428864,-0.2780061425667223,-0.7120798745639703,-0.07160445969048175,-0.3562794520130108,-0.8029251030498267,-0.07865470707848299,-0.43610509443949763,-0.8491364966919821,-0.0834689552340538
0.0,0.0,0.0,-0.1720345074077395,0.027493988606089752,0.00543115707052531,-0.3598509440560912,-0.03889033495368658,0.00137313387714253,-0.5040734134270425,-0.057546903636486554,-0.019782380803666264,-0.6212439700410476,-0.055796987872201345,-0.03986285931414413,-0.3394681511429556,-0.4565961206980779,0.08996246005729863,-0.4031117781199899,-0.656241778663559,0.07686338558499278,-0.4698155662504999,-0.7442620063000952,0.04758684860413971,-0.5368843892474499,-0.780131295531041,0.024461857312239158,-0.2922586441961995,-0.5063508005140789,0.049293845409325236,-0.36710913253690985,-0.7427052542401731,0.03525523437066233,-0.455785679712581,-0.8254829313326129,0.009865902216328234,-0.5365494875949441,-0.831410116719542,-0.007519521389112878,-0.24634323939758046,-0.5307448227385907,-0.0032065736000967304,-0.3234997290209139,-0.7665150841066052,-0.0162917652468352,-0.4167584823769437,-0.8504971582112916,-0.03017269175520126,-0.5022482939810837,-0.8636370718436035,-0.03961829950046783,-0.20671013681852035,-0.5236604051890237,-0.06101478386331521,-0.28105402468269186,-0.707172634536376,-0.07444884484021908,-0.3582689380960803,-0.8005145969606445,-0.08171747546531358,-0.4368951243937975,-0.8491016872647184,-0.08670919469860952
0.0,0.0,0.0,-0.17307916014159047,0.028011574655028303,0.011077950230810096,-0.36118349839368347,-0.037827039000984095,0.012567720288502036,-0.5035724009921612,-0.05446170259503105,-0.003781793701176376,-0.6186469328314824,-0.05414194141332969,-0.019586067207745958,-0.34143288064595767,-0.4509122378259406,0.09678843017146566,-0.40388726119146756,-0.6522136994084317,0.08681883594614637,-0.4707656690871469,-0.7407701597811771,0.059188226666421484,-0.5403358783485255,-0.77683629538068,0.03651526029319854,-0.29439703132070144,-0.49995100844339113,0.053961866597643335,-0.3714721554914535,-0.7380240876141231,0.04103727433346768,-0.4617043195043209,-0.8204822120438542,0.014827766197381867,-0.5437398471537693,-0.8247551445938968,-0.003672654245332481,-0.24964841211043512,-0.524044009323342,-0.000397587408775103,-0.32854165394385454,-0.7634096866552607,-0.014158705979120964,-0.42503907101642546,-0.8451271283004507,-0.031291087589687745,-0.5131844497266329,-0.8570008863063563,-0.04314081602879832,-0.21232247455874256,-0.5185449740508349,-0.05932423193638517,-0.28698808842094137,-0.7070464159252184,-0.07490008225705513,-0.3665946591837972,-0.800735668702938,-0.08536176230604747,-0.44721506291956836,-0.8501193139140817,-0.09302092646684335
0.0,0.0,0.0,-0.17292105001460673,0.025886117950525724,0.01405707346540398,-0.3603086004085043,-0.04161220267220507,0.017363314062265316,-0.5011851738840211,-0.0585512046000451,0.0022984539538825873,-0.6158016231455345,-0.055991589847522616,-0.0127294374342001,-0.33857402243920887,-0.4513578165116565,0.09851203945097226,-0.3995436968765275,-0.6542489402466247,0.08890672427312162,-0.4671947342308284,-0.7430218001412953,0.061848576900828234,-0.5377267201786018,-0.7784404607853614,0.039429419358029676,-0.29113276241146646,-0.49927359172891217,0.0542890123883973,-0.3674024584218052,-0.7402626595465994,0.040857565142545474,-0.45851796391914545,-0.8214861662896971,0.014717155028805409,-0.5416071181602693,-0.8252888495745869,-0.003840406771562749,-0.24689379449054727,-0.5226815063154421,-0.001222518016395975,-0.32461235279320966,-0.7656600401355176,-0.015889188279446555,-0.422921985144263,-0.8458984939680122,-0.03342060992970943,-0.5123238526927303,-0.8574764878632546,-0.04567201776596301,-0.21132435353230172,-0.5165563261650005,-0.06093177590733233,-0.2851053557402581,-0.7066534046331823,-0.07777465249288186,-0.36631292801537485,-0.7994493097226955,-0.0891359642939821,-0.44778899097579206,-0.8486994843860929,-0.09764801631204412
0.0,0.0,0.0,-0.17414599848948648,0.024142918812081783,0.02018209119207545,-0.3610267589010243,-0.044867136500619645,0.024725705775351114,-0.5017642890662737,-0.06343302245732976,0.008797518302954721,-0.6171403048695203,-0.06103252147711579,-0.007058773990586598,-0.33823241231455137,-0.4579993115229679,0.11012939924514015,-0.4027438778771232,-0.6565350920190289,0.10393518059493999,-0.4708672793353438,-0.7462812786314383,0.0793889457806535,-0.5397238886295899,-0.7824712327253832,0.05870621119896745,-0.29200049449767224,-0.5040580082091569,0.06265076043442111,-0.3701472589709952,-0.742058608022542,0.052713554987722996,-0.46122032690761383,-0.8246130787396043,0.028718334229857416,-0.5438252778642998,-0.8305209073872248,0.011815318991812825,-0.24926296076885382,-0.5264825305424543,0.003877939014589508,-0.3272202648085407,-0.7678178751401881,-0.007270046276200789,-0.4246950491155149,-0.8480161539977856,-0.022220522159095684,-0.5134012364197111,-0.8573730018351915,-0.03284508825831873,-0.2157822791886669,-0.5195609333201735,-0.05902495815783049,-0.28936536800697077,-0.7070935549664795,-0.0725422667055097,-0.36972054841629953,-0.7997082807768389,-0.08166236990086388,-0.45035951791885076,-0.8479688876168525,-0.08866666404858317
0.0,0.0,0.0,-0.17308091573634035,0.02041008160774462,0.028229883521911706,-0.3554086206122583,-0.050490943909469094,0.03444579976306004,-0.49319858605281874,-0.06558370062129207,0.018139101468176332,-0.6070774642236021,-0.06457194896600506,0.0012667147992491395,-0.3281609521911406,-0.4611089636992799,0.11600926996410861,-0.3883869183570707,-0.6604151987932778,0.11130157690232391,-0.45683396270896426,-0.7497609631810667,0.08802364340177124,-0.5270516343099396,-0.7855632272025127,0.06798749138380311,-0.28258479724509367,-0.504312154715074,0.06311212084855805,-0.3575461761737404,-0.746058498130562,0.05386789178144577,-0.4503354054366437,-0.8292834542657274,0.030351959730575622,-0.5343257598588156,-0.835065924435458,0.013509793657751182,-0.2425267393193648,-0.5236747713185785,-0.0005161537309649536,-0.3186187174837629,-0.7698595766453256,-0.011402394610876335,-0.4180906667579092,-0.8503373827607958,-0.026262377366492576,-0.5091997099293692,-0.8597499470836409,-0.037123125287032925,-0.21440905211318445,-0.5123336306830946,-0.06755004874901951,-0.2894914457052124,-0.7005723491506539,-0.0805175501950344,-0.37110292475958484,-0.7905415596637254,-0.08891358063960711,-0.4535318540492862,-0.8358785331671629,-0.09582267082557738
0.0,0.0,0.0,-0.17393582543110309,0.020415647367082408,0.024274721101038697,-0.3540146328934495,-0.048278710245613046,0.027281941118452568,-0.48957636275320804,-0.0635698202123521,0.008853747303763738,-0.6042011031728385,-0.06548110259973254,-0.010129777904110245,-0.3286255895032496,-0.4594614903142902,0.10723491197837534,-0.38842908185544023,-0.6625263054761087,0.0993682571975521,-0.45766096677045287,-0.7518065042818369,0.07443096239569473,-0.5283927456889917,-0.7849470163588563,0.054221536694893366,-0.2825060593843388,-0.5024446978983137,0.05629019903768451,-0.35622146176469716,-0.7470434805621897,0.045228379210451974,-0.44800590560180503,-0.8298365036324651,0.02140182776950439,-0.5322154239170676,-0.8350783505717678,0.004858623204578927,-0.24147578364087852,-0.5203900512046835,-0.005328326371508471,-0.3169417310689353,-0.7678770123794213,-0.017281307756759283,-0.41458616681159544,-0.8506994966203996,-0.032487375310860434,-0.5047593644407069,-0.8620872617444213,-0.043315506680535715,-0.2125672353165899,-0.5073178743733753,-0.07040625865762984,-0.2891242149295806,-0.6946662548074662,-0.08335949841582457,-0.3700018130850411,-0.7827156654130883,-0.0910037543760642,-0.45149764175031626,-0.8261661150735184,-0.09704966979083549
0.0,0.0,0.0,-0.17596502266591785,0.019483549163457074,0.02795031185847795,-0.3561315674408522,-0.049703078697884616,0.03250286837693751,-0.4909112919165397,-0.0625436198728444,0.014968190448678177,-0.6056758927216425,-0.06506628038668201,-0.002812475640200353,-0.32797684073297345,-0.45983471497380285,0.11103032363608972,-0.38647989018475715,-0.6696937271184018,0.10387436883827764,-0.4577516327614984,-0.7575709324052294,0.0797079740956663,-0.5307017834794387,-0.7862504975818234,0.0603578545638915,-0.2816977135525176,-0.5014971691730405,0.05781016656823822,-0.3546802814739228,-0.7512526096870822,0.047125552331593254,-0.4494474881510911,-0.8334571571650738,0.024337930547066393,-0.5353602731956913,-0.8341978912904022,0.008670606701314318,-0.24135237148055638,-0.5189751859078611,-0.006134284941318078,-0.31697488438236626,-0.7688512697948805,-0.01704288358342637,-0.4174479999165404,-0.8508561167123068,-0.03106791972481757,-0.5084795701218394,-0.860033570036051,-0.04116363740254435,-0.21454457168303565,-0.5066890924076684,-0.07342646141712567,-0.2918563114021535,-0.6946233092441938,-0.08518112082713028,-0.37451349304085213,-0.7826615272054835,-0.09204699603400382,-0.4556361965272516,-0.8254641118660868,-0.09765439930409318
0.0,0.0,0.0,-0.17798717933414746,0.01768430774678404,0.0363434961870967,-0.36001587273818114,-0.05427276361657559,0.044929253028171204,-0.49694232987000525,-0.0660923517355742,0.028732046724840147,-0.6135111609229488,-0.0651793080061274,0.011935388431719448,-0.32718122136713546,-0.4599501098281047,0.12730831360129216,-0.3823595132207816,-0.6651583300034671,0.12388835217373455,-0.4513117412478943,-0.7550215157275346,0.10127506933594345,-0.5238078188086867,-0.7887504472713476,0.08184970802492904,-0.2821091192332971,-0.5018326216820386,0.06883525778602667,-0.3539877469269826,-0.7502289790565344,0.06011130305849196,-0.4491516805677368,-0.8324274082106019,0.037572567939614734,-0.535176090393888,-0.8326165436165716,0.02158695693258846,-0.2451095918918315,-0.5179834278589694,-0.0006169983945312173,-0.3197522468440185,-0.7704246520337195,-0.011963420128437749,-0.42185393583712716,-0.850107465979907,-0.02681919268946962,-0.514971457896044,-0.8563282053096705,-0.03724218212822521,-0.22334937892010595,-0.5042653559393797,-0.07291013696220086,-0.29991957238746614,-0.6961529924917063,-0.08604596339869956,-0.38501652155995647,-0.7835320145240185,-0.09451660687278818,-0.4702367630220032,-0.8243941250876075,-0.10147795652677358
0.0,0.0,0.0,-0.1772689329877677,0.018532957656050418,0.03546432542188284,-0.3609546732153515,-0.05439432390166765,0.0428574985720101,-0.5004931844627989,-0.0658751439412365,0.02466841460419856,-0.6191250055810962,-0.06603018446278755,0.006275336107585467,-0.32321645728959525,-0.46337428105082573,0.1307513828166847,-0.3752343242493513,-0.6689313485962866,0.12755280777502126,-0.4451405039918722,-0.7595142095730594,0.10535477477472463,-0.5177686162669553,-0.7940364436252183,0.0860086170061161,-0.2798441613514242,-0.5030454969478741,0.07125936747670789,-0.35085382584506974,-0.7537296892818814,0.0620967517425874,-0.4481998850261183,-0.8333594085745537,0.04012632065067216,-0.5349836188599655,-0.8322389152933811,0.024856824448569792,-0.2451535961219582,-0.517795730094063,0.00024342625955903435,-0.3204477705998158,-0.7731724631510342,-0.012397910487524047,-0.42442125831005895,-0.8510705396218896,-0.02608372111395274,-0.5174575920313926,-0.8549520820932741,-0.03495054334567799,-0.226501049425135,-0.5018625364305658,-0.07394116426955363,-0.3061890248894451,-0.6943017953606124,-0.08794247703058916,-0.39385942078579905,-0.7804104853943543,-0.09596509138219428,-0.4803741813793037,-0.8197475600261123,-0.10217083000290977
0.0,0.0,0.0,-0.17827464938502577,0.018934305223562993,0.030471877243149946,-0.3660183312297519,-0.05257256981484772,0.03625277782330422,-0.5071791439748174,-0.0645862049237278,0.018385099244759943,-0.6265224512954493,-0.06576082920522155,0.0009329138944287958,-0.3237926133493465,-0.46106507468813246,0.12133552747524665,-0.3819073357512364,-0.6726081786780205,0.11680506710962413,-0.45345094799414765,-0.7626679681090252,0.09397888392085643,-0.5274383352457791,-0.7961226474778655,0.07452329418514789,-0.27912375901182185,-0.5000653779604431,0.06502019256250857,-0.3536367732756527,-0.7519386438765288,0.05482377518459842,-0.4533655064145517,-0.8323454734813488,0.03232765755152349,-0.5413191537855186,-0.8313413701676362,0.016751385748293948,-0.24409345954960593,-0.51442432384496,-0.0027798161538615533,-0.32402082426410905,-0.7670769452963977,-0.015878872765930883,-0.43024936110767265,-0.8450321149966212,-0.030273937160098213,-0.5237468508933278,-0.8508741204031773,-0.03982470088410743,-0.22539499084744574,-0.4992996593509603,-0.07389365391884178,-0.308924645954192,-0.6874252147271639,-0.08821339025067065,-0.3968137904542663,-0.7733796898597458,-0.09671896228219842,-0.48124930570615343,-0.8149871438808622,-0.10335198538532403
0.0,0.0,0.0,-0.17545249093877735,0.015629999907012006,0.027905808791531334,-0.3632916061577326,-0.05589001115012682,0.031540022747565774,-0.503965406440013,-0.06716333730206925,0.011957268703412478,-0.6241225916183089,-0.06478966308810395,-0.007564666433721546,-0.3259674959743023,-0.46110445944774625,0.11590397633903261,-0.38735220221795263,-0.6755609508890605,0.10786475189327921,-0.4625702758047481,-0.766742439625232,0.0832016803566566,-0.5389053766661205,-0.7985935878856555,0.06329700730163956,-0.28069147418516205,-0.497558417711279,0.06052518102398827,-0.3546773517920163,-0.7512710399437494,0.046837630316551436,-0.4561085190981257,-0.8310533464374625,0.023611961161990047,-0.5471446733530698,-0.8295083914083066,0.008651796289385626,-0.24351754474200354,-0.5100243893282894,-0.006503335018251053,-0.3230341083099263,-0.7637108723414365,-0.021686307172094375,-0.42954526319551944,-0.8441640097503165,-0.03615903747202148,-0.5232937191291684,-0.8509210615173832,-0.04486820497068325,-0.2217638245018294,-0.4933388079365296,-0.07706787120441291,-0.30338243653394703,-0.6821659496389229,-0.09284961458196453,-0.3903967407781509,-0.7721293961763139,-0.10163693335488849,-0.4737704435289418,-0.8152240466378267,-0.10774871673554257
0.0,0.0,0.0,-0.1787986738049297,0.016252656626112562,0.03260619724718355,-0.36477705898151036,-0.05638043530835386,0.03941628270573022,-0.5050316552033522,-0.06832634564104809,0.022242366236509763,-0.6237377924776766,-0.066273819614194,0.005365244212410972,-0.32786791290202555,-0.4618530796998372,0.12342128896944715,-0.3853800844620572,-0.6781201682560174,0.11731673128250723,-0.45950884602732456,-0.7690145931782757,0.09377192263873212,-0.5355037476097637,-0.7997183229079816,0.07463936753798067,-0.2846612415633496,-0.49883682865859313,0.06665105352832637,-0.35851985112212625,-0.7545348888538694,0.05395193236768148,-0.46194611428459054,-0.8324412269724986,0.03100742831564444,-0.5540812072199526,-0.827187548342721,0.016325477391539202,-0.2496972245881088,-0.5103422242976623,-0.001587279119959758,-0.32876575221585397,-0.7676531845473796,-0.015874251264901964,-0.4356350706125164,-0.8450707415341654,-0.03045282130736327,-0.5293178265053398,-0.8474490668365067,-0.03910530147952128,-0.23016783049264472,-0.4930360308471028,-0.07298449335754432,-0.3100027626219483,-0.6860692789514171,-0.08799353986200234,-0.3974764828792576,-0.7739616052590976,-0.09707724877196647,-0.4818123884759137,-0.8137351281764778,-0.1034165300941606
0.0,0.0,0.0,-0.17572213031731865,0.012982320581272019,0.039894981030768537,-0.3612716614940076,-0.0636361005904097,0.04989577277427735,-0.49945129781539777,-0.07282488101639922,0.03398593232212137,-0.6167188696753532,-0.06901339159503685,0.018018158063278132,-0.328738196897267,-0.46646225869936386,0.13150209643129604,-0.3848204008224496,-0.6816616942766134,0.12684024736089217,-0.45977412193058875,-0.7703873341443759,0.10420945275795802,-0.5376700655162258,-0.7979490159109622,0.08516433279081585,-0.28693018563022543,-0.5015159170117816,0.07012114374094207,-0.35981484197109115,-0.7547359800992697,0.059416970588506764,-0.4638309097601184,-0.8318107268018374,0.03692819424073062,-0.5575968337626063,-0.8258475281350754,0.02165246516927998,-0.2528440630566609,-0.5118418456427156,-0.0024889947703595617,-0.3325371709878765,-0.7678382500615356,-0.016161746708677833,-0.43967056450071973,-0.8434106275195258,-0.030832738739313276,-0.5341160468605587,-0.8444028473661435,-0.04011011463443223,-0.23437832751245194,-0.4930875692650384,-0.07777563169814905,-0.31515242093315976,-0.6877207974273997,-0.09267519512083791,-0.40341456894114247,-0.7734876869531744,-0.10173569549714545,-0.4887969036471814,-0.8097754815170479,-0.10850775432353643
0.0,0.0,0.0,-0.1804251886059801,0.014272013222588881,0.04762013460306842,-0.36680593019361085,-0.06126585098549287,0.06166344477066592,-0.5048314245412162,-0.06974779706307821,0.04762756742527559,-0.6215053726387807,-0.06304732786616982,0.03339025458932311,-0.3320970485835706,-0.4632278718283992,0.145343106202932,-0.3866943768853527,-0.6791548882785772,0.14431996761083807,-0.46309987291911564,-0.7673282407265866,0.12372443595920682,-0.5426967320098863,-0.7937295341436021,0.10547052445163757,-0.2905304541745586,-0.49891863629665567,0.07913635586884996,-0.36162351875531773,-0.7539038364949557,0.07158678365545397,-0.4672888337545107,-0.8301645442460781,0.05100315017633349,-0.5618078439943175,-0.8217808246067007,0.03659539151164978,-0.25838041371687304,-0.5090231358549415,0.0014437263447111585,-0.3374107937670079,-0.7665288125063787,-0.011543991628777108,-0.44656487026604497,-0.8417211048902229,-0.02491104909144129,-0.540875199068721,-0.8403537258444882,-0.033200646786473345,-0.244342979396647,-0.48950012069440374,-0.07851333828580441,-0.32864261142958184,-0.6835821883940818,-0.0940935382159772,-0.41864015437700175,-0.7693405839541109,-0.10276722689353214,-0.5042877038725988,-0.8049525593386797,-0.10928150881290474
0.0,0.0,0.0,-0.18211646603727272,0.015377630905844824,0.04889530180085191,-0.3685783478143237,-0.060231384023888626,0.06363849384453066,-0.506117038080969,-0.06789699743758143,0.04969210938823293,-0.6226738418651842,-0.057040194524775864,0.03495513862101549,-0.3340024775529459,-0.4629723782208757,0.14940430181197056,-0.3874435930692339,-0.6772048639853063,0.1495086300669911,-0.46281445527409815,-0.767199373896843,0.12891091221768167,-0.542120183330753,-0.794281181637371,0.11024578778596872,-0.2927098980261307,-0.4981155432838135,0.08189677874464696,-0.3620065076645076,-0.7513566645188443,0.07528689463459051,-0.4668001409232759,-0.8299644469368127,0.05476854966237158,-0.562382663665651,-0.823563586767871,0.03999029970503992,-0.2601340590885032,-0.5082449680502747,0.0027395169764983323,-0.33842567781409605,-0.7631505581848703,-0.010340715610930903,-0.4454195715724373,-0.8408819283062956,-0.02354627838856814,-0.539473394699187,-0.8409499804813138,-0.03192078690681554,-0.24569202532207132,-0.4879479332344414,-0.07871763507777184,-0.3312744696755666,-0.6791072045399342,-0.09399146367562383,-0.4190748781411461,-0.7670338307841678,-0.10184633018521377,-0.5037770921156777,-0.8046611539649633,-0.10816597101186887
0.0,0.0,0.0,-0.17471285822297933,0.0142411244601083,0.016799682885239413,-0.36367344839097826,-0.054570136222281504,0.017160755948498772,-0.5064769738973741,-0.06129355850020503,-0.0012953704979125312,-0.6239394399679394,-0.04525335159484667,-0.018970132975877647,-0.32745107837514054,-0.4555567463413539,0.09593113284734572,-0.39106749728024304,-0.6759694380659051,0.08667707122627744,-0.46742434498266927,-0.7681706694034478,0.061679135419253295,-0.5486129484209368,-0.8002400291044363,0.04161095130239892,-0.286137149029733,-0.49007574862648684,0.05065827076281261,-0.3626527055669947,-0.7402478760554287,0.03719405258852659,-0.4667007397209898,-0.8224799642454029,0.015414605611653037,-0.5618811443912695,-0.8250848817059135,0.00015110012922258872,-0.25197062255564817,-0.49615523218429414,-0.005367677919207755,-0.3345346624407863,-0.7421257949470261,-0.020995094675576025,-0.4389835688035658,-0.8257445240163237,-0.03485654752545817,-0.530565358128879,-0.8366692823386591,-0.043378057947800884,-0.2342950862263064,-0.4740696835818149,-0.06500843538401996,-0.3178151482666897,-0.6592296975365382,-0.08023876490307033,-0.4010213245963049,-0.7508024367104011,-0.08725572993689655,-0.48035275896091933,-0.7970082144779738,-0.09241067903369665
0.0,0.0,0.0,-0.17524156304032856,0.01846985087733619,0.002442484206006128,-0.3687602660756373,-0.048228426256948675,-0.0013073235270304635,-0.5158267843999458,-0.055993079268892715,-0.01998386121963957,-0.636011742615125,-0.03422623151526139,-0.037015219777699455,-0.3272815298445936,-0.45339012965414227,0.08104966097114184,-0.39368617103824266,-0.678245770515782,0.07037620592391816,-0.4716405500946039,-0.7706867078789701,0.04397000095078556,-0.5557612241613004,-0.803426654873813,0.0232970428814323,-0.2837049106562991,-0.487393718048321,0.045749012955526636,-0.36139159596005765,-0.7391680354198376,0.03112893023188012,-0.46680456560965566,-0.8214570202440732,0.008507794347954383,-0.5623437015724013,-0.8257745870588211,-0.007098857162329135,-0.24982970795530107,-0.49271690758498654,-0.0008189772940776282,-0.33450495146458725,-0.7387779594830636,-0.018539517043741446,-0.44357125323074686,-0.8219731472766236,-0.0349576735643103,-0.5388274583149063,-0.8341594202399596,-0.04438428632060845,-0.2339827869876297,-0.47187537594692214,-0.05157507744520068,-0.3212677380039064,-0.6566802938058116,-0.06952047125947894,-0.4097067771524775,-0.7459115075335258,-0.07902414063056029,-0.4934635227879996,-0.7919357257603347,-0.08518085598553266
0.0,0.0,0.0,-0.16886384572173502,0.02713099537706265,-0.03166390032721238,-0.36241200832180476,-0.03645940751053327,-0.05200863167755776,-0.514205703473825,-0.04566722871523065,-0.07681988195006124,-0.6348022390630432,-0.018936608053834982,-0.09749410833008954,-0.3171280153692854,-0.44731003133010483,0.022331708348352727,-0.38841452940978083,-0.688034942817435,-5.7536384890331804e-05,-0.47317085263329717,-0.7774046608756009,-0.029258665841762614,-0.5586836328223184,-0.8054285325066588,-0.04811604688995101,-0.2729217670134461,-0.48359812493386295,0.01143092428039601,-0.3568883056886193,-0.7457505621575138,-0.01018466227155428,-0.46657345260917193,-0.8248293949991177,-0.028582570838433574,-0.5594289938948256,-0.8268311093563108,-0.03852770251930373,-0.23874361246116127,-0.4871575749810054,-0.009912605477200085,-0.32671316077682044,-0.7339126906440178,-0.028118442495922616,-0.4363419491624821,-0.8126192908532345,-0.03873700215469239,-0.5266737108583769,-0.8234472293537171,-0.04208905220076187,-0.22257162149749632,-0.46430357914076237,-0.03711854981884109,-0.309178736127974,-0.6461233075808477,-0.052360911815800965,-0.3963916387013164,-0.7324957094085702,-0.05751336804144579,-0.4741986547434587,-0.7788265591105081,-0.058371734794856696
0.0,0.0,0.0,-0.1684352074258877,0.025966379523771232,-0.0354568618926515,-0.35705624919009643,-0.036839831299652875,-0.056542705520382,-0.5099001561812109,-0.043977920990411326,-0.08029816088487435,-0.6303612383721593,-0.019888552455163463,-0.0992849367364175,-0.3104978301010799,-0.44281214661757573,0.018931246268539217,-0.38439028734241476,-0.6844894509641959,-0.0005771416141035685,-0.4711767342538925,-0.7765835765611198,-0.025967708303744116,-0.5575646906649878,-0.8079563081886965,-0.04178143001343375,-0.2674610027886921,-0.47969261191300727,0.013260834500850617,-0.35422467103959787,-0.739441401684516,-0.004680001394257257,-0.46302561580062696,-0.8211349581912344,-0.019082409392552416,-0.5557583483501582,-0.8302501570825731,-0.026242844101735843,-0.23709335122636732,-0.48333320146220354,-0.0027433403523723122,-0.3273915659790379,-0.7279412953475032,-0.017402580039440098,-0.4337154728893058,-0.8113852560501018,-0.02589399249644679,-0.5215437407791568,-0.8278543080913696,-0.027896037993854723,-0.22758495204946572,-0.46181680182573626,-0.024734188508673892,-0.31343847967439264,-0.6445846547336828,-0.03683977842003305,-0.39713335430099406,-0.7340523974017037,-0.04072145120900305,-0.47185392417000793,-0.7834666548928004,-0.04058064940243709
0.0,0.0,0.0,-0.1668861688035865,0.031010789531592267,0.007506113637892872,-0.35137404730903377,-0.04017972870777304,0.0032913757673865493,-0.497232273894906,-0.039201728824880516,-0.01678341173566232,-0.6178770787472498,-0.014313857130971953,-0.034736216137881346,-0.3147968119524225,-0.4509003935744801,0.0850964715617907,-0.38381927758218726,-0.6729118826338301,0.08095346484459394,-0.469510491335688,-0.7636759865818183,0.06220131874069702,-0.5543076843067433,-0.795755980780315,0.04684088990626877,-0.2761424261558644,-0.48323310926922025,0.047746891576896544,-0.35764241856193857,-0.7385895663365226,0.04323133673007378,-0.4666838163097471,-0.8178327507770349,0.030581027532393106,-0.5596852071064953,-0.8239206845971091,0.02092512682115489,-0.24943486347317623,-0.4876660465024498,-0.0004890342888232906,-0.3327948202092704,-0.7388342155543766,-0.00784298027553952,-0.44327654108642234,-0.8202641925072338,-0.016814570292215898,-0.5356961729254248,-0.8314547022513701,-0.02329544455306804,-0.244386637534446,-0.46632260695895855,-0.05318364244167259,-0.32846102082708306,-0.6579165941151657,-0.06189476674741623,-0.4159964266992684,-0.7488583075291786,-0.06669391407743507,-0.49733123435852655,-0.7926990409058015,-0.07102171070153485
0.0,0.0,0.0,-0.17017694684043558,0.02724932714706478,0.023410925588852088,-0.3509633968907223,-0.0470418215834711,0.025295909470159583,-0.49235135234300076,-0.04480284725149336,0.006089363909834255,-0.6113292129184391,-0.018860056927071194,-0.012006243738964008,-0.3205396288335841,-0.45285245369053195,0.1084056118169834,-0.38946570527407426,-0.67129541487988,0.10622137352953784,-0.4731017692998925,-0.7618994384487889,0.08745517722143098,-0.5562304027170395,-0.7956100790279462,0.07088338637842381,-0.28244898979414534,-0.4840856230456302,0.05866029980862758,-0.36366586319557964,-0.7379554338850062,0.054138266732692175,-0.4734040632792892,-0.8151221957944013,0.0382239383130573,-0.5679445359628135,-0.8203258071242594,0.025789783626909042,-0.256164117752783,-0.48934469781470213,-0.002077957920047772,-0.340132776754394,-0.7412661182345319,-0.010950261973786936,-0.45324438922333166,-0.8188403497696437,-0.021797012472792147,-0.5481636689421883,-0.8267281968232405,-0.02995501974162888,-0.25091050108727625,-0.4676902356265954,-0.06652140191318928,-0.33171290843209844,-0.6626465268241157,-0.07699277938573793,-0.4200363307387172,-0.750368985476329,-0.08254080372430556,-0.502885195509675,-0.7879206095766058,-0.08786450332879847
0.0,0.0,0.0,-0.17029679051744306,0.02744782710088236,0.026649090260993866,-0.353761972953983,-0.04537513637773258,0.027979277298747204,-0.4926954694458397,-0.03981888364389123,0.006114229716972374,-0.6097321550564365,-0.010263146699653359,-0.014658145981941767,-0.32807393085966485,-0.4578974795126237,0.11272700658574142,-0.3965758764463596,-0.6793523987114172,0.10482297105068877,-0.48344864248865527,-0.7663483808199809,0.0813269896438196,-0.5666915631712581,-0.7919485837329673,0.06220239191807087,-0.29043425567226655,-0.48824556959763665,0.05790770921065542,-0.3725145653348909,-0.7495284142068572,0.04720593572794578,-0.4871525134406373,-0.8194576007777516,0.027719060866873917,-0.582335446248168,-0.8113842005398495,0.013835479966266993,-0.2643466822206644,-0.4938658870956022,-0.00861476964191823,-0.3479187874634375,-0.753168338362295,-0.021647835702933882,-0.46519704885920155,-0.8230907169261538,-0.0347584509280446,-0.5595098813023351,-0.8178210245926095,-0.04362989827561327,-0.25824826995977024,-0.47032752783211673,-0.0789769911800664,-0.3386113942404957,-0.6709145971813187,-0.09161200556371871,-0.43062106068694994,-0.756136025413519,-0.09869825556121724,-0.5153264261790201,-0.7839601757213959,-0.10487892880487092
0.0,0.0,0.0,-0.17079124885214414,0.026216271926038374,0.030614890496086802,-0.35649260357775847,-0.04632515399496613,0.03346679954237905,-0.49597996287700286,-0.03930887350180542,0.012280564633877507,-0.6122358133712268,-0.008593932581660815,-0.008056517164125667,-0.3277414121144524,-0.4532307358269483,0.11481121257813506,-0.39829043179940515,-0.6784132850633824,0.10837348478978764,-0.48444272593249615,-0.7668828070363163,0.0868283486928005,-0.567369432024397,-0.794933655294288,0.06875297096002687,-0.2886645762513895,-0.48443878327032297,0.05760228693973708,-0.372597745120089,-0.7506787554996637,0.0462193110471183,-0.48660090558448077,-0.8200149350684506,0.026639457751336616,-0.58135794229152,-0.8117775619840104,0.013023647583658465,-0.2637425182244748,-0.4911190346996881,-0.01084763908398104,-0.35081315531410306,-0.755749571744126,-0.024122758978363877,-0.46990774036882543,-0.8245615782591509,-0.03750041315398787,-0.5650776419362469,-0.8187725118187562,-0.046393343691629715,-0.2611416649363756,-0.46916557828171945,-0.08262424285839684,-0.3449742724252372,-0.6703920300822463,-0.09500483850470876,-0.43844316336302663,-0.7541913424186468,-0.10194252135830577,-0.523415300963717,-0.7809688111973625,-0.1080992780425766
0.0,0.0,0.0,-0.17070123763011696,0.030608100001059443,0.03877503337183147,-0.35463535818346126,-0.037682144516552656,0.04445030733211594,-0.49319157057824614,-0.02965009905782756,0.02318311416049886,-0.6105518766443885,-0.002687384346876452,0.0023941696826575223,-0.325450317615818,-0.45490173541661866,0.13396396278232015,-0.3957468777506662,-0.6700903333097648,0.13395029702677763,-0.4826724848856232,-0.7579656549216802,0.11452296197573522,-0.5674509613911027,-0.7880042189073025,0.09632498852570517,-0.28756982443670626,-0.4868057836513038,0.0713230215458509,-0.37490027254171193,-0.7432533700944253,0.06603139485949266,-0.4910545466705944,-0.8139190001542853,0.0472326320566306,-0.5868717407204056,-0.807871103784454,0.03258969590763532,-0.26513807195431827,-0.49481938892647737,-0.0028095568817616025,-0.3546035124913033,-0.7509859733750253,-0.012510711620836185,-0.47535558386474996,-0.8190239067553043,-0.024956879222051205,-0.5714846576197536,-0.8126047235516751,-0.034188589012511456,-0.26582195529994224,-0.47380750702710916,-0.08019160078479576,-0.35270891058938425,-0.6713173312349255,-0.09042607226399277,-0.44892294951263834,-0.7540766035339383,-0.09622669504324737,-0.5371500158937303,-0.7791130662181933,-0.10218133191834686
0.0,0.0,0.0,-0.1709776619055402,0.0317396288147986,0.02941366822097282,-0.356565874994921,-0.02818139902146936,0.03182354293295647,-0.49692457206984686,-0.01924992209030439,0.011174515738169997,-0.6115091549003964,0.0035420208490069384,-0.007972660539969758,-0.326052599850436,-0.44880299491128045,0.1168407562637612,-0.405335844042535,-0.666623130401256,0.11440011709199474,-0.49417659199800473,-0.7523394024894525,0.09512658204989385,-0.5802579878302772,-0.7805381658690482,0.07825906845696416,-0.2887090081463938,-0.48147044874129724,0.062304941139887146,-0.3838131687784864,-0.7377852442678448,0.05591882711792351,-0.49950103972368953,-0.8086151324659447,0.038572788659378854,-0.5952283090544555,-0.802470429914278,0.025848640233578572,-0.2664984742131069,-0.4886947384880378,-0.0034584752569811234,-0.36278454295394524,-0.7405643668527933,-0.012605940509950696,-0.4805790295884886,-0.8078004467190238,-0.024942422488999756,-0.5747770432393237,-0.8023768223914987,-0.03386001488513672,-0.26577103423610715,-0.46792129098688806,-0.07264366207621263,-0.35300068233347826,-0.6612983860556287,-0.08274997695751596,-0.44349887494243584,-0.7411312385207114,-0.08891231701131605,-0.5252956058028929,-0.7664807488535301,-0.09454891373293606
0.0,0.0,0.0,-0.175769857593595,0.031500516000552314,0.054648184470167255,-0.3566335020795406,-0.024666014208913373,0.06944033391050142,-0.4949761460156606,-0.016539382260741753,0.05452027986854145,-0.6102521747117352,-0.00018240644225471893,0.03905250607628261,-0.3299787499373012,-0.4434968795067714,0.16049318251244282,-0.4068978208714981,-0.6504488196394507,0.17247550676746187,-0.48884309313031243,-0.7406532692105903,0.15972111135114603,-0.5700419695110579,-0.7768583666523643,0.14450934833371293,-0.29475088560983254,-0.47886366529793967,0.09153682429689118,-0.38716114424971115,-0.7263580409567936,0.09636297872268464,-0.49972733698916405,-0.8022203756082671,0.08107271849960343,-0.5942345821658399,-0.7999954356430985,0.06775686798729766,-0.273615354442109,-0.48762848190474406,0.011490100609750368,-0.3687494037141444,-0.7345457576346457,0.008001145084994127,-0.48359187223472855,-0.804765766892092,-0.0024974838299988995,-0.5777362248739333,-0.8011722383224797,-0.011832923808912313,-0.2724692925366874,-0.4688850137488133,-0.07058263011866878,-0.3610293636787098,-0.6622465384767243,-0.08033791106135696,-0.4505502591673308,-0.7431056024226311,-0.08643627878576425,-0.5333775773318725,-0.7714788567307144,-0.09317722837321729
0.0,0.0,0.0,-0.1732024538780612,0.028583288833674343,0.04922831630756047,-0.3508751866385671,-0.023128145719482407,0.059400731368446674,-0.488648859241376,-0.01338207871596037,0.040671112534275675,-0.6053001024806828,0.0026520906646581473,0.021527098628740943,-0.32744698664144456,-0.4401741742421552,0.15314056037741297,-0.4023966423921975,-0.6420706006865053,0.16103511178373825,-0.4831991603961803,-0.7354892320222969,0.14553484872065714,-0.5629430236225657,-0.7779301620824494,0.12834002511857398,-0.29189690453801165,-0.4785737329128118,0.08550188151135252,-0.3823384910218738,-0.7230594646195393,0.08691920581125873,-0.49469084222209714,-0.8013126231410931,0.07061876790992948,-0.5906686844493766,-0.8041455922725933,0.05606119823336859,-0.2706198804257015,-0.4897795604720824,0.006172914882119003,-0.3627007713304401,-0.7384955951578538,-0.002024608537649137,-0.47914127659191796,-0.8090362976907322,-0.013745327479090321,-0.5756705863494356,-0.8057727085665362,-0.023471402532964487,-0.2697641608546736,-0.4723386179315251,-0.07550291948901122,-0.35694147565485734,-0.6662216769208509,-0.08925701337267523,-0.4484286097675273,-0.7475988224416346,-0.09711986701249464,-0.5355512409954593,-0.7760709919207014,-0.10487276698754731
0.0,0.0,0.0,-0.17041727939527063,0.03292447703519774,0.036746124327345836,-0.34382771334631135,-0.01270476761876007,0.04213381924640344,-0.4783001339253694,-0.00829098580925484,0.021175603640385017,-0.5948126861017828,-0.0012898051114096885,5.256247206086341e-05,-0.3350747001861784,-0.4334136217472192,0.14305380223783576,-0.4082177149711831,-0.6295273457818337,0.14863675951952635,-0.486636634509366,-0.725129479112171,0.13164825105651531,-0.5638861397215689,-0.7705707905025173,0.1137835559244784,-0.2995263357128543,-0.47581828325220277,0.08159553534450528,-0.38602108806080154,-0.7194613150161228,0.08135862751640499,-0.4923334139294435,-0.8008091916816482,0.0651092364890571,-0.5851219192454875,-0.8078157367264343,0.05139157843390352,-0.2749789205240365,-0.49096790136680474,0.0074030449029112155,-0.362555548227194,-0.7391016240460951,-0.0015754420462369089,-0.4720369341681301,-0.8159172474840894,-0.012659430561378197,-0.5647271621385335,-0.8190998602283028,-0.021595233236493275,-0.26718377025418216,-0.4775490246267565,-0.07039090127639755,-0.3514087679472907,-0.6688289423422223,-0.08398814244320786,-0.43807238918124075,-0.7542440187499786,-0.09104668636376538,-0.5231515868081597,-0.7894655400382762,-0.09782060879388953
0.0,0.0,0.0,-0.1689589735672043,0.03550444592881705,0.029931181509506723,-0.3359183329771722,-0.005460232175150889,0.03163763967899942,-0.4697120074416555,6.801336924465873e-05,0.007441000764975241,-0.5885774248402375,0.0017282195814014622,-0.017063035618496807,-0.33450491684892025,-0.42781601020637344,0.1384349526195607,-0.4085164838013531,-0.6171853512264052,0.1401828627941757,-0.48701104554854274,-0.7150321499083468,0.12109006932385194,-0.5613160557963477,-0.761456137783332,0.10257408289304576,-0.2987837073078041,-0.47536037781285995,0.07852740695200991,-0.38410504408782264,-0.7185690238921035,0.07443054629413237,-0.4913067088427453,-0.7979746966707006,0.057229510859783304,-0.5859685004623497,-0.8023568719490496,0.04418406632180037,-0.27269492850969734,-0.49515270954160895,0.0048169685312980295,-0.35829500827126415,-0.7446531141935477,-0.007553332515206147,-0.4699949278307192,-0.820900387729828,-0.018906306902715567,-0.5640479820376498,-0.822337184352574,-0.02694013777781255,-0.26391668440867055,-0.4838162063046708,-0.07331188486795853,-0.3477802705126645,-0.6740604761901712,-0.09092385120376179,-0.43520192813670044,-0.7610500608818146,-0.1001018035898634,-0.5195618229598582,-0.7987686259321847,-0.10740337729240958
0.0,0.0,0.0,-0.16804360502349105,0.038378854868581974,0.030198303246794032,-0.3356203031676775,0.002331087932325065,0.030345650555615156,-0.4708068489145072,0.008013234467791024,0.004504918383491997,-0.5912859773190224,0.006545458190625608,-0.021123790529487957,-0.32690299862619465,-0.4290100643201805,0.13734037084327494,-0.40086337073434525,-0.6121244316201757,0.13924953878902707,-0.4818987148920065,-0.7076416149550264,0.12163581618144029,-0.5557359275972595,-0.7518976527371297,0.10439039689499535,-0.29233378537594035,-0.48066791445103596,0.07685575275940068,-0.37954357480838175,-0.728384252110944,0.07136431339596694,-0.49009108560142983,-0.8021977864157205,0.05650511894548194,-0.5850039405390195,-0.8010357934607086,0.045979648675889356,-0.2714505921137949,-0.5005615037143056,0.0023578896973885976,-0.3610124713168919,-0.754604150902751,-0.012302943349790431,-0.477818175670206,-0.8231198861845137,-0.023729607609956647,-0.572343155006579,-0.8178821536869114,-0.030757691767575916,-0.27159908646495556,-0.4872951049334692,-0.0762783665927722,-0.3603131207438846,-0.6805233823524928,-0.09625327441688379,-0.45387229683878405,-0.7613017057503584,-0.10718206971558321,-0.5428963038609587,-0.791710059231097,-0.1151639458053177
0.0,0.0,0.0,-0.16765787254494058,0.04115029588921329,0.024365194398884737,-0.33232157630033365,0.0053382088318648544,0.020714677208146317,-0.4689551861260315,0.008978458840113588,-0.0072495347460470845,-0.5896799320467541,0.001369350943914057,-0.03409874322974678,-0.32686180917787366,-0.42983931643272055,0.12748801640063964,-0.40289532052796784,-0.6232457505375377,0.12770292311297116,-0.4839018099973492,-0.7207387962706453,0.11016546443422667,-0.5581243888489777,-0.7638401662463052,0.09355296944099638,-0.2931189428387884,-0.47966581535621916,0.07029036253035631,-0.38051944918448755,-0.7309535476219692,0.06364039515380271,-0.49078497671523774,-0.8032271385334557,0.04853779151681602,-0.5850946460508709,-0.7998830058753374,0.03832077241796035,-0.2730866201138473,-0.4981888264489116,-0.0008302326254499611,-0.36387345031044616,-0.7531998937068904,-0.015470292889089136,-0.4807985536185263,-0.8214684357390944,-0.027239071116800136,-0.5753143879503364,-0.816406346088959,-0.03457492687634085,-0.2726722226091608,-0.4852779893634175,-0.076347823817397,-0.36111262762961094,-0.6777384445983072,-0.09595125611373995,-0.45341617939708434,-0.7571328175827545,-0.10678328606137799,-0.5399576169671487,-0.7865128948369056,-0.11440367725429579
0.0,0.0,0.0,-0.17792001637750077,0.03844327397981685,0.091196397870938,-0.33994425076203216,-5.996814785619916e-06,0.1258579907708855,-0.4696037126375281,9.278060405934659e-05,0.1198760437594104,-0.5875074667024422,-0.001092199454782998,0.10960404726249903,-0.3254892252269128,-0.4185290884693225,0.24420166067906968,-0.3997338503006935,-0.5973972003299757,0.28673626763995647,-0.47536197390291857,-0.6910844621619363,0.2903572337868616,-0.5455001818486482,-0.7306853685181582,0.28338264070336794,-0.295325462426607,-0.4695243888853565,0.1570981248208857,-0.37994547361756736,-0.7078452522250442,0.19026908737676537,-0.4863275692744595,-0.7805279685322585,0.18396942621724235,-0.5758836543284291,-0.7813504537071475,0.17487723063078803,-0.2799683149964892,-0.491596166596033,0.05752197601308386,-0.3658275377852883,-0.7351050141640543,0.07224036488317634,-0.47835729079826744,-0.8039556946198634,0.06511699334063967,-0.5716592809288703,-0.7994498227579827,0.055067106319295824,-0.28300173768753356,-0.48309333475980065,-0.04254942819983783,-0.36956943782759055,-0.6749793686178273,-0.04529371405986818,-0.46089997606415,-0.7486369626580058,-0.050818415888730206,-0.548065001029125,-0.7740292380377749,-0.05887717570923018
0.0,0.0,0.0,-0.17893632648835983,0.03746357541521772,0.09033670108124581,-0.34305778314461965,-0.003558092580769982,0.12754698735495748,-0.4725690514840918,-0.005685163559899444,0.12484004510548233,-0.5912388684019025,-0.0032589737730849455,0.11833872793250783,-0.3222502073305317,-0.42668877182052517,0.2480184844966073,-0.3969849961909346,-0.6088103866429736,0.2936842989482428,-0.47526966901914125,-0.7027017861572502,0.2979335713742469,-0.5489048942851968,-0.7430195780419047,0.2909044962194293,-0.2937037713587978,-0.4746178761752345,0.16376134039885215,-0.37878283161998205,-0.7128611283782195,0.1989346365209917,-0.48596242396355627,-0.7856620074287631,0.19186381825529275,-0.5763252444147325,-0.788010321307312,0.1820949799738389,-0.28038144189029246,-0.4954440416841719,0.0671588624354972,-0.36936072365173944,-0.7367741804987122,0.08380507316203564,-0.48201252064408046,-0.8031972934282605,0.07621031491858132,-0.5758699042790831,-0.799011865708884,0.06589093399255633,-0.28481106695857583,-0.48773081343684044,-0.0300017670554606,-0.3736501761203093,-0.6775158906313122,-0.03147967881352586,-0.46671265614240776,-0.7498597517528033,-0.037131521810379,-0.5546775499949765,-0.7758327135736727,-0.04521025038701208
0.0,0.0,0.0,-0.18205108139753617,0.03835674430245984,0.1262716785084489,-0.33886268482988535,-0.0018582062110641443,0.18829647807033645,-0.46204834019675867,-0.006094339481355618,0.20383757475204212,-0.5765877684412466,-0.004890741543852008,0.2130854548130967,-0.3134707452512723,-0.41403908586614024,0.3089707143508019,-0.38939639515915836,-0.584620810009749,0.3781527606943008,-0.46535440737152156,-0.6778634994237682,0.39409693418881764,-0.535772808636088,-0.7181072280844685,0.39278622109329464,-0.28821234250721994,-0.46292499108135865,0.21299470958274852,-0.3765521715009326,-0.6927531349315861,0.27081109132665493,-0.4815156389045604,-0.7658979672213941,0.2675934670976752,-0.5691940832721976,-0.7725439628978894,0.2575698401002523,-0.2785412013959787,-0.486268458620864,0.10585175636551111,-0.3693259884068488,-0.7197467499185286,0.14034111904143914,-0.4779415674639892,-0.7876311337430228,0.13232964729692337,-0.5690926668534447,-0.7883967522203206,0.11777273293337201,-0.28704271941609677,-0.4833122117813097,0.000826525122180996,-0.3741222088649832,-0.6670149190025116,0.008343969569998697,-0.4635557795773808,-0.736724064454688,0.0017454224914225658,-0.5490644482945763,-0.7642770880590167,-0.009558333579572635
0.0,0.0,0.0,-0.18119289918921833,0.030074556803551193,0.1231097197119069,-0.33939233767023635,-0.010981793394242106,0.18652759472253494,-0.461537104421142,-0.01233383059119633,0.2060306696168616,-0.5737145361159065,-0.008636780455289428,0.2200761890489244,-0.30748620056315523,-0.4241072839548893,0.30034946610522745,-0.3876183563126565,-0.5958184931831887,0.3670439448678954,-0.4680986695492478,-0.68533657907987,0.3827521888843165,-0.5422562819660615,-0.7214339113532209,0.3825579216062156,-0.2816263188434723,-0.4685028989523964,0.20927388150644227,-0.3752366057739653,-0.6973626022035496,0.26526817125151747,-0.48145438587399747,-0.7697878387099341,0.2633462811816756,-0.5701316792561943,-0.7768080571028406,0.2550843433742854,-0.27227589281759856,-0.48689332562407217,0.1071497033848274,-0.36812897276703016,-0.7216035566736099,0.14074616859695593,-0.4768964195637716,-0.7920214924270395,0.1329814557251034,-0.5679552790523575,-0.7976461138555281,0.11937832196777078,-0.28416505641366346,-0.47991417173180984,0.007360868645279624,-0.3747655372610096,-0.6619415036488667,0.013058189083821819,-0.4626034625696075,-0.7336976221140246,0.005018876685003623,-0.5458956007074198,-0.7662391898140373,-0.00631454111958882
0.0,0.0,0.0,-0.17582452176005342,0.02641445109820459,0.09710311449057255,-0.3355400094976677,-0.010347737818405593,0.14563256717221734,-0.46260836553450996,-0.007992469208283063,0.15532458544544742,-0.5755878897716076,-0.008098830933159256,0.16178079635773826,-0.3059843243692312,-0.4279849223641072,0.26344039647991313,-0.38431574532622476,-0.603634926945225,0.3148207498078426,-0.46920794636161267,-0.6930479569529177,0.3218324567736811,-0.5474502824320924,-0.7295057486908607,0.31723707611412066,-0.2827821033152077,-0.47361264381855034,0.18390584953951367,-0.37760241702488795,-0.7045325087413999,0.22640157378585166,-0.48782952234491034,-0.7745343868384711,0.22210052029097044,-0.5813616401129311,-0.7817205638699352,0.21386069376245379,-0.2748396014930794,-0.4929353810662416,0.0919932572469769,-0.37276298342106484,-0.7294720701732075,0.11678903530066045,-0.4836959045111628,-0.7976191851122205,0.10945493470127618,-0.5761905946603896,-0.8027285819967552,0.09805471415954328,-0.2861508797036725,-0.4876921868389853,0.0002167055335528783,-0.3751387309643689,-0.6730017080881179,0.002525577720033212,-0.4656662731311132,-0.7454202206800808,-0.00510493212646127,-0.5511781463134187,-0.7769585243895774,-0.014845800137817926
0.0,0.0,0.0,-0.18079181790528454,0.019805765818062888,0.12570154951426896,-0.3352055053416696,-0.0176047723243801,0.18554708869429032,-0.45651729521311113,-0.01933253739073621,0.19909406991615458,-0.5739974309567561,-0.02579285354638034,0.207121536730154,-0.29981109014879603,-0.4191183040166322,0.3088433984251213,-0.37875660539621026,-0.5760282994425971,0.37568333241445584,-0.4617957171504088,-0.6587188114835943,0.39082733280889587,-0.5366255311951542,-0.6911422111993681,0.3911711843799532,-0.27865249116577306,-0.4670491224865752,0.21566942821271684,-0.3727699755845043,-0.6860829958354759,0.27582749800098205,-0.4819020801064504,-0.7573275118301236,0.2785419730950749,-0.5712457440017761,-0.7695166061652889,0.27397139444721863,-0.2721910253008599,-0.4878104752109263,0.11098759891192278,-0.3651617073073712,-0.7185138358948016,0.1522214972962711,-0.4745369474284056,-0.7918182252595329,0.15561341792482924,-0.5645132806334074,-0.8024204581452941,0.14970917020747754,-0.28456478402823765,-0.4787953946873701,0.007565871826124978,-0.37030918444936356,-0.6659292672815933,0.02406442832457928,-0.45948019825335384,-0.7398634691642794,0.027572262996908525,-0.5437173543236685,-0.7732408757929412,0.024889160197965436
0.0,0.0,0.0,-0.18705379436201008,0.017487768485943543,0.1302293185016632,-0.3401891014129652,-0.0221455711707268,0.19467026532073772,-0.461429486435962,-0.01914954108341473,0.21369676037401325,-0.5780910944619655,-0.025724527481257302,0.2275592942413422,-0.30399490260121287,-0.42430234994807037,0.30937421868985726,-0.38228452479823527,-0.5935123635679596,0.3771854794551822,-0.467057941474722,-0.6770333876916861,0.39332033588587584,-0.5450538440333416,-0.70551867057561,0.3947057214165478,-0.2810195030744808,-0.46714905491460557,0.21663595236330663,-0.3739808668371258,-0.6919640136681899,0.2756789698444798,-0.4843104503509872,-0.7620827306177753,0.27538843909499133,-0.5753123457523412,-0.7703343749321637,0.2689368306583034,-0.27253848891359533,-0.48527884663065457,0.11345592449789069,-0.3659324585771655,-0.7178926391705764,0.15449748128321167,-0.4741869084082385,-0.7898715022502243,0.15513329906779313,-0.5641827525504249,-0.7987723393768824,0.14763550924513213,-0.28230525830097075,-0.47613201461601296,0.012601180692943555,-0.37022776057348394,-0.6633208648349251,0.02890259376285639,-0.4584690410496438,-0.7356191359613297,0.030951237517697114,-0.5408973106765259,-0.7679510959314875,0.027518847879525934
0.0,0.0,0.0,-0.19098606905022822,0.020234800341986305,0.13712222604804808,-0.3450103371884997,-0.027967898916752575,0.20426021011196027,-0.4666632045776688,-0.023239618604741684,0.22420077461788973,-0.5825565881656669,-0.023110725408335083,0.23834215719855825,-0.307977011592503,-0.4310081716072948,0.31476736635218955,-0.3831883421249952,-0.6046539440721037,0.38155830968597637,-0.4660011172564026,-0.6881907439322705,0.39599582356808594,-0.5435282343739615,-0.7173022662368044,0.3953888944666429,-0.2833489975105763,-0.4752987889115572,0.21600374090945157,-0.37672075246405146,-0.7028600838142316,0.2711370454490848,-0.48771031513479407,-0.7713608516866667,0.26605272581146,-0.5786741672350044,-0.7732210182263859,0.25580576074108624,-0.27310611314851485,-0.4931605527758585,0.1074106951105745,-0.3680492165590095,-0.727161451757788,0.14407176307143524,-0.4790918984678464,-0.7974340228762964,0.14013751335597407,-0.5711386489947914,-0.8016511215758935,0.1297106075217472,-0.28201028382474647,-0.4842109070972243,0.0019524693230583128,-0.3747527663113909,-0.6740821524694831,0.016008399424459557,-0.4663315619810079,-0.7448717313488786,0.01667547864263171,-0.5513905331703881,-0.7729153431911705,0.01160878861034585
0.0,0.0,0.0,-0.18118048492577474,0.01562949858503257,0.061779344574108455,-0.34250565676151323,-0.041650120763830276,0.0957643639393546,-0.4731547223872814,-0.041330704863087736,0.10311525331895277,-0.5868418510826926,-0.03629129466290052,0.10988304528797409,-0.3015523135912672,-0.4445932482967553,0.196529307415642,-0.3845495407032271,-0.6412286279905909,0.23360085006901382,-0.4720663885507362,-0.7258364420606909,0.2343927809734084,-0.5544540907417652,-0.7529811401621862,0.22940204691577443,-0.2749051961587621,-0.48117909430283934,0.14263556955520326,-0.3711992602709927,-0.7171545908152104,0.17636435094307923,-0.48165353575771075,-0.7882830080836338,0.16926073976696512,-0.5744054225412851,-0.7961400331564243,0.15986553170236475,-0.2592158887096125,-0.48935373469537047,0.0780898921780569,-0.35773959922514764,-0.7237705141775165,0.10160940805324778,-0.4656111942048453,-0.7986646213585131,0.09400301396387165,-0.5550379751609927,-0.8109819363038155,0.08373301681820496,-0.2620385680218736,-0.47480198314554745,0.012508455301560657,-0.3558005379450198,-0.6581338585486222,0.02171219137420457,-0.44387566995739647,-0.7349631225266522,0.01979878104216914,-0.5239607827019732,-0.7736863136664498,0.015118248535525024
0.0,0.0,0.0,-0.17862900266426587,0.019908010336886977,-0.08833689900111596,-0.3387934149303438,-0.04218242908028846,-0.1126176395199067,-0.4863053643620186,-0.048843662645086425,-0.11818607094956454,-0.6103555929614372,-0.05482271878394612,-0.11519453160172562,-0.29147103205030916,-0.4750173769055389,-0.0019542491991803644,-0.396036417263807,-0.6935565310862745,0.017354028118253956,-0.5009403601432872,-0.776723119287721,0.011154349050387192,-0.5940709571750771,-0.8023302037563201,0.008549698313371922,-0.25076986808747326,-0.4895213608737343,0.05922719301163592,-0.3571783376114743,-0.7393058080010536,0.09916994682381519,-0.46706976884126405,-0.8034929185315899,0.10088242609665365,-0.5616169085032752,-0.8216393201657359,0.09744370498298656,-0.22604804743398296,-0.4742813243365981,0.1108156329891142,-0.3288159071827382,-0.7064839138338518,0.15351354443948195,-0.42797292708985296,-0.7810172212897225,0.1508248343175722,-0.5119006372780133,-0.8071858366112274,0.14277972068128603,-0.22359498079968584,-0.4508983070130234,0.1535841727030155,-0.31958758934319476,-0.6250509722922456,0.18778649688361063,-0.3971060859308039,-0.6965129144927833,0.1941576995820937,-0.46296477220698284,-0.7473195848651235,0.19587655166966653
0.0,0.0,0.0,-0.17430043008180487,0.019736567860192084,-0.03559140768679155,-0.3333708131791595,-0.044123231391898186,-0.04725885066147665,-0.47105284670440817,-0.0572046496985573,-0.059567308524437215,-0.5883711990743326,-0.06631263430032966,-0.06661975012226229,-0.2827615637308304,-0.4783336784591694,0.05539206657701177,-0.38071306047433634,-0.6919574027548079,0.065702595003076,-0.480967620221677,-0.7754121333452608,0.054495275058037966,-0.5716122487889516,-0.8003336073714641,0.046359643760340415,-0.2465755160977539,-0.5035682156382062,0.06376121149322962,-0.34671795530099725,-0.7560364316320192,0.08274796912493293,-0.4590879232876931,-0.819025662571695,0.07554733039924938,-0.5545021901336911,-0.8282610546219698,0.0684793022942394,-0.2260245947971461,-0.49867516443018384,0.06123954903890676,-0.3255396810257395,-0.7394024177441969,0.07936108484308606,-0.4329703573750897,-0.8112958841419827,0.07157453107521095,-0.521371686101268,-0.8272438057466616,0.06293863173908237,-0.22730608576388345,-0.4746906066867551,0.05220894972626211,-0.3211509279108956,-0.6529341083115555,0.06517972124986103,-0.4049002392680166,-0.7297232207348388,0.06525506141537823,-0.47766565741261646,-0.7760758157489114,0.06365570914245652
0.0,0.0,0.0,-0.17846668560370937,0.022761413267150553,-0.15223006239410825,-0.3379275675277167,-0.03020111949907838,-0.20082040770507345,-0.47860461911480245,-0.053830600767023,-0.21089584086824592,-0.6002306698981644,-0.07478719728537742,-0.2077808533105433,-0.29283700487146186,-0.435262937341061,-0.10031733756552397,-0.4159983417736834,-0.6506100041139063,-0.08845523878316006,-0.5236888093305947,-0.7445996066680727,-0.085609280320728,-0.6092284378231978,-0.7891262083433875,-0.07823386640768036,-0.2486785886450973,-0.45234154981345365,0.010884190722512488,-0.3622866932286289,-0.696241044127915,0.038710575845756774,-0.4682224975033478,-0.7740619951061165,0.048913638518171196,-0.5573479218458868,-0.812476010279918,0.056205303517500305,-0.21952113328400458,-0.43120735101924346,0.11521860863765326,-0.3111735842944343,-0.6333959182776051,0.15825554909769834,-0.3954545377875173,-0.7169783814910933,0.16776362854542523,-0.46493278411860933,-0.7571849405653927,0.1721579572810926,-0.21411435356780262,-0.38834678850042825,0.20743872313493994,-0.2888678005203596,-0.5286254445504449,0.2555129302704738,-0.34658936623058295,-0.5961126572614448,0.2740527197393091,-0.3941521997700128,-0.6471226270666707,0.2857195076468002
0.0,0.0,0.0,-0.17114372439789383,0.01969901784800309,-0.14497318767976977,-0.3347515372852292,-0.03501389862410553,-0.19176491920450833,-0.47902149665310345,-0.05547232175161944,-0.20448907277494388,-0.5980918108406124,-0.07949491095714196,-0.2057770065624459,-0.28666627060421657,-0.4344167236102726,-0.09311148273842443,-0.407346766343773,-0.6539279781777076,-0.09243356317211354,-0.5135474879014055,-0.7450781758319585,-0.09990357521074712,-0.6023278721208566,-0.7897022739576471,-0.10126641547613759,-0.24882700973449962,-0.46076210352906355,0.0012056451351530693,-0.3626455605974609,-0.7065462148781588,0.012554141424574316,-0.4700633502599836,-0.7851391209731554,0.009415607043360552,-0.5595392157906278,-0.8193774753414473,0.0073544766644375245,-0.2246344737877916,-0.447488280302392,0.086797601897652,-0.31920668837616906,-0.6628635340944145,0.11082204942239643,-0.4073331306715102,-0.746648707865015,0.10609616933835464,-0.4810795153236832,-0.7884950654195899,0.10153733210738108,-0.22463946781680355,-0.40976506781402355,0.16079478615387865,-0.30184719704938956,-0.5637139425560354,0.18923612985158936,-0.3647827954060934,-0.6360411399971879,0.1946214528723437,-0.4181966543951999,-0.6923515756391023,0.1973170268024164
0.0,0.0,0.0,-0.17006650190766745,0.01800708266436388,-0.15666698514451063,-0.33538775702407586,-0.03897787300624071,-0.20738850758292646,-0.4794425957683929,-0.060349357960784986,-0.22161638874229606,-0.6004690274790455,-0.08554960072647433,-0.2244267155435063,-0.286289305916522,-0.4362071022051911,-0.10122324120450772,-0.40716782814345065,-0.6560728771073261,-0.09806760894104388,-0.5150149408520923,-0.7459554130293529,-0.10426418591864825,-0.6056373192821414,-0.7876828083268388,-0.10521559404948541,-0.2481619210506949,-0.4601567016225815,6.97779186747086e-05,-0.363167894078829,-0.7097539269466933,0.016321111690169348,-0.4700237102256956,-0.7877263661604821,0.014615022796454623,-0.5587395037773326,-0.8191521620052076,0.012709577876495232,-0.22424736502568576,-0.44739450524150803,0.09177788482871119,-0.31708150774845634,-0.6642229480762465,0.12189243371958311,-0.403146428911208,-0.7467051862126487,0.1177726573907543,-0.47713710648387625,-0.7885188452569268,0.11162622237081152,-0.22529401166900465,-0.4122054292538988,0.17053752436053304,-0.2989830725592548,-0.5657388512382574,0.20296299068034307,-0.3596345295928575,-0.6368147218476238,0.2082606536972571,-0.4119967048203612,-0.6935265181645967,0.20956487792615627
0.0,0.0,0.0,-0.1735935084646238,0.015357165185320107,-0.13703106244034366,-0.33864924884944464,-0.04579455428040852,-0.1784224645544692,-0.47772451485267226,-0.06819673359089704,-0.19025583568718685,-0.592352214181114,-0.09782453355154706,-0.19163666502762824,-0.2878213226066487,-0.4419399233880731,-0.06718529839416301,-0.40670597905488,-0.6639948701050865,-0.06437253336155,-0.5125612335871401,-0.751539516830672,-0.07313814648778899,-0.6033941022539769,-0.7911320887664824,-0.076499232519873,-0.2510460669904352,-0.468694407946533,0.01603806946125403,-0.3622326849120695,-0.7193947829848824,0.029382820933945168,-0.46882166366394995,-0.7948856361266448,0.022835860431351857,-0.556764996068605,-0.8254096618691398,0.01794407407868169,-0.2288078309339383,-0.45860941121820864,0.08810410220279427,-0.3195740209771786,-0.6847746386592017,0.11166078224405934,-0.40780372672521037,-0.7661590813671939,0.10217577880554699,-0.4831540702116799,-0.808184450924336,0.09334945053559385,-0.23223706831814772,-0.42466762528943935,0.1481437363106645,-0.30617977791490897,-0.5895389684774801,0.17277454317855864,-0.37048046962899484,-0.6639029575270099,0.17361791248013547,-0.42657090864085606,-0.7231952250134526,0.17259816523622692
0.0,0.0,0.0,-0.16715439225753778,0.01621065908223457,-0.15482674782864836,-0.3372606715385521,-0.04663552403071518,-0.20632712532726877,-0.4885985182444032,-0.06427245432764263,-0.22339146871415277,-0.6172184017518015,-0.08220461996757225,-0.23079089194937155,-0.28152765464381074,-0.44116392320042036,-0.09392189450814675,-0.4031917841419474,-0.6660404396656038,-0.08946400990118675,-0.5023977388872114,-0.7568780115783553,-0.09775479434477043,-0.5905252555700828,-0.8005998939222861,-0.10158608362129332,-0.2442883568692116,-0.4654982182806645,0.0024369258918256133,-0.3602615103065638,-0.708443790706743,0.025704781723652592,-0.46328197098033197,-0.788779636250028,0.022559199341447306,-0.5492633179462612,-0.8178547206572001,0.016034594457449543,-0.21914554604316294,-0.4494333112437509,0.08827584327585447,-0.30943322463932743,-0.6602905797785097,0.12374748939520994,-0.3923945892262061,-0.7433161918669658,0.11695910245959028,-0.4676034608232806,-0.7859687206047858,0.10501081619072217,-0.21872962800663504,-0.4118176233873149,0.1607998018708668,-0.2892906417808781,-0.5627107514524826,0.19414549408196605,-0.3460361106832371,-0.6321086639050644,0.1983710790790935,-0.39917718980562655,-0.6848700880998019,0.19681712907269944
0.0,0.0,0.0,-0.17653663614745202,0.002695760419832902,-0.09699472817261662,-0.3428992917983969,-0.05660317443798107,-0.13566147964316377,-0.487342683668355,-0.0734217416878863,-0.1599134430983275,-0.6069495598876615,-0.10478504944611734,-0.17706551085708583,-0.28693597061183307,-0.4564956366871219,-0.022498526711435696,-0.39386279398314133,-0.6715984312902545,-0.02768943782028069,-0.4876673112910035,-0.7604095641344062,-0.04605723153799592,-0.574039806125241,-0.8024383414088178,-0.05777481326479559,-0.25246691062528137,-0.4813979202881341,0.023101374881270183,-0.35481015079059386,-0.7219550220635749,0.03066734257350229,-0.455012672567101,-0.7997693151702807,0.02012975640669601,-0.5407172426128117,-0.8322396691783194,0.010286956994011378,-0.2296580653072981,-0.4681777568960638,0.05643424876641017,-0.3181677944812683,-0.692036399907179,0.07326848685931625,-0.4072521748843819,-0.7782868266409693,0.06570466312739631,-0.48422102581237936,-0.8204557588774334,0.055597008128892324,-0.22899215083662255,-0.4277405345808769,0.07894622393496986,-0.3037438500312278,-0.5909187279961172,0.09580925831518537,-0.370223994943914,-0.6678781337024813,0.09764978499855952,-0.4312579958046029,-0.7243850774486873,0.09594983935335566
0.0,0.0,0.0,-0.1701808457584942,0.0024429915638903917,-0.08480018047312819,-0.34118773643551326,-0.059772931750712945,-0.12637892415578308,-0.48597360812408125,-0.08522643782590125,-0.16017322598799186,-0.5942187165603743,-0.11680733328801536,-0.18696515692018661,-0.289862364378673,-0.4534054648437041,-0.02431264737756204,-0.37872870131049446,-0.6791330636533002,-0.05648963711419305,-0.4589378188246764,-0.7822737734257832,-0.09283363072762034,-0.5376579684836867,-0.8352272467929263,-0.11540951061633996,-0.25574132381934417,-0.4842791785373236,-0.0012002155957190677,-0.3450099483447088,-0.7291746897012873,-0.022223837040569353,-0.44210458983593753,-0.8163914555913675,-0.043972911124681414,-0.52717366292638,-0.8464685103117271,-0.05774643351252903,-0.22645517082582545,-0.4829986709795814,0.008006718013518311,-0.31368369109401156,-0.7143997962500545,-0.0061305613338373645,-0.4100110595572451,-0.8040048598630425,-0.0212003777915406,-0.4914440717060469,-0.8403372827605218,-0.029688172616720097,-0.20766159943134108,-0.45716422709965443,0.007108003788831861,-0.28122769417617555,-0.6334840966805466,-0.0022678533244015137,-0.35129770103293667,-0.7228480755997296,-0.007585889496979854,-0.4150968671128264,-0.7841699465224811,-0.009434975270893077
0.0,0.0,0.0,-0.16557048221453471,0.0012310820908926338,-0.098554696525669,-0.33465683543689384,-0.059022134659304615,-0.144837561363139,-0.482714088402289,-0.08230113709965292,-0.17997449993119102,-0.5952602227573034,-0.11395440973262108,-0.2076873781525633,-0.28713077442091384,-0.4497291088004596,-0.03608372711119015,-0.37637166902462976,-0.6708932149936122,-0.06908913831555216,-0.45979555962657437,-0.7739244939993355,-0.10545546269975178,-0.5395243603213427,-0.827748273960556,-0.12780291008695865,-0.25346784550404344,-0.48133315585826164,-0.004237519614003996,-0.3413170587584833,-0.7233728117089233,-0.026185545550961628,-0.4396739420785214,-0.8116325441270635,-0.047620998992669805,-0.5285077146049073,-0.8460790332667788,-0.06079843092537197,-0.225371103372726,-0.4814733474565738,0.012862468089164742,-0.3110969402531574,-0.7145846854172243,-0.003909542915158437,-0.4057636294455028,-0.8067338772862525,-0.02083290497046894,-0.4884352157726751,-0.8447472232931821,-0.029496202211222573,-0.20951967611788108,-0.4576096391583928,0.019153813048695907,-0.2840471972812003,-0.6365420337999741,0.006524113397715137,-0.3535020227286496,-0.7280445147897473,-0.002044128447585144,-0.4179571303551102,-0.7926307984717966,-0.005444742968135646
0.0,0.0,0.0,-0.16326232031954002,0.0026907532656536906,-0.08962314446607864,-0.3350515538409997,-0.053781530306917597,-0.13650672757013904,-0.4861946334757371,-0.07491753818368202,-0.17594054550851512,-0.6026005785577248,-0.10213754713945186,-0.20778919110844057,-0.29650841714207565,-0.4458814822083026,-0.028561640375203527,-0.379675513243108,-0.671136168609359,-0.06787285603116963,-0.4629456373103995,-0.7728049840538588,-0.10804950326813531,-0.543562398924062,-0.8236567814853113,-0.13268150694487907,-0.2618278152386397,-0.47977248812230666,-0.008227686320904763,-0.34502457085949184,-0.7257776667894864,-0.03676272876558998,-0.44257063513014194,-0.8131461023144533,-0.059046998863051856,-0.5310494353395108,-0.8438883606799281,-0.0717074471431239,-0.23276613490182446,-0.48488455505332917,-0.0033112779694972746,-0.31722585329358605,-0.7220433002263231,-0.02585128098069326,-0.4129136597780355,-0.8134805691655007,-0.040139345248085434,-0.4959912668338755,-0.8470846972132063,-0.04609271273393424,-0.21377766566024176,-0.46634140587967277,-0.009274551166266753,-0.28999587293795204,-0.6478163656341474,-0.025720433965164116,-0.3626829908433291,-0.7396953844926235,-0.03303275100336105,-0.43029388469059604,-0.8002193212616215,-0.03489224957712577
0.0,0.0,0.0,-0.1627642566072748,0.0044413618084508544,-0.061897360249635214,-0.3376458087862402,-0.054074112051638604,-0.09806788857315675,-0.48581502911092406,-0.0709474026327511,-0.1345529576899936,-0.6037131732688232,-0.10268900884146609,-0.1639528894787221,-0.2982028832659131,-0.45610319091367685,0.006910316948107967,-0.3770471539872464,-0.6796739003575998,-0.024857261015914005,-0.4576822380372597,-0.7783586931824364,-0.06092670731916587,-0.53871918075572,-0.8240621753181232,-0.0844239324243992,-0.26086275441441026,-0.4889052005089115,0.00642218178405749,-0.3423050558653108,-0.7373898477404746,-0.01898344789112638,-0.4388196969266023,-0.8219080451500769,-0.041270931573729804,-0.5258456370357523,-0.8440493562987224,-0.05457597616596306,-0.2323415813960339,-0.495298937093086,-0.00908605062931871,-0.3173206023904631,-0.7362538717250604,-0.031229162722320142,-0.41740841586106037,-0.8249449421350314,-0.04550387476933075,-0.503754297087011,-0.8521876533138202,-0.052213267587654544,-0.21610017635041484,-0.47811145456796433,-0.03403918828001945,-0.29726269167691355,-0.6635326567279772,-0.05209327224483386,-0.376507972726178,-0.7540852005899197,-0.06007114588804245,-0.45086709384922974,-0.8062406601250552,-0.06306471555597812
0.0,0.0,0.0,-0.16222766760137064,0.011532332200302964,-0.053525316035937985,-0.338990127144014,-0.04853034575272135,-0.08420943473359216,-0.4871204672493323,-0.06545643649713079,-0.11484780502736791,-0.6043485287824157,-0.08073975527660023,-0.13909302627141196,-0.30785386127389663,-0.44942881714687466,0.007624036356035241,-0.3893413219727494,-0.6727747601587926,-0.018551867182284302,-0.46998103871062147,-0.768030764076732,-0.05044783524015248,-0.5519385607849498,-0.8136116401614905,-0.0722291299965919,-0.2714769846507765,-0.4846000574843734,0.005527329419361937,-0.35732257375282284,-0.7325354239500128,-0.014644516350032558,-0.4536533233208101,-0.817820325472348,-0.0334487417873601,-0.540395203926555,-0.8375763577196604,-0.0453400500682762,-0.2412094300165264,-0.4869870313685931,-0.009897360906870684,-0.32925663001999067,-0.7236790566274465,-0.028282006111090167,-0.42807509888592865,-0.8139081322168604,-0.04246450214551302,-0.5139810281515585,-0.8414278598650614,-0.05058559704586252,-0.2220832950427546,-0.4657131313835115,-0.033559223094494356,-0.3046789619111464,-0.6467574078429147,-0.05033317521277848,-0.38258898782202555,-0.7345753771952268,-0.058666801365626284,-0.45514499100920097,-0.7837774452092153,-0.06289802575673531
0.0,0.0,0.0,-0.1601208679546276,0.02277875989135305,-0.1092484631679149,-0.35475491849694457,-0.03840972847323296,-0.14591121941033997,-0.5188917178711375,-0.06076587594570688,-0.15810855487551145,-0.6397109917413789,-0.06359648840002607,-0.16144118968617116,-0.3140423482306742,-0.4307945961471005,-0.07611995946928536,-0.4190875145937888,-0.6630107179371524,-0.0893318554713781,-0.5063918668856896,-0.7528855088201104,-0.10572147891440307,-0.5937062401395136,-0.796542757304812,-0.11416013404271028,-0.2785587406389778,-0.4696984446440463,-0.015596871481837324,-0.38596130736559997,-0.7077642101700061,-0.01849135983619238,-0.4866879340021884,-0.7896254481195696,-0.021596690466564636,-0.5775236237895476,-0.8126492885735103,-0.022814521499438908,-0.24879178253544496,-0.4661256624295234,0.03565025820273215,-0.3498067901873751,-0.6776904374298164,0.037039966903312786,-0.44153818076884577,-0.75896019119476,0.02701533990620555,-0.5251574171002219,-0.7889380843609944,0.021923544947121284,-0.2317096302084093,-0.4456371253421195,0.0781944646832801,-0.31974662616090793,-0.6062414737806404,0.081032082532277,-0.3890815379910538,-0.6735472026791542,0.07739291144501376,-0.45049184838931966,-0.7140746944387961,0.07664816685431593
0.0,0.0,0.0,-0.1624457193512498,0.023536288051059145,-0.08569237061192737,-0.3564966744215019,-0.03616112125584338,-0.11207472174920331,-0.5159424414585205,-0.05867612348735821,-0.12274987004921861,-0.6333229871159096,-0.0553503389322943,-0.12554476965059905,-0.3196307861285581,-0.4354038939182011,-0.031873067575368265,-0.4176672962740697,-0.6605114529576452,-0.042492622060965796,-0.5013567924079597,-0.7501440576990186,-0.06119242350867854,-0.5874678774952665,-0.7932175505140981,-0.07329719772396998,-0.2849813544833204,-0.4743097655939835,0.0073087087069821826,-0.3888082310835024,-0.7098744756491958,0.0037148396861979155,-0.48793311475242007,-0.790781248234231,-0.00478303412771118,-0.5777531275423382,-0.8143482636808232,-0.010543839152567881,-0.255000671050904,-0.4733229064236195,0.03557176045088524,-0.35470215225981006,-0.6914316478135338,0.032310804181933765,-0.4493940668365908,-0.7718294824535994,0.018768795585202714,-0.5345381640159669,-0.8011463047539229,0.01101814301371407,-0.23538936699543545,-0.4552146425971964,0.05567115590561587,-0.3226823806730863,-0.6248371410269096,0.05257995857282895,-0.3964958117534406,-0.6960971966760972,0.04576225959244526,-0.46327279342565775,-0.7384726514086917,0.042267998377711107
0.0,0.0,0.0,-0.16239492440017228,0.01605419216652577,-0.15474949854353498,-0.34605835764162374,-0.04248850177818984,-0.20155439175070403,-0.5056881295027583,-0.058258710797678664,-0.2119797864730868,-0.6389034045299291,-0.07728735971894735,-0.21032284768416432,-0.310322202909662,-0.4398298214021953,-0.10068445267001838,-0.4117339055684005,-0.6775928061840957,-0.115966367210248,-0.5057887174510827,-0.7653622683513435,-0.1356251037390049,-0.5976798724049092,-0.7892790851452229,-0.1407739175926115,-0.280129307764272,-0.4661756085391345,-0.001136812722317923,-0.3879819412453859,-0.7013521367962552,0.012090621177423513,-0.4857713347195803,-0.7818439592982478,0.01633363547616989,-0.5735312715129337,-0.7937011447219369,0.02077133948727879,-0.2551489512238418,-0.44955522814832843,0.08582551155477486,-0.3519948246625543,-0.6561433152388237,0.09896503456336793,-0.4377440185293027,-0.7357864904293222,0.09730915150338539,-0.5176690177820887,-0.7603095020178382,0.10062436263357559,-0.23916156367956173,-0.4169635898463701,0.16109311893097544,-0.32238716848923327,-0.5772610269150061,0.1777599196438933,-0.3880881174130616,-0.6535745124069949,0.18305909152442223,-0.447522132344318,-0.6991964811814707,0.19010810634058992
0.0,0.0,0.0,-0.17165231097904718,0.014792888484720582,-0.09263034510990124,-0.35441677696863194,-0.04668367714606969,-0.11940021390708178,-0.5060381776769532,-0.06252451270626122,-0.12733262324972833,-0.6268942961152961,-0.08456115940121575,-0.1262255119749372,-0.30934218583512524,-0.45172915085639465,-0.03572677929244378,-0.4079452790846383,-0.6812906118061585,-0.04527364096733397,-0.49625632389964114,-0.7692154951958948,-0.061705091373297535,-0.5842958510081828,-0.7990983625851187,-0.06848864253597597,-0.2739693033539128,-0.4821733899544707,0.015513500356132835,-0.37608501354561813,-0.724441352306775,0.020095660142316056,-0.47458433465876587,-0.8019542741474208,0.019662502917803956,-0.5640550307512882,-0.8127740636289007,0.021259529909200624,-0.24476886398373876,-0.470066790772469,0.055716361923959914,-0.33879683679983574,-0.6930690786504407,0.06073213251754264,-0.4310328152940429,-0.7718027527091664,0.05754907596262739,-0.5153721048766997,-0.7934634470514486,0.05853525321027682,-0.22840267446598744,-0.439259651586372,0.08767017962665682,-0.31129950597360034,-0.6103009258906709,0.09316307329036772,-0.38237552380876727,-0.6884661688378255,0.09453153425041959,-0.44686961995554536,-0.7334769624048185,0.09815612018325878
0.0,0.0,0.0,-0.17635759643084092,0.011293049859139741,-0.06962806027116149,-0.3617084332432819,-0.05501552686870549,-0.09190697786830178,-0.5096697403456629,-0.07207767044896896,-0.10311611662191986,-0.6269459947097193,-0.08824750691540201,-0.10762512542260005,-0.31541004542399204,-0.45638980770979265,-0.014003995010377218,-0.40837023935757877,-0.6813219026594729,-0.02609579929869499,-0.4902540955941269,-0.7696342388239561,-0.04644302858218395,-0.5752194638762702,-0.8029829354099679,-0.057779379297764985,-0.27440268645775645,-0.4882443663590261,0.01555124897026447,-0.3712709796286983,-0.7287623759666202,0.01259899625837251,-0.4680183488515228,-0.8090325284376961,0.004594696795617869,-0.5577159430051712,-0.8233925734635656,0.000516946104895416,-0.23900802845229308,-0.4788463392404382,0.03454506769543354,-0.33112421589716545,-0.7043145397931927,0.03329866404431631,-0.42200057272189095,-0.7862621758887758,0.025869828491227393,-0.5060466852601353,-0.8110914009600114,0.022879675146173877,-0.21686081669207607,-0.449622708580394,0.046414185196735715,-0.29762289760120797,-0.6215859545888831,0.04577192937298272,-0.36743970936146364,-0.7016206903219344,0.04426743124551906,-0.43240782936523736,-0.7499010331495863,0.04505248300051749
0.0,0.0,0.0,-0.17600200560985324,0.011011425608757057,-0.04791694102984721,-0.3620739810400639,-0.05510104547333636,-0.06472584678835569,-0.5071797281787491,-0.0707456511350171,-0.07833706783833674,-0.6207216933104069,-0.0909034019285835,-0.08697008590275472,-0.31888203307633134,-0.4594780116145575,0.012083779419724442,-0.4062270559657276,-0.6812788829273255,-0.0032214044536464093,-0.48413301184841684,-0.7706422036809337,-0.028530776023802613,-0.5664457326367501,-0.8074285919897918,-0.04505705952548539,-0.2748060215968779,-0.49315655136493286,0.02041281677589795,-0.36626024872226365,-0.7356943111422156,0.009831775186595426,-0.4630525395882503,-0.8170965002480777,-0.006079477974277233,-0.5525405414716644,-0.8298311553298088,-0.01589957626149661,-0.2360814868179259,-0.48864214713125026,0.017883977529685603,-0.32516084321043026,-0.7188637631957773,0.009259578684250362,-0.41902051752885333,-0.8020882264014619,-0.0028547670993101775,-0.5052129475425149,-0.8262988560198585,-0.009533675358944825,-0.20900288944411397,-0.4615043493487692,0.009054939603712682,-0.2882099440023816,-0.6370631325254983,0.001240164485177317,-0.360254574605926,-0.7199772453526083,-0.003804405322216587,-0.42899469775817933,-0.7695762971396867,-0.006075241255567725
0.0,0.0,0.0,-0.18782201154634912,-0.006428822515444586,0.04104515784487214,-0.37258602103500876,-0.08816104353877323,0.05805198412942628,-0.5101848949561364,-0.10564234802417759,0.0491523177690823,-0.6286885406030305,-0.11816343280812372,0.03995154494652957,-0.32658762765687926,-0.47903989669338504,0.14798603079952458,-0.3887847439902023,-0.69004673486345,0.15261370158256438,-0.4575972259215778,-0.7795941979000957,0.1352095336401912,-0.5354026498311547,-0.816542251428452,0.11835174614716126,-0.2802599792154613,-0.5119760998982972,0.08780793351737601,-0.3516292754259391,-0.7566709229411552,0.08639416034633278,-0.44563081329654713,-0.840713277845536,0.068226608865163,-0.5339076961761287,-0.8437394501744447,0.05519340706302139,-0.23973369019344298,-0.5178552073437348,0.015179049576019812,-0.3117187090262351,-0.7650695360491735,0.005041730399389647,-0.41472049405869915,-0.844235028615583,-0.007306996178998774,-0.5093424507411138,-0.8511966077389793,-0.01499544158559471,-0.21215036031142265,-0.4976261102065443,-0.060374932629774426,-0.29032626139205314,-0.6915847369221549,-0.07667986203014245,-0.37232825241176865,-0.7795288425963288,-0.08589182091516626,-0.4499306965755148,-0.8193692270530655,-0.09257362618018437
0.0,0.0,0.0,-0.18419125392533514,-0.006887543542033601,0.01486039610957859,-0.3680677974903822,-0.08516893678456351,0.018401440281349084,-0.5092137413980546,-0.10188032746579886,0.0035367914603529685,-0.6266571145882545,-0.11238480927850591,-0.010415922421439211,-0.32294471622644955,-0.4757396364430049,0.10097204869015541,-0.38509730342035897,-0.6918081004230234,0.0923365803067281,-0.45597183557635423,-0.7825243060124275,0.0682458356862961,-0.5349828657436582,-0.820199837407557,0.048391212167669714,-0.2764362508908115,-0.507620112657309,0.05679849924169157,-0.3482044708318365,-0.7517363079232531,0.04476068266323964,-0.44226333530761885,-0.8369808018439964,0.024101618259192464,-0.5312938053338598,-0.8459026128958075,0.009694271853024142,-0.235117383777488,-0.5107068296154716,0.0005110812226651997,-0.3079039349905914,-0.7558838875052256,-0.014911548135031236,-0.40806063989607894,-0.8396025433611373,-0.02846426490077429,-0.49983638203471514,-0.8541569137789775,-0.03696327254137579,-0.20624161652091635,-0.48841639841663664,-0.05991721963489657,-0.281582286095577,-0.677890779551775,-0.07789925374017839,-0.3612221658598236,-0.7662580234089017,-0.08735753028860972,-0.43660586642277477,-0.8096881244278558,-0.09389227843898477
0.0,0.0,0.0,-0.18313873348544102,-0.010003646535933008,0.012308927299844622,-0.36518175233192085,-0.08980069832797186,0.014193836864386578,-0.5075228295523617,-0.10644811603707563,-0.0017409869045371847,-0.6266118208576481,-0.11438619485812315,-0.0163875360597921,-0.3180867629835481,-0.47556011966691825,0.09885136923806198,-0.38078744779996154,-0.6901019626356757,0.08926298789650525,-0.4517822341941663,-0.7818771521568626,0.0647661763314008,-0.5297747200605278,-0.8205714376484545,0.044770365827781954,-0.27259668980834406,-0.5060960791260088,0.05620515100260594,-0.3451265069918475,-0.7498359141650748,0.043255075637376836,-0.43913770638082456,-0.8367594277260406,0.022369121639693956,-0.5283560352709179,-0.8483633150559717,0.007768536020542769,-0.23259718998428464,-0.5085137486934789,0.0011384933108022674,-0.3055647537875955,-0.7554218802213724,-0.014974923786428049,-0.4060119392982309,-0.8405334920640062,-0.029423477136250896,-0.4979589759922247,-0.8567191193669865,-0.03866957192811664,-0.20557062456430247,-0.48610510612580415,-0.05818093659762842,-0.27875120587061897,-0.6767364954156534,-0.07675184132361716,-0.3577465094374578,-0.7670971497616947,-0.08750082747755897,-0.4328558243795674,-0.8130802421986103,-0.09514858509039067
0.0,0.0,0.0,-0.18512479097848505,-0.010797823630662971,0.018613570858198737,-0.36435436627817636,-0.08715182505898644,0.022105185565077724,-0.5052571232438012,-0.10319608858048113,0.005573640621549715,-0.62350235508005,-0.11517543850598372,-0.0108462134004861,-0.3174867000486611,-0.46966172043445886,0.11001730637050416,-0.379958663060059,-0.6822907582512041,0.10322134654153924,-0.4496056002322727,-0.7755955219598187,0.07879481859773939,-0.5265380266093458,-0.8164259280527169,0.057989886263622684,-0.27141303648681964,-0.5010594213379632,0.06242045795432269,-0.34335716267478233,-0.7442693327331711,0.051268562040086785,-0.43712842236019867,-0.8349893092061866,0.02821344039056079,-0.5267825059477536,-0.8496024303772619,0.011370839092052066,-0.23056815495486288,-0.5035886896748345,0.0024914038891059452,-0.3049265345626748,-0.7488769496197302,-0.012376525780822625,-0.4028352825653622,-0.8375350437483506,-0.028056077418996392,-0.4939438270563908,-0.856690889642201,-0.03895469117985777,-0.20204726088050007,-0.47993357474492254,-0.06134749990554462,-0.2771782343295074,-0.6694338651327474,-0.07913101701500025,-0.3546778199038692,-0.7600764557816628,-0.08955011397417695,-0.43021951953256143,-0.807482708603366,-0.09756196492195035
0.0,0.0,0.0,-0.1808260522025682,-0.011340364404719371,0.016829443644604904,-0.3588945569406434,-0.0895128059250011,0.019089527396992077,-0.4995087251275369,-0.10523422626429792,0.00172546044202631,-0.617181314712427,-0.11643956473260667,-0.015353020508664989,-0.3051977726523878,-0.4768888296890993,0.10662401429573258,-0.37038502078089086,-0.6852001069217903,0.10086745425600269,-0.43984727873728036,-0.7798191506971681,0.07833265651129984,-0.5162878090929921,-0.8241791005410866,0.05894107554481263,-0.2591060453075361,-0.5068006365244695,0.06052721347794017,-0.3326358183121306,-0.7445473555785809,0.05259493600599249,-0.42441307305371784,-0.8368730422834461,0.033796167403613304,-0.5134485394422047,-0.8575643664015571,0.019375139643771546,-0.21992013239920322,-0.5081696449857454,0.001985122413262908,-0.29546698171138985,-0.7497795557982647,-0.010743416589367996,-0.39308456665995695,-0.8399385157861887,-0.022891515768938032,-0.48405805614940134,-0.8636644313364137,-0.03165418501259308,-0.19588130155191463,-0.48442339505403004,-0.06073017648759725,-0.27261880363220203,-0.6716569822415346,-0.07713477455200714,-0.34983694343062277,-0.7621424706547002,-0.08538976244105623,-0.4250337957653476,-0.8101162433754401,-0.0918561394476587
0.0,0.0,0.0,-0.178520846193397,-0.011685056000115997,0.018155833668631764,-0.35165308834885056,-0.09102114842531184,0.022035424825879113,-0.48942257703203396,-0.10633990681940847,0.006300989279534141,-0.6028610457848993,-0.12648148356159244,-0.009196106118923143,-0.29646945186299345,-0.4807981273011236,0.10664943057049918,-0.3577914232719941,-0.6876397653161503,0.10098945029194714,-0.42656260285611397,-0.782352786485062,0.07894339455804496,-0.5024003741440335,-0.8263466412551348,0.05997439222613646,-0.25112927050640943,-0.5105029011758884,0.059750745932063865,-0.32171359251107623,-0.7474708582723919,0.05274655337420897,-0.4130292953150663,-0.8416256361880733,0.034537113383529834,-0.5020213136407046,-0.8643538503334351,0.020016317838123153,-0.2126459372590719,-0.5115433542079875,0.0003042110792312882,-0.2860621125869444,-0.7536234095084863,-0.012758533470716416,-0.38180096099340083,-0.8465187426683274,-0.02630393193965541,-0.47166624981817834,-0.8729354952999352,-0.036362695465101263,-0.19031035938399596,-0.4885026644655158,-0.06315069896354145,-0.26594573713157316,-0.676318192931602,-0.08100114282258634,-0.3412999915242865,-0.7678014264901339,-0.090999722521443,-0.41600898391861485,-0.8165838334161025,-0.09882174769106558
0.0,0.0,0.0,-0.1791508944672318,-0.011679813690567527,0.031084707399042254,-0.34842266386163234,-0.0905656149133178,0.040672198859503975,-0.4822606498565034,-0.10558895255562042,0.027440401598089727,-0.5938181687645598,-0.12738142632015104,0.01296589970012572,-0.2931478521153173,-0.4779967519658472,0.12249255248181151,-0.3529478968994448,-0.679179529784725,0.12003994526281564,-0.4199135285210166,-0.7739079030545564,0.09839107967205758,-0.49429891513822644,-0.8188166683438068,0.0789370571697367,-0.24814763475390483,-0.5092612221374249,0.06778287938184746,-0.3182396864202398,-0.7440225833371816,0.0626655321744189,-0.41023014710899497,-0.8411388838921221,0.0420678240592568,-0.5004015953094588,-0.8652715267317594,0.025279894077199515,-0.20884242125327346,-0.5120203856854078,0.0011651403736048836,-0.2818800089817166,-0.7526955312137473,-0.010938578703107792,-0.3762891398379503,-0.8471098589258093,-0.026905720303537065,-0.46619510959070687,-0.8738539377934558,-0.03924293107640995,-0.1847915673641168,-0.48987544797280697,-0.06848936758701027,-0.25897986934306033,-0.6789256829987864,-0.08695023740180649,-0.33334221378170426,-0.7730400479467803,-0.09853479177899116,-0.40918438931689305,-0.8249877776250709,-0.10793042523251922
0.0,0.0,0.0,-0.18230141107527578,-0.012296524876227831,0.05216379357025712,-0.34518759065310334,-0.09326501713369251,0.07590263247464374,-0.4754606723701107,-0.1080340476558771,0.0719332106583792,-0.586104284774507,-0.1296811042783344,0.0660252704600084,-0.2873248552552619,-0.4811077682229612,0.16625994338828282,-0.3461047433897207,-0.6783222691994623,0.1819874071497326,-0.4106523039496369,-0.7726354458140563,0.17071300274105133,-0.48255239822159224,-0.8195843654627493,0.156757893570032,-0.24392232474336975,-0.5122429572236474,0.10357745338894546,-0.3112939411523828,-0.7425756541817976,0.11480483793411686,-0.40188513140414034,-0.8398394146976762,0.09986959315350592,-0.48953024117783234,-0.8654725597366872,0.08594564375023324,-0.20697766226634434,-0.5157672787177559,0.029066693010950703,-0.27568650482282286,-0.7517456895280528,0.027868540303530646,-0.3691435255510656,-0.8453695032541123,0.01535680409252647,-0.4591292164041648,-0.8722515714500687,0.004551407148570361,-0.18553666905248145,-0.49606358694960373,-0.047375823877473314,-0.2562009199463037,-0.6847515781878522,-0.059413658681751635,-0.33050882641080753,-0.775114902983969,-0.06792254376398707,-0.40643601149131003,-0.8234863621272195,-0.07562943497652982
0.0,0.0,0.0,-0.18217989597304962,-0.01278787545350463,0.04364481837729195,-0.3452704510038306,-0.09566120296805206,0.061828813789404455,-0.4766949683198943,-0.11020984467368343,0.05398140058425284,-0.5881230724107597,-0.12890081843705736,0.04424454182038498,-0.2862905306611075,-0.48404695630976113,0.15267774339030638,-0.3409654010163453,-0.6794821632569179,0.1631917927993639,-0.40357341328951013,-0.7752876920990754,0.1474346724264742,-0.4752322271681745,-0.8248413999150161,0.1300857543277091,-0.24240252654174188,-0.5150640183500705,0.09336976440967609,-0.3064328061426596,-0.7423094023909318,0.09994599258161586,-0.39581811953407386,-0.841063353323503,0.08124237707230979,-0.485011214034793,-0.8707293117898343,0.06404219709639505,-0.2044332196690807,-0.5189233368659378,0.022178852626379628,-0.27087588270945034,-0.7526169025336809,0.017446520676212978,-0.3623921826525711,-0.8463277719276592,0.002006597356127472,-0.4523257687434868,-0.8749215868577546,-0.011038810166579816,-0.18189299596562325,-0.49846346926204327,-0.051430107773526995,-0.2503422952041727,-0.6872683913005533,-0.06550384170703583,-0.32325851606085465,-0.7784634998411848,-0.07558855243556939,-0.3991997991013604,-0.8283861613560252,-0.08477180339833809
0.0,0.0,0.0,-0.18087898393024068,-0.011629167681708602,0.04313782403896893,-0.34249748022350435,-0.09904702983826254,0.06313206995308782,-0.47419812921717097,-0.11666960228697915,0.05748603996434701,-0.585092821865692,-0.13896814564623683,0.050621567474063156,-0.28104069456815506,-0.49023215073937726,0.1548771506523035,-0.3345052168536094,-0.6885915033255052,0.16569295630666797,-0.3987446198182488,-0.7815621703652079,0.1503024918877279,-0.4722846430001165,-0.8271045738813871,0.13401434438834292,-0.23907630617343506,-0.5202194206478771,0.09730065906351393,-0.3028230780988404,-0.7491824859637528,0.10545403552803015,-0.3938176979928688,-0.8454834188303342,0.08838526593222974,-0.48307382605796123,-0.8717722105429906,0.07295248300731057,-0.2029868442080477,-0.5226393863228753,0.027594090746574637,-0.26948009377317494,-0.7588526274637981,0.025035588188450093,-0.3619593532779058,-0.8512848458353979,0.011425974814884284,-0.45169948078887456,-0.8783867250704718,9.99239712598755e-05,-0.18236139128652323,-0.50160381645419,-0.0447843847963212,-0.25132894225241315,-0.6929966368767826,-0.057161508491040604,-0.32557657911346904,-0.7848101345520666,-0.06634335024005697,-0.40200133483697403,-0.8353188955819945,-0.07428089468506088
0.0,0.0,0.0,-0.17742049426079765,-0.012393106946779895,0.03535945106452728,-0.34315636015078466,-0.10292380722986243,0.05002434551109868,-0.4770015085806372,-0.12501181378473017,0.04074165067951864,-0.5887765309856076,-0.15079597378837917,0.03081616845779161,-0.2774381992899533,-0.49002960338133716,0.14138296364502284,-0.33350178739625547,-0.6873295565492605,0.14898868070955484,-0.3980700537812835,-0.7818012293161948,0.1326576378243776,-0.4718403078356859,-0.8297612948945049,0.1158963335038928,-0.23504081015398726,-0.520060551506124,0.08703220950862242,-0.3008515172081363,-0.7479420682355847,0.09295453074946547,-0.39193667116831854,-0.8454199093474128,0.07619899483393566,-0.4814835209387769,-0.8738746606503048,0.06080011269567569,-0.20030376050614127,-0.5232900826864313,0.020420774441473874,-0.26859751567778267,-0.7586962488141753,0.01676123970315693,-0.36228507805113586,-0.8527461539908255,0.002934196382550722,-0.4527173504306377,-0.8816309904642698,-0.008896745707114361,-0.18163719678684442,-0.504403802634906,-0.04938711430557298,-0.25068039572567136,-0.6958109535027108,-0.06137709083239466,-0.3251524379912064,-0.7882640180196572,-0.07050468637825147,-0.4021144832641518,-0.8381771047401069,-0.07878123510446558
0.0,0.0,0.0,-0.17831293881428245,-0.013813243460823584,0.03131215072207304,-0.342151868475574,-0.10362555901195145,0.04350194959509261,-0.4761027742944922,-0.1288691875020472,0.03272197347676589,-0.5869018535832586,-0.1613287413947314,0.021271053733753823,-0.2737496189825659,-0.48551353718462753,0.13514955625504865,-0.3357925109808595,-0.6805073812879839,0.1406084947925694,-0.3995871000449257,-0.7755678714914045,0.12193793999650163,-0.47135374275192243,-0.828393437269993,0.10372440742893316,-0.23110431968209044,-0.5168130711229271,0.0834327396756378,-0.3029522155092761,-0.7394149196040317,0.08912806524243887,-0.3941211916603899,-0.8397414745680438,0.07120666215191901,-0.4835450203501579,-0.8733614100361602,0.054495691630424024,-0.1960337355254249,-0.5212474767565056,0.019511422033807624,-0.27026475287973495,-0.750712473792246,0.01726112552391771,-0.36142005758189144,-0.8465782806365794,0.003948240428371272,-0.44946849790431964,-0.8799423119830267,-0.00815298053353242,-0.17724011900140177,-0.5025760463489619,-0.04798524134942121,-0.24948376321296772,-0.6892775992614325,-0.05785219330916208,-0.3213983241969931,-0.7830511878954982,-0.06559354039849977,-0.39586772884172866,-0.8367956306868984,-0.07327020693686703
0.0,0.0,0.0,-0.17329804544568805,-0.0185383284601256,0.04664110972138115,-0.33299682623414806,-0.11097693274404499,0.06697855574684469,-0.46022141763698265,-0.14088540794934354,0.060675738333881436,-0.5673574958412511,-0.16739707313927749,0.05186702697239879,-0.2708209301430369,-0.4782065778204487,0.15343475730975223,-0.3330435605170555,-0.6632178758404639,0.16622009128143445,-0.3928428845694972,-0.7600321520385167,0.1523007541905686,-0.4603792567289817,-0.8213695011037347,0.135526228861958,-0.22940853019774396,-0.5101145640151741,0.09210221474929822,-0.3027827150921952,-0.7223105060051211,0.10257794621752934,-0.3898725559807137,-0.8289479946483962,0.08637452926359346,-0.4770424519951997,-0.8757557753874716,0.07038874353501923,-0.19239541035540397,-0.5135146645095766,0.019486949949223294,-0.2702783758904466,-0.7301386474215752,0.017981275166340526,-0.35518635233755547,-0.8301653553332382,0.005815776261749712,-0.44027586136202657,-0.8758420935251381,-0.005532304822492718,-0.17007548711718629,-0.4924948540106499,-0.055581392128259854,-0.24735485013479597,-0.6728441296074829,-0.06552394885583444,-0.3158626517538674,-0.767811824517971,-0.0718622254485277,-0.38731262724948096,-0.8286362923583578,-0.07874885815256935
0.0,0.0,0.0,-0.17358095223976885,-0.020493197210946702,0.05351407587897676,-0.33233784169942243,-0.11057619581259436,0.0746947573929565,-0.45707933523056865,-0.13933693419476795,0.0679967690204462,-0.5628223621603194,-0.16628078153856096,0.057905863379547354,-0.26970874438679987,-0.4708049405556555,0.15300605993376215,-0.3370808624219802,-0.6556616359977483,0.16647405488355388,-0.39688613476115553,-0.7536732866389795,0.15350957756283945,-0.4639981846964835,-0.8191070577698922,0.13683263254037925,-0.22877657122850747,-0.5006051296513291,0.0873389867030447,-0.30800446600117737,-0.7097850479153129,0.09743797645009718,-0.3954542172254986,-0.8201996080550804,0.0803556407129706,-0.48170612879735053,-0.8738794375460708,0.06283042750340675,-0.19200361478324,-0.5019180615715122,0.011512619636551804,-0.27585622011583266,-0.7159186929718838,0.009339704191691108,-0.35985539221659546,-0.8177188970646893,-0.0038897194847855284,-0.443335271458102,-0.8688975536844346,-0.01699628640274298,-0.1694724720459327,-0.4789249094521649,-0.06589242232826723,-0.2504623948449799,-0.6563485588172697,-0.07695106293027318,-0.3181265980333876,-0.7512278379154496,-0.08400978550928753,-0.38882007540385455,-0.8153302195107037,-0.09223637197742954
0.0,0.0,0.0,-0.17247037152069233,-0.0179769206248627,0.045926013689176565,-0.33550557362533395,-0.10749318019213575,0.064306723446998,-0.4618885747348186,-0.1387659158928162,0.05717202068217708,-0.568026541656548,-0.16370583145786122,0.047339622799727324,-0.2707940799764233,-0.46463893732728845,0.14242356695662753,-0.3458185576016312,-0.649453691917893,0.15637526459778,-0.406524485368866,-0.7492980259197175,0.1443188193788445,-0.47350193840441435,-0.8188831385494677,0.12826848045909162,-0.23088090755391613,-0.49264571779747396,0.08239956732648387,-0.31757485327629964,-0.6997583755411196,0.09307985601277613,-0.40454603592377814,-0.8108617107831062,0.07673179679973999,-0.4898098722976051,-0.869641290108381,0.05951962558860509,-0.1954763034154685,-0.4915694388903801,0.012465483735192164,-0.28732276058051365,-0.7025585714080693,0.010805820677870944,-0.370693966677192,-0.8044087294152722,-0.0025894138973689192,-0.45194911208945854,-0.8590914752308119,-0.015949666993051385,-0.17481161973007003,-0.4675341842549707,-0.05930923533295569,-0.26132496943535577,-0.6409409084192415,-0.06841521756422174,-0.3286617415534132,-0.7331778876803654,-0.07450455309145987,-0.3974196373578749,-0.7973801335126721,-0.08243716874823608
0.0,0.0,0.0,-0.1764032910303383,-0.021347575125258603,0.035383087347647196,-0.34300879420415564,-0.10870744200880977,0.04880604040317133,-0.4718555267266601,-0.13987731230970557,0.04004511330092472,-0.5792334504076443,-0.167085844839205,0.029421401651204784,-0.27430083788510806,-0.45587407673788183,0.12475353803955094,-0.35729074866807387,-0.6405940897106432,0.1349561449441753,-0.42000259326393086,-0.7420531231510704,0.12219901310457076,-0.48713438727222597,-0.8150837129859025,0.10663081370206431,-0.2343104174442887,-0.481842962450436,0.07252245498321033,-0.3273782254793197,-0.6870420951884404,0.07998511248399778,-0.4144941099122916,-0.7988537655413055,0.06323246035148151,-0.4997659737777292,-0.8646725958805999,0.046287119575412414,-0.1995087709583975,-0.4788638507999625,0.010630786013226949,-0.2967539279391548,-0.6869100054611113,0.0068427560887606665,-0.3812373975714166,-0.7901565871330725,-0.0074371379012615904,-0.4622810110710622,-0.8501333502035455,-0.02056132412337592,-0.18035663526880474,-0.4537095108629612,-0.0532554380619103,-0.2712440295818148,-0.6235401899833917,-0.0628636096994322,-0.33974822956517164,-0.7154906385593479,-0.06908488493934917,-0.40780987305028926,-0.7816771257939509,-0.07654490076429574
0.0,0.0,0.0,-0.18982521519580742,-0.021618739430480458,0.085947155450662,-0.35215971662846046,-0.10476726180145249,0.12448328348286693,-0.47576162101943664,-0.1362745848768169,0.1287760762918508,-0.5838134404852109,-0.15702313274546098,0.12725223529018972,-0.29337924548833194,-0.4421718508547311,0.19231627922523137,-0.3826372680957063,-0.6166185866941096,0.21966239471602617,-0.4512859213465145,-0.713710615678918,0.21668053446507526,-0.5222680312919772,-0.7815477899690721,0.20507665697890592,-0.25302554227789653,-0.472655915318542,0.11272432420167453,-0.3515769654521931,-0.672608973981363,0.13147861211856593,-0.4440801247264639,-0.7809319183700443,0.11731634289762125,-0.5301955278440231,-0.8388596037084757,0.10165267550414323,-0.21799242744268577,-0.47460132409577727,0.024876628802885558,-0.31938008855916955,-0.6775801749340912,0.026024621521129086,-0.40954372003034534,-0.7758478212841002,0.01404059609044937,-0.4954189980757566,-0.830053771298181,0.0015272298415964641,-0.1967000842193375,-0.4542722943224645,-0.06147966269636604,-0.2905582014501634,-0.6217969085791561,-0.07395175322317159,-0.3645812164147621,-0.7082017159821591,-0.08167133411563046,-0.43822307029023855,-0.7696127153170542,-0.09043194190927778
0.0,0.0,0.0,-0.1872968213709097,-0.024335537652393893,0.08066646482581488,-0.35132276791775874,-0.11037250234581075,0.11864816090506461,-0.4745783853333676,-0.14373985373777415,0.12289201641187791,-0.5827266672601958,-0.1612152668563484,0.12151968164324067,-0.2986369995436259,-0.445275399045877,0.19189567785102202,-0.38675635436527167,-0.6138307411615341,0.2163094487913409,-0.45510873907807364,-0.7077275673610935,0.21017017939074908,-0.5270394213636321,-0.7741288006861526,0.19612434557459846,-0.2578170035764471,-0.47787504692632127,0.11338019817103619,-0.3563347718102615,-0.6732850993142608,0.12980650445094677,-0.44987192663400044,-0.779567745327971,0.11310671349386159,-0.5382004967702207,-0.8358901299306116,0.09527509981985938,-0.2200167838674248,-0.48082152564428426,0.025692345113840623,-0.32218327653435896,-0.6788274618932328,0.023969332047923505,-0.4129954737240858,-0.7754286973954805,0.010056801733896073,-0.5001736290857561,-0.8281754254697978,-0.003500656415687845,-0.19477845828887178,-0.4593300067019863,-0.06116570704385475,-0.2917644927377564,-0.6245395738215183,-0.07526352300492295,-0.3679548878974477,-0.7103039792637258,-0.08407230920086275,-0.44353257018160197,-0.7685539919908242,-0.09377823094620734
0.0,0.0,0.0,-0.18806089643627194,-0.029634422029905055,0.08292157821551502,-0.3515492656798248,-0.11696196686104574,0.11817510096367176,-0.4729937470170538,-0.1521146875042788,0.11879786539915058,-0.5808245843579274,-0.1709202177247277,0.11340949026818775,-0.3035120058382118,-0.44411491717203655,0.18337639933918118,-0.3935200643442479,-0.6111716437273921,0.2018918313434903,-0.4644722489367149,-0.7031830912348982,0.19292466912751527,-0.5385142612636665,-0.7683488158803446,0.17667252457297059,-0.26124473207798354,-0.47663883666406087,0.10037790607458352,-0.360667682786108,-0.6754573213651613,0.10963806292193706,-0.4580852441125236,-0.7806427113518701,0.09048246770360252,-0.5485683045717513,-0.8318615504209822,0.0715278960623263,-0.2205294184699214,-0.4780788311001664,0.008758215407002029,-0.32503748514041364,-0.678212166787372,0.0017335869351105954,-0.4203055800789832,-0.7712096662439261,-0.013509818910306892,-0.5098903842107136,-0.8196796695024307,-0.027929975903963934,-0.19066645809787092,-0.45350106291580683,-0.08172033176838553,-0.28606336135604804,-0.6139979556291637,-0.09949606877512995,-0.3642559482426,-0.697423029623512,-0.10996288134030223,-0.44143142516782813,-0.7538528936087566,-0.12089453306376555
0.0,0.0,0.0,-0.1915110916238142,-0.03466487898663568,0.0869884721563027,-0.35236672510635353,-0.12051200309609633,0.1214196239837533,-0.47261924675311406,-0.15589468160230277,0.12019126814161121,-0.5813116798941096,-0.17847806855151682,0.11253694564635788,-0.30451428564296223,-0.44546916347348586,0.1824499525764725,-0.39612106960139404,-0.614231491404919,0.1995438830341837,-0.46883254071024794,-0.7045074124988504,0.18984589995439177,-0.544920347014531,-0.7684979805441733,0.1728614331591415,-0.262925006163423,-0.47664586999865866,0.09661918362212962,-0.3653387484915793,-0.6763382666019925,0.10383185849050391,-0.4647877375021324,-0.7796159614843434,0.08353316897779112,-0.5557004081019373,-0.8282927472107041,0.06337726022953077,-0.22311147968574355,-0.4759098293260009,0.002768196592838097,-0.3292689615559476,-0.676985824405915,-0.004956038760757307,-0.4257812382762925,-0.7669274965815209,-0.02039376060664442,-0.5162138821512976,-0.8117190155242182,-0.035712923991363985,-0.19346001589306588,-0.44931178753173306,-0.08951545033369851,-0.28764205829174955,-0.6089812931467662,-0.10730528515403098,-0.3661894527289066,-0.6900103747203026,-0.11787833836849113,-0.4446943833471403,-0.7433875271854078,-0.12948785178540592
0.0,0.0,0.0,-0.19416713287091783,-0.041110862896411186,0.09075678627753456,-0.35843298529311896,-0.129604909597288,0.12683900434192646,-0.47829692996274786,-0.16509288640844116,0.12674088753681217,-0.5880462580550291,-0.19343504570646922,0.1202489410532483,-0.30405428159290776,-0.45148989177569676,0.1814379711822863,-0.3975300299544937,-0.6215672524893605,0.19796668446676113,-0.4732038610434567,-0.7090452314134139,0.1893055763978224,-0.5525407044784156,-0.7683027322571563,0.1732469136512485,-0.26225266554172444,-0.4809233480774983,0.09339685376298251,-0.3670441271845364,-0.6848331075746493,0.09794233548852509,-0.47080485125683785,-0.7825384151945574,0.0775382940456385,-0.5646087092711484,-0.8228962977994445,0.058014646813307244,-0.22362283992520327,-0.4774996354000628,-0.0021877729250967953,-0.33256058061258215,-0.6819577296764108,-0.01364984746494313,-0.4338991279348964,-0.7662601355523122,-0.029550047318761312,-0.5276329382748988,-0.8035392424141468,-0.04417111469390134,-0.1968408046083342,-0.4465966419978934,-0.09544669104662803,-0.29427152529776957,-0.6089802631060721,-0.11782717675818552,-0.3768112184349406,-0.6897477107118808,-0.13057352676838774,-0.4579044279123757,-0.7419138081307857,-0.14296276960870355
0.0,0.0,0.0,-0.19641921443721067,-0.04489490976628123,0.0756662659087363,-0.3597333511839812,-0.1346698327958833,0.10164067351776365,-0.4812805718074011,-0.1728752402565767,0.09480271205741447,-0.5920929476897339,-0.20249816122958958,0.08208027164479989,-0.3090427370967237,-0.4517216462320211,0.15406046976156848,-0.4047734904841013,-0.6256658802861684,0.15941565518189257,-0.48082467603110784,-0.713160222422518,0.14362103986992925,-0.5610416175605513,-0.7704991187044397,0.12378565711451589,-0.2662746191648679,-0.47844850430972036,0.07289882017410412,-0.37046915160812416,-0.6850041085092049,0.0676547348777047,-0.47249994007485857,-0.7822061340599342,0.042944872107958235,-0.5664185910595032,-0.8227995074426666,0.02069104502495881,-0.22588565377117967,-0.4722184616001358,-0.0159464416079105,-0.3340750592036039,-0.6798576598886832,-0.03150179015851847,-0.43318655176922516,-0.7658118785473649,-0.049566188537760236,-0.5249360462950334,-0.8047144803638915,-0.06613774791925389,-0.19626350961390177,-0.43945203931775517,-0.10344119346744948,-0.291677950971984,-0.6028546047456513,-0.12577141987176038,-0.3724096449658648,-0.6863280324128158,-0.13863175521628335,-0.45190484612186477,-0.7400259008895023,-0.15160200122585227
0.0,0.0,0.0,-0.19395529563192998,-0.04673915389582139,0.059305283330828615,-0.35816788080958617,-0.14029183167699527,0.07631177617574691,-0.48085180433400326,-0.18234238690435922,0.06440437372455098,-0.5920286327755528,-0.21603061465616952,0.048139109927593626,-0.30561071563885334,-0.46059570425923213,0.12882352883843567,-0.4017136430578071,-0.6387299789082682,0.12493130837884006,-0.48003904974269496,-0.7242181272500422,0.10440308186077302,-0.5619695183511539,-0.7775273437869277,0.0826612213420809,-0.2621208037592405,-0.48563241978844174,0.055598415265437975,-0.3665685256822079,-0.6974018931870776,0.04228305239280032,-0.4699830335401899,-0.7894503291401423,0.01582996091079432,-0.5649066505071573,-0.8241477099673913,-0.006557873993423093,-0.22101196052756145,-0.4766611267873355,-0.025710078322123523,-0.33013227914842985,-0.6889368439001469,-0.04582162986546527,-0.4305578900386243,-0.7714655518616519,-0.06427387337971197,-0.5214313024219681,-0.8054507579416506,-0.08038120057515927,-0.1906788969710463,-0.44074432339311265,-0.10673451041328255,-0.2863680718369285,-0.6050584982377232,-0.13059265041369497,-0.3680471166133783,-0.6866854219892149,-0.14353748869556177,-0.4469072549842436,-0.736730625225139,-0.15606150012223222
0.0,0.0,0.0,-0.19272635019908732,-0.051416927820736244,0.048248815700383765,-0.36036934780222996,-0.14908523994506603,0.060004272151720384,-0.48840434702898994,-0.19181355366713615,0.04621908680554846,-0.6026539115598804,-0.2304824728516992,0.029862637202302734,-0.2988676297350104,-0.47155772784351335,0.11349485805936782,-0.3968466732028111,-0.6626418927574076,0.10454792656394052,-0.47903945149860283,-0.7430782982831754,0.08192224242778251,-0.5646399530288204,-0.7854215550369488,0.06118724988318222,-0.2552942665350114,-0.49501672291479976,0.04948389897571184,-0.36075764359498086,-0.71708054729403,0.032601968270417975,-0.4685437971596643,-0.8014889037040752,0.006494831019369142,-0.5659317910976519,-0.8238049176680177,-0.014118283080743059,-0.21688485496969068,-0.48409456330971945,-0.022689979062593096,-0.32661587355311855,-0.7069416354775555,-0.041128528167122036,-0.43125102950390226,-0.7869291761040222,-0.0575695240587234,-0.5235146161424482,-0.8123735841322122,-0.07152709122577706,-0.1921471246198466,-0.448851325733474,-0.0952137723241469,-0.2890461090439098,-0.6194126782636606,-0.11484220980374399,-0.3734659916263963,-0.7013829679107415,-0.1254660414833953,-0.4531391548132008,-0.7475923646477801,-0.13558207361186497
0.0,0.0,0.0,-0.1904560860953129,-0.05084641874097359,0.038633081865000106,-0.35923969429984554,-0.1523423237365063,0.04634912868590356,-0.49007396048045077,-0.1974426777561733,0.030551990324185728,-0.6061286585510086,-0.23502221503889253,0.013362036300480808,-0.2965818281325717,-0.47582349362144244,0.10472941090365345,-0.3937208239791317,-0.6704651884178541,0.09147428101649635,-0.4778641496616316,-0.7493297163638126,0.06603579007255084,-0.5646188426754208,-0.7878520090988039,0.0442718964604724,-0.2541599236310932,-0.4986988557710825,0.04593938586548928,-0.35696037124892954,-0.7257186799234598,0.02567138473415488,-0.4661911634162256,-0.807473721419105,-0.0014376403264220509,-0.5649771948183923,-0.8245153283797503,-0.02189986152021316,-0.21665451208267725,-0.4886121502161197,-0.02180819257548794,-0.3238241446268977,-0.7166954411054982,-0.04099718490139306,-0.4296490648311791,-0.7952075222025393,-0.05790290704800758,-0.5226818427400788,-0.8158601018744976,-0.07178244865815703,-0.19243837976250178,-0.45534513524485526,-0.09086736011460397,-0.2878716004167772,-0.6297535094650577,-0.10974240530356566,-0.3724695532165793,-0.7130752272839971,-0.12055580541379889,-0.45259226625930304,-0.7582453603356241,-0.1306090924451126
0.0,0.0,0.0,-0.1941872339882856,-0.056625983608462716,0.05613943377031211,-0.36288795949832864,-0.16133862245958713,0.06972458121383324,-0.4930964320293881,-0.20701250284532,0.054773245874732576,-0.6103333316226065,-0.24592190493175295,0.03713621990131753,-0.29990947090727427,-0.48231300913608655,0.1261063957162511,-0.39469999132134076,-0.6784075404362117,0.11351039864012132,-0.4791908914327434,-0.7561150782771751,0.08773306360974553,-0.5651520849798227,-0.788600168031873,0.06551293301870709,-0.2572869903780044,-0.5035833221018955,0.05473365180356196,-0.35611339033447564,-0.738496150050959,0.032515745428548994,-0.46712794620018977,-0.8185029308141305,0.003643317429541936,-0.5664922852803642,-0.8237265188795488,-0.0168902081900144,-0.2187414190639144,-0.49266345890652874,-0.025541735402614514,-0.3232066482748601,-0.7266250729873325,-0.046519472349953225,-0.43035020571987176,-0.8027894842177236,-0.0629513597060218,-0.5243185713602981,-0.8167474041397113,-0.07589272173495586,-0.19260603211770544,-0.4576264623867956,-0.10616165985633248,-0.28614451542943137,-0.6343062162823604,-0.12735752245867404,-0.3716076758672685,-0.7207439096257503,-0.13923826785619878,-0.4531317818248308,-0.7678567074702223,-0.1498935221028243
0.0,0.0,0.0,-0.19974884759172815,-0.05723779215670731,0.061948808310871746,-0.3685945633575749,-0.16635967438918522,0.07874282139849524,-0.49942202282995907,-0.21861224900830117,0.06436420814462632,-0.6179372225555864,-0.2621086027020926,0.04751312034554708,-0.30434318922695297,-0.49999528491180634,0.14657905672304106,-0.3958215922160251,-0.703056832456439,0.1337399783010471,-0.4828356814141831,-0.7731950060442414,0.10430188265322177,-0.5689317626079957,-0.793219885850375,0.08028832844337666,-0.260685726176986,-0.5241638944593678,0.0718884503281189,-0.3546544690823745,-0.7728745504181187,0.048229171576188085,-0.4694923295486876,-0.8394986229626009,0.015350899746667857,-0.5674273965335921,-0.8232472235837613,-0.006383798501897494,-0.22143867278165538,-0.5169240441567522,-0.0126456136536105,-0.3192453663191473,-0.760968753964925,-0.033214903571684364,-0.4329288345788409,-0.8235514941614592,-0.05128139434839862,-0.5286766575605972,-0.8189264189241569,-0.06416229931592399,-0.19260935584039152,-0.48575657354596247,-0.09758085607892114,-0.28146239637588416,-0.668503788391211,-0.11580447354152418,-0.37270113936226335,-0.746803568784079,-0.12668163283418488,-0.45818083094754325,-0.7812147865974604,-0.13630135830054807
0.0,0.0,0.0,-0.2068472743501174,-0.060036305273366716,0.05300529098374081,-0.37791143101894553,-0.17188008378478956,0.06644520920796257,-0.5127890541427715,-0.2280130268399524,0.05089555683110218,-0.6340751818566093,-0.2727773306590592,0.03416083229434827,-0.2999796695500393,-0.5177458974613112,0.14419598995967814,-0.39049209287757364,-0.7304856707922471,0.1314839636426588,-0.47967720496988137,-0.7946599463399736,0.10052356493680942,-0.5681696112007515,-0.8066675218375333,0.07708974067158415,-0.25575916348318833,-0.5424643822907319,0.07842227159534927,-0.3509956378010139,-0.7952910281774999,0.05859160666392854,-0.46785172093180805,-0.8516580142349068,0.026321821321540706,-0.5645284753926378,-0.8243488725658346,0.004978949013895896,-0.21822359411879394,-0.5352951340575127,0.0023065646970837446,-0.3139163990557339,-0.7843905481180056,-0.012810759228550392,-0.4308879768641162,-0.8389738210322317,-0.029052946824629222,-0.5259714488834053,-0.8220944412555589,-0.04030800533718239,-0.19314458304786383,-0.5060550758673856,-0.07488788241501759,-0.2803312762364796,-0.6965910723611412,-0.08511623548595573,-0.37327737793001914,-0.7706802829961243,-0.09128355566807052,-0.4578934604786169,-0.7937105250667995,-0.0972465563498361
0.0,0.0,0.0,-0.21038555319507157,-0.06236471155101582,0.07574095633589537,-0.38193507226410317,-0.17612467210577382,0.09788163860445026,-0.5159923478823304,-0.2323825432833239,0.08398600490589339,-0.6409019688808126,-0.27961963006254703,0.0674226991325074,-0.301853374205418,-0.5242251154443309,0.18325744308782863,-0.39021563579021157,-0.7424089979527149,0.17603094313260437,-0.4807913827135061,-0.8020778338723908,0.14445024551985697,-0.5704602199075506,-0.8049320730975509,0.12044674904162939,-0.25582743889237325,-0.5503611930119844,0.10250340466227276,-0.35039921890250514,-0.8079764181197217,0.08690357992570344,-0.47090086310196955,-0.8585793675075812,0.05156877303006819,-0.5673562584930665,-0.8153464668802266,0.02871132960233075,-0.21870500252639663,-0.5464022244579995,0.011157809524716324,-0.31471999950025364,-0.8005170682950561,-0.0016329588549966285,-0.4363212843939558,-0.8476703967512692,-0.017872560651524243,-0.5328304723373964,-0.8178060468496632,-0.02826721184070387,-0.194171117274414,-0.5208396915201918,-0.08013157411983454,-0.2854652878036451,-0.719354701177273,-0.08899457823004715,-0.38220646153020943,-0.7867872441203476,-0.092882059012834,-0.46836220264505257,-0.7977117328211598,-0.09670900186766596
0.0,0.0,0.0,-0.21181828383324997,-0.06298949169875386,0.06620823283404102,-0.3871398040343012,-0.17642808189200876,0.08216098992324498,-0.5248988362352298,-0.23202423539692885,0.06408108370834299,-0.6516024271578675,-0.27868614205043796,0.04478799628495561,-0.2998076064683024,-0.5284353358341747,0.16803475921983269,-0.3888334637423414,-0.7600292696025432,0.15261086505333535,-0.4843046966189678,-0.8152917040299932,0.11666282762831093,-0.5753600092250117,-0.8084317193219517,0.09210606511259295,-0.2537157336247031,-0.5543684360253192,0.09261626038521464,-0.35142813701365716,-0.8227262950531735,0.07094664939566941,-0.47731662871194536,-0.8646327988752361,0.03445526779157872,-0.5730457788590325,-0.8100676086888157,0.012348079871927566,-0.21761660919338285,-0.5513793512884233,0.006139098331246104,-0.31667568676852514,-0.8146015531348583,-0.009289530357289424,-0.4435003696836224,-0.8538375821476146,-0.02484843006436316,-0.5388105026795404,-0.8136386408935867,-0.03338848439490367,-0.19470518845272822,-0.5284740139047648,-0.08091728768401943,-0.2879068423271393,-0.733318309985331,-0.08962074283477814,-0.3881131601557153,-0.799046181801651,-0.09225028824109652,-0.47373654887280386,-0.8035273510364027,-0.09412067246390186
0.0,0.0,0.0,-0.2162562186686589,-0.06344654948536663,0.07998721155998334,-0.3923784947656067,-0.17682795822648278,0.10100186348308199,-0.5292790826830489,-0.22951307261968654,0.08352266872511402,-0.6557970683318024,-0.2753000066936283,0.06360783784012386,-0.309735668964891,-0.5340310577081644,0.188858817038753,-0.3966031366859226,-0.759701066289143,0.17568624581934697,-0.48948056573554766,-0.8124202436302708,0.13854222646153203,-0.578390910941422,-0.8039452953964019,0.11192195487736507,-0.26310343131467245,-0.5610125429701951,0.10265356251298954,-0.3575511543275125,-0.8276584318970208,0.0806760896672221,-0.4822432985178179,-0.8683460721680485,0.04056172889575227,-0.5756548185203414,-0.8058320872217244,0.016099128216497165,-0.22531507569758724,-0.5585167412596881,0.005348775038087663,-0.3200697941491808,-0.8227661379833153,-0.011665198909741058,-0.4484742483398112,-0.8589799159582847,-0.02930952485186196,-0.5442494614299915,-0.8123014115536903,-0.03879220765980451,-0.19918150429922302,-0.5337104195908042,-0.09189597065852534,-0.291320597576325,-0.7415233810538304,-0.1027776133034399,-0.3940875389493395,-0.8045836787151923,-0.10660241312979837,-0.4814858792054031,-0.8039734783124306,-0.10917553689102506
0.0,0.0,0.0,-0.21350152874915887,-0.061089052021118875,0.06857611486500101,-0.39436535817650953,-0.1777188857968443,0.0841840234693926,-0.5349943725041515,-0.23163836310518632,0.06311546612357145,-0.6636038108983092,-0.2734614787069115,0.040833280340074364,-0.31506953353493633,-0.5411797640818513,0.17652996152004308,-0.3995017280365899,-0.7677290845169549,0.15609601547673674,-0.49271295652884106,-0.8169559186174183,0.11468237320306751,-0.5804598534100542,-0.8036775659564915,0.08592671446920908,-0.2678589672113355,-0.5685452031474029,0.0945421752414275,-0.3608491852140134,-0.8362718257068685,0.06587767192965033,-0.48573409155541536,-0.8702358155057054,0.024023253628145464,-0.5782078013347579,-0.8015301942928952,-0.0005003829795417764,-0.22820299951515355,-0.5670042048234727,0.00032669654580974724,-0.3215857075106478,-0.8344483200090687,-0.022786790228360693,-0.452499706719953,-0.8634743676495531,-0.04161174452522228,-0.5481693040407936,-0.8095779616857238,-0.050263831431533956,-0.19938157760386227,-0.5421310910283785,-0.09477299280187688,-0.2917091409545305,-0.7513225640335484,-0.10971301844104674,-0.39681595033449674,-0.8120300845671033,-0.11522527681545272,-0.484331167234034,-0.8068849261213722,-0.11800287248784447
0.0,0.0,0.0,-0.21321454561604386,-0.06052930756716567,0.0576848541535805,-0.39502939075484855,-0.17536094464972785,0.06949858777792264,-0.5374442944090435,-0.229123332599951,0.04771980094396114,-0.6672178086793679,-0.2691998824696257,0.02586105129985719,-0.3152296628495556,-0.5403925931869183,0.16435982509867064,-0.40131816035085466,-0.7706641893194193,0.14319108945658743,-0.4961807158629489,-0.8179801227816368,0.10253657613277636,-0.5852639237865167,-0.8042383003921677,0.07505025411109163,-0.2682115514372017,-0.568263128750863,0.09108186416631384,-0.3640533268106998,-0.8367427127197746,0.06303445630966162,-0.4903339684344481,-0.8657566222963127,0.02362667225148487,-0.5823688319387073,-0.7959859239072662,0.0009211603706137739,-0.22980979356243125,-0.5665315797630484,0.0053802423862863895,-0.32534431370061034,-0.8335208101209893,-0.016576824340954394,-0.45584406972089314,-0.8571526401347868,-0.03344728533452918,-0.5493084587999228,-0.7992223715671949,-0.040510656894140545,-0.20327648120875447,-0.5418102784686976,-0.08184095990722691,-0.29573569895891405,-0.748624524090079,-0.0945568836630786,-0.3996836435178294,-0.8055909233805226,-0.09829734163350812,-0.48439723744780594,-0.7967531332870683,-0.09960308588517877
0.0,0.0,0.0,-0.22045473267349824,-0.06044369083016358,0.09278235833440132,-0.3997356790073654,-0.17031708179449967,0.11958784297044707,-0.540229510828939,-0.21992917329959472,0.1038334599685945,-0.6712282282851776,-0.26298753681321724,0.08501512639549347,-0.32069332550523644,-0.5338309550995955,0.2154423601540287,-0.40455012874847174,-0.7572338547964153,0.20918832426400766,-0.49728470776417205,-0.8055005231343271,0.17421327871715447,-0.5859679042114716,-0.7916346364001148,0.14812219280108524,-0.275073449194418,-0.5621224737131877,0.12247228092645801,-0.3681539780772981,-0.8278959498485482,0.10663780036374045,-0.4933189633564588,-0.8595965419509503,0.06763626080995697,-0.5827829401611937,-0.788682919290933,0.04332347533724512,-0.23981712155780016,-0.5612719338678771,0.01811004993883142,-0.3319649175482915,-0.8261174842332253,0.004545932983543196,-0.46213177142554207,-0.8510116768741047,-0.011467215000088737,-0.5558183556757016,-0.7938207478585553,-0.01996748228192864,-0.21631785974013473,-0.5376531451822293,-0.08565516882420582,-0.3067251431631962,-0.7485419165785112,-0.09465160228680705,-0.4129388744769936,-0.8024578920460796,-0.09712844424257328,-0.5006509575990399,-0.7903698214408337,-0.09901865548412708
0.0,0.0,0.0,-0.22245314452951886,-0.06014029006307089,0.08973243673859385,-0.4011700874915158,-0.17035046737372045,0.11546153941161107,-0.5421399983289871,-0.22208479103279183,0.09833914606545649,-0.6749279295595889,-0.2656449353651549,0.07825136403548336,-0.3238697184731463,-0.537801573600829,0.21914384098874606,-0.4050522084926895,-0.7619546122906946,0.21106546763038578,-0.497472730708374,-0.8083355808657295,0.17277590609828064,-0.5873750202611777,-0.7916837089870996,0.14422058669729973,-0.278700093089009,-0.5666205238632749,0.12667421636602946,-0.36917393002651566,-0.8324984809846834,0.10806153245781004,-0.49497658428464086,-0.8626961077440496,0.06444621350277718,-0.5850578435960696,-0.7897807811839216,0.03681830459949817,-0.24297311370832958,-0.566469827686198,0.02205432783880477,-0.3317799890140577,-0.832531450409439,0.00599818209447449,-0.4639381128301944,-0.854577920403847,-0.014106508244127165,-0.5598414452376391,-0.794430549802393,-0.025154083322822245,-0.21782815778296832,-0.5426326574441676,-0.08234886490118247,-0.30589531186435487,-0.7560171248193936,-0.09229507043264404,-0.4138799621634842,-0.808271702217535,-0.09678178713989506,-0.5037356311258279,-0.7942276546188769,-0.10031046308172961
0.0,0.0,0.0,-0.22354785458188012,-0.05871220056275586,0.09440831138606999,-0.4019638445128547,-0.16857289588640145,0.12401977513225027,-0.5424167835125797,-0.21811460663177942,0.10984649977441854,-0.6746795876004079,-0.26233496826615976,0.09270358511373844,-0.3221442927456397,-0.5333699820674478,0.2288196242948376,-0.40524539728328146,-0.7547731335201867,0.22462097786486226,-0.4982247603792165,-0.8034892158411635,0.188612238154567,-0.5873250962751788,-0.788546444111641,0.1616000549148297,-0.27816682848109087,-0.5630388975639384,0.13451722287715293,-0.37058676248203876,-0.8270130698299624,0.12043382146538295,-0.4969198301639209,-0.8622170229018447,0.07843824893832778,-0.5866243564439217,-0.792207674640156,0.051714216022940775,-0.24373822766970538,-0.5638776142195221,0.028055845617422845,-0.3354333620646678,-0.8291290470014957,0.015392902553574152,-0.46637728746366147,-0.8552422395259949,-0.003109847427415236,-0.5609221798051567,-0.7980728595636237,-0.013190272981149952,-0.22029572441509354,-0.5410305825554447,-0.0780107096348952,-0.3107896345496598,-0.7549004440514018,-0.08649451982871323,-0.4199869815334053,-0.808373843065975,-0.09000713342164127,-0.5111902958365362,-0.7953094024369188,-0.09263392021318798
0.0,0.0,0.0,-0.2211334325971694,-0.05565913882323543,0.09086038137512718,-0.40263123652506183,-0.16641579520696795,0.11608400147091365,-0.5439532340486557,-0.21351157843593196,0.09824306045243544,-0.6761225626630768,-0.256237687686759,0.0779191162636244,-0.3238935313787069,-0.5334944170261761,0.2144171385331632,-0.40782057651362486,-0.7590704876088211,0.20300299015071963,-0.5028293290627603,-0.8051504860805537,0.16483099391335548,-0.5911031932576729,-0.7862454949780846,0.13750227570875595,-0.2784001255404236,-0.5626426535435562,0.11929451535212499,-0.3735458187259172,-0.8301624045058573,0.09884992050035997,-0.5021765896594024,-0.8615652268327882,0.057518447517289545,-0.5923580018383574,-0.7873755589983942,0.03245161915279319,-0.2422978225277386,-0.5631608269009614,0.011967497562551862,-0.33892452023089426,-0.8314693850225927,-0.006146059852927056,-0.4722082798590076,-0.8545903709109692,-0.023356562034767013,-0.566243481598269,-0.7946795336202643,-0.03139914279610205,-0.21800312983883063,-0.5400827606366181,-0.09511481624985298,-0.313321532479374,-0.755488272867872,-0.10725704639522497,-0.421620037199536,-0.8093910823692803,-0.11046923339009358,-0.5093998714186965,-0.794996861260054,-0.11205534529577113
0.0,0.0,0.0,-0.22357617623313797,-0.04931721894843412,0.08810181344082384,-0.40636314099757975,-0.15748367726248783,0.11435050115307993,-0.5484418848900086,-0.20228753101470454,0.09843352343424391,-0.6796412838601,-0.24328237040723305,0.08021969672135751,-0.3311890533822911,-0.5304388473518591,0.2144393943949058,-0.41534055532127817,-0.752897748029706,0.20569056209026698,-0.5087400485042726,-0.8001293905194793,0.16918053225698831,-0.5963338833319513,-0.7856706381773961,0.142481521833911,-0.2869126771458389,-0.5614364712946442,0.12247734092306274,-0.3811847976916328,-0.8259932067140225,0.10427756540411026,-0.5082223453649134,-0.8571469846077145,0.06399513774460067,-0.5974924292452934,-0.7850077965482134,0.039457876788589245,-0.2507975618486299,-0.563399399629837,0.018259788310089686,-0.3452221300295195,-0.8295945538527786,0.0013536365838792619,-0.4784021261312059,-0.8523950861390239,-0.01633999383569336,-0.5727700912483602,-0.7924928535859382,-0.024604951695485783,-0.22603222753184452,-0.5410922597766206,-0.08592884173646459,-0.31946673624065725,-0.755175433181243,-0.09735544060863752,-0.4285634731126855,-0.8081829037784045,-0.1010495124266025,-0.5175397580835674,-0.7927757797766318,-0.10288772728276879
0.0,0.0,0.0,-0.22296572057475292,-0.045166241720544405,0.07518566434929624,-0.40562188568738045,-0.15096401432287748,0.09590169040184951,-0.5500254072960786,-0.19728878847138664,0.07773919973690356,-0.6811719613944459,-0.23566811738551702,0.0582138232614416,-0.3363279472582866,-0.5260079028829112,0.19542532735076615,-0.4217450338076182,-0.7490945912111537,0.18149564017287592,-0.5151277916005385,-0.7969186827811112,0.14297803190564834,-0.601351451080922,-0.7843076873543973,0.11548279695898822,-0.29097370725524363,-0.5591264462335623,0.11051517961922636,-0.38705165001609376,-0.8249094040683846,0.087622504159395,-0.5136921686789575,-0.8556667561588258,0.04645614719711371,-0.6029864793962845,-0.7854552256745193,0.02165987730974385,-0.25287074491994166,-0.5636007503541923,0.013033533154057864,-0.34775318696899526,-0.8307224129050708,-0.007106203677620694,-0.4824711036746043,-0.8535620715285852,-0.02694006797696087,-0.5774168162471878,-0.7937604375136293,-0.03638303272574639,-0.2249918319069173,-0.5445973420787344,-0.08514552845387155,-0.3183113731739116,-0.758853322681623,-0.09840904511504853,-0.4282649206479243,-0.8132481450532367,-0.10424252957567878,-0.5170861945132016,-0.7988129803799902,-0.10740353664252483
0.0,0.0,0.0,-0.22543695623844823,-0.042923420314211,0.08096791726871906,-0.4070667690369677,-0.14782540817465648,0.10480653660239055,-0.5508040656753768,-0.19109463099348442,0.08805610151735589,-0.6816887110082213,-0.22831432045194258,0.06995944535970161,-0.3446117244008131,-0.5230090877134927,0.20729843784680538,-0.42951065425662316,-0.7403392656310189,0.1964124358723908,-0.5216216530093859,-0.7884084014410858,0.15918970780327735,-0.6068947733764838,-0.7763174725399209,0.1320799125611695,-0.3004644352582868,-0.5578482058728924,0.11901661828898014,-0.39439301664577037,-0.8186901876657533,0.09897886913017036,-0.5215308663231821,-0.8505364777343059,0.058781635000827795,-0.6102507355225784,-0.7802066491171182,0.03431231604259087,-0.2624653624175508,-0.5634474024061801,0.017919306862130748,-0.35415846710627685,-0.8277659392806822,-0.000748726002184895,-0.49124873370019195,-0.85000702730492,-0.02023113419602786,-0.5867489869470399,-0.787672713442521,-0.029484439238116326,-0.23392307804569706,-0.5449649326803986,-0.08378652665210634,-0.323792568164318,-0.7613533124969514,-0.09684485822551758,-0.4355032507185974,-0.8131008875202455,-0.10270458574938111,-0.5247774824298967,-0.7921912224504624,-0.10573594981788959
0.0,0.0,0.0,-0.21984502594006794,-0.03734064206259839,0.06930075422840827,-0.4021779369246071,-0.1407296920163495,0.08706508989002636,-0.5467614702514828,-0.18263524721155508,0.06748275454336644,-0.676995624890523,-0.21846026173157523,0.04770584337030568,-0.3466571740605458,-0.522184053280374,0.18522530306957857,-0.4327804225353703,-0.7454778790978063,0.16726055909273774,-0.526330236523773,-0.7893778785290735,0.1274552501529018,-0.6099389574056726,-0.7713914504940083,0.1000298143599741,-0.3020038824448707,-0.5577599780861682,0.1037393238039258,-0.3997595033375904,-0.8231510412352695,0.07813822104274185,-0.5269876273374137,-0.8484133486729818,0.03799078119938873,-0.6137218951728729,-0.7729864860829427,0.014446426220383786,-0.2632973840484102,-0.5641499728435346,0.009422270637749981,-0.35907217350616044,-0.8313311698639269,-0.012235889567743376,-0.49700673659920896,-0.8480800004834509,-0.031964110893888995,-0.5907793918877173,-0.7809683415681365,-0.040924852552295284,-0.23460381491159227,-0.5469657347611532,-0.08601921019858824,-0.3288982875731582,-0.7599021424686615,-0.09954536816512574,-0.44014694308351177,-0.8075586308272468,-0.10537977008240873,-0.5265324374518647,-0.7824263344092055,-0.1080582533919084
0.0,0.0,0.0,-0.21514700208715842,-0.030367738734244948,0.046726820162696414,-0.4009025969810761,-0.1308693936944879,0.056197839007633046,-0.5479058687869192,-0.1743732772145748,0.03554218769643462,-0.6770458343445103,-0.2096966066722788,0.01651690206821034,-0.3488952475470658,-0.5165982814304075,0.1492919966328257,-0.442163333667656,-0.7423092595067106,0.12789794236359184,-0.5356351923828743,-0.7864729588068484,0.09019827857675994,-0.6191809468733898,-0.7730097161200482,0.06557933186519704,-0.30275916529920455,-0.5532554333580327,0.08421746932426546,-0.4107736675982103,-0.8228616692228687,0.05348786782002067,-0.5374291627602037,-0.8424753823025506,0.01572240197722607,-0.6242456589862804,-0.7671574520584131,-0.003788110682961924,-0.2632810309330218,-0.5590372363988341,0.006900860369461685,-0.3687882844628398,-0.8282572069411327,-0.016895868561675423,-0.5055842097380038,-0.843518542795362,-0.03615961961982485,-0.5984032331262383,-0.7776151447114374,-0.04290900445409011,-0.23499661579122227,-0.5419597538705223,-0.07228672107200021,-0.33852375331279533,-0.751830253220416,-0.0848775856902628,-0.45004401993860377,-0.7996953875846684,-0.09041922606063696,-0.5358610577063841,-0.7785891844432822,-0.09185544177210778
0.0,0.0,0.0,-0.21753422311409054,-0.022012593252147782,0.049704959867431356,-0.4001058386356421,-0.11993591212731229,0.0657677811351772,-0.548247879013078,-0.16230991983118948,0.05399295754137768,-0.6772535666291803,-0.20146182415433447,0.044512566302131774,-0.34613778838812603,-0.5102440668270207,0.16170255933284522,-0.44169750639544114,-0.7350243593825986,0.15873066331482485,-0.5343593913630125,-0.7815167408374846,0.13646957266157247,-0.6170066015707751,-0.7703207696837353,0.12323672308489196,-0.29885989989742257,-0.5481003076858693,0.10717780245098274,-0.41450719322997653,-0.8088198878862467,0.0965657322484332,-0.541903716718656,-0.8260944728178063,0.07394757905547043,-0.6315981048817645,-0.7575297454874932,0.06513611178954455,-0.25879710280674617,-0.5532475996988022,0.04168000374136255,-0.3689127564047078,-0.8158445337694236,0.03551195308700327,-0.5048107181162753,-0.835594116608176,0.028370054296735572,-0.6015131706320531,-0.7735317658175427,0.029521815702788806,-0.2313092724810764,-0.5348891686989563,-0.025204528592172183,-0.33297259267472046,-0.7450181496045087,-0.022978321940814835,-0.4417858850186378,-0.7976122859833865,-0.019039070134662047,-0.5292915515780683,-0.7807475619738549,-0.013309105201165433
0.0,0.0,0.0,-0.21268397743522022,-0.010571668492024986,0.033547409077052455,-0.401083200232616,-0.11038263701473161,0.04557420456121728,-0.557062344068608,-0.1558405737905937,0.03477117034873958,-0.6889891507112013,-0.19418643737094982,0.027994104943338066,-0.3504191443785644,-0.5040300154229329,0.14207142679635948,-0.4417785130587921,-0.7277427301267887,0.13813277906632784,-0.5336368617141305,-0.7756087057873224,0.11831204008761792,-0.6128444127011182,-0.7667963345026223,0.10753663274801703,-0.3021086876133613,-0.546882763132144,0.09921319458830077,-0.4164562542116904,-0.8064144129887575,0.08888421346926649,-0.5450801309293002,-0.8250457516792049,0.07126830678606869,-0.6339808951028016,-0.762946896421772,0.06669264648458931,-0.26085195422705154,-0.5577343508393501,0.044702725473136015,-0.37250208904747284,-0.8206270710611646,0.03527820574941371,-0.5109450759250427,-0.8392727804511692,0.02839117178274191,-0.6079809099790552,-0.779093219046095,0.0318152242946457,-0.2309540448178239,-0.5455512248896874,-0.011816028844088056,-0.3350025514517655,-0.7560564715614133,-0.012774639368236558,-0.4468978261358715,-0.8051683883970966,-0.010350164180328974,-0.5348897503883214,-0.7843792444325826,-0.004199357109603397
0.0,0.0,0.0,-0.21284068017710828,-0.002318096812403091,0.026468866855143207,-0.40588705267252123,-0.10399349732121403,0.03781281189088633,-0.5632021066254098,-0.15037194177094126,0.030165137637261356,-0.6935582803710748,-0.18608327812738557,0.0273236189187247,-0.35455144445362585,-0.49921647423201465,0.1233444136648846,-0.45191153260756955,-0.730308560153979,0.1157781565966412,-0.5472918872800563,-0.7765804310239266,0.09586935060997717,-0.6274695384812561,-0.7641714699435744,0.08663695146398442,-0.30353404415969104,-0.5444760793475303,0.08753078592875668,-0.4203765246177673,-0.8087442331112629,0.0752363184656622,-0.5501083703832348,-0.8259441285006841,0.059046807339956583,-0.6384652561334225,-0.7637384064739362,0.056312583958854696,-0.26081124342242923,-0.55646386232941,0.04072917198592832,-0.37572717976146675,-0.8202618513155799,0.030081268966195705,-0.514105251677687,-0.8353167766078908,0.022436106915443278,-0.6090170991822736,-0.7756534705471352,0.026207252883391173,-0.23165877595684398,-0.5445023213900144,-0.007825199230845636,-0.33772714353010747,-0.7532124694464568,-0.009722353383665481,-0.44809077198685787,-0.7978919145588605,-0.008207358915664256,-0.5327103874668062,-0.7766799469085308,-0.0018817198594805681
0.0,0.0,0.0,-0.21467461687142542,0.003940457288861938,0.005333708157192722,-0.41113425943786736,-0.09838607630176018,0.01613741856755301,-0.5703142944048332,-0.15138550792526312,0.016394838651281135,-0.7011134802829364,-0.19605582808692343,0.02366235602838969,-0.3547456509692255,-0.49381964594638506,0.11026964188649582,-0.4650715100831313,-0.7185591118535992,0.1085711089530503,-0.5633186210904046,-0.761518567693586,0.09204938129794271,-0.6418580906524898,-0.7408689176931991,0.08735847032877156,-0.3013502518989465,-0.5497578324313375,0.09864774305917948,-0.426454782835612,-0.7953522877792792,0.10236864561113071,-0.552971738233965,-0.8181924015008559,0.09321573373959197,-0.6409297548977989,-0.7588776911910995,0.09430429723402778,-0.2577363049373511,-0.5673930783089731,0.07545266417092741,-0.37825938727617914,-0.8114702558812119,0.08035103965906318,-0.5081791504818004,-0.8318870648296033,0.07659892177030718,-0.6012264174963172,-0.7770586163477369,0.0817485938046296,-0.22981028240834162,-0.5613642635563812,0.049399751359350326,-0.3366230480242358,-0.7552111986900913,0.056512826507561155,-0.4416539579819968,-0.7981151062296787,0.059875036748682546,-0.5263596931493522,-0.7786247707131285,0.06816130711924184
0.0,0.0,0.0,-0.21584967864076005,0.017314992010753854,-0.008098254098896661,-0.41147825567591645,-0.08730639951514307,0.009829024975537053,-0.5694900876317988,-0.14451474397771086,0.02319123044832308,-0.701013117432911,-0.19920618420922773,0.043732870611321924,-0.3403007855589323,-0.5128154835203174,0.1285066298116716,-0.4530857618538726,-0.7273233210085374,0.15823666071888828,-0.5534116388213541,-0.7631402971690229,0.15901814889569,-0.6284487528769278,-0.7348248710205632,0.16486355705243766,-0.28214459602712005,-0.5709407305555154,0.14090174729622496,-0.407866016424026,-0.7995058714471517,0.18624147754858883,-0.5325031033578389,-0.8131326440872892,0.19224346769377634,-0.6161458380404161,-0.7514226404345044,0.19941845651190668,-0.237938772530334,-0.5865522690569787,0.14124150923306636,-0.35535725094181625,-0.813851311575722,0.1823742561516702,-0.4793839654499762,-0.8264159154447176,0.18640599292542603,-0.5698038069130713,-0.7691199979174892,0.1915787731070247,-0.2137722273481899,-0.580787185464129,0.13761675041241078,-0.3163213302259226,-0.7632174281835804,0.16968494616798008,-0.4134288064434556,-0.7951842475218157,0.18030930283758145,-0.4921138185412173,-0.7672479084744839,0.19155913824074336
0.0,0.0,0.0,-0.2120081981243874,0.02059820860408903,-0.0033044966951519257,-0.3992484234017103,-0.08173008698793953,0.007654403144622648,-0.5543648487033757,-0.15337081984402276,0.008454011390074298,-0.6886682652497643,-0.21791773461414463,0.016424272444572882,-0.31874287758842856,-0.5243181860552323,0.14020030490173999,-0.4197581596456194,-0.7427455185471259,0.16175732925420894,-0.5202846639823585,-0.7858503663383807,0.154779494233315,-0.5996849591427353,-0.7643240111567847,0.1539322241109759,-0.26560952171617297,-0.5847208962755976,0.13830388597297377,-0.3816905373878042,-0.8229199365048245,0.17296652433484333,-0.5073185371491095,-0.8381287753434539,0.17122537835343132,-0.5923217677437995,-0.7795745488907467,0.17276936070755933,-0.22617217695493808,-0.6098659057766169,0.12266734245751562,-0.33725502755470305,-0.8453588144389622,0.1537198321237296,-0.46204935512850087,-0.8565182138343475,0.15373595273124754,-0.5519934115918996,-0.797830448560954,0.1560262518866283,-0.2018043967516951,-0.6188267687886717,0.10216787179102382,-0.2982306932914901,-0.8085596310315456,0.12993409323022614,-0.39469847716638257,-0.8385082205527381,0.13978664433446486,-0.472956035555124,-0.8038636575583812,0.14923805035277923
0.0,0.0,0.0,-0.20843271158905174,0.017019954126007077,-0.03327106112773959,-0.3967828074340427,-0.08523160109457978,-0.04036204108628228,-0.5527514833955814,-0.16419862024780962,-0.04849123156716073,-0.6856165881406955,-0.2312832125255338,-0.04725864048377111,-0.305666795098828,-0.5145638764102103,0.0731907227828406,-0.4064691747437147,-0.7423823153054964,0.07359216348870598,-0.5098951092155024,-0.797727466018507,0.0575934813065441,-0.5920649161871685,-0.7817364453434523,0.05309448601379457,-0.2525727229819908,-0.5732418996102343,0.0848891735146711,-0.36220179886894766,-0.8219836977472685,0.09985786929443599,-0.4889603930101012,-0.8520338730463153,0.09614457128233288,-0.5776798224357602,-0.8028253368299298,0.09849443887691041,-0.2130039595911982,-0.5966841578489691,0.08324511294697012,-0.31446405894996776,-0.8374118234990282,0.0982406235886158,-0.43611250534282237,-0.863751155648605,0.0958792259299951,-0.5264619421851262,-0.818255205711427,0.09915621380432985,-0.18633908630880022,-0.6022396380087047,0.07567474773704412,-0.2707228929984963,-0.79590452189002,0.09223562691235358,-0.36253680916741404,-0.8360569379769045,0.09876075722039707,-0.4399860447992856,-0.8133770713043273,0.10761378229957591
0.0,0.0,0.0,-0.20843362033164747,0.016604888672902662,-0.06413828615271436,-0.4037210904957722,-0.09081482900953064,-0.08113511568575608,-0.5656006263579592,-0.1786976561970227,-0.08640665041589603,-0.7004572295021454,-0.24626848748293784,-0.07927285098802893,-0.30774645556579516,-0.5000690123018412,0.015073588927386444,-0.4158407255678074,-0.7445035985271498,0.014685723333568712,-0.5222356585111139,-0.801170082951054,0.00665105856906803,-0.6030379434305392,-0.7851795892829687,0.010232276436443949,-0.24690296698223393,-0.5584854228303467,0.05397785982294087,-0.3546639197382454,-0.8194693108022003,0.06794662747981615,-0.4808065396409129,-0.8547502788444874,0.0734854439489464,-0.5682711035193478,-0.8136164602060665,0.08443676425370883,-0.20370652859072375,-0.575626038891651,0.08196215228160207,-0.30289097900177697,-0.8141117309440182,0.09883771879423506,-0.41869147327089173,-0.8494958284276638,0.10380230723267404,-0.5056285700341754,-0.817258776526216,0.11402866705674349,-0.17506285892601273,-0.5749778107336123,0.10358554166344283,-0.25969529746399106,-0.7657047673391222,0.12398321789331429,-0.34636434172061004,-0.8098512897917993,0.13589054352546118,-0.41993090799350374,-0.7976733576165616,0.15039659124805385
0.0,0.0,0.0,-0.20235590231799544,-0.002383825307572569,-0.05520573652793882,-0.4007947771897744,-0.1163856956119547,-0.07628612619632799,-0.5611068572948,-0.20589089116865872,-0.09000391076973766,-0.6923408186301622,-0.2712596495489582,-0.09196152657120071,-0.31086742056474453,-0.49675202523247974,0.00684238060288813,-0.4063102306809146,-0.7522461720151478,-0.01663060760113078,-0.5147231445479521,-0.8074002818588798,-0.03994069422916315,-0.5975569813106171,-0.7857681616767096,-0.04494042567484929,-0.2511294279490348,-0.5466038731474459,0.02992562218646137,-0.35018586952525027,-0.8242850645233928,0.02296526232373461,-0.47415108824093566,-0.8616875117994951,0.02040617098032606,-0.5605265935839687,-0.8231962940490558,0.02708655465744709,-0.20539181703775894,-0.5604136851100425,0.041672580741392504,-0.30251674008881146,-0.8141319232839619,0.04135757779936257,-0.416961381810775,-0.8549749992208893,0.04597083990641977,-0.5003516174866915,-0.8273972691876819,0.05752673378786313,-0.17090606747210946,-0.5545555820612313,0.04722363497894519,-0.25676643832148316,-0.7565761997131664,0.054188596622477304,-0.34694141247311405,-0.8124758193570638,0.064629889222449,-0.42077952205058144,-0.8118525126187812,0.07914487800339874
0.0,0.0,0.0,-0.20565912841854594,-0.005111963292456162,-0.048458999353962376,-0.4056833106590836,-0.12369774712653761,-0.06496584228801894,-0.5638529842581581,-0.2173386559172356,-0.07528952676212008,-0.6909158999986784,-0.287575690925299,-0.0737797767334309,-0.3149627637077502,-0.49458037168196195,0.016316906939391605,-0.40468829248855,-0.7533625888694079,-0.008017726384980968,-0.5116900922503022,-0.8091455465910065,-0.030895848513267515,-0.5960048626885542,-0.7865309013570806,-0.03456089238304232,-0.25527941674501176,-0.5414863619378065,0.03644911999565319,-0.350595668247747,-0.8253699392414832,0.028146180354289445,-0.47490076724641006,-0.8626338574465554,0.026204352928303615,-0.5635901365313398,-0.8230137216677162,0.03506365893139703,-0.20930317033729645,-0.5530608703545696,0.045178525615833104,-0.3073936656670008,-0.807995359277293,0.0434796288534828,-0.4243057655063357,-0.8492326791428331,0.04854765479433902,-0.5088674348272898,-0.8227433292604158,0.062158353956188815,-0.17425733239567642,-0.5466217226110273,0.0483897526552467,-0.26729890568368775,-0.7435781238796029,0.054726789986811325,-0.3603577077543734,-0.8019903862842072,0.06530911163742026,-0.4343914873223169,-0.8090453783872793,0.08114449325437875
0.0,0.0,0.0,-0.20485178560024941,-0.030212168124463274,-0.001371855986985273,-0.39534418695333906,-0.15695613405148318,-0.008722433372760068,-0.5437216673082985,-0.24491608180952734,-0.025688756417208945,-0.6687238388935689,-0.3100595242597779,-0.034693959094902665,-0.3085125691745289,-0.5092904313564611,0.05746690705422276,-0.39012992468471247,-0.7660051606358471,0.026949075710973918,-0.4946839922884275,-0.8212317432588274,-0.00043947382423623754,-0.5790682583600115,-0.7974634178280305,-0.008483812561271845,-0.25474417198810967,-0.5394785106324862,0.03704463170792592,-0.3461187152417762,-0.834845757277972,0.01774775480571196,-0.47102170404197746,-0.8719255810587565,0.0104583989220337,-0.5595203076306792,-0.8272764025520992,0.015439080304402476,-0.21257492897697633,-0.5397632699001443,0.005922987534143078,-0.30801632435058834,-0.8127144407268169,-0.0043827735003222484,-0.4301930373615056,-0.856528194627971,0.0006970377692684139,-0.517548304842214,-0.8275069196297593,0.012734387795714085,-0.18290030581376646,-0.5207076337008164,-0.028765849530733245,-0.27301628277978474,-0.7323765329892094,-0.03127894489045678,-0.36997023104220306,-0.7993091044940367,-0.023473949699367253,-0.44748377150994434,-0.8080984019674484,-0.011295669534073807
0.0,0.0,0.0,-0.21112818134432093,-0.04861582012400147,0.05231874867714098,-0.40162990017837874,-0.1837621367866044,0.06302372020574704,-0.5445375621220182,-0.26747272511343556,0.048454796037273276,-0.6696372859227768,-0.329856430465275,0.036854460920047835,-0.31721665071791627,-0.5222345207275059,0.12188758220410978,-0.3990999137985207,-0.7594302098255554,0.1020535095986791,-0.49738320121847723,-0.8149940183129918,0.07751505065865294,-0.5816873100084325,-0.7957994907570105,0.06731918578176681,-0.2656839702676983,-0.543114416949664,0.06287795717723096,-0.354426542107319,-0.8286798325471183,0.0454710081487357,-0.4785677254397333,-0.8697416158871604,0.03414408792828496,-0.5699195624405389,-0.819920251187242,0.034966806184484,-0.22522508988459136,-0.5339194832981293,-0.0056783513609061885,-0.31750587682877524,-0.8035122730426182,-0.016842732601289007,-0.44465665749360733,-0.8558534218153901,-0.013244661831865278,-0.5378381734344533,-0.8278247316435328,-0.004558847874086362,-0.20162991672250352,-0.5029226397759409,-0.0747862875506872,-0.29478745975149906,-0.7099920588564824,-0.08133655258287756,-0.395117567051344,-0.785158148864083,-0.07614816335077221,-0.47637070443247553,-0.8037597569279635,-0.0679572742235072
0.0,0.0,0.0,-0.21697824308701474,-0.05814462986732151,0.11036319914963362,-0.40597344882574393,-0.1873762686945878,0.14515059746086467,-0.543331222679619,-0.267795979514827,0.13952583706903135,-0.6684629678114362,-0.3320057050976478,0.13380358120882144,-0.3195335776848313,-0.5235286842327482,0.1962666203332371,-0.40475434547950917,-0.7510756665245499,0.19092498559287516,-0.5047693134663058,-0.8032052617010573,0.1762377720221276,-0.5874925525976125,-0.7756425152233826,0.17235233529754407,-0.271175875999232,-0.5419925758088697,0.10367802071906304,-0.36223981714021347,-0.8235152083314621,0.09515219823998342,-0.4894234037291205,-0.8613907661225533,0.0913077179941317,-0.5796895186175766,-0.8048510956662523,0.09955121538120769,-0.2367350552074835,-0.5314416839770156,0.0024876873616522903,-0.33074324893216744,-0.7969594052319223,-0.006690657101350361,-0.4613232865509307,-0.8476303325027055,0.006231067411062169,-0.5560929049076233,-0.8156051363488949,0.023735005563488086,-0.22150655096592228,-0.4997021686143739,-0.0955430811011514,-0.3186285527679376,-0.706638429196506,-0.10394482700150968,-0.4221427659833088,-0.7764804698908883,-0.09364534304101044,-0.5053236907234911,-0.7894554599024752,-0.07984622132761626
0.0,0.0,0.0,-0.22061878099257176,-0.06507500528520957,0.1323829560322042,-0.40550089660357785,-0.19779691475098354,0.17601616484865867,-0.5401189676718869,-0.27640211064352527,0.1735932613677783,-0.6652890280000734,-0.3353408429054664,0.169361670168979,-0.3215323397876305,-0.5324636082084175,0.22194276211105152,-0.4082654455637707,-0.7571898533082604,0.22077421088675353,-0.5076401284319743,-0.8060744355325238,0.20831180751564354,-0.587387544390885,-0.7735735244082681,0.20545598824779754,-0.2739576124822963,-0.548043698858945,0.1159896782185494,-0.36841722359884016,-0.8269816869109241,0.10783223180303593,-0.4950824557061694,-0.8595180696278493,0.1041823914117044,-0.5811091515284743,-0.7948769036041634,0.11311984143920248,-0.24149873816703504,-0.5337905789588817,0.001962568152794439,-0.3362075065944087,-0.7990408167627194,-0.007247116245544372,-0.46684537368733214,-0.8473322671399085,0.007402498138480077,-0.5595027023752385,-0.8115489558015281,0.026174877470870897,-0.22964280119651395,-0.4966060864801073,-0.10763055369798483,-0.3260431513652108,-0.7055352090299898,-0.11640152923972558,-0.4299602959395227,-0.7740678602793839,-0.10521955009140102,-0.5125492491117085,-0.7844508017891094,-0.09099153717214822
0.0,0.0,0.0,-0.20567470989192416,-0.015582445447311032,-0.13842010480978423,-0.39955273644651795,-0.12919656158497958,-0.16902898140139597,-0.5695586682680276,-0.21690416670334872,-0.1635612162319411,-0.7173439758876188,-0.29415200612391473,-0.1391594330202546,-0.2931307269770327,-0.5254927664121944,-0.021897167422068348,-0.43869082393351316,-0.7563015822072803,0.028903035524367175,-0.5536972233620413,-0.7800599602349317,0.05671369494972848,-0.6352182597445147,-0.7368773304980271,0.08336617076377636,-0.23288339931854216,-0.5580417985901273,0.09425712361135596,-0.37322066983266344,-0.809741105953895,0.16685647889081595,-0.49868602075823987,-0.82540999238135,0.1957604021391751,-0.5880165993813538,-0.7795668259777209,0.21566650803268086,-0.20314064574245896,-0.5418356753645716,0.2003065768666746,-0.32119758399930337,-0.7466915706973293,0.2763564895015792,-0.43196118329410665,-0.7820018290353412,0.29468740529714277,-0.5177939554742188,-0.7559077804421658,0.30370274493074195,-0.19481435742271577,-0.5164071001883918,0.295573357493556,-0.2950552261613379,-0.6865526674393648,0.3683886880045081,-0.3748485285419375,-0.7267190904797843,0.39724542153411513,-0.43903767345509576,-0.7209143818979314,0.4156939893387601
0.0,0.0,0.0,-0.2020201971518546,-0.013585632120206626,-0.14494614854120205,-0.39602576024375946,-0.1223426723805826,-0.17863120401976199,-0.5684452977661938,-0.20598409863835482,-0.17378043304617033,-0.7161776637723092,-0.28760981380613004,-0.14923120578957924,-0.2916409176438288,-0.5219539881921869,-0.040585500084212064,-0.43892805740527674,-0.7493228814620789,0.006516473928408538,-0.5578601230204165,-0.773945500696094,0.03480227131837347,-0.6408623238139202,-0.7333271790379794,0.06141999485037919,-0.23172732539960555,-0.5582534701485578,0.07880416440006145,-0.37580297739125784,-0.8082997598760883,0.1455245907046147,-0.5069279817228094,-0.8222873857540332,0.17529139251233444,-0.5997324619768204,-0.7754963931665906,0.19591408914436226,-0.2027915113501616,-0.5447197476910384,0.1886030633384641,-0.3256953041545866,-0.747264647161213,0.2582644781373887,-0.44082708770917733,-0.7777491684042175,0.2765011487623674,-0.5275766945180047,-0.7489464557433512,0.28648344504246637,-0.1934022458047728,-0.5204612806647986,0.287643326570742,-0.29774222114899096,-0.6879862697433196,0.3538259771134739,-0.3817683988692627,-0.7268647918346853,0.3797158437681294,-0.44857055350945285,-0.7207118494689722,0.39693350900658547
0.0,0.0,0.0,-0.19785889336147,-0.015564885444345295,-0.08915091738597444,-0.3916478265575298,-0.13064359629611613,-0.11936319270323244,-0.5514401778195602,-0.223232673595782,-0.12900676108937573,-0.6733435374565284,-0.300249875274946,-0.12454103462542004,-0.2728732697682492,-0.5146108968998363,-0.04861655912735394,-0.3946357074539006,-0.7735614134064451,-0.062391151236495294,-0.5125722819255297,-0.8086378377531438,-0.07528757188394494,-0.6020971456051949,-0.7806509898679771,-0.07373533336661361,-0.21430845550019273,-0.5595862495053985,0.007299501548353438,-0.3430112992881945,-0.8376936233761756,0.004555041522270442,-0.48382392424986465,-0.8612066187176046,0.0051706406693278325,-0.5827405090064715,-0.8125667361637141,0.012198296730585183,-0.1807122708564126,-0.5536401260595607,0.054930842578586776,-0.30287147094071176,-0.7930661019361651,0.06100352316373945,-0.4271170988042285,-0.827182215882472,0.059898428739704496,-0.5171796468338582,-0.7957543838824647,0.06518915763796085,-0.1725530576394,-0.5282873163537185,0.09648694614829517,-0.27986764003052844,-0.7083851507259672,0.11245762005625043,-0.36801627782848506,-0.7570524347703915,0.12215026821673314,-0.4361428142576114,-0.7575994859564058,0.13325639989783894
0.0,0.0,0.0,-0.1992822402101978,-0.012174502547578462,-0.11776207292536926,-0.39422179360156284,-0.1284544623549548,-0.15608576510644057,-0.5581365874777588,-0.22170482079813914,-0.16473137426912438,-0.6807925919552369,-0.30672211271539845,-0.15707489801272617,-0.2666931103509287,-0.5033679803283331,-0.08896905313829052,-0.39065600134165346,-0.7758251827221959,-0.09863018814185656,-0.511908630348312,-0.8124498770997779,-0.1026794626514501,-0.6003823541945261,-0.7843902304693808,-0.09444035529531268,-0.20649364190322456,-0.5482099853049438,-0.010822855851632814,-0.3395757570485234,-0.8349120921491395,-0.007949444934225823,-0.48170106600671203,-0.8607495622767993,0.0001537384966141032,-0.58075721301481,-0.8139881282141566,0.011757488129259192,-0.174224306028245,-0.5428206304502905,0.05945420441680553,-0.2979030500567038,-0.7815957916914911,0.07219632299955339,-0.4215343679029856,-0.8154575582662815,0.07352860313081169,-0.5123708392448978,-0.786721773469975,0.07913965449332719,-0.16819014429881834,-0.5199984915447264,0.12217222823989499,-0.27531127485055706,-0.699450184368025,0.14113925997129617,-0.3627999237374014,-0.7455425453391349,0.149811305420038,-0.4303298562155259,-0.7442623583466209,0.15979629936077439
0.0,0.0,0.0,-0.1984387527902049,-0.011094396891896214,-0.12414088395264627,-0.3965699422601993,-0.12986448740900314,-0.1636284752118231,-0.5637844905941771,-0.22453359119191457,-0.17186060555351793,-0.689579976728845,-0.31287357979830493,-0.16240938155205698,-0.27050436692723123,-0.49936841458361536,-0.08869183452603764,-0.38608318204936054,-0.7762528036391847,-0.09795256207456701,-0.5074318557056975,-0.8168202838833754,-0.10214111564342035,-0.5964930713459102,-0.7882573047768524,-0.09350915446225329,-0.21099021081466535,-0.5436730665031286,-0.004305232923006286,-0.3360454713438056,-0.8283046254050386,0.000684857625873463,-0.47523927360745033,-0.8598112337405501,0.009722036336530423,-0.572888445113734,-0.8191971894596369,0.022515286379927998,-0.17897150611068657,-0.5395795858832947,0.07172141700284129,-0.29838890362341963,-0.7767197303678325,0.08732858039125169,-0.41786404889936385,-0.8135090826288635,0.0921906157176762,-0.505877598238618,-0.7867761517270406,0.1012339518598655,-0.171858424123836,-0.5186281918287383,0.1395181655310913,-0.27683904454559016,-0.6983332914161543,0.16074788018473346,-0.36465618063096616,-0.7461277358400169,0.1716170824406903,-0.4316705908790739,-0.746205230870982,0.18446154482527777
0.0,0.0,0.0,-0.20361403053792582,-0.007072712744243709,-0.1466184018707803,-0.4062875914998704,-0.12893580012511158,-0.1872910315460269,-0.57386100637609,-0.22677623519628531,-0.18557821607355265,-0.702575926411162,-0.31547634073694286,-0.16115715057183527,-0.2707679347688997,-0.49872881340654784,-0.1324003922188289,-0.3918855033161088,-0.7964345853473971,-0.13209264768479068,-0.5210472437790139,-0.8227616369551947,-0.11527323487656989,-0.6072968185522541,-0.7745628266440376,-0.08932654869214623,-0.20800600455716522,-0.545171804643451,-0.023496950413123316,-0.34491564761759547,-0.8442979695953465,-0.012217199759947898,-0.48643560318334,-0.8634980249781798,0.014254553486056382,-0.5766186086149949,-0.8018964465909003,0.04108625803556955,-0.1750262787250434,-0.5375595752955451,0.07900570255929304,-0.30148394065846873,-0.7746818730221197,0.10189547025690383,-0.424564811213347,-0.8031345350794719,0.1166823410272898,-0.5119024197203683,-0.766380286231042,0.13257542560641206,-0.17061341993423804,-0.5137604238923805,0.17288312430293734,-0.2783714034199949,-0.6872726275877049,0.19763355036116925,-0.36861555813691094,-0.7260863580172646,0.20974140256664098,-0.43571882068359746,-0.7179220423498313,0.22421105685733947
0.0,0.0,0.0,-0.2016305352843463,-0.006380708693697372,-0.1631598852149133,-0.40251120421418474,-0.12505769930900557,-0.21429997890668206,-0.570242550979513,-0.2243785590054065,-0.2192135287261599,-0.7005205690136327,-0.31601706086411924,-0.20119039678917675,-0.2590007711445008,-0.4937444184845834,-0.16545260022362332,-0.3858220470889051,-0.8001924004250365,-0.17207652731592554,-0.5205525934535602,-0.8231305124132482,-0.15580064556659923,-0.6029642330624085,-0.7656909019669156,-0.12942222771032658,-0.1964625028673445,-0.5395649046735794,-0.050007208246469606,-0.3388921740367173,-0.8521200742492759,-0.04650622873119869,-0.4852224007138377,-0.8682430431833804,-0.022984766893542244,-0.5744699258236794,-0.7992620644351061,0.0013106670518166531,-0.16507952967876394,-0.5339927878314916,0.059295425837268434,-0.2941417248524071,-0.7844058973670434,0.07631081959027351,-0.420369777298746,-0.8100056346273212,0.08740492438239147,-0.5050783350363278,-0.7658262024785911,0.10007226680552118,-0.1613210795846592,-0.5145159390619825,0.15922517376215423,-0.2741649214969276,-0.6949068383584065,0.17631076306137777,-0.36566391599711123,-0.7377226940666278,0.1824015900501689,-0.4315477106048672,-0.7297489120189316,0.19229488221337554
0.0,0.0,0.0,-0.2095838032107923,-0.006500470013120393,-0.1709346321195947,-0.40763968146118035,-0.12047175897281356,-0.21624940032512688,-0.5706785955633846,-0.2159067738715182,-0.20952013392850227,-0.7018998641730136,-0.3146556659231362,-0.17565391776352723,-0.2610665393839512,-0.5086982004858309,-0.16632499876104237,-0.3811451745942353,-0.8121282977719402,-0.16068660880550995,-0.5213256720849755,-0.8338483320758052,-0.12797629498880567,-0.6021537623515509,-0.7713228597477926,-0.08739178730438601,-0.19973712179192943,-0.5457293246875903,-0.03284097061131135,-0.33721649367335194,-0.8566744760371658,-0.015795292145300222,-0.4842514008786491,-0.8702477445056391,0.02597668617912815,-0.5696837697462144,-0.8012903408504553,0.06551715351139864,-0.1708949200182184,-0.5347020167263441,0.09461521587574978,-0.2932295474676344,-0.7836786994261578,0.119902050697902,-0.4212572126788271,-0.8104050206791134,0.14462060448092662,-0.5037088526965335,-0.7652690872904415,0.17042962648902363,-0.1664787546259426,-0.5117759826003615,0.2126472347639828,-0.27365456240664887,-0.6932387688913318,0.23778022913697333,-0.366805665601547,-0.7407661432140997,0.25101930260403466,-0.4329283649714085,-0.7332430841294147,0.26882705253539607
0.0,0.0,0.0,-0.21248713068883573,-0.007481263309336796,-0.17053588099870445,-0.40650863885706356,-0.120870638395653,-0.2112073829718195,-0.5661702950215173,-0.21100292921112096,-0.2007205938901311,-0.6981233106794718,-0.3125201372489679,-0.1624217539474498,-0.26872544730935816,-0.5364319940952226,-0.14081881970563895,-0.377883848151815,-0.8322628925255016,-0.12810882303650992,-0.5179647609249891,-0.8444215334926692,-0.09626383913693554,-0.6011153748890741,-0.7741434724657864,-0.056273729113570994,-0.20866155222635124,-0.5574734412867537,-0.002373195384008226,-0.3395867879110662,-0.85926276886786,0.027857851859345327,-0.482990841226834,-0.8590842884086882,0.07264072886264535,-0.5667482618117485,-0.7855523276593751,0.11377942862070627,-0.17640621139856255,-0.5337874836836936,0.12856789129785923,-0.2901774548315302,-0.7716261357093157,0.16734669435542815,-0.4172212696787817,-0.7914704974317955,0.19771779090922248,-0.49825779438586393,-0.742371508118046,0.22620431611622316,-0.1642069371041363,-0.5006400650482654,0.24877625216416666,-0.2639944551129875,-0.673961534712546,0.28744814928636786,-0.3593382362387444,-0.7151087586865985,0.307460352730876,-0.42386828586541464,-0.7045140842800848,0.32946301445740495
0.0,0.0,0.0,-0.21485878238040962,-0.012619823230388318,-0.1772391305001538,-0.40759424868394956,-0.12028071557627223,-0.2208209801609206,-0.5672081527674644,-0.20546202937061664,-0.21394129542888868,-0.6990143057587103,-0.30852651181640656,-0.17937835742938693,-0.2673180595000957,-0.5531129648561708,-0.13274684695662187,-0.37369908832851284,-0.8410205266917262,-0.11802810036339809,-0.5156399677326593,-0.8495469474872309,-0.08699927767834957,-0.5998835597041577,-0.7731374764128225,-0.04815947929335012,-0.21241867480775029,-0.5672254447664203,0.010116249712245166,-0.34162253322276803,-0.8513236155964409,0.046808549434802435,-0.4848289124341051,-0.8451608343983575,0.09317270585358592,-0.568325415702994,-0.7694216512399525,0.13345043331606837,-0.18095049072515196,-0.5382913019393251,0.14373613537665741,-0.291932488226342,-0.76092728155396,0.18800080893649443,-0.41768275902854035,-0.7733564786555995,0.22037000372868235,-0.49903394478084406,-0.7176890939206613,0.24838649492635706,-0.16966899832659493,-0.49858429986189645,0.2650235407071971,-0.26134626438633934,-0.661228757322823,0.3052491522826758,-0.3582899896482894,-0.6924376647553381,0.3242092495993664,-0.4239363305368792,-0.6738333924898872,0.3450845655062117
0.0,0.0,0.0,-0.20883390934238383,-0.016338960523356427,-0.1795701824947895,-0.400997873660901,-0.1252353619447304,-0.22811990149320938,-0.5639825578507713,-0.20190263364299982,-0.22900960203472304,-0.7005524708895221,-0.29322407934786304,-0.20375048966305026,-0.2643371042625702,-0.5603066108720973,-0.12784178270085395,-0.3760219199061038,-0.849462946714132,-0.12209774422161938,-0.5159913065650934,-0.8487073050494833,-0.10372982072748396,-0.6018626554398787,-0.7672303004764236,-0.07432369944559805,-0.21161315243800133,-0.5700428139659446,0.010579470291141452,-0.3408453446781221,-0.850358765154264,0.04419227736844065,-0.4806281696316659,-0.8410095307221186,0.08110916666378509,-0.5631937627958787,-0.7599101393480305,0.1130588963874534,-0.17929405163034096,-0.5377715218285175,0.13812218236305696,-0.2880188869748805,-0.7544616397751442,0.18453874194724393,-0.4068212450293677,-0.7622673312018204,0.21327354100100823,-0.4860286887973195,-0.7008190512333747,0.23596697559474974,-0.16472493602202898,-0.49458986476808336,0.25175739847801043,-0.2501890579106484,-0.6466197122488926,0.2947094138966131,-0.34067363550850377,-0.6683173651302927,0.31367494735454865,-0.403196521708713,-0.6411558496049323,0.3326402950322834
0.0,0.0,0.0,-0.20923565056506263,-0.01958301120944204,-0.17695362834754386,-0.4022626080719466,-0.12798814620101506,-0.2245618064918829,-0.5643427785624553,-0.20143217929652363,-0.22822840042918124,-0.7020874143952691,-0.290112038795758,-0.2062818219851898,-0.27713425740311026,-0.5605549378354031,-0.1007414136805507,-0.37888914388206674,-0.8481469821534705,-0.09208104620723703,-0.5191148293007055,-0.8500119663598324,-0.07700006062517947,-0.6058994855145374,-0.7695531470825269,-0.05096425828685139,-0.22427216318014342,-0.5702948740008611,0.031023278068812835,-0.3459490846359249,-0.8473103823653093,0.07147322043932819,-0.48600723760645576,-0.8367750474927509,0.10794357096071575,-0.5692593317421023,-0.760789395460585,0.1386073421389769,-0.1907759550522636,-0.5396557553486425,0.14906464475227937,-0.29584392990495645,-0.7545127662647939,0.20019067073377594,-0.4130150297385262,-0.760734702902488,0.23105927039348279,-0.4913719815426607,-0.7009696160422139,0.2540061284451101,-0.17311753394218382,-0.4998809145376476,0.25161326187558275,-0.25684926250656076,-0.6525997706011251,0.2956820339132224,-0.3470095526264443,-0.6740187693602053,0.3158291497027602,-0.4092869478559741,-0.6494026406830092,0.3356390434774562
0.0,0.0,0.0,-0.2046082262078766,-0.019861264173144648,-0.1794237039823838,-0.39901644527488106,-0.1250047263148726,-0.23096525771123147,-0.5642823647723789,-0.19357710150716317,-0.23937312702177202,-0.7026765835525702,-0.28145348857366603,-0.22383003750773184,-0.286058019331093,-0.5557289534333196,-0.1043453002628016,-0.3817122264356991,-0.8414138437497365,-0.10477286616461212,-0.5172269282905324,-0.8488290306387278,-0.10159080763510543,-0.6078080870739482,-0.7736516607661978,-0.08471840518020576,-0.23580969154618636,-0.5673609801752859,0.023939329345688543,-0.3587194387730849,-0.839905492490624,0.05684306274145848,-0.497200216566852,-0.828278988298926,0.0820693117419742,-0.5828548444381692,-0.74899936095699,0.10362605010471435,-0.20159702978225402,-0.5378403280475164,0.1378599733966619,-0.3100485303927507,-0.7501021409607269,0.18102714061098532,-0.43026481487117474,-0.7529810013445718,0.20037238182426478,-0.511675570501823,-0.6902755763727295,0.21471882085992008,-0.1834135889319239,-0.4984353419504657,0.23643576356336976,-0.27365313483988113,-0.645670046397585,0.27293128490802343,-0.36814601675615916,-0.6595306609405724,0.28567251964639684,-0.4339033215727669,-0.6291492500696739,0.2993943995282499
0.0,0.0,0.0,-0.204965646630773,-0.012451717334588034,-0.18064394207619777,-0.4050842635769806,-0.11252773274809677,-0.2301041134202555,-0.5744139989421893,-0.1844098204455436,-0.23510692958333967,-0.7110876376963666,-0.27495405353170055,-0.2144917228810787,-0.2929203638492723,-0.5526218804398566,-0.10481967467242362,-0.39140693031562834,-0.8398015760999566,-0.10273043435055182,-0.5300683615750383,-0.8420928619280041,-0.09388876102796839,-0.6197753285611063,-0.7642079176742707,-0.07215279623324386,-0.24332725036658137,-0.5642342264786031,0.027159736608033655,-0.3672773465766086,-0.8379256040711404,0.06303439813353576,-0.5070249035284524,-0.8210274372470667,0.09561743298317962,-0.5921373649720907,-0.7412467686839583,0.1239815706551071,-0.20936065709455315,-0.5334008281438594,0.14463774639653026,-0.3208878770864084,-0.7432971803977977,0.18767552388434056,-0.4426235011101455,-0.74269781991089,0.2105781090259799,-0.524552444741915,-0.6800906453515494,0.22941441263633333,-0.19141499489075903,-0.493589507251822,0.24705538573585373,-0.286451967301759,-0.6354627185956221,0.28231167399475066,-0.3828269753292678,-0.6416948237111866,0.2957965779541375,-0.44830486091239263,-0.606336517992948,0.3119480523614162
0.0,0.0,0.0,-0.20712991426671906,-0.015312316659153797,-0.14418632588219057,-0.4028017027803775,-0.10737054763792192,-0.1852858697836163,-0.5723199733633488,-0.17588139907014,-0.19598062674068117,-0.7080928076601583,-0.26065026947994424,-0.18433758468301042,-0.3016064767252406,-0.5459645979769816,-0.05701653108329945,-0.39312429830378415,-0.8359712637222051,-0.06749111740227315,-0.5293268062980376,-0.8394101485639085,-0.07435655516710285,-0.6247450001507189,-0.7662763624083822,-0.0647282141716775,-0.25638466692258455,-0.5728846502323173,0.04022492638871959,-0.37468679516651693,-0.8577682961999649,0.054365362665040454,-0.5164698313424082,-0.8352980289315164,0.0680992621113406,-0.600997596080211,-0.7568919228074444,0.08500933148782848,-0.22824235093169226,-0.5563785748598921,0.12171020641167556,-0.3412721635493634,-0.7984940055743637,0.1407449929966134,-0.4716710972460845,-0.78813878223713,0.1481512447821708,-0.5542895580657747,-0.7166944650935576,0.159998682024523,-0.22012316072284763,-0.5252783511677154,0.19055334929925793,-0.3150067461326781,-0.7072233762009608,0.2072129407507775,-0.42265146928953,-0.7168892719805645,0.210057833390793,-0.49536047251661747,-0.6750139088838314,0.21962068129055728
0.0,0.0,0.0,-0.21385213550042229,-0.016777104345187296,-0.1085940468224589,-0.40460843815019043,-0.0997535231511161,-0.132400115033747,-0.5714386625854575,-0.15494447290047736,-0.13483625072954936,-0.7060581561338861,-0.2410632834951931,-0.11685690210470659,-0.30824611493072346,-0.5448661719670407,0.003195077589982335,-0.40037918054998517,-0.826007131929863,0.009223257687420779,-0.5348553304591646,-0.8300014327692122,0.009460992459142357,-0.6238058092127956,-0.7521153548953001,0.022298033903167494,-0.2673344458899416,-0.5724207257850313,0.08159573746419974,-0.3844120074151931,-0.8590863782427595,0.10703428642145185,-0.5274230054135605,-0.8298672855533369,0.12130711968804252,-0.6081695986282234,-0.7468697659605623,0.13815975686840384,-0.24515614683162487,-0.5629056307237854,0.14409422983922596,-0.35690599806807094,-0.8198330728102586,0.1717220568286668,-0.49191494958370985,-0.8047756314214872,0.17826248131159506,-0.5734711896833689,-0.7272490413344128,0.18795207874894315,-0.24463934756077632,-0.5410155449710947,0.19596069691112383,-0.3369438379734683,-0.7428550651692416,0.21469057144868814,-0.44912602722320943,-0.7583771370709382,0.21375038003291347,-0.5248040137008252,-0.7174801615520299,0.21955595278646434
0.0,0.0,0.0,-0.19458004791298003,0.023914799881558004,-0.1537496732308935,-0.39927986756360045,-0.041630700117190826,-0.20097386870685563,-0.5759253361813891,-0.08668119315651224,-0.21710593878695017,-0.7091712662492392,-0.18527387813335308,-0.2103894142214042,-0.32606988375817597,-0.5204347283052593,-0.07079065381945077,-0.44649745560109083,-0.8156550792236227,-0.08921023267539797,-0.5839457889472668,-0.8050045400997026,-0.10476166278567937,-0.6734705339808872,-0.7276341509810331,-0.102521650630896,-0.2886076989061078,-0.5578106000980579,0.025275991589885385,-0.4272528294365171,-0.8534128428575182,0.029655395020505605,-0.5699219443039434,-0.8028562717755354,0.03301759461250491,-0.6492322049476379,-0.7159181669291841,0.04024853089129156,-0.26947255709188267,-0.5465429805285886,0.10427452822110322,-0.402694881406946,-0.8151054851633412,0.1089866184415981,-0.5350584197463917,-0.7749467413119476,0.10372344974998705,-0.6109527976233251,-0.6933341232584103,0.10623211311200384,-0.2677056013265352,-0.522109288547429,0.1710596560874394,-0.3777366493239841,-0.7486242994667062,0.17736628413431105,-0.4848734582450894,-0.7428280010032797,0.1733790118115974,-0.5490363562692646,-0.6796840605043061,0.17530489004911912
0.0,0.0,0.0,-0.19586966892734858,0.029510485100286678,-0.15454411081424305,-0.4003493498166768,-0.03925569667398551,-0.20423332326553695,-0.5765336539201551,-0.08856774104020819,-0.22219956134519242,-0.7106383260400624,-0.18685827222538928,-0.21794855523816614,-0.3274911573021051,-0.5147746203306302,-0.08133324712625489,-0.44971292409571806,-0.8139165933448,-0.10458831968444476,-0.5868223353730919,-0.7998171577962716,-0.12436911164485245,-0.6761458301161398,-0.7234425801613431,-0.12522004400352726,-0.28553383572908914,-0.5529710014343183,0.013604799513360376,-0.4267408549831912,-0.8528199291621695,0.013588291671708368,-0.5712165800750508,-0.8057929352557616,0.012935734076986543,-0.6520312075950763,-0.7216416487568211,0.016835297656386177,-0.26165773348636623,-0.540589611488383,0.09242934195671842,-0.3968718505875613,-0.8085750436793386,0.09721252336766606,-0.5296956692690672,-0.7729539766267104,0.09145494929094922,-0.6053937446340469,-0.693087566400175,0.09256515049773476,-0.25493892713580857,-0.5110496337334767,0.158876837730359,-0.36748255385221085,-0.7268752116549011,0.1673598780259788,-0.47509483138469527,-0.7250962217595851,0.16482646713963506,-0.5395647083813311,-0.6682570329426856,0.16710232995737845
0.0,0.0,0.0,-0.20491777165351385,0.02729693880025446,-0.17190638664922034,-0.41036722987010954,-0.04131663656252277,-0.21542212843798897,-0.5889893275822066,-0.08790153228578276,-0.2152294435788876,-0.7294742487966577,-0.1806651328215067,-0.1928673939060828,-0.3183742266466096,-0.5209381376057204,-0.09707166278515453,-0.4620228321417882,-0.7938113075373732,-0.08466707310448801,-0.6042555965406232,-0.7800418904587689,-0.08031428021075458,-0.6949895216400008,-0.715682518221554,-0.06919608314534718,-0.26804876458981547,-0.5636322417355752,0.026955420332981397,-0.4269224230307687,-0.8467681988150869,0.05923728041396266,-0.5782403336093536,-0.8088605528706024,0.07084061837300275,-0.6684041986166378,-0.7316119386109624,0.07786551909323644,-0.24328675269122574,-0.5480100938266221,0.1387971936170199,-0.3917978528088901,-0.7892548062777089,0.17554397812957645,-0.5260274624219188,-0.7621923723769694,0.17288009129870124,-0.6085097996661857,-0.687811113479579,0.1690569152846562,-0.2407705861815222,-0.5143313529033888,0.23816607766840814,-0.3644596979959937,-0.6869415977370142,0.2699409763525121,-0.4701034446065253,-0.683718363424228,0.2685925198837336,-0.5378818982786666,-0.6328477130071073,0.2672917638433792
0.0,0.0,0.0,-0.20809911329212927,0.01524992682051931,-0.1120863466150968,-0.40822434018301523,-0.04844145965363887,-0.13456536284394816,-0.5803389538583372,-0.09075814853515904,-0.1343129801449028,-0.7171526342590255,-0.18620321892965042,-0.11533089593475686,-0.32344493019856624,-0.5152507300484014,0.0077744845194711865,-0.45425787812603424,-0.7779861475792055,0.022447410215405514,-0.5890124557769949,-0.7793202789325866,0.01752041780870154,-0.679877940091012,-0.7186906549308163,0.020629489796864867,-0.28437462928019064,-0.5551910926136754,0.08503207530933106,-0.42711311174847477,-0.8353247517664676,0.11776965975646947,-0.5718854834613585,-0.8086481340845447,0.11697825946421742,-0.657530777217085,-0.73264102357743,0.11572621330797475,-0.2669728775582042,-0.552452115588159,0.1470368906219524,-0.4007005421865457,-0.8057947140709258,0.1831861493430244,-0.5316084342996337,-0.7849543761472919,0.17441595600932497,-0.6124561558948065,-0.7114187257365583,0.1657832090351237,-0.2663433045098722,-0.5358001943133023,0.19827109831736622,-0.37818125019462645,-0.7266944873316719,0.22431496798311668,-0.4865009380362892,-0.7344055852639393,0.2180770864963434,-0.5607765567654941,-0.689402744761823,0.21310889715382447
0.0,0.0,0.0,-0.2040136309056271,0.016662575509971675,-0.09901505155368609,-0.40094163143606176,-0.04086459520285406,-0.1210666829111698,-0.5709592691400229,-0.08225637264383079,-0.12743221638816643,-0.7059219356265211,-0.17677615424321733,-0.11594137850089403,-0.32342230123299354,-0.5094261515736662,0.025201265000875342,-0.4466948727152332,-0.7786242790256535,0.021703885747729006,-0.5805517365739881,-0.7876622613617289,0.00313589423975182,-0.6690372960017423,-0.7226071287722995,-9.219261879052192e-05,-0.28937304741632475,-0.5500732581298646,0.0846111134679206,-0.41983347112993163,-0.8382975903167312,0.10038391524878557,-0.5646302473516789,-0.818193942835389,0.09081559136550563,-0.6485958916761185,-0.7371695555955058,0.08718923499512478,-0.27351641817432,-0.5547090934949372,0.12632155342813325,-0.39611832054833546,-0.8216484925135974,0.1461433052313108,-0.5284704950138366,-0.8042857128903739,0.13251198528286348,-0.609271718521397,-0.7261401695937615,0.1250259334211869,-0.27348936044514166,-0.5431458196563199,0.15734768716298542,-0.3765189799710581,-0.7452389120434152,0.1693536729211546,-0.4852361443416304,-0.7625080901887565,0.1584734482746428,-0.5595128237142911,-0.7230227614403146,0.1538480871163419
0.0,0.0,0.0,-0.20027905155683634,0.010856469133659365,-0.037983968529154484,-0.39233208966715966,-0.05501239299540464,-0.04750481614914244,-0.5538945693378452,-0.09620560316634635,-0.0626334034224323,-0.6860546436386763,-0.18789349510805514,-0.06414317033574253,-0.32128745004682413,-0.5138453845777371,0.0922723934558578,-0.4326333941267583,-0.774113558747211,0.08194888579519555,-0.5609250497562537,-0.79100076985014,0.057675773001179605,-0.6453964723513477,-0.7326900432363277,0.04937488067754316,-0.2882359145468174,-0.5564806250232337,0.09776002638091094,-0.4103899227478127,-0.846818794696399,0.1016234018860277,-0.5530180499111128,-0.8266979164638633,0.08867111948876778,-0.6323158494062336,-0.7409226212687701,0.08454638937150845,-0.27113685080875055,-0.5697739917081359,0.08535705841443417,-0.38591658625927205,-0.8480150214109601,0.0926366258762717,-0.5229207343783362,-0.8296058289508716,0.08515641641185867,-0.6023008345154998,-0.745422826681764,0.0835652676729906,-0.26859505572560183,-0.5613781243654448,0.06444428020959846,-0.3677805817667303,-0.7735831740427603,0.06908037196620143,-0.47958299574898866,-0.7978587925133649,0.06491408536199206,-0.5544279503297458,-0.7564757706829353,0.06545560147335529
0.0,0.0,0.0,-0.19541518000371294,0.008320737562374753,-0.01933325682004908,-0.3859566786280838,-0.05682604167684789,-0.0252059576849626,-0.5438667174756524,-0.1000720940869392,-0.04258750889849261,-0.6743559365560898,-0.19011742328235964,-0.04806854131473229,-0.315982718200704,-0.5082664505288443,0.11180961210143836,-0.42689752214178733,-0.7654736630407004,0.09786566456957654,-0.5525802912576752,-0.7895644298584665,0.0694980789533483,-0.6340378590179333,-0.7337101551566751,0.05867193320183328,-0.28320887292421565,-0.5509774519605862,0.10057468176985461,-0.3996617214102951,-0.8464434774276881,0.09870917776844862,-0.5411515161038196,-0.8359141952332826,0.08179183234102075,-0.6204970001719857,-0.7525667475041495,0.07644657309679655,-0.26545099818546947,-0.5677430809676439,0.07141746815534777,-0.37505330681445465,-0.8483204604221537,0.07460824904215327,-0.5111077039192029,-0.8415036135784999,0.0667059687353524,-0.5916642057750772,-0.763155716871267,0.06557049400104936,-0.26002437617551866,-0.5615037974456023,0.03455696618061619,-0.35634817524617907,-0.7718488427917402,0.03657360817930943,-0.46707994828040905,-0.8079771604112795,0.0330485028191159,-0.5440664017293699,-0.7775121671521912,0.03457447821908977
0.0,0.0,0.0,-0.19367686555909985,0.01879433094141532,-0.08412873774416353,-0.38587695654683135,-0.046505926743794675,-0.1097920190985806,-0.5478972917733893,-0.09348950034794545,-0.12392786404179268,-0.6791912935803719,-0.18895327085449143,-0.12078737842547325,-0.30514707337734526,-0.5018556167461918,0.00906644895341728,-0.42302561746624573,-0.776043365346286,-0.0123596942494575,-0.5592663347453021,-0.7952024029914124,-0.03599771279143945,-0.6445795360510325,-0.7331847946513468,-0.03951621020895317,-0.27493326218941017,-0.5380780500079781,0.05051834182002915,-0.39944609440045103,-0.8426017239087513,0.04765470460371488,-0.5459596193642711,-0.8352859088777844,0.04152219091478122,-0.6268575753179456,-0.7540521821339373,0.044903426786836495,-0.2594737238033087,-0.5448934705275266,0.07510288886820175,-0.3771614967909964,-0.8242160746071681,0.0800943134261971,-0.511136424188199,-0.8239135914112655,0.0729829445806089,-0.592509775771646,-0.7537488785294577,0.07363634125239943,-0.2580723550528323,-0.5349445403184288,0.08969980845415974,-0.3564272699154848,-0.7407322839828732,0.08985925977534073,-0.4642707139792638,-0.7802797210287525,0.08007863055346226,-0.536575019653375,-0.7591892095830068,0.07917361362432615
0.0,0.0,0.0,-0.2005564382013771,0.010886924476710219,0.04969021008420764,-0.38491073913782586,-0.06032942403296525,0.06954976075470015,-0.5326716296589715,-0.1051110685723995,0.06061187825210028,-0.6605948744637852,-0.19724726488928965,0.05941168958775209,-0.2975793539513212,-0.5169000626633796,0.1994084867444096,-0.39551377540861543,-0.7624593367635366,0.20478866800407872,-0.5187960256883806,-0.7888904061339763,0.18529849976430085,-0.6069324747309072,-0.7332435149095048,0.17775962583684005,-0.272684162611267,-0.5494628317060068,0.14688916864908863,-0.38293831970985864,-0.8359700263978794,0.163828561767493,-0.5271360043542225,-0.8355820328690743,0.154694212108438,-0.6114136766718276,-0.7572834070319956,0.1523488081017386,-0.26247171601199787,-0.5592358811507074,0.07817966365827578,-0.3684461318443783,-0.8403264836813285,0.09413562169022353,-0.5040745984211372,-0.8450846940499739,0.0965138587893258,-0.5883910830723363,-0.7748059424819376,0.09937215512827537,-0.2652680213306731,-0.5499814112133927,0.005440541047158541,-0.3579545999032119,-0.7629078204176087,0.010875666726454541,-0.4674138181023714,-0.804529959272494,0.012930247986652281,-0.544630501462839,-0.7787179401325233,0.017362400070263236
0.0,0.0,0.0,-0.19988781200691785,0.007224927880202155,0.0204282664442036,-0.3861510348538165,-0.06540451243886247,0.029784037652427063,-0.5375959730735675,-0.11357884193344314,0.018607857395744352,-0.6650093632155388,-0.20281429518841504,0.017631031525111973,-0.299431649231497,-0.515481652805474,0.161476976013625,-0.40033688824153346,-0.7690508955964087,0.15933297250510117,-0.5250374678646426,-0.7937532686315741,0.13653893752804946,-0.6128965930250068,-0.7364571512232524,0.12821048735577156,-0.27467494017449784,-0.5467617404498895,0.12862034125946803,-0.38795218379473456,-0.8361199463730127,0.13970125690792792,-0.53200882006135,-0.8362711696415823,0.13039320549092642,-0.6170434599360262,-0.7618031116440664,0.1286991601729244,-0.2633018659668783,-0.5545544316271681,0.07888369954634253,-0.37319599088432265,-0.8362428131014472,0.09272124718022232,-0.5084146961539429,-0.8431677496256056,0.0936773340655353,-0.5931534846558719,-0.7752069374539606,0.0960730454044498,-0.26357811865491165,-0.5439823122831638,0.023403878773451653,-0.35882599430642925,-0.756243406858021,0.029416585147278487,-0.46910443782472155,-0.799258377447682,0.030196194652188153,-0.5478359452692203,-0.7765742384192529,0.03388584932542004
0.0,0.0,0.0,-0.19956969059750534,0.004068425730300124,-0.05888191271037531,-0.39096656517411443,-0.06173916184152836,-0.07405295084569688,-0.550415182633834,-0.11352969234435473,-0.08853575548585156,-0.6725028766521106,-0.2071279817402998,-0.08812087626696553,-0.3135441186095788,-0.5135135891744329,0.07634205277596687,-0.4162067802639038,-0.772405127997337,0.06842762615826631,-0.5390287507215579,-0.7985938432117453,0.042129229622348226,-0.636725957540228,-0.7557471515677561,0.03066803849783535,-0.28735957319926275,-0.5454383911433032,0.09733541198338956,-0.3967545138669743,-0.8284442979510773,0.10331168596888655,-0.539367286691301,-0.8259899773236287,0.09046041490962532,-0.634135727360646,-0.768523301000167,0.0851106051241038,-0.27226045196831034,-0.5466915475794154,0.09932287743547367,-0.3795897759338017,-0.8213320455397805,0.10859971424299375,-0.5114155261841196,-0.8243457714474859,0.09737218281439876,-0.6013180660905133,-0.764336557078748,0.09217950623230833,-0.26673520093326497,-0.5317537456442837,0.09132289653654353,-0.35853943211850053,-0.7409939937700861,0.09705530213583027,-0.46619582509248125,-0.7734767676490566,0.08944994595817377,-0.5454615856785666,-0.7535490132792276,0.0869388198941162
0.0,0.0,0.0,-0.19654903660299333,0.010189426432914954,-0.10972985151142714,-0.3919050195706072,-0.05858769048663258,-0.14602363254894024,-0.5547681316180031,-0.11355721052834519,-0.16561154423800623,-0.6761280801955287,-0.21106401524612786,-0.16721742971587245,-0.3112305936916587,-0.513056778116446,-0.005536290242378422,-0.41969473360165155,-0.7809239538747996,-0.021544371525331174,-0.5475870339846114,-0.8002498846036563,-0.0468145394439599,-0.6440198136708286,-0.7506698536058249,-0.05516818727364758,-0.27769624302254414,-0.5428292994580279,0.053500193826281205,-0.3937979016882788,-0.8262483108988815,0.057185558871995675,-0.5380125210317803,-0.8191389312690254,0.05055118333812004,-0.6326882281996697,-0.7574130468256359,0.04998709552665575,-0.25703887259726554,-0.5350607085505426,0.09490454764073403,-0.37059900971201226,-0.7921044346239627,0.1054306061420635,-0.49823666899207997,-0.7912395828714816,0.09847135252514927,-0.5845142079115284,-0.7315801240885758,0.0969991180778876,-0.24966822256413318,-0.5098352928313077,0.12437084456006195,-0.3461882523086512,-0.6996236559692985,0.13408836646792358,-0.45005212844098474,-0.7217857808893908,0.13067084226988085,-0.5234916220963548,-0.6966927156128524,0.1321449129119179
0.0,0.0,0.0,-0.1978563703772137,0.0016965753231855097,-0.07359372364880243,-0.38869878505565264,-0.070973548198877,-0.10352726859348771,-0.548533088746967,-0.12122678022345307,-0.12803956484332157,-0.6554999556582759,-0.21701007985133858,-0.1364357414832662,-0.30993284833347523,-0.5191520880137046,0.018296253917567073,-0.41155403239767885,-0.7896567804022026,-0.01569952722988567,-0.535201286974345,-0.8078151572687402,-0.052132363275628965,-0.6273840152984373,-0.7518951299674577,-0.06617275873854485,-0.2754640947411551,-0.5542772797976072,0.04573651124434355,-0.3907631382995604,-0.8428159344968964,0.026381574021996174,-0.533608656694367,-0.8335396148142402,0.00994964826814706,-0.6238992964108876,-0.7588206363829431,0.006728927467480862,-0.25567011255783123,-0.5534652230926979,0.056251751548583195,-0.3694304516270297,-0.8185461054625063,0.04665318556937392,-0.5057280892108469,-0.813956045120982,0.03627723390671363,-0.5927463975433249,-0.744678631315136,0.03685512086770879,-0.2508163980455609,-0.5297037064763119,0.05735327191922347,-0.34763331560236654,-0.7317505354886968,0.0534129395878667,-0.46029426572195,-0.7596586367691247,0.04784100756468801,-0.5388483523457037,-0.72897572660479,0.05016078575161112
0.0,0.0,0.0,-0.19940678112503518,-0.005398791774412455,-0.06750105734566685,-0.3960290446651442,-0.08146132630871016,-0.09956161278126842,-0.5595421512052852,-0.13736372100057795,-0.13332562726488445,-0.6786001396903465,-0.2253629473312372,-0.15023073587800964,-0.33940526088625805,-0.5283729384577441,0.030140660178865835,-0.4151594195790598,-0.81168701441524,-0.030992847788658903,-0.5325715834989379,-0.8224022444516368,-0.08724898412113523,-0.6231616928533685,-0.7597310830844917,-0.11255774964281877,-0.3047488267174915,-0.5696983462220221,0.039160301031526575,-0.4016384953402554,-0.867443525742235,-0.009929001418080488,-0.5365898812683769,-0.842938027038151,-0.03907405652627354,-0.6164441376059877,-0.7555653794482692,-0.04596752129836313,-0.27918740373388656,-0.5771479480697942,0.027687334337644597,-0.3814567636525502,-0.8500726093997272,-0.010347255833176677,-0.518557230231887,-0.830318008702532,-0.02523718502667144,-0.5976577097145664,-0.7491542623126802,-0.020618156446616166,-0.2586777804983789,-0.5594499706350714,0.006107845333176196,-0.349515365617888,-0.7820411340337243,-0.016304338677451832,-0.4716568356993796,-0.808144567697445,-0.024107144748609886,-0.5537051556991959,-0.7660628917114733,-0.01954280729186862
0.0,0.0,0.0,-0.19584414703613096,-0.005106454177967252,-0.0754830612927541,-0.3903417069483294,-0.08283025998772839,-0.11319274523103487,-0.5531559306207342,-0.1445926635932353,-0.1497004507366832,-0.677177951135903,-0.23187582916509136,-0.1698501349743533,-0.33840198775818353,-0.5209819851444215,0.010648414184812972,-0.42708707951865943,-0.7944752403469784,-0.053446648690756014,-0.5449342539485844,-0.8051379950005325,-0.11089669977155092,-0.629106141346591,-0.7428271310328294,-0.13686348380262406,-0.3015975752143205,-0.5662454421324592,0.02418634392418039,-0.4046924545901779,-0.8582469374804769,-0.02525267221135957,-0.5388558693823963,-0.8405713965911961,-0.053448329302417136,-0.6175870783207391,-0.7554978417420828,-0.06101176233274293,-0.2735802057888526,-0.5733096768843904,0.01776891873443269,-0.37601967402226755,-0.8410175799538735,-0.019652456138742374,-0.5096448790384319,-0.8307507725335678,-0.032978948140384816,-0.5867965122780029,-0.7542779133346909,-0.029182478151390787,-0.2508486800776706,-0.5524031572064279,0.0008001783512914811,-0.3379943297244034,-0.7693698606812747,-0.022451581918316997,-0.45195622441989947,-0.8017702992065316,-0.030381576022208465,-0.5294333915245248,-0.765828149786142,-0.026910936513247184
0.0,0.0,0.0,-0.19509404104027023,0.00034273791479136513,-0.07040913730344325,-0.38714259955141994,-0.0765558048576574,-0.10686896780496867,-0.5499589462119141,-0.1356296609762,-0.1433868929030653,-0.66961592664519,-0.22626259056499165,-0.16438832890691277,-0.3332483853633609,-0.5143147161247736,0.011676311683964088,-0.41982769806301645,-0.7908506711785532,-0.05297386202084704,-0.5385498878216786,-0.8090470450103819,-0.11023244264048687,-0.6247128638008357,-0.7543807073989557,-0.1364676322897015,-0.2977012812780784,-0.558595617973904,0.02067178411145513,-0.39934708766417726,-0.8559174801563747,-0.029223919828279987,-0.5354569930854858,-0.8426298450987071,-0.05594678860941196,-0.6151384035385636,-0.7590432809328531,-0.06251790432298217,-0.27092636156374866,-0.565881310109264,0.009952701547073738,-0.37239012496908924,-0.840994676038192,-0.028764110499625607,-0.505091315727875,-0.8334124262972269,-0.040752460842461896,-0.5824242210879997,-0.7582764602236685,-0.03580881233705488,-0.2501350388661422,-0.5439176591784853,-0.011136850875397708,-0.3354944650907349,-0.7649665244828638,-0.03651669395966068,-0.44531997239128485,-0.8012485564542953,-0.04439810225364234,-0.5198788006360484,-0.7679536497017894,-0.04037974633466976
0.0,0.0,0.0,-0.19284359106695353,0.0020903475037508806,-0.039701284484090306,-0.3858772300946096,-0.08240425119060643,-0.06444848522361032,-0.5438657961378919,-0.1401351529036979,-0.09777021959526,-0.6688555434234491,-0.22245522937195536,-0.11819522932038024,-0.33911669067155514,-0.5210933738803983,0.05135836274893854,-0.43750192534108867,-0.7729916302364144,-0.003793808139682865,-0.5501042349161516,-0.7918710773785713,-0.05847515917910209,-0.6340152998198951,-0.7417207288368013,-0.08537445706510435,-0.3039220808550881,-0.5650484151394859,0.03854234181528539,-0.41349490303810976,-0.8425589787317456,-0.0035421141352828187,-0.5479404187700188,-0.8353978891223199,-0.03204468842656078,-0.6305810328015032,-0.7513872906405035,-0.04180494719420242,-0.27612831491922046,-0.573216069281565,0.007138175881734855,-0.3805712803110527,-0.8365159306511709,-0.024753974436774687,-0.514782357655567,-0.832619912342281,-0.035557328811293386,-0.5966659650640307,-0.7589301420254053,-0.03288660954625025,-0.25411367723295397,-0.5527470661351379,-0.03326886012718164,-0.3408964608052968,-0.7693710353854657,-0.053174579058923074,-0.4506295444923824,-0.8078541833107391,-0.057765955826995306,-0.5281443039720075,-0.7758454491623356,-0.053899969580976426
0.0,0.0,0.0,-0.18920994181308365,0.005847962317747469,-0.0629072111766073,-0.3878874738572473,-0.07726191006761277,-0.09135083126552684,-0.5510640065545158,-0.13338296853059484,-0.12075601143441177,-0.6780207335213853,-0.21536741120330494,-0.13631292272879325,-0.34276001305769144,-0.5115499230578806,0.02438497614630316,-0.4454005975201438,-0.763418383922891,-0.028627198761974497,-0.558086316067103,-0.7856163828875451,-0.08070322951604561,-0.6456747948785149,-0.7422642729261075,-0.10622496978457968,-0.30805559793893206,-0.5560296573862948,0.029978006002276136,-0.4186684973464512,-0.8360610290390951,-0.012449625911867507,-0.5524199662699951,-0.8261284294042225,-0.04100153599891536,-0.6340569090564754,-0.7431921483298933,-0.05014595394505729,-0.280506985630163,-0.5625465221932479,0.01711103565802325,-0.38606522730970894,-0.8273158288047133,-0.016424692636356285,-0.5181766621760939,-0.8216635710916402,-0.0313766586162329,-0.5986808508317578,-0.7499189743024187,-0.0300614170895036,-0.2590427334281734,-0.541872627977906,-0.005442167692751536,-0.34871804265309614,-0.757035923275085,-0.02695535704214815,-0.4594634844742306,-0.7920528460713876,-0.03564923460244674,-0.5370409260335445,-0.7623721926529313,-0.03377002460580987
0.0,0.0,0.0,-0.17700497940324333,0.025616653166098808,-0.13780679418932817,-0.37656919359534574,-0.05519493876354286,-0.18646673449937365,-0.5469767593445597,-0.12686803947423259,-0.20445083901306615,-0.6830969344270581,-0.20927477040460507,-0.20517113581876528,-0.3194826522067752,-0.49065525880868865,-0.09234432043737517,-0.4685151906441827,-0.7216035789245658,-0.1217149614025932,-0.593382375157767,-0.7402353569498806,-0.14930055851422497,-0.6875228892847906,-0.7085096315997749,-0.15914263614708987,-0.27451543397811956,-0.5434894687120896,-0.014807817323359418,-0.43247015499008457,-0.7886806699485861,-0.031151633467959412,-0.5692542164386589,-0.786350959967653,-0.03897442581330101,-0.6550380249041357,-0.717378972278335,-0.03641655207429354,-0.24536839315268516,-0.5368302918029983,0.05020055421895594,-0.3894291268092913,-0.7430247228001519,0.04145101709875602,-0.5117696451841341,-0.749982010353675,0.033047405676281706,-0.5955214425580759,-0.7071439774045183,0.03577337840781585,-0.22948535448097873,-0.5112082858214608,0.10501594920191383,-0.350066718099982,-0.6694508236020141,0.1027457206668972,-0.44769520911786537,-0.6978958220949121,0.10092229781287387,-0.5195143456138569,-0.6885644922684893,0.10640118749596292
0.0,0.0,0.0,-0.18366427671302318,0.020573681984410522,-0.12280385981085762,-0.38017279326287634,-0.06168518401569684,-0.16537539866237255,-0.5466428664460131,-0.12928169934111838,-0.18274512409202115,-0.679799317159699,-0.20745625066272871,-0.1851657433009658,-0.31603289418905367,-0.49492177501655765,-0.06034039612839652,-0.4624929856233183,-0.7205785890802665,-0.08203393339048505,-0.584759356722037,-0.7472279387086327,-0.10858987770296159,-0.6813992258420447,-0.7208945718558126,-0.11927041108370477,-0.2764536787477562,-0.5381007802781907,0.007386985236508663,-0.43087645345248826,-0.7798738047787753,-0.0005932876496573779,-0.5657516252387522,-0.7842727876095981,-0.009784884543192795,-0.6549528856270863,-0.7217072211173758,-0.009972546533727193,-0.24891901117168616,-0.5270088403226011,0.0620009707350971,-0.38823892975616414,-0.7400122827273199,0.06222362467426411,-0.5083105538758486,-0.7545851496204021,0.05326100818117534,-0.5930290346707193,-0.7145561514363021,0.052926138031531816,-0.23275472434074276,-0.49874003938225975,0.10633388854863163,-0.3473443179035902,-0.661573046520973,0.11010747168383832,-0.4418091096122342,-0.6964332284613984,0.10831659031801777,-0.5125980567686155,-0.6911653498050849,0.11212199308172084
0.0,0.0,0.0,-0.1926084682970074,0.013968110675728541,-0.1269218985104774,-0.38780291840888836,-0.07101410759793787,-0.160013100771507,-0.5492932381481551,-0.13435355019317743,-0.16212453873924348,-0.6823274637505882,-0.21284300382567617,-0.14758134862131872,-0.32123991693046594,-0.4913983964511303,-0.049565471395511596,-0.47090922759322346,-0.7079337308527673,-0.04953578788141619,-0.592135282541226,-0.7422808807046465,-0.06028790059378826,-0.6895830642219327,-0.7186096549443587,-0.059401049850319604,-0.2814376574243968,-0.5249269693308575,0.03825460506620876,-0.4350849283158374,-0.7633270976658786,0.05785153553169094,-0.5649228554377521,-0.775037133145549,0.06606860928085276,-0.6596056333093365,-0.7208685169679601,0.07679382524273604,-0.2551016354877267,-0.5078476302620948,0.11393303485772871,-0.3870728021320743,-0.7100902260260366,0.1419665039428575,-0.5024326183040968,-0.7323750234840914,0.14931253581927506,-0.5863986461160955,-0.6972914889836198,0.157873229600482,-0.23691990698687881,-0.4770381615282225,0.17865676074637166,-0.3454810200197451,-0.6239340475032207,0.2087238901802089,-0.4336841607164599,-0.6632335882239274,0.22084899500329233,-0.5020940115735429,-0.6649177050609058,0.232761657289896
0.0,0.0,0.0,-0.19383444103191655,0.011108653939273705,-0.12016323373003746,-0.39119878658552654,-0.07922622475233955,-0.1501524238298091,-0.5524261622797625,-0.14594405603783722,-0.15099906651149292,-0.6827896973366507,-0.22430832694300418,-0.13594036955759226,-0.31997081300581487,-0.4906990294890166,-0.04190713724471512,-0.4767547481927773,-0.7037994274454578,-0.04042340392698612,-0.598582348019733,-0.7351623313408482,-0.052145234598444695,-0.6987158274039487,-0.7116729909348598,-0.05366446824222544,-0.280007886426259,-0.5267973805035876,0.04041278745878442,-0.4390615379074373,-0.7609340541995799,0.058172343181464276,-0.5721356648222109,-0.7710114379856603,0.06015116713319961,-0.6708518437198051,-0.7151864700418105,0.06495919213140891,-0.25205047808235226,-0.5107129088738831,0.11123677305433208,-0.39059000028308694,-0.7165900906427605,0.1362649112955469,-0.5094503725880493,-0.7342525284612835,0.13651636873553058,-0.5958352034411273,-0.6936520055494002,0.1394815070146343,-0.23440579094647165,-0.4799350032993937,0.17201217451032202,-0.347449829214399,-0.6298098154501779,0.19796998248932718,-0.4387312342661662,-0.664858579775407,0.20526903243389924,-0.5079211627301987,-0.6611392621517871,0.21332943498533913
0.0,0.0,0.0,-0.20593775967877337,-0.00675103470599499,-0.0520207546263061,-0.4017547704744675,-0.10519596367873965,-0.06714908514360798,-0.5619924938026106,-0.17474571451608104,-0.07588055477101467,-0.6918022003544256,-0.2580904981403216,-0.07253634447038788,-0.31417178372517596,-0.5205830565672798,0.028138407490937378,-0.4721912610503759,-0.7296943664863378,0.018134715322708807,-0.5935783028191585,-0.7491248244533909,-0.002708897081931616,-0.693232226479525,-0.7144060924967413,-0.01077534941722555,-0.2726826819953613,-0.5593743772784308,0.0533852860806913,-0.4468058265813335,-0.791005334567646,0.04770742538612832,-0.5891843350770154,-0.7831251700167309,0.034452566436022354,-0.6859934509790254,-0.7034094367955472,0.03174455033441963,-0.24505350208754462,-0.546701761471371,0.06797128684120846,-0.40170255001942967,-0.7685480299510188,0.07075610819978083,-0.5375157300370813,-0.7701563540483694,0.06437413419928535,-0.6280194780868587,-0.7051799791203358,0.06587069562338953,-0.23477298655138315,-0.5135757455698372,0.07664679357204916,-0.3607247210684795,-0.6866352559029021,0.08475416928584514,-0.46822300959064855,-0.7184206409805691,0.08639663817983184,-0.5454722181514882,-0.6968316534223205,0.09203330492896708
0.0,0.0,0.0,-0.21246163872755414,-0.01181338768802015,-0.012610969386955688,-0.40649022842406907,-0.110333861246969,-0.018152564746270954,-0.564971629920719,-0.17580629633163145,-0.029996528282448563,-0.6909794995984675,-0.2588615754419319,-0.03233964966344094,-0.31026857277541764,-0.5300613095464151,0.07312650262599842,-0.471520036025053,-0.7382879818515014,0.06503898494224099,-0.5932295208538864,-0.7486195913992519,0.042424317103861756,-0.6907362126025745,-0.7111400454478409,0.031379405023558585,-0.26967418175321695,-0.5713788609929532,0.06767616801560834,-0.4568569254607685,-0.8014217688914342,0.061785760729457045,-0.6037981580570975,-0.7836869811345857,0.04232834269656715,-0.6928339443801041,-0.6935335450238984,0.033252046446346356,-0.24611130723015157,-0.5596929482136029,0.05235688023513356,-0.41938721456337,-0.787328844905498,0.05397966653948778,-0.5636425694517224,-0.7767884955561162,0.04436977978449585,-0.6503010460621891,-0.6989891425024408,0.04122697516866075,-0.24495478392865305,-0.5229534364821804,0.033267993854476326,-0.38505334422619464,-0.7097649473721512,0.03779741967424839,-0.5020197806027902,-0.73656956422215,0.03754008783250224,-0.5819749250226222,-0.7020701946349059,0.04014387309612348
0.0,0.0,0.0,-0.20974140280487547,-0.0166114431191834,-0.009224862027144218,-0.407332785756594,-0.1170079609914576,-0.01635195952933026,-0.5660616903099626,-0.18111832094985322,-0.031975292180925596,-0.6859026306917254,-0.2700864229746014,-0.03717638564908472,-0.31174618228209994,-0.5363838290669913,0.07174800050928451,-0.4721674895211764,-0.7516971201607212,0.05213912737927728,-0.5953836903022232,-0.7552007776666214,0.023736920696077666,-0.6901262740629721,-0.7089708707228433,0.01087400824361821,-0.27211502040868085,-0.5795582887219763,0.060053404889026454,-0.45965328357556423,-0.8190169904874873,0.04519280877587909,-0.60554122782255,-0.789078442470057,0.023580462425591708,-0.6918821392544079,-0.6899280488205881,0.015053423292208296,-0.247224594828137,-0.5749059750705348,0.03771465119252374,-0.42069427533766623,-0.8181699044819132,0.031739109680520544,-0.5674357605621456,-0.7973956985851469,0.022253487401277222,-0.6546945954970127,-0.7098397562093213,0.02120141456181175,-0.24287208986566905,-0.5444224004557632,0.011601310808763712,-0.3828482359035306,-0.7403181884233612,0.011722018790698346,-0.49931834507704215,-0.7635320433624802,0.011533246893729325,-0.5775211110101937,-0.7213424983601073,0.015683698732233964
0.0,0.0,0.0,-0.20392690751762355,-0.011993070581163378,-0.04839994031988005,-0.4075967468947629,-0.11315210810793311,-0.06548114542553769,-0.5723537892175687,-0.18025788215558364,-0.07830251111647625,-0.6915506569719174,-0.27428064645373196,-0.07733456272617678,-0.31339298081386946,-0.5353381554185873,0.023969188175558834,-0.4773544390327492,-0.7608795938098041,0.0038493947489673004,-0.604192601274987,-0.7599348772797541,-0.02185130092864889,-0.6980870911734344,-0.7067083172756798,-0.03080012128843984,-0.2748988299853355,-0.5801401224139822,0.04413332756789542,-0.4605453167693333,-0.8240341949459122,0.03426908967837632,-0.6049958901709165,-0.7895340697302795,0.017807135292203097,-0.6904295372901157,-0.6877284773580206,0.013425723149990985,-0.24919053723984436,-0.5777754298289639,0.05367965448891385,-0.4171696630503924,-0.8183048747132005,0.054068632600390236,-0.556129446901148,-0.7919519572268255,0.04586830315228699,-0.6414835866916493,-0.70346683172907,0.04630382326662076,-0.2403207044189961,-0.5506874701214068,0.05751050944924012,-0.3737527842124512,-0.7380608724101938,0.06368788103316282,-0.48357977860234824,-0.7561877114150384,0.06433279865325559,-0.5580768827818304,-0.7128387958070606,0.07008803761600108
0.0,0.0,0.0,-0.20473241824019245,-0.01719729596237765,-0.04497595893122926,-0.41136177255472794,-0.12287302305593155,-0.06328395720044717,-0.578016953718142,-0.18825969789841884,-0.07887186616489314,-0.6909929205612437,-0.28558185491344734,-0.08026621996189218,-0.2991212455458091,-0.5463902767397437,0.024713045840300832,-0.47128818918042625,-0.7734727608339433,-0.0032244457974023354,-0.6075902889579331,-0.7644840590468952,-0.03643055946172901,-0.7083991274693122,-0.6977869925667979,-0.049840586041250245,-0.26824704948144035,-0.5845744612201951,0.04042430319399602,-0.46820874074602403,-0.8257491914474882,0.02487860323163001,-0.6182653202288222,-0.7823650615960107,0.0012397259589881039,-0.7050487600324349,-0.6714681222818428,-0.008666640423987886,-0.2485828917774917,-0.5806455357720073,0.04565173005864538,-0.4250622325368434,-0.822057910494225,0.042442698254470355,-0.5721826185514596,-0.7889454421201532,0.029757154676627477,-0.6612318012877499,-0.6909722275464407,0.026932490368358715,-0.24600376405534052,-0.5517026291538015,0.045518733320683485,-0.3827435190497234,-0.7395642487501703,0.05150242655526442,-0.4992201551701,-0.7527841203675766,0.05158700392565769,-0.5773997113159999,-0.6981679633956481,0.056424210236930686
0.0,0.0,0.0,-0.21310389966417415,-0.022003441167721252,-0.01129901439726386,-0.4181213426870034,-0.13062263124817547,-0.01946937220421744,-0.5834850054292345,-0.19344516295116143,-0.03477067312403232,-0.6950365463829773,-0.28667382808480013,-0.038606957061871644,-0.29472424269985154,-0.5501901286585833,0.0666731546894049,-0.47048711237591734,-0.7718348578610927,0.043822478247124486,-0.6071029742701586,-0.7574674233143309,0.00966452625319274,-0.7106265755809267,-0.6883098398782592,-0.00606327849030535,-0.2628094213743236,-0.5881672275945253,0.059756613875849136,-0.47248890287660394,-0.8225812850150104,0.04890587129546462,-0.6266658222238664,-0.7768991772106406,0.02050351558560345,-0.7137837996798014,-0.6641815732734768,0.004528145499177695,-0.24546760324879688,-0.582597479591093,0.043328810882630894,-0.4316367390591509,-0.8253861035167783,0.04460967328581604,-0.5848866899047487,-0.7864369656918857,0.030347336148556187,-0.6732413410819621,-0.6814979940649177,0.023664804821969417,-0.24999214523541466,-0.5498028640357724,0.0235433774313308,-0.3942798071534762,-0.7437312222586436,0.03344559419970055,-0.5151337391318629,-0.7534847149925046,0.03511189192546202,-0.593863445649006,-0.6915877051452115,0.03876635957700067
0.0,0.0,0.0,-0.21079258448760052,-0.026102246627385743,-0.010338115622013175,-0.4138348852856468,-0.1350003611957215,-0.01965601536864898,-0.5803152057370974,-0.20019934877151535,-0.03671920089309706,-0.6929607832538442,-0.292241833940723,-0.04267688415291858,-0.2865243433416148,-0.5527917195616117,0.06699425898943037,-0.46660946053257024,-0.7780825697499776,0.04311529679786567,-0.6044440562970315,-0.756358407419522,0.00722011273824417,-0.707190761483252,-0.6777621274831502,-0.00931077173852939,-0.25611209852762407,-0.5880223229347314,0.05885068632869139,-0.47278134290669793,-0.8254094550160345,0.04770873336919575,-0.6289999186502138,-0.7761603100034424,0.016145556633522917,-0.7162717474935216,-0.6603330931979459,-0.002921900984883279,-0.24151105021211217,-0.5789971359163946,0.04146253468340946,-0.43318357537153684,-0.8269577417140602,0.04443423299939747,-0.586135904316661,-0.7857862601545811,0.02830753027135431,-0.6715523421593794,-0.6766886965457026,0.019039820641023622,-0.25088860420297904,-0.5406129288088983,0.020687045553430417,-0.3997396594507304,-0.7367810658491032,0.03122206966957901,-0.5205441220042538,-0.747966864453959,0.03140839963557852,-0.5963305953382974,-0.6866849126086594,0.03320008619422118
0.0,0.0,0.0,-0.21392421042553822,-0.030932775044120845,-0.03871236911910609,-0.4175996687936864,-0.1432566840972031,-0.0567767731559847,-0.5871679266094327,-0.21368721933380957,-0.07223465687698225,-0.7031794674133572,-0.30111914209398916,-0.07478006494243467,-0.2853113065861825,-0.5532187660534436,0.020383704238126715,-0.4673534935938698,-0.7867766521712343,-0.005130077610437999,-0.6063477127840979,-0.7672783064776937,-0.03746242647313645,-0.7061478550240653,-0.686800121463126,-0.04960231106483021,-0.25185492612993327,-0.5894875529954551,0.03583767809028672,-0.4683402232591056,-0.8281095563602912,0.02732777831804536,-0.6214629464513496,-0.7827475114838474,0.004696054765076027,-0.7080016793360264,-0.6720388065013893,-0.007676251430208956,-0.23625856397064354,-0.5767131568180043,0.04273132571713785,-0.4264909815890541,-0.8084636708667075,0.04791825203701032,-0.5747007463649085,-0.7734357500658223,0.035990554553618034,-0.6619293770070452,-0.6751116741588835,0.02993342581781997,-0.2437224283314392,-0.5359815913318814,0.04526029890935876,-0.39019131438832755,-0.7178982721691596,0.05784312715766248,-0.5077065915232928,-0.7286710564153897,0.06032322116914528,-0.5859022008044008,-0.6716223947971747,0.06434332962992367
0.0,0.0,0.0,-0.21299191651649818,-0.0197236189652605,-0.07301012443126077,-0.4165044672478777,-0.13106675215079144,-0.10387739038099851,-0.5902027193008295,-0.20981173302828926,-0.12290595150114805,-0.7116870746544142,-0.296591059843629,-0.1266765197686921,-0.2898084254235254,-0.5482393668648502,-0.029562035226726374,-0.4819962683783679,-0.7946051633897895,-0.06152402879702746,-0.6255610409856613,-0.7535103673300889,-0.09174656173218859,-0.7155359953616116,-0.6541656044955162,-0.1006342998535151,-0.25397368166560164,-0.5876868801682924,0.007629854747716243,-0.4834232326337277,-0.835487853903975,-0.009496548324521728,-0.636331276162017,-0.7693365414031174,-0.03125109437749694,-0.7118876979554168,-0.6481617726880219,-0.04122398879298708,-0.2377355991248966,-0.5749017845833989,0.036260368359375635,-0.44001947177726175,-0.8104781044777069,0.033717403074657065,-0.5851099943008402,-0.7589901176492428,0.020831342388325468,-0.6619491820116907,-0.6524674479797246,0.015864302244523957,-0.244390489807764,-0.5340105971065181,0.05901167725493894,-0.40019395399942503,-0.7156002328901869,0.06320084046451913,-0.5193998204377425,-0.7184771435058996,0.06105872896735508,-0.5923932490378543,-0.658297044080276,0.06341327204572922
0.0,0.0,0.0,-0.2391219139796896,-0.036133399659335874,0.07521625050035742,-0.42517702134304186,-0.15132910849006906,0.09452958576303121,-0.5800399527164783,-0.2240983125730657,0.08072328629868207,-0.7083306475632476,-0.3114800320387368,0.07106413944697473,-0.29276939856638795,-0.5850008963796672,0.1771009445756239,-0.47615987969479723,-0.7954425064988058,0.16757933519968762,-0.6109360254153428,-0.7415727927515591,0.140240095203843,-0.692189074202193,-0.6380173411657643,0.13057282333547227,-0.25222084399447947,-0.6306796831766567,0.1163291002785729,-0.4807337047110788,-0.8562160383722466,0.11972703533949414,-0.6432871302698244,-0.7595616744519702,0.09616512222699658,-0.7127785680039284,-0.6233171476569486,0.08350315124721146,-0.24169279439810096,-0.6281018249142964,0.04753812051544287,-0.45725325982283854,-0.8701915979561892,0.05643814241471409,-0.6136676996290996,-0.781302209120764,0.053351555716950126,-0.6810594131036066,-0.6492713899173538,0.05334411331545565,-0.2638935633830064,-0.5909608852656351,-0.019234186058633126,-0.4295551633442331,-0.8023410153959083,-0.0026685543189541154,-0.5503373947174051,-0.793735058422948,0.011732565752513151,-0.6170674265548393,-0.7103830438377995,0.023728128933257295
0.0,0.0,0.0,-0.23554630680083932,-0.035657207974608876,0.03646702939559121,-0.4246658700962531,-0.14922060268762238,0.035790482540524096,-0.583721177727196,-0.2301174047515884,0.014932540565761626,-0.7128689637209442,-0.31103708525528495,0.0005356249951218514,-0.2845775228571267,-0.5695198723108987,0.09588648072059673,-0.4711272573215617,-0.7967161266733512,0.07157880714848634,-0.6094375311937998,-0.7474001839729205,0.04237959733146941,-0.692522205555538,-0.649013753076219,0.03298432533063745,-0.24151359516579485,-0.6111184395587868,0.058888690618418345,-0.476601345302858,-0.8544708455614071,0.04567195198776443,-0.6393274700899085,-0.7651622942807377,0.024459075111201198,-0.7096487172857675,-0.6368451966168394,0.014988385615991823,-0.2292610713923609,-0.6000151869986516,0.01575941832046395,-0.4472271931098143,-0.8526110274295314,0.012800021531430276,-0.6042254414096673,-0.7761620829064666,0.01131003628722377,-0.674173876348787,-0.6533394676696415,0.014349721554493293,-0.2500632102924848,-0.5545401262709654,-0.026664865276186733,-0.4162463889457304,-0.766455643427243,-0.01930347010916216,-0.5394087865377601,-0.7698826026744247,-0.008263524124547741,-0.6086741005904153,-0.7031719588280928,0.0027522281488773
0.0,0.0,0.0,-0.23956540518023753,-0.0457668070059053,0.027226656253250246,-0.42409467563496395,-0.1572584982547765,0.01927664113012049,-0.5814402777839924,-0.24003201226788423,-0.006278855969688591,-0.7117815139701676,-0.3238255936827972,-0.025167317102855552,-0.2870134909996605,-0.5601650273575127,0.07970370737899611,-0.4674568916534211,-0.7962675369709531,0.052886412693149164,-0.6054851634602828,-0.755953857963923,0.023573373085809916,-0.690583560568115,-0.6655567673185839,0.014178197964536314,-0.23919585010709837,-0.5946324917894594,0.04685586188035397,-0.46479766610417195,-0.850328478585004,0.028677807079885737,-0.6267313398824983,-0.7771688912983941,0.009067541411589,-0.7007993424049345,-0.6598001663537529,0.001635817453623986,-0.22358282745118163,-0.5739510077142183,0.007829543027432263,-0.43129601260834566,-0.8301795982038251,0.003298135598073402,-0.588255387639322,-0.7751857216466271,0.004975461291812727,-0.6642650372241559,-0.6670587592486381,0.010196903441789883,-0.24032280960183244,-0.5184999891017357,-0.03136907443890552,-0.3990942875515392,-0.7275902330717785,-0.024751688785669232,-0.5213806907419167,-0.7457586367304256,-0.012585420980483375,-0.5950001987622985,-0.6959400520057818,-0.0008133832076571597
0.0,0.0,0.0,-0.24085264842145293,-0.048311343112043346,0.015108815278291348,-0.42221412796456814,-0.1584753291929008,0.0026235807068347603,-0.5790597167227813,-0.24175285011641723,-0.023135601716978146,-0.7085351827724418,-0.32589257073342925,-0.04182983615904707,-0.28535635658585395,-0.550389637744904,0.062016752600129094,-0.4692511874404931,-0.7843901778381657,0.03624764559884954,-0.6075128771572906,-0.7518862201037466,0.008063367722160084,-0.6935457932430708,-0.6673325492036697,-0.0008246119259567022,-0.23558090079073124,-0.5823399059105479,0.03822165687663386,-0.4618588772897038,-0.8410167016989128,0.01949594691811685,-0.6233217031939154,-0.7809034803899084,0.0009237249459034045,-0.7011947216117151,-0.6693517460246244,-0.0059558806323387215,-0.2186815671969465,-0.5570299495434528,0.008641952884581226,-0.42364838529404436,-0.8131118064712443,0.005323333727021623,-0.5808046335137069,-0.774179407797023,0.008104494800669361,-0.6612156573226298,-0.6751280888189776,0.013779651551280915,-0.23472909365862596,-0.49597105078294623,-0.021846163036791415,-0.3885785032684535,-0.7031838617471846,-0.014829473758118106,-0.5112267899862152,-0.7333766426537973,-0.003312383540588278,-0.5890193934614915,-0.6951101664346369,0.007771080524202502
0.0,0.0,0.0,-0.2363606968437914,-0.05510483867771079,0.008691239881069701,-0.4206174319734177,-0.16487600753767834,-0.005704257031559589,-0.5812429049343806,-0.24387859173537052,-0.030731272330615962,-0.7121043223506021,-0.32575527323213305,-0.04822582660179327,-0.29075269169985984,-0.5453554634417228,0.0557008354709632,-0.4760732630145155,-0.7773123830440916,0.034489414941001925,-0.6127353452117011,-0.746975596780209,0.010292064464201268,-0.697982782754383,-0.6637934624215704,0.0044542050794858495,-0.24248502349453427,-0.5738705245528202,0.03881589952814316,-0.4619965997176326,-0.8383936390681812,0.023771882754545455,-0.6192834817410016,-0.7845282497695718,0.008948441568620248,-0.6974950667658603,-0.6752753567469962,0.005857126365523365,-0.22617022789044852,-0.5448335678017846,0.01656034192961299,-0.42192721451074344,-0.8019520733752403,0.019667289598504167,-0.5751484224304123,-0.7749219590120207,0.026720640970976893,-0.6552569342945183,-0.6818764678275384,0.03540450802448357,-0.2410525715492734,-0.48167161032904143,-0.0071329868475347915,-0.3903874262138646,-0.6864348530925118,0.0054322938145433194,-0.5112584107619109,-0.7265993408453364,0.019669966137129697,-0.5893177450045095,-0.699768118185172,0.03296623555438989
0.0,0.0,0.0,-0.2250244428428059,-0.0428667314027202,-0.03805950368725996,-0.4137942076560789,-0.15071453307996374,-0.06767981841240411,-0.5805845556630072,-0.23677301666550174,-0.09419179663617129,-0.7152024077732916,-0.3170583002099214,-0.109822783959861,-0.2844470183908886,-0.5340957681959518,-0.011914183480708967,-0.4783428369726789,-0.7738815610384563,-0.04283510344548635,-0.6180015820015692,-0.7446299509572285,-0.06846202735313912,-0.7042176120378938,-0.6613392340772846,-0.07418635954909539,-0.23829806200659337,-0.5677146888302363,0.000834164596993401,-0.4635382967217986,-0.8325940791672166,-0.02174735809435108,-0.61946576527447,-0.7826680915495446,-0.03544841332906761,-0.700562612611741,-0.6780948498228678,-0.038002699519284644,-0.22309611224380402,-0.5440422558431359,0.007702994688735033,-0.42032975340487566,-0.7913675114845262,0.0036428981436009067,-0.5685260829792737,-0.7647861041137702,0.006177498985233063,-0.6524756138679081,-0.6773891771919928,0.012212823768951317,-0.23720492622806508,-0.48683614860041435,0.010665457342136902,-0.382949789379542,-0.679345519653599,0.01683123095472939,-0.4994612764439489,-0.7130301871516601,0.024866047684784287,-0.5794209075460575,-0.6844021370938216,0.0340658180308831
0.0,0.0,0.0,-0.2222616647884848,-0.04212737866383,-0.05233910957248458,-0.4111194114687386,-0.14949114419973777,-0.08930871423387315,-0.5780266641139887,-0.23591660469490364,-0.11856051959043684,-0.7103703472012102,-0.31790619511941953,-0.13616024474100447,-0.27778188588900415,-0.5216469483888613,-0.044506398837757914,-0.47390171197537734,-0.7657325787872262,-0.08274545169044763,-0.6156656339144609,-0.7426634990098442,-0.1091641470894241,-0.701700922295029,-0.6617051483671474,-0.11419992318677931,-0.23114551588813206,-0.5557887526960033,-0.0238449441830573,-0.4601851958963554,-0.8254013121719838,-0.0527462983314982,-0.6156762386054886,-0.7840044098386427,-0.06472046316257694,-0.6976444499996353,-0.6854042841813197,-0.06535481358453946,-0.21490137867170706,-0.5336865576035644,-0.008486433459353404,-0.41576423485235203,-0.7802538019337568,-0.01806027661343212,-0.5641350410769141,-0.7613754917100902,-0.01438825608331089,-0.6497311810987896,-0.6790606076238956,-0.006700872310146409,-0.22872133151264856,-0.47643153659569576,0.002426407199310592,-0.37809241267334753,-0.6636134813072375,0.003511922848570121,-0.49492411580055934,-0.6994720285490018,0.010723410506616618,-0.575046753530599,-0.6728976661724302,0.020226720637714343
0.0,0.0,0.0,-0.22212813727682962,-0.03883089414703065,-0.05147312704380885,-0.4075059504468721,-0.14257592980304826,-0.08923698761195845,-0.5737452327378381,-0.22225729507396372,-0.11964376479397233,-0.7057645805440012,-0.30574675880325863,-0.138795129677548,-0.2797143724805512,-0.5192283998229191,-0.0451394634717961,-0.4748218431256541,-0.76392361102708,-0.08380549725110352,-0.6180033394423787,-0.7413995456815321,-0.11093385492217919,-0.704612527861989,-0.6585175160602981,-0.11581761108906907,-0.23632236898110454,-0.5509192301080205,-0.023881821620324463,-0.4618376957644935,-0.8194244917809577,-0.053292206734321196,-0.6183066708766198,-0.782526949903984,-0.06552198723873243,-0.7021223536194698,-0.6861460529589933,-0.06555709202501567,-0.2219036491942099,-0.5267369513328999,-0.007832043203294814,-0.4221369215468882,-0.7736766324571048,-0.017146268738662384,-0.5713360085398722,-0.7605419725866926,-0.013733615453863014,-0.6580112048538957,-0.6794218505938341,-0.005559885730147483,-0.2373655640222775,-0.4698410111498092,0.003954837760426352,-0.38808194735818413,-0.6575074316851175,0.005527846114873861,-0.5072983902500842,-0.6971012243470962,0.012394118129168989,-0.588375000954263,-0.6747793283953774,0.02213144132002781
0.0,0.0,0.0,-0.21344128883273825,-0.022593438703946516,-0.10243316504205005,-0.40525097537071586,-0.12700019345813376,-0.14627946282906767,-0.5781576575428378,-0.2114999422355912,-0.16620469148440592,-0.7117557470923598,-0.29697182011757156,-0.17099566011172973,-0.28890543258084633,-0.5040069953422086,-0.08742994477860094,-0.47905252969397105,-0.7487961505688383,-0.1122788539094498,-0.6185881409460157,-0.7392287176106167,-0.12916421537691403,-0.7099058908590938,-0.6715100925209374,-0.12852417823461254,-0.24409973181028252,-0.5427740797056119,-0.023308104024419678,-0.45967266585666633,-0.7991032409743117,-0.03496419131715236,-0.6122107427256985,-0.7749334130762348,-0.03947950875645262,-0.7043394098882203,-0.6921955403971977,-0.037385558541246734,-0.22718221916559656,-0.5249884214812168,0.0346186059819102,-0.41383288482523806,-0.7451205283605469,0.039050710254632144,-0.5561002526145549,-0.7396531247534979,0.040171402415819304,-0.6479419960327951,-0.6730377016843379,0.044582412103599985,-0.2354479163244539,-0.48028142818152175,0.08545512880711995,-0.3752163948604952,-0.6490124897047764,0.0984096365635431,-0.4862804591280975,-0.6813512205612214,0.10438383211150179,-0.5676435861887339,-0.6596931078433642,0.11164023901531231
0.0,0.0,0.0,-0.21153121435070638,-0.006681786707961329,-0.12475099524601775,-0.40878105528159414,-0.1138127286549469,-0.16325192692430868,-0.5833876448688594,-0.1965338624097696,-0.16791114195036777,-0.7174172339226894,-0.2832760510214831,-0.1549833087983064,-0.30182817800610073,-0.4871632309536138,-0.0935264302395177,-0.4851719471811028,-0.7215886054223242,-0.0924923869484521,-0.6209688731904772,-0.7261407260500644,-0.08785642815040579,-0.7109420061731702,-0.6705319787816009,-0.07307766122882396,-0.2513755232275036,-0.5329060844651736,-0.0004600338120337652,-0.45692048068250046,-0.7821943359491013,0.014296535197042413,-0.6071199966998846,-0.7676795858988694,0.026805026266557057,-0.7042339138755426,-0.6963120159020721,0.039623383976215065,-0.2287422333202171,-0.5233279572595934,0.08649666914091372,-0.40412897237746354,-0.7352478917309992,0.11199205581038107,-0.5424061547116127,-0.7367917345370776,0.11935574483229472,-0.6355866314269007,-0.6808103582380772,0.12693595448354847,-0.229863869778852,-0.4898524073458356,0.1655467445229034,-0.365353752103925,-0.65243989856624,0.19659460825804692,-0.47200656231002,-0.6828420103386843,0.20789789746623555,-0.5518646295863323,-0.6645900072737456,0.2176295242514238
0.0,0.0,0.0,-0.21175129733529904,0.00025708974929230903,-0.12658036832605837,-0.4103557174084621,-0.10907500422886068,-0.15973817077689634,-0.5823320391472384,-0.1925182048214335,-0.15862493066056094,-0.7158621019953726,-0.279642312907198,-0.13989756766501898,-0.3068395171791155,-0.48642098077065377,-0.0713434453360914,-0.4848314744908213,-0.7189749739176741,-0.0578509702632696,-0.6180363260688649,-0.7302322097508132,-0.04800988997641812,-0.7090187269221115,-0.6817491558917972,-0.031016223587271102,-0.25385071167914863,-0.5322054479489268,0.025767787229908242,-0.45186323732187655,-0.7817972365840316,0.053469226057680196,-0.6008722301421296,-0.7697986349148827,0.06834974166676575,-0.6991334005642503,-0.7026946884102196,0.08211668304894937,-0.22853554218159605,-0.5234964972666578,0.11537691065400531,-0.3967532118267966,-0.734810900828509,0.15068548944404475,-0.5352535812530534,-0.7373751955793499,0.15751173982304356,-0.6292526746057524,-0.6854985910436602,0.16413843580949478,-0.226151600849013,-0.49428511380406404,0.1965335804661137,-0.35821784164712284,-0.6596554292674235,0.2352105649885436,-0.46438794344269385,-0.691929745324456,0.2476543800791371,-0.5438467580673723,-0.6777019956112278,0.2576445765918936
0.0,0.0,0.0,-0.2134895348836756,-0.0036585585072682982,-0.12404081188205701,-0.41061698111103667,-0.1125679093312524,-0.15567330009990743,-0.5774335514842969,-0.19136670109134446,-0.15273983196986346,-0.7124840500576891,-0.2725869837665835,-0.13200292831964044,-0.31398690624219233,-0.4825993580963668,-0.061842264430183855,-0.4825428822325856,-0.7105381374775539,-0.04144217354592297,-0.609173338120856,-0.7351447556276558,-0.02554352619835895,-0.6990299514723584,-0.6963300885953942,-0.0037553443222070083,-0.2572261141842427,-0.5219667024306087,0.03770822353001104,-0.43875195956114454,-0.7724649238411414,0.07502399736876982,-0.5794049342120082,-0.7748082209880574,0.10058945205873487,-0.6772088450153602,-0.7199897822296687,0.12323727971374066,-0.22742832153019377,-0.5087543245214744,0.1295717849995971,-0.3789934215509233,-0.7169998166252127,0.1742257243731602,-0.5078506887935741,-0.7362596632861671,0.19342572722155393,-0.5974818624968476,-0.6972328706134103,0.2094738806145202,-0.21769253994408264,-0.478814872809511,0.212495154493902,-0.3363156116464901,-0.6429105133922471,0.26033717240223475,-0.4331516215396837,-0.6867454386582608,0.2828410728998795,-0.507429944450889,-0.6851273257496617,0.30104131260885714
0.0,0.0,0.0,-0.21927731774748987,-0.016259302876065987,-0.07994232136119139,-0.412429076086154,-0.12586657925496228,-0.09706396380328534,-0.5724795997850306,-0.19470147517862782,-0.09174645204310342,-0.7034211572898958,-0.2702967115796724,-0.07105328742079887,-0.3208988150972366,-0.49029592629531954,-0.003994480131863369,-0.4809347154774158,-0.7107472172145801,0.022587614700527524,-0.6006066377168096,-0.7355744426181885,0.040254653202185756,-0.6865428130354809,-0.6977995913571813,0.06323081781320425,-0.26286440075696327,-0.5246961950153886,0.06760990973362187,-0.43505402263257265,-0.7730231246859129,0.10986202624862629,-0.5711083697749175,-0.7770785735766995,0.13788874174274407,-0.6653907379476101,-0.7243447530951981,0.16389220494621504,-0.2304784038345174,-0.5066763035116009,0.13187852914565168,-0.3736564733093255,-0.7205803843892797,0.18215741363436055,-0.5012926372848616,-0.7466693471514323,0.20875077490979016,-0.5880578360233513,-0.710230076902428,0.23031292339063358,-0.21777961293972897,-0.472074281303945,0.18940450263718142,-0.3304966289220597,-0.6422246940640735,0.2412379921765675,-0.4266811892248037,-0.6953525889923635,0.2694856652857489,-0.5011273785623301,-0.7015391930207563,0.2928459604727918
0.0,0.0,0.0,-0.22092380861694172,-0.02049212205289081,-0.08294139102962358,-0.41421330981992177,-0.1321418403161046,-0.09779970932406276,-0.5738415169811442,-0.20044214792723303,-0.08898312165986749,-0.7007993943344644,-0.27007676877429765,-0.0642082373828782,-0.31959470281823765,-0.4963508403864817,0.00014349185933656495,-0.47493573319457044,-0.7169621255661953,0.027758805608463312,-0.5912153754093943,-0.746798557443398,0.043982358312587955,-0.6788818295908974,-0.7137711550484849,0.06529573936683944,-0.2640821771340041,-0.5245738552151495,0.07615555674804678,-0.42468012146228734,-0.7702396611968181,0.12253271581404426,-0.5544472137455707,-0.7838258857573561,0.1504598998080967,-0.6489613618046379,-0.7381003511945226,0.17497287096793182,-0.23167533864959167,-0.5020088815463138,0.14441821519985126,-0.3652263053287004,-0.7084815346796631,0.20000839815536087,-0.484437579208265,-0.7401769732134922,0.22697747042667962,-0.568469222381702,-0.7099919198038931,0.2473523979656476,-0.217896138080631,-0.4632096318105419,0.20521373917969066,-0.3223350226115201,-0.6250899585253189,0.2620873104370584,-0.4110567421878655,-0.6783362299131211,0.2918922157318663,-0.47996878824972067,-0.6876944040993354,0.3155215825373965
0.0,0.0,0.0,-0.22486275782667137,-0.029004103524458633,-0.029416783359986418,-0.41236433271652756,-0.1383986719097728,-0.03916680691842364,-0.5664402124135566,-0.2046380653573327,-0.04295317454766981,-0.6898260542466055,-0.2722150600513145,-0.03617694084065174,-0.3125173570406591,-0.5017557933635244,0.03962827786548102,-0.46040356903914487,-0.7193568884850312,0.04920426354233108,-0.5724785508947838,-0.7543079822037431,0.0475602693967163,-0.6643431155051526,-0.7315315023410495,0.054688414635936426,-0.25806216762460643,-0.5283037141851707,0.06662723666057162,-0.41225913666317293,-0.7778496228752925,0.08730965434385714,-0.5455015361362909,-0.7981112499589598,0.09627583020995642,-0.6417294963359073,-0.7549815538610793,0.10773885206507658,-0.22547195996744857,-0.5055763310570479,0.08744516958925098,-0.35794895873851784,-0.7292044201367385,0.1228001057223607,-0.4829450721398225,-0.7682629401588117,0.1402507103124497,-0.5700226966629165,-0.7434481302151688,0.15378936814572455,-0.2143475731109561,-0.46063214839798583,0.10421721335559582,-0.3171059598774219,-0.6344096618921651,0.14696434482904353,-0.41009695222463083,-0.6980371089914742,0.1721004945304257,-0.48280909631211727,-0.7176584155859611,0.1912863504962129
0.0,0.0,0.0,-0.2191347717825434,-0.004815013374701303,-0.04980771993107566,-0.4070547453668828,-0.10779450781461196,-0.0600025103349445,-0.5627631392527289,-0.17662498751297945,-0.059374467191997696,-0.6860369723724462,-0.243117992907367,-0.04820369213119378,-0.32709077503858947,-0.4907786510318825,0.03767998784043184,-0.45738978742423025,-0.7062776068019813,0.056171594588896125,-0.5604435238443263,-0.7467125700960904,0.053777083437166404,-0.6507363139932513,-0.7370492492627903,0.05760176922942216,-0.2706714623851589,-0.5231820862942912,0.08118935602180079,-0.4073654901499266,-0.7628963012681776,0.11506525722455214,-0.5325777788210125,-0.7925235712131056,0.12244453693162174,-0.6300773987165895,-0.7658065358660274,0.128618899277715,-0.22936179589838487,-0.5040825077286013,0.11684620369510659,-0.3511908443659041,-0.7151209492012068,0.16189559467024403,-0.4681867654360651,-0.7550314987830445,0.16944163181476604,-0.5550414630592934,-0.734840741697586,0.17235451335606738,-0.20515074629141175,-0.46502344477517804,0.14684931569200166,-0.30287334725462445,-0.6212114775708127,0.19732904669440965,-0.3903878035058916,-0.6733477168106639,0.21796938553058262,-0.4613480840653838,-0.6855267182130967,0.23072628165936376
0.0,0.0,0.0,-0.21548763202064794,4.043568037708147e-05,0.007016680926077372,-0.4035421988720923,-0.09627012475683641,0.01172008926661516,-0.5576998829851809,-0.15924267175997864,0.004251033005362995,-0.6863343514154855,-0.21803052752303712,0.0010823073903410462,-0.33929284839850027,-0.4855179089366863,0.10880483565879663,-0.4619120407472791,-0.6959273818524946,0.11413052104465317,-0.5651705757743187,-0.7445899825775542,0.09645537551902954,-0.6586717936761948,-0.7364847709496515,0.0868397590097237,-0.29066505984859975,-0.5306395758761423,0.09504057859464385,-0.4256731019786057,-0.7675451308774494,0.1014640441665324,-0.5546489975114319,-0.7946002161602141,0.08285002431884207,-0.652936889497681,-0.7539461563305002,0.07237825424502903,-0.25381155229538727,-0.5351616774293063,0.07206649280619455,-0.3850542560029949,-0.7692542747847787,0.08510773613920092,-0.5123323885319093,-0.7973967049693391,0.07485001910105951,-0.6042756277024353,-0.7565896054619066,0.0693205067559843,-0.23784160083414216,-0.5128919273011008,0.04642125877581568,-0.3506343872793647,-0.6992910413307497,0.06580707960974315,-0.45305769788854927,-0.7548405614461257,0.070713830593481,-0.5348585437194596,-0.7579318826002517,0.0742158349947481
0.0,0.0,0.0,-0.21605937854310198,0.006771029997195465,0.016994119430398667,-0.40573699237709826,-0.08872126062476252,0.02580124797654064,-0.559027657997154,-0.1530017939406202,0.018134603113636395,-0.6867488599063304,-0.20718410758690287,0.01393052166651079,-0.3511030696457179,-0.47361997803719347,0.12039372798517231,-0.464633389297654,-0.6823704329113687,0.12186363604071251,-0.5639253743816744,-0.7347455669103926,0.10217507639997278,-0.6538070817420554,-0.7348858826923244,0.0898141762795544,-0.3024964544806582,-0.5252776792833227,0.09450696851945453,-0.43274179762376064,-0.7673351765256761,0.0920734684334356,-0.5628189416019773,-0.7935958125895788,0.07119386813017001,-0.6589173578399441,-0.7496537952065765,0.06041315094405718,-0.26339142274777194,-0.5365739578362785,0.05843512375452557,-0.3909458503525529,-0.7761838499806637,0.060073850664265196,-0.5225214506886144,-0.7995092351826985,0.04650088139418758,-0.6156451028220176,-0.753998223012738,0.0403808998237373,-0.24140293326277115,-0.5194800759697906,0.019947935383798368,-0.3477743349043453,-0.7106449605742733,0.02938959503238425,-0.4519501433401273,-0.7639198042968485,0.029640589300129517,-0.535820502539527,-0.7644756236077306,0.030192659058752985
0.0,0.0,0.0,-0.21406413373175937,0.0016809800655479847,0.016579619689875515,-0.40465202887545126,-0.0938204606447117,0.028196406476551368,-0.5603892946664281,-0.14975589750552043,0.024558206686556366,-0.6876994214913632,-0.20033458346862507,0.02524168662292059,-0.34542314938818863,-0.4798701410029972,0.12351737159134266,-0.46089455424580894,-0.6984384181485918,0.12883882189130938,-0.5596394006093279,-0.7460642921498057,0.11411937026437828,-0.647623060448895,-0.7410956935699327,0.10624618127143728,-0.29821267931789996,-0.5306159245161315,0.10215700007736529,-0.4311931614991508,-0.7801776728200744,0.10202135818876737,-0.5601674642020091,-0.8019119745828309,0.08307811952972402,-0.6529561780512266,-0.7534342792512021,0.07499294189681084,-0.26055374112513585,-0.5397265378378613,0.07093832136581449,-0.3902145291897695,-0.7805131189144205,0.07613466677259453,-0.5224723186220104,-0.8026400751856755,0.06387683119620793,-0.6147593939677283,-0.7549431678865868,0.059615396729657134,-0.24121126162303513,-0.5195370047306618,0.03765261117925886,-0.35134300023211146,-0.7119869301156689,0.051612604556283484,-0.4548198834315603,-0.7661063350162767,0.053703372905542855,-0.5372475275283084,-0.7661438914999084,0.05619234775418535
0.0,0.0,0.0,-0.2114578768869888,-0.012534611839703664,0.028480019045959214,-0.4008795746336465,-0.10919628649295914,0.03996641833505668,-0.5530893132829918,-0.16403460796503455,0.0303534644347804,-0.6779280793052027,-0.22012713101703102,0.024367069648528306,-0.34561364472718203,-0.4942078852264552,0.1328603063596174,-0.4498142357422373,-0.7125729466286113,0.1274372949788528,-0.5460119054052956,-0.7604972427883657,0.10524121707846021,-0.6322398086129577,-0.7556673971993881,0.09200046943001935,-0.2983778077246598,-0.5407275834589094,0.09428170918965935,-0.4188914932499982,-0.8032360831072412,0.07982539791735385,-0.5461906776996597,-0.8240184660711154,0.05586499962688818,-0.637661271321998,-0.7671387390693463,0.046257003631953036,-0.2601014722225894,-0.5493878761414606,0.044652547771449974,-0.37846657354446256,-0.8053644247019205,0.035599852632215934,-0.5114998174545102,-0.8252406413600016,0.022205016934616403,-0.6045864809201037,-0.7714434926487392,0.01921516518852387,-0.23849908216455679,-0.5293530276505194,-0.006913174421835908,-0.3455624677377923,-0.7295924827667475,-0.005573512911627797,-0.45115873473965445,-0.7823604450482777,-0.0066186162134055475,-0.5361371411474678,-0.7778577397012801,-0.0052222712386245825
0.0,0.0,0.0,-0.20479570828527702,-0.01972811628080798,0.005602109914532978,-0.3943433072979151,-0.12786885835664477,0.008789848437572816,-0.5499297617830738,-0.1930723539620579,-0.003186491055356783,-0.6771445400543932,-0.2517634778510498,-0.009039725134371675,-0.32723828933392496,-0.5048902367813213,0.10557652969547615,-0.4254870708186814,-0.7388262457520964,0.09019361422519234,-0.5240639445037962,-0.7876907528121737,0.06445525737576852,-0.6092666902785352,-0.7777344397514109,0.051735117625617666,-0.2797064744004236,-0.548369899703028,0.08099789061530267,-0.3899410265834535,-0.826660441865564,0.05845105819598134,-0.5181722280260022,-0.8477529215094337,0.03597963265140656,-0.6090815670233254,-0.7887146678246292,0.030469670318696043,-0.24265065309955997,-0.5558322568951142,0.04398256674612505,-0.3511361904119832,-0.8244058121579538,0.029744463587963114,-0.48320325787304585,-0.8466479731235866,0.019138937217738225,-0.5749970340170198,-0.7932095788898055,0.021303166457716738,-0.22180011219754697,-0.5360610722655668,0.003383196070948796,-0.323813012107054,-0.7429630027984644,0.0013660867408012752,-0.43038962039500106,-0.796524166599155,0.0005464004188353044,-0.5148024768137107,-0.7903743378235126,0.004780851972330661
0.0,0.0,0.0,-0.19994664603872067,-0.021592335524287687,-0.07198599619684591,-0.3926589498497882,-0.13674880858052374,-0.0908589391953646,-0.5555388638515014,-0.2129165564198351,-0.09852630989026823,-0.6913834020538935,-0.2772903530983864,-0.09467886854106346,-0.3001723777921038,-0.5146114952601815,0.014583996620541599,-0.4066132757552607,-0.7669160749542944,0.0069075360448191195,-0.5139728512322337,-0.8103135724216929,-0.009165935995788535,-0.5994879011555225,-0.790882785162822,-0.012136073425931405,-0.2488990438698429,-0.5502514492723383,0.05619426320331955,-0.3645672264378287,-0.8282997696876389,0.05600025232654538,-0.4954716970091012,-0.8540225648787323,0.048336735576790316,-0.586205106270938,-0.7973433329687993,0.049863646028824954,-0.21270369572378195,-0.5436780475708561,0.08572778840823186,-0.3194695802195885,-0.7948943642838611,0.09444102162030008,-0.4445793828699952,-0.8244342363869492,0.08977380314113068,-0.5325965590596367,-0.7817914757464455,0.09278631222415756,-0.19384011856666078,-0.517074077905946,0.1081222418194918,-0.29396657596752496,-0.707497524766079,0.12464796697330174,-0.38984439051863684,-0.7575105233651489,0.12952198642738938,-0.4627798202648688,-0.7531596036319501,0.13672741710397915
0.0,0.0,0.0,-0.19761701698700715,-0.019707341505220074,-0.11341216119025202,-0.3924865362335094,-0.1409854566249601,-0.14621167619850176,-0.5603188327890841,-0.2222877481141625,-0.15591358454168275,-0.7002264888950049,-0.28958324140109276,-0.15086317888897555,-0.28514765510628615,-0.5164120039616744,-0.028588796415767555,-0.39298083607691336,-0.7805958402760137,-0.037328381283916676,-0.5068249693930496,-0.8230860837809835,-0.053223930107844084,-0.5942418511872835,-0.7966137248428968,-0.05435619638450463,-0.23798000546839693,-0.5475987415823671,0.04480679501603681,-0.35297140203113087,-0.8225671029805997,0.054864824598426724,-0.4837717184741346,-0.8556393279713197,0.0519602541765736,-0.5746856821471436,-0.8074228885722805,0.054630259969673314,-0.20617927028336103,-0.5367780053249641,0.10515330359543576,-0.3119119852194732,-0.7805695935333059,0.12379072418140583,-0.43048410012440896,-0.817315539872433,0.12242359312381076,-0.5144027873234043,-0.7812603797582442,0.1262966449478462,-0.18929734200480733,-0.5108310930837758,0.15582629508808052,-0.2883783417944571,-0.6948696386704599,0.17909490774753217,-0.3787904373683457,-0.7453675147244381,0.18626105351029854,-0.4459824967867218,-0.7449534340954549,0.1952389520626161
0.0,0.0,0.0,-0.19529808415617378,-0.019515836280898067,-0.13985371798193125,-0.38868962613259184,-0.14704896317249067,-0.1806391805899376,-0.5569430145685379,-0.23772869336782187,-0.18877022025872947,-0.697959287027327,-0.3069712480860075,-0.17870125022801503,-0.26670413116765135,-0.5255968626168424,-0.07699532999769845,-0.3695573035606464,-0.8084245390768099,-0.08743631464369095,-0.4924159705658976,-0.844993783759901,-0.09459660040747983,-0.5809982819927579,-0.805619985721804,-0.08642053324651419,-0.22050279009489207,-0.5553296073819759,0.01798602586820079,-0.3353396646086543,-0.8407932684515382,0.028379256390920527,-0.4716748067937494,-0.8701303500835564,0.036534518889880914,-0.562598357433858,-0.8184389256329132,0.04829933131572117,-0.18985367592822416,-0.5410193824401006,0.10084988751521913,-0.2947259147187458,-0.7869032960867504,0.1184488216681361,-0.4144788883992697,-0.8216970860825991,0.12131139546167627,-0.4986758510488417,-0.7839054869654751,0.12972737403735768,-0.1765292302246544,-0.5147945151556729,0.17337472358966738,-0.2729005442680077,-0.7056071786264975,0.19407108122793154,-0.3648570036368608,-0.7561360116123887,0.2006426630187039,-0.43096598361586685,-0.7522172452713698,0.21103244074255675
0.0,0.0,0.0,-0.19110937308664563,-0.023901657680464934,-0.1647748521215104,-0.3823609668899476,-0.1538648457177918,-0.21149897719843438,-0.5509089169499342,-0.24699733385409933,-0.21550933124717525,-0.688344561042657,-0.325683867208467,-0.1971451823590057,-0.23776774931920217,-0.5364219596983546,-0.12773573601192958,-0.34354121895008116,-0.8323331769218296,-0.13169614471616803,-0.4768984783788588,-0.8599568632919,-0.12085555550477839,-0.5633533910174733,-0.8058781718682602,-0.09884011762433062,-0.19223101249193097,-0.5606357271210686,-0.011168681224650921,-0.31696199523624613,-0.8514875834743101,0.005529144606007666,-0.45866153798833287,-0.8703482893386276,0.027880613275295608,-0.5460604667174467,-0.8112988594096245,0.04883568606693654,-0.16637214476480908,-0.5408129854824164,0.09512125494005849,-0.27865260105501566,-0.7796765499707962,0.11760071851121541,-0.39870811412669915,-0.8071028963082011,0.12525811450028318,-0.48076241696603933,-0.7642437024758644,0.135545528215462,-0.15951215094147025,-0.5105001279141991,0.19045527685020014,-0.2586263686635566,-0.6895017138001752,0.21183626869334193,-0.3501798683106828,-0.7319446038145891,0.21675549930442584,-0.41568401078668604,-0.719263933122057,0.22566840093253915
0.0,0.0,0.0,-0.1943164372590493,-0.02725161782342496,-0.1716372973526149,-0.38345290659929865,-0.1608895158807507,-0.220799924424895,-0.5505630827180696,-0.25379483422074506,-0.22634575497161524,-0.6941553974351826,-0.3257768618933958,-0.20998844794579052,-0.23132740543425256,-0.5571764200937758,-0.11742276249165262,-0.32786913395007516,-0.8501817402560692,-0.1154745774522091,-0.46162477281624886,-0.8751658040595469,-0.10515902671619182,-0.5464487118978885,-0.8213163206953586,-0.08423398868586728,-0.18000302615787403,-0.574202990503595,0.004713915822387108,-0.29210431871093995,-0.8648797744757009,0.03005961855794063,-0.4335930071255731,-0.8811588131557727,0.05340776740581661,-0.521684013495071,-0.8211629881921638,0.0749296810726342,-0.1511432622739747,-0.5477331459725447,0.11540056417050731,-0.2532232179816076,-0.7818350926877212,0.14743614254402512,-0.3720927632048127,-0.8093463933359988,0.15863648293715965,-0.4559850402478861,-0.770839613253084,0.16984470716549305,-0.14387924277486494,-0.5121892219162021,0.21377970270831892,-0.2371178213612179,-0.6836213242515843,0.24282111761527983,-0.3237834086364338,-0.7227622577407751,0.25233462624804526,-0.3844757760686053,-0.7112868973599762,0.2639743627680904
0.0,0.0,0.0,-0.19413374452733687,-0.04152156278490024,-0.10457567129399403,-0.376158901190464,-0.17011542608347685,-0.1429075379258365,-0.5375649030960252,-0.251430061091419,-0.16499121662408447,-0.6757580861476226,-0.3185175454326178,-0.1703778656333903,-0.22993250662458725,-0.5758984136878349,-0.022766596030087495,-0.3048806591679089,-0.8519737075186893,-0.039916890455269936,-0.42880236003243366,-0.8812836362937422,-0.05637647080144286,-0.5153439003595199,-0.8354249692340214,-0.05682621929793601,-0.18146241004324742,-0.5989381652005166,0.032411333455548634,-0.27160412377525023,-0.8906865274627394,0.03232907575553942,-0.4106534733729462,-0.9014308119303183,0.032658498779576176,-0.49922513110761224,-0.8438788976455552,0.039131313239962225,-0.1539095750719569,-0.584668786277776,0.07269894189569243,-0.24453892594187254,-0.8407319773257493,0.07737795111166318,-0.37501524320876783,-0.8611600289029415,0.0785448391668004,-0.46294743939221206,-0.8149592729521846,0.08517772319750255,-0.14821236186544207,-0.5544435004937804,0.1025703888896175,-0.23429845048387574,-0.757381253721555,0.11138320760163113,-0.3363146599636582,-0.8002966663768037,0.11632225040217359,-0.4103419668949152,-0.7818300200204844,0.12469876519934463
0.0,0.0,0.0,-0.18822807457732343,-0.04685808896297591,-0.0884041459271177,-0.3692516889219022,-0.1771666535769992,-0.12767084307707866,-0.528550924011465,-0.25599750423637313,-0.15952050599235268,-0.6638443233428492,-0.31734320365700613,-0.17610404908797198,-0.2363673251782955,-0.5847123403434307,-0.004659403054455337,-0.30285093663803403,-0.8545887476541311,-0.03971674750912998,-0.420503752579025,-0.8839787211245611,-0.07196428391597391,-0.5067007280783211,-0.8389053769578174,-0.08318069794940901,-0.18971080145909047,-0.6114593886753451,0.02658583985054777,-0.26861719195580025,-0.9041730540261428,0.006191281580759168,-0.40487694584460143,-0.9086184296468083,-0.006132605568123738,-0.49435488054000576,-0.8495637087987608,-0.0064733565521143226,-0.15998108804603875,-0.6017450426358941,0.040956214752928266,-0.24342021414846315,-0.8736857491149599,0.023785668033348847,-0.37657886832293086,-0.8865961883090002,0.016867683441231632,-0.46528975229585057,-0.8313171825077923,0.021105440009256873,-0.1479893063491261,-0.5741167371571778,0.04543785461258121,-0.22743519587774197,-0.792876770946464,0.03743383009931782,-0.33387126183518945,-0.8370519349783604,0.036594105351363065,-0.41285222730407045,-0.816124411579761,0.04219241989461843
0.0,0.0,0.0,-0.19085450618096272,-0.03479161735385477,-0.12621053287199013,-0.36769699759386,-0.1589058882123962,-0.17605146013179404,-0.5219875499328249,-0.2412122711208755,-0.205971895007469,-0.6540445501363608,-0.3067177357721139,-0.2188572993702964,-0.2283029281299489,-0.5765153538278017,-0.056409198379140664,-0.2945666342063088,-0.8589750473346349,-0.09160601059185346,-0.4213684802580878,-0.8868525545578549,-0.12273764989167127,-0.5094507685467091,-0.8321950207539985,-0.13174487452995284,-0.17942898146660063,-0.6046031864839286,0.005352862565433483,-0.26818159560982335,-0.9026776937698029,-0.010502008485747578,-0.4090970913047589,-0.9055683608805157,-0.02099686953306007,-0.49567244139775846,-0.8399198578382678,-0.021664754319601395,-0.15042688009533653,-0.5959758134981519,0.050546797493712436,-0.2438104089885652,-0.8660320470763059,0.04007302924718216,-0.3773312991614548,-0.8744834607502283,0.029040046319892307,-0.46217659199397293,-0.8161797541442255,0.028387986274871845,-0.13985349560401245,-0.5744873820191911,0.0842096315827234,-0.22266650358184867,-0.7916072255377982,0.07942235180319265,-0.3286409772989412,-0.8285711406741275,0.07331823856031575,-0.40392200092451985,-0.8005990391316916,0.07441705865534749
0.0,0.0,0.0,-0.20536908866701464,-0.04296631347883495,0.015208149737591173,-0.3699298527250756,-0.16043324650256674,0.030733497693492276,-0.5114355241442599,-0.23148566494081113,0.02865962732705883,-0.6379571764189675,-0.28932900347154034,0.03398072818975262,-0.23345649390550982,-0.565114677109808,0.1548522912822512,-0.29477101901177993,-0.8130907902035978,0.16533718054533453,-0.40664134609323627,-0.845104236566427,0.1514462594229557,-0.48437464473468217,-0.7945745615950515,0.14748572101411916,-0.19159779879496414,-0.5937250106632547,0.1334590706495387,-0.27654912841388346,-0.876215872292702,0.15264197399002669,-0.41033096258369034,-0.8823673859167422,0.14152743952615993,-0.48854723591384863,-0.8138841324312713,0.1371731597443941,-0.1677338372221217,-0.6015773274371885,0.09745555953271433,-0.2541133714811321,-0.8670316671025082,0.11005203740040997,-0.3873942514122535,-0.8717263625297854,0.10107565699811719,-0.4674222732868684,-0.807389880011796,0.09744230987273236,-0.1596686355335306,-0.5995473022644466,0.057901639986994755,-0.23367848954155296,-0.8245044537601289,0.062455662914995866,-0.3426077056094324,-0.8537376559623954,0.059892617225314124,-0.4197384736107808,-0.809004018936926,0.060480444753040305
0.0,0.0,0.0,-0.21462943398692425,-0.05236158285738002,0.09628446369841434,-0.3710158816795213,-0.16434536318612392,0.1444527717134826,-0.503680709107592,-0.2222776129136007,0.15316081181912158,-0.6267967535204808,-0.2739143572180748,0.16483474841081233,-0.23565137137043882,-0.555763636421356,0.26978239118634284,-0.28712131451463374,-0.7810804514349576,0.3024453763991875,-0.39058163336522844,-0.8197387143682862,0.29733701205018687,-0.4637056246106507,-0.772107934814476,0.29631108572329434,-0.1981868097682525,-0.5842832854489347,0.1991423201002251,-0.27471137374844595,-0.8590567296425272,0.23432047413785217,-0.40349056916389753,-0.8730397461443915,0.22622274602767473,-0.4782901200739105,-0.8076941741250083,0.2231146828224189,-0.18078692270948174,-0.599492453564818,0.11498830103926538,-0.25971642961792474,-0.8619855043244254,0.13811828371392465,-0.392658119532068,-0.8670112895750898,0.13564537716874875,-0.4714104730900203,-0.8017007195708173,0.1352781153080607,-0.17990509137405025,-0.606421218529408,0.03172887474595909,-0.24490094198785667,-0.8344112327835927,0.04217062620501769,-0.35373080788285416,-0.8615818950337605,0.045498335886527595,-0.43195735171144756,-0.8112323108697606,0.048961441540712705
0.0,0.0,0.0,-0.2176115110865737,-0.05942282957086131,0.12781176726166926,-0.37361301751017395,-0.1691986558433531,0.1912027936524084,-0.5018355491837979,-0.22359661165781317,0.20590435142406077,-0.6230950202499344,-0.27696548523895187,0.22167280099680697,-0.24752063441110012,-0.5500903413105434,0.3222481728187493,-0.2917197399825839,-0.7646733662964641,0.364622106304111,-0.3888746342562789,-0.8085510485447944,0.36092296862517714,-0.4619211407617488,-0.767461637920361,0.3580968241793517,-0.2106978415222414,-0.5815231154912361,0.23087304466747313,-0.2855862706306483,-0.8414985945285864,0.2728295211568007,-0.411738964408799,-0.8653527366053683,0.2614522965201907,-0.48703578878713527,-0.8026267764935586,0.2538413268625154,-0.19390373541692105,-0.5999706567814183,0.1256861100980295,-0.2704726753572731,-0.8570900012673639,0.15135751819007615,-0.40253953603595355,-0.8640770692101418,0.1464065624468472,-0.4829539584242074,-0.7982029651208429,0.14309372849683727,-0.1925754420998541,-0.6110777960937492,0.022975166418330587,-0.25507839611540195,-0.8389172640452249,0.032203189008727644,-0.36466986214081965,-0.8635272756536594,0.03390763451366092,-0.4462143863822226,-0.807849611007099,0.03525430055947627
0.0,0.0,0.0,-0.2221571971175444,-0.06054788475985905,0.1492949823860955,-0.37486692120189136,-0.16296295351735568,0.21945075541268372,-0.5004978614568356,-0.21772226399112826,0.2344330481138904,-0.6213572056150324,-0.2768816555655822,0.24849560756143488,-0.2501074274687096,-0.5418955781470287,0.3547971724340695,-0.29672280748216695,-0.747378074592509,0.4029719278947502,-0.38930819786170534,-0.7952337702076011,0.3995531384760584,-0.45924839942947043,-0.7586151169701609,0.39533745691937167,-0.21410281251915503,-0.5777932213332599,0.2492044666761472,-0.29148913399487825,-0.8334995437372863,0.2942717379248748,-0.41702284907626075,-0.8608220333105798,0.2794054850679514,-0.49138348784195574,-0.7990076889327866,0.2683742499812346,-0.19903822342354477,-0.6011718612763304,0.13012967849851811,-0.27367242271726244,-0.8557883408360315,0.1578920712220323,-0.4061224652077626,-0.8653178320321314,0.15197184652100523,-0.4853620379695429,-0.798372476387163,0.14704154604297803,-0.19936843023991113,-0.6173087972590798,0.014780552259249792,-0.25720433368374984,-0.8449175730821825,0.025780778407668216,-0.3665012894221086,-0.8712015049031807,0.028506599671499273,-0.4478636040994246,-0.8147492463101669,0.02979648186819508
0.0,0.0,0.0,-0.22023176851436813,-0.06809663091273171,0.15844857350790564,-0.37432519016479193,-0.18232529020171978,0.22255174971772068,-0.5027318476632012,-0.2316087746330252,0.22706862077905798,-0.6301410977620386,-0.2739138186491402,0.22996635537250598,-0.24093587675194456,-0.5638117287598894,0.35501393556749394,-0.29115981335148833,-0.7815223947176894,0.3975331885167567,-0.3906531855604717,-0.8151962743784232,0.39193692755458726,-0.46378348761651095,-0.7675513226095357,0.38743038696120324,-0.2033941810858994,-0.5934793273640986,0.239386861670498,-0.2854773787799779,-0.8601448048243918,0.28122183989781124,-0.41895030888772555,-0.8651569170142005,0.26897562474373327,-0.4937044860335362,-0.7898707633072595,0.2607292558229501,-0.1873965649840259,-0.6092988403149449,0.11107836631738147,-0.26723169651330503,-0.8781465212346472,0.1396733108683622,-0.4063168774227274,-0.8738796975289619,0.14069771438714365,-0.4871630801795302,-0.796638181112493,0.14071781118690024,-0.18958400137993664,-0.6129476129346461,-0.013586319951777455,-0.2536133601675939,-0.8538178998507586,0.0066282539652435775,-0.36310782964740695,-0.8749829434333187,0.02037369644367334,-0.440408056119775,-0.8139365294157472,0.028445466355842983
0.0,0.0,0.0,-0.21865550570205072,-0.07230705099221969,0.15626654978025778,-0.3719017674084049,-0.19186244203802305,0.22134313214557244,-0.5017199967958024,-0.2392131665287851,0.22607262420532048,-0.6247522236876553,-0.27202982414155147,0.2287539536110603,-0.2502377034252571,-0.5601558120244716,0.35920600696622573,-0.30454807906449266,-0.7787067857001047,0.4001988972975475,-0.40279626426222326,-0.8114456935795976,0.3942877210437581,-0.47325295227331543,-0.7629164757885762,0.3902037448683766,-0.2110636884768527,-0.5909625519796768,0.24237922152906882,-0.28531060132170616,-0.8609488024925603,0.28212622412429367,-0.4163242128757961,-0.8675880196821768,0.26857788923100645,-0.48937979883651167,-0.7883605581857135,0.2610151817093376,-0.1904218922561281,-0.6046821973187123,0.11185700307320526,-0.26296494173349816,-0.8756728861857381,0.13788828013094184,-0.40231676806857,-0.8734794256838236,0.1360241658428648,-0.48250028465013145,-0.7936406656594579,0.13545510394559623,-0.18823643780962196,-0.6043574113615628,-0.01543080623099087,-0.2554853075527593,-0.8408313719965836,0.002409223645728615,-0.36848774279258045,-0.8575855310732272,0.01386465484843493,-0.4468947623251982,-0.7931198748309432,0.020907935364609616
0.0,0.0,0.0,-0.2258443269885942,-0.07451385862692783,0.1607745891928904,-0.37448580095686657,-0.18190167042468872,0.21995789105446,-0.5029260270846827,-0.22927122740295047,0.21506793827618595,-0.6313335829042847,-0.2645198214253044,0.20696750901243166,-0.25774006344756617,-0.5567063600395852,0.3664859352591264,-0.31352818469215715,-0.7793784270483433,0.4003065764643952,-0.41631601400132134,-0.8092973430911673,0.38788584239574375,-0.48672015978147964,-0.7485683115053405,0.3798901970383456,-0.21971310867441846,-0.5883266267813929,0.24161263164886237,-0.294409688297521,-0.8621182088679609,0.27301041043528085,-0.4242746278964542,-0.8691753365443027,0.2515002001628017,-0.49397756357448996,-0.7881286681515294,0.23938643632948514,-0.20217884459745716,-0.6026565692135363,0.10245374799924542,-0.27373789855862407,-0.8741311300510659,0.12222791676738703,-0.41069480470778585,-0.8732171117300276,0.11623217112814503,-0.48692298155132335,-0.7909310955678459,0.11314549784142303,-0.2004205381576857,-0.6023324672042256,-0.03327242235747127,-0.2631752630826684,-0.8391516833799135,-0.023666755811601693,-0.3799312063289998,-0.8549030403371202,-0.017377785916610895,-0.46118790391446074,-0.785039995691257,-0.013325413279788603
0.0,0.0,0.0,-0.2207788733349085,-0.07901665233578418,0.12512535534522476,-0.3707003169706189,-0.18176088314158106,0.17338792396864133,-0.49940691434896406,-0.22984703202747261,0.16631047113474895,-0.6282210356169433,-0.2740787167574684,0.15949831789210728,-0.2652438629111301,-0.5623034876292649,0.33242333742948776,-0.31058034489878794,-0.8003176476205568,0.3560967871881195,-0.4180597647473784,-0.8229829602102599,0.3393698897137799,-0.4914075426668725,-0.7527890200453489,0.3305560335306058,-0.22639210555538208,-0.5931809497452561,0.22939143187562946,-0.29899018351155854,-0.8738707937899799,0.2525184140605624,-0.4293823923829073,-0.8727085898953341,0.22993567457212682,-0.4943219617167511,-0.7838651565550504,0.21846521797471852,-0.20876037706725,-0.6055648145464192,0.10922750274969006,-0.2768025389541937,-0.8837524548576974,0.12302720406050435,-0.4131863610779136,-0.8763731385786659,0.11348141052273855,-0.4858772188165802,-0.7859943854537871,0.10968893783464867,-0.2038232827160744,-0.6032934085237178,-0.009999924518795784,-0.2598479250126298,-0.8456526938228537,-0.010100695133179174,-0.37702089377206705,-0.8648051052065315,-0.013273511259242293,-0.4578354399313681,-0.7925449188257976,-0.013751176602424302
0.0,0.0,0.0,-0.2214495753420847,-0.08201738823245275,0.12025203055484376,-0.3694957966970498,-0.18211447153762939,0.16442827654937064,-0.4972183879102229,-0.23015043625834997,0.15375988452644057,-0.6249668700698936,-0.2775960343229201,0.14346971760362015,-0.26620702050857004,-0.566480887144428,0.32365541434770906,-0.30885445873719064,-0.8150424655158491,0.340336256743481,-0.41725061011187065,-0.8340185747966311,0.3193570578401567,-0.4915594351716527,-0.7590331570253984,0.3082548797664493,-0.2270259224012382,-0.5952840985027748,0.22143024184220556,-0.3014166048527863,-0.8845942554839934,0.23644605930287244,-0.4325832949889266,-0.8762400398194286,0.20996028298701266,-0.49696631522894313,-0.7835374062250615,0.19640735747194354,-0.20909152921913154,-0.6064561205184968,0.10148356503770622,-0.2775842552746529,-0.8916175343053161,0.10886951720818364,-0.41431101852485575,-0.8809058656568872,0.09474411228242915,-0.486630702850408,-0.7876774574285828,0.0883137959289714,-0.20177585190106156,-0.603126754511413,-0.01776731605827215,-0.2572407697875627,-0.8480600925387405,-0.022954217169050203,-0.3744402329177192,-0.8659804981283585,-0.030700265229668795,-0.45533814228509845,-0.7918497124759551,-0.0345216614389917
0.0,0.0,0.0,-0.22552828695060256,-0.07742466636351128,0.13764106488746974,-0.3729699383339724,-0.1714226381077376,0.18873300224067396,-0.49892754086655655,-0.22020107165244895,0.18038175024442218,-0.6222254347122922,-0.27394541457068,0.1703048806537158,-0.2789689341042881,-0.5506017938833352,0.3448298039449689,-0.3271962329989253,-0.7911074857414699,0.36510967598595073,-0.4309667202933878,-0.8132682695927272,0.3423415618258192,-0.5020786975628164,-0.7436055254381556,0.3281718285054869,-0.23992457715402704,-0.5850013648248845,0.23097076387337406,-0.31828851166920935,-0.8699837633410857,0.2467171548730343,-0.44612798795832453,-0.868757313900427,0.21327038863763548,-0.5088554060687625,-0.7749757871906342,0.19344668709882337,-0.21960270523189385,-0.601877168061445,0.10060116284665677,-0.2903957998204103,-0.8856643610177021,0.10770622045785891,-0.4243964505803008,-0.8764804898602863,0.0878828407319473,-0.494068944780577,-0.7828277579087115,0.07613226078162988,-0.20730309940825128,-0.6065841381261614,-0.02755100697247366,-0.2664430185457445,-0.8469351944665013,-0.032868289890143926,-0.3840944505612397,-0.857039590909616,-0.041400429639586005,-0.4647345809420486,-0.7778152105812411,-0.04705632275923091
0.0,0.0,0.0,-0.22653847614352607,-0.0752299759437963,0.13778724828972477,-0.3738585782299171,-0.17162779365924846,0.19087059501128528,-0.5002591055402379,-0.22062129536304775,0.18500925019799888,-0.6226810999074214,-0.2689209895687954,0.17775536419845955,-0.28667142825031033,-0.5502017454647901,0.34211190870841623,-0.33424246127912255,-0.7900453713706401,0.3611412795023716,-0.434898392437172,-0.8116711801231558,0.339337014766378,-0.5019284158934434,-0.7436184407714876,0.32619664088279,-0.24701712065945952,-0.5858446852647328,0.22877702283154633,-0.32432836157232964,-0.8725176923813014,0.2416824678448057,-0.4493394495920846,-0.8679766503054277,0.21052070026404607,-0.5081317947423438,-0.7720101540585897,0.19360204069625206,-0.22430295770734807,-0.6029004686460376,0.09891607292265109,-0.2937095668091007,-0.8884175446709515,0.10237979531672697,-0.42708161158684366,-0.8738930143795638,0.08370924679132175,-0.4944507920306959,-0.777174241275715,0.07453557452348655,-0.2081035116585985,-0.6069066214693786,-0.028658743627996468,-0.26805862927352275,-0.8493783670421458,-0.03587533387508436,-0.3844045523959299,-0.8546459423585211,-0.043914135690502176,-0.4619684668781035,-0.7712708319568131,-0.04818707777393211
0.0,0.0,0.0,-0.23270311902771584,-0.07320025592664023,0.15780089007385695,-0.3793224940341923,-0.17042048641451252,0.22092320380222,-0.5054176514118405,-0.2175758306758751,0.22217729613865395,-0.6283822212551411,-0.2617760613830347,0.22088740666361378,-0.2923812529207227,-0.5425225578113165,0.36163056344374994,-0.34512663684975065,-0.7709136956271574,0.39020923443299915,-0.44425569095250694,-0.7948868054899103,0.3750185830948513,-0.5104917611336375,-0.7319889367696368,0.3652808420773869,-0.2539782030261535,-0.5802576990927636,0.24097103258688615,-0.33373756186674447,-0.855695483126941,0.2638784745870823,-0.4599641030211784,-0.8543273806713861,0.23924405802711415,-0.5214350461766417,-0.7646751379248904,0.22548606512747804,-0.23216902339622844,-0.5979937845774674,0.10534442853015047,-0.30101992309206627,-0.8750112586455574,0.1163362746573966,-0.436879578946655,-0.8643814969795014,0.10389517398383277,-0.5078296807817217,-0.7731882123745859,0.0976179898022649,-0.21866906931099378,-0.6038774050078463,-0.026493265514730607,-0.2758867514097275,-0.8398944232209402,-0.02946174870471344,-0.39381834838413443,-0.8471409218908155,-0.03435328061555501,-0.4746156990188871,-0.7687383723362822,-0.03690951369811945
0.0,0.0,0.0,-0.23012333124876744,-0.07263182414877473,0.15238883579912363,-0.37975126560187644,-0.1700343876796533,0.2110542291135023,-0.5103630555240571,-0.21465584671193927,0.20819270817229416,-0.6392398469556093,-0.2606079676336557,0.20361655485325247,-0.2914988583096362,-0.5525011888728928,0.35800243580944346,-0.3477420556269401,-0.7885578548659387,0.385439424097475,-0.4494744699505742,-0.8028314784974927,0.36907523537988296,-0.5178274315320754,-0.7324227393842053,0.3585951931988325,-0.25470380797779646,-0.5874513244427302,0.24008075970588555,-0.3424033765035327,-0.8617005416972001,0.2651119033563314,-0.4692348197055952,-0.8488799281210677,0.2417429842144397,-0.5280677901557663,-0.756197074733544,0.22749284003275,-0.23546322586036236,-0.6023020270438995,0.10670376290148367,-0.31172095690544227,-0.8797747272644445,0.12129314774491391,-0.4468086542203741,-0.8627743589705426,0.11235282094664528,-0.5167097592728018,-0.7697149563758721,0.10690596378163522,-0.22417401522576003,-0.6020530808766842,-0.02387703658387244,-0.28387211970294135,-0.8439892332397894,-0.021434522946335834,-0.4017905842583988,-0.8483111605319295,-0.02219887932141581,-0.48202413356291085,-0.7653253984479712,-0.022999396776372586
0.0,0.0,0.0,-0.23359042919132583,-0.06612306597998567,0.1343099064100897,-0.388845819885136,-0.1560665415923991,0.1918488262771175,-0.5228158864611263,-0.20055800602675503,0.19381930423563754,-0.6566236923938605,-0.252668101569069,0.19465139301076428,-0.30326994059681106,-0.5433179692297312,0.349946491203181,-0.37586054052230167,-0.768339476981824,0.38195315896012755,-0.48178044603476455,-0.786072091477499,0.36442678612521306,-0.5538763529223306,-0.7197068823025278,0.3516769880565443,-0.26507087159856524,-0.5808841243522433,0.2451511373819858,-0.36513252823314873,-0.8449329946882425,0.2737817520796842,-0.49473766903635125,-0.8339469163084355,0.2418735863986646,-0.5588099981201946,-0.7400678192962584,0.22010994214796745,-0.2461492780605784,-0.6005360054425484,0.124070704480033,-0.33374173706553195,-0.8650458248043844,0.14133187969897273,-0.46892578147797426,-0.8529145097391706,0.11876609510296221,-0.5424958781587563,-0.7647579087662044,0.1021037261329,-0.2362884032621188,-0.6055550193628239,0.0052505366896626535,-0.3084247723905827,-0.8291092771685566,0.005054119695171378,-0.42710105586849245,-0.8395347328229218,-0.007486655866180707,-0.511852883724347,-0.7685370759916629,-0.017863310652439197
0.0,0.0,0.0,-0.22700882673365297,-0.05727574325131703,0.11970785128356226,-0.38850805596602267,-0.1461282866143622,0.1719497031780782,-0.5287470863545309,-0.18887561482658044,0.1719484414824687,-0.6646746312201748,-0.24214912032333857,0.17219886952271704,-0.30381050643418583,-0.5436864845363744,0.3348170128936055,-0.38194062398265927,-0.7703265785680993,0.3621674797624326,-0.4918126583703857,-0.7820154176873985,0.3418799336499646,-0.5668674973622296,-0.7100901306834562,0.32783651171998507,-0.26676277702821755,-0.5836135078628154,0.23809070476805866,-0.3725397235911584,-0.845994242617412,0.2628491319711812,-0.5065518366136608,-0.8305068458226723,0.22963043932560556,-0.573283866519712,-0.7307412514444832,0.2072111199133995,-0.24934814295721505,-0.6049613105261085,0.12409641155304138,-0.34182363070258587,-0.8668989840636421,0.1390448012671249,-0.47981917227774495,-0.8495276735673474,0.11613551566498388,-0.5550405111045079,-0.7552385602000118,0.09970460501279814,-0.24164566524054498,-0.6105911685239416,0.011100078134415757,-0.31791903223383916,-0.8346436930220593,0.01095882546080043,-0.4352628567629811,-0.843530828939622,-0.0014788413835106103,-0.5181317144766464,-0.7685436226566333,-0.011587327181192014
0.0,0.0,0.0,-0.22430091152306542,-0.04860823322034519,0.10999483654930084,-0.3931857481114057,-0.14100006763581674,0.1534851232190123,-0.5366641357359085,-0.18846647024420426,0.1456038362277189,-0.6758821838513035,-0.23619153074630225,0.1379236473309872,-0.31821881106837685,-0.53717645880337,0.31485224226774455,-0.39987445655157217,-0.7540659800984061,0.33156232022561627,-0.5091803426350204,-0.768308973570436,0.3040621039633178,-0.5868738251597274,-0.7022186445952583,0.28524272265254635,-0.28170087148034273,-0.5814593706060194,0.21813643254227677,-0.38996791646762624,-0.8400213010692872,0.23214394870218819,-0.5228713215365757,-0.8284557819989693,0.1959455407629051,-0.5932073871377879,-0.7272432020886122,0.17250960446384683,-0.26161182303781116,-0.605975217707053,0.10394198220378503,-0.35545849423464504,-0.8682538061433767,0.10933154606074132,-0.493630371039985,-0.8534917783270297,0.08558690633102826,-0.571014438125128,-0.7574571616760545,0.07033735655395182,-0.24820477721645887,-0.6136096780078573,-0.010010720049863635,-0.32783839263987946,-0.8348302253363629,-0.012642851507259634,-0.4456203849296263,-0.8433444309482556,-0.022256445131527053,-0.529353564708212,-0.7668768064216932,-0.030028226443760065
0.0,0.0,0.0,-0.2138544782381055,-0.03872961429248792,0.06685769504638353,-0.3938659911620908,-0.1344053942340531,0.08800215903708353,-0.5481620507254068,-0.17988778407676242,0.0686516742875426,-0.6917595327044717,-0.22319345441434735,0.053551048859522866,-0.3204680809973205,-0.5422046314912676,0.23988431662150705,-0.40139150707098653,-0.775194843850478,0.23666547476808558,-0.5139911618166959,-0.7848974672809942,0.20335923197009192,-0.5967844638188395,-0.7191653906673707,0.1832322744482325,-0.28293403999030214,-0.5838528397539227,0.16519914456710177,-0.39379894856916353,-0.8517638560609537,0.1651577009138942,-0.5311886865678678,-0.8335067432373876,0.13590098070092155,-0.6067759725715403,-0.7354809521125691,0.11893599382265502,-0.2605989619383862,-0.6025017961013451,0.07218266112560429,-0.3626724839325042,-0.8715972100497948,0.06755415322428918,-0.5059477211805397,-0.8508071149802061,0.051833657263888305,-0.5878025460033965,-0.755389416765033,0.04439303434825527,-0.2473050141764057,-0.6037565968744578,-0.0237090618372461,-0.336885663063435,-0.826196973651956,-0.029946612030781868,-0.4578540291464972,-0.8344526805771859,-0.03553642583889329,-0.5419140475602618,-0.7601910698729404,-0.03853445912233237
0.0,0.0,0.0,-0.22569088818512456,-0.028800459554193684,0.0967491378612853,-0.4088874795093746,-0.12510820181255666,0.12778344062431446,-0.5577721885982241,-0.16724092539963187,0.11172613222427988,-0.6966917433998758,-0.20354352270848078,0.09677827659610634,-0.3503825846408199,-0.5217681679429351,0.26346800438775386,-0.4456486403718787,-0.7288148039333282,0.2677032041034253,-0.5536242786483957,-0.7465243766912111,0.23804606929008654,-0.6347419463612529,-0.6977904557440645,0.2177053418332271,-0.3102725365217668,-0.5646778453699709,0.16893220418657673,-0.4310920109128771,-0.8172993946664173,0.17163956610437353,-0.5667166987612295,-0.8089513059319648,0.14215363955727234,-0.6448442439003568,-0.716038917180448,0.1247444316438973,-0.2831739335106301,-0.5798085440419772,0.058749606927036395,-0.39488463689895204,-0.8409688961287889,0.05737427689447716,-0.5406560667101623,-0.8302940172305576,0.046050384144515996,-0.6269558626806344,-0.7424610570691335,0.040547454404908395,-0.2679364071724517,-0.5705857221524329,-0.05236735633709117,-0.3697150515904693,-0.7865679668378922,-0.05365986163576468,-0.4924309467155523,-0.8039437216201024,-0.05278798758491324,-0.5796267800116963,-0.7459265354496164,-0.052468677438162234
0.0,0.0,0.0,-0.2222450164280241,-0.01994191179603443,0.08276263672239093,-0.41042782817166445,-0.11484319800635692,0.10628944850716199,-0.560624743688033,-0.1571597922727345,0.08823249044466193,-0.6995541403924391,-0.1955372560108725,0.07241297812770636,-0.3529639457515721,-0.5180601974256249,0.2214916606888383,-0.4567417051241231,-0.7277257046293819,0.2160572139920383,-0.5644081125117102,-0.7439452211833631,0.1850700146434966,-0.6491487209625246,-0.7004657171945463,0.1644138624969756,-0.31421825710512596,-0.5601457965949581,0.13550028653210855,-0.44541056329024226,-0.8156997348097657,0.12706913905361472,-0.5832898435517582,-0.8035073215292945,0.09962198202803327,-0.6613479882333836,-0.7081490064860858,0.08466755196804296,-0.288373740669819,-0.5683023903638857,0.035223383924647265,-0.41148441451481726,-0.8316723957888956,0.025414141206226315,-0.5578091609817513,-0.8196003085502563,0.016427389569183194,-0.6431372756771601,-0.7323590246435125,0.014147000661560931,-0.27665417017656724,-0.5492956455787013,-0.06614008090311543,-0.3830336509081104,-0.7661461457101069,-0.07263490296288964,-0.5030610638236406,-0.7884821601114372,-0.07205817835931916,-0.5871766411470214,-0.7368667422196158,-0.07056268039530474
0.0,0.0,0.0,-0.21603700547589055,-0.016822371582924923,0.06244876706604291,-0.4061868682773831,-0.10728691458120998,0.07604500813132671,-0.5571007131736421,-0.15051700287982464,0.0547901627089115,-0.6946520864235253,-0.1936147229334469,0.03803470221721961,-0.3484323668193301,-0.5184085228596427,0.17782650422890647,-0.4546462313855596,-0.7444188553767903,0.16116092066093168,-0.5677568874950509,-0.7569997856171808,0.1282471119488593,-0.6552676713793513,-0.7105437738569893,0.10837129712152466,-0.3100838980118614,-0.5583668774741729,0.10488381877426053,-0.44943101320891865,-0.8240503985735843,0.0866352502839324,-0.590453191393743,-0.8024341418511824,0.06280214509056392,-0.6676921544187231,-0.7044226337887537,0.05207118196217509,-0.28698400419857195,-0.5608095766169817,0.017946826889524307,-0.4193381552474491,-0.8316148975419517,0.0014523306455137535,-0.5676550170867366,-0.8175383590158763,-0.004573163105352154,-0.652916187833331,-0.7326540379236526,-0.0031907568403524832,-0.280934795006213,-0.5354702009202387,-0.07082816740354664,-0.39308630363380254,-0.7550832038426794,-0.0823358977775685,-0.5153402386755235,-0.7799839089727856,-0.08245173042355329,-0.5993756114249527,-0.7323512788475428,-0.07974952117902409
0.0,0.0,0.0,-0.21989150115714284,-0.01578156866508844,0.03689095441872833,-0.4157269991569088,-0.10268775812881739,0.03813648549970756,-0.5731778592107486,-0.1412069928905919,0.01169284356519883,-0.7110170986641715,-0.17604793528928525,-0.008417445012690646,-0.35808471620592686,-0.5205964875970155,0.14304220586038133,-0.4728153184201019,-0.7502301981636652,0.12015773673288882,-0.5862916392121733,-0.7588278206885584,0.08394228364644013,-0.679483249928275,-0.7104108562816809,0.06303449858272356,-0.3185096557513213,-0.5590435384451091,0.08815841890352263,-0.46488608980551427,-0.8196332386468534,0.06466779141588008,-0.6060824214839676,-0.7917852323699202,0.03881575621639017,-0.6882175715916126,-0.6931662643679688,0.02775656915698213,-0.29214038373200646,-0.5568145633916305,0.01962783113332912,-0.4325501101581959,-0.8180988715247708,0.002235734872608992,-0.5805671222989893,-0.7979784397088038,-0.0042552597823684295,-0.6674259543324217,-0.7098920033212464,-0.001966761574167839,-0.28345382583545065,-0.5279045859363047,-0.05201535234206266,-0.40144125601548747,-0.7410187487402005,-0.05994645324228089,-0.5246760949950542,-0.7628756726192093,-0.058284764761726233,-0.6077948649942625,-0.7163050632874977,-0.05363816194465432
0.0,0.0,0.0,-0.22182848228047364,-0.014014414543770528,0.022036199062000234,-0.41883879475170105,-0.09526155419247362,0.019985391195493175,-0.5780796322775136,-0.13323550753576813,0.0006400748203360144,-0.7101853989231647,-0.15852338655578066,-0.012373472752307164,-0.34703573457457265,-0.5088838406377233,0.09419321174838942,-0.4858208271971446,-0.7256334862137973,0.07569110344904714,-0.6033940530954387,-0.7389104867466316,0.046753542599493214,-0.7027993331423312,-0.6989912961220507,0.03090283184088211,-0.3084926549454152,-0.5485125097963784,0.06040937736576349,-0.4790634739898606,-0.7885134407811584,0.03948555429084308,-0.6231512787042344,-0.7664109476108123,0.01842316818287269,-0.7140377121998178,-0.6775187290021094,0.009479949511355196,-0.28085042363422386,-0.5406258748117236,0.017700333531702958,-0.440365338507265,-0.7793223358725541,0.007778269168743137,-0.5872679360433581,-0.7681173902650476,0.002677810514555656,-0.6769627401987119,-0.6890169901413234,0.0037742311414767334,-0.27256082576450014,-0.5057568259803412,-0.027095832812334474,-0.3985827842470707,-0.7002126629298765,-0.02739249203175711,-0.5190046487330061,-0.7236973539933318,-0.024430347649479815,-0.6025040581918073,-0.6847533200358933,-0.020063606906259423
0.0,0.0,0.0,-0.22342558537919815,-4.247492571933433e-05,-0.012288346635610856,-0.42372301403519486,-0.08024000637195358,-0.02251466614458186,-0.5849087792378466,-0.1190859141138944,-0.03610181248564933,-0.7122371677609147,-0.14034370438011343,-0.04202702818633963,-0.35003091271283426,-0.4872027899437592,0.03906621249598424,-0.5070546541849441,-0.7041835285485964,0.020830081183231857,-0.6288431169164259,-0.7181161100110465,-0.004697488314974459,-0.7280103401896987,-0.6769079741740076,-0.015622193877599161,-0.30761064646817726,-0.5263038828618133,0.03756104333626397,-0.4895886312016291,-0.7587978863878253,0.027226571882086357,-0.6334991696948293,-0.7385453821169712,0.01565682932556166,-0.7292519730591567,-0.6553700507618115,0.012600223895900065,-0.2750308913344348,-0.5148921812078546,0.028532531138058228,-0.44251345517771645,-0.7317141517726216,0.030601848405961325,-0.5838315887713172,-0.7251610254504797,0.028993699239129877,-0.675479501984438,-0.6564683983435392,0.030977462726446525,-0.260945481498862,-0.48114512828526534,0.01639279246507904,-0.38949094646189775,-0.648062973216689,0.02480849127198838,-0.5008835077406625,-0.6739929074692587,0.030273813196561836,-0.5807113209456336,-0.6485641212643909,0.03656636114365002
0.0,0.0,0.0,-0.2332512076260947,-0.004544468702950704,0.028709854191968923,-0.4255333181772625,-0.08883147711601969,0.03220921753553416,-0.5852089933249587,-0.12285507661928916,0.023017559296557386,-0.7157157351778771,-0.1389080477559193,0.018748065629726786,-0.3361171528735007,-0.5054934318770724,0.07775671216212333,-0.5049075898346799,-0.7133544075433335,0.06844861410603222,-0.6316622739880484,-0.7189994146698313,0.04974755711691657,-0.7340553331702399,-0.6709562577616841,0.04224004494686067,-0.2912356838671931,-0.5419907690785044,0.052587752169465665,-0.48980146974325867,-0.7651290255015328,0.047488460450049536,-0.6408498383782475,-0.7377090971549894,0.03910137299785684,-0.7383402988700687,-0.6519938920712935,0.037000864866195686,-0.2626611214550747,-0.5217358737568637,0.022493331162232094,-0.44584107505440695,-0.7387644428098121,0.02880501029593412,-0.5978571323961912,-0.729038607502114,0.031849252851152164,-0.6956950357416108,-0.6602978936403019,0.03518703709256359,-0.26156305499028554,-0.47401892177276084,-0.0074297099251043955,-0.4008776286714908,-0.6486865694919881,0.0016857512988177996,-0.5209974276950213,-0.6777639416500034,0.008994982140661002,-0.6073092568321387,-0.6552413167436612,0.015828925444295462
0.0,0.0,0.0,-0.23480840898173969,-0.004010131621641171,0.029487572910438332,-0.4257971983632351,-0.08761298154194817,0.03267960320667637,-0.5859835345748465,-0.12130793704201379,0.023077285274951773,-0.7168217003207201,-0.1355721643003538,0.01751744062578326,-0.32912592152888015,-0.4969371412852135,0.0823340573349665,-0.5059968845280887,-0.699345074527742,0.08012826944115414,-0.6337738162847343,-0.7067915298282121,0.06332175613725449,-0.7394223984661878,-0.667382223329626,0.0552057343680096,-0.2868439409406882,-0.5331662358647296,0.05753738399667197,-0.49344426056726565,-0.7540998376515857,0.05772860933398547,-0.6465324912283243,-0.7298645069328482,0.04472826214320287,-0.7454468213297949,-0.6495249152392635,0.03703605392164679,-0.26531303021151986,-0.5108004642998789,0.028781801376074233,-0.4567114803677117,-0.7274998738641748,0.04110934073133425,-0.6087291211028854,-0.7202802990752841,0.038504272676533176,-0.7059364795610552,-0.6542721178718801,0.035064951456874216,-0.2752403391600976,-0.46047199009810613,0.00045669764669738905,-0.4224586453365239,-0.6333632006763052,0.014984641173231287,-0.5427665276075855,-0.6669426867065269,0.02079987179378091,-0.6292795901342023,-0.6495266120581312,0.0241501659914656
