x1,y1,z1,x2,y2,z2,x3,y3,z3,x4,y4,z4,x5,y5,z5,x6,y6,z6,x7,y7,z7,x8,y8,z8,x9,y9,z9,x10,y10,z10,x11,y11,z11,x12,y12,z12,x13,y13,z13,x14,y14,z14,x15,y15,z15,x16,y16,z16,x17,y17,z17,x18,y18,z18,x19,y19,z19,x20,y20,z20,x21,y21,z21
0.0,0.0,0.0,-0.14693204797879122,-0.06413845001469788,-0.052139240541028184,-0.24315854770394468,-0.21386250080407834,-0.07357821031351269,-0.28591338195591964,-0.35325996987518615,-0.10399688747088892,-0.30434698619075984,-0.47669602694350777,-0.13232333767779242,-0.2319029096906594,-0.4743376548791263,0.03179178142522087,-0.25015651789444576,-0.7023720478127046,-0.004412002142386556,-0.2632528835566187,-0.8347326709603824,-0.04877573478411833,-0.27476974453851866,-0.9575227865363893,-0.08718335399327812,-0.15872905756620712,-0.482453166912194,0.019304286732958854,-0.18877127084174616,-0.6885034075536838,-0.06297897371088279,-0.231878452944564,-0.6452791483683173,-0.13875912675121202,-0.26016268394259096,-0.5816505095141558,-0.17752616299901658,-0.090161140725173,-0.46999233666186163,-0.00371849902462602,-0.10679401793164624,-0.6721564367826528,-0.0796444767158393,-0.16088897572242059,-0.6147717445374481,-0.13707095533183208,-0.19126345484903995,-0.5151658538583298,-0.15997143118267387,-0.011343927652077514,-0.43753476688850423,-0.03196575416471307,-0.03441023870698418,-0.5929918940109545,-0.08399393912427826,-0.0879273134584147,-0.5719438943560093,-0.11774586121161967,-0.12501904477647174,-0.49896680365853685,-0.13480621801558862
0.0,0.0,0.0,-0.1451115804686462,-0.06701548171554503,-0.04625550303494175,-0.24449633081053224,-0.22303136937882406,-0.06423196829027794,-0.2866123315812472,-0.36943597392038985,-0.09107474542708782,-0.30062868315876523,-0.49154803471143615,-0.1154010207470511,-0.2275122076623846,-0.4806989930653856,0.030093689655190402,-0.24289454232710417,-0.7075163460209413,-0.004245357718138379,-0.2555590653988708,-0.8394441935632538,-0.04433495085260736,-0.26748407241505856,-0.9602598225025625,-0.07871233710233405,-0.15411515226105293,-0.4874360659888518,0.017326991553355202,-0.1809696625520512,-0.6888860218642707,-0.060471607533777005,-0.2246360270976383,-0.6500084846625005,-0.1269473459466725,-0.2525333019215712,-0.585837206658359,-0.15881915431772625,-0.08492955934270793,-0.4736839045851736,-0.005215945189272946,-0.10007232498282959,-0.6719802312545395,-0.0756884299719966,-0.15349317571030213,-0.6184816143537792,-0.12278162790656474,-0.18321815718166914,-0.5217739503105052,-0.13890938177424914,-0.0066753343958355655,-0.43970888599395486,-0.03283742841674969,-0.029083048422706426,-0.591416137832075,-0.08005925330190217,-0.0834417296352924,-0.5739430272934181,-0.1070792414410835,-0.12140125743032967,-0.5048686530500169,-0.1188471465679135
0.0,0.0,0.0,-0.14638887402185807,-0.06771256368272122,-0.039896790035422465,-0.24564011200685665,-0.22753444754525173,-0.05479052973701354,-0.2867260175453601,-0.375279335983536,-0.07988135870579176,-0.29789093387111476,-0.4953277417143567,-0.10295205296582588,-0.2227870219994617,-0.4823669828974636,0.03305913021166576,-0.23639930035202078,-0.7091324023694128,-0.00026709963234131215,-0.24888132816448466,-0.8421362772027946,-0.03819177047409135,-0.2607679577131725,-0.962689858196783,-0.0709838916686586,-0.1500434391871653,-0.4888426437639652,0.017251050798206106,-0.1776012195938786,-0.6880967375417726,-0.06056511686156306,-0.224217188699623,-0.6497566601987546,-0.12473869400735031,-0.25415477104057577,-0.5841388883252702,-0.1545572170493435,-0.08107367196438192,-0.4753279744467229,-0.007858399994825384,-0.09794600366704265,-0.669367680144722,-0.07909989208617099,-0.1546206743000162,-0.6136316252146662,-0.12495704322484147,-0.18651754397184966,-0.5164089810144584,-0.1398217971097649,-0.003551830904660209,-0.4417809519271207,-0.037462831294144544,-0.027867914355697992,-0.5893264136011811,-0.0861409211526628,-0.08394700351447267,-0.5675502355305279,-0.11325743784114897,-0.12271317915739816,-0.4960442785811267,-0.12469679039249873
0.0,0.0,0.0,-0.14416764503100582,-0.06622016235592038,-0.04134913352761359,-0.24242478113691607,-0.22431501217485045,-0.057171577899332554,-0.28358978817346725,-0.370291895500797,-0.0827403936368866,-0.2963968269439229,-0.4912290185771402,-0.10582105855946082,-0.2188515057470921,-0.4842481941918091,0.031025204694171197,-0.23064270103421627,-0.7115470852343224,-0.0027445607643342422,-0.24311370607198363,-0.8438768569356057,-0.03992560911256403,-0.25448714664154215,-0.9643364013420568,-0.07179127758624648,-0.1467256845849221,-0.49031159199528507,0.016116841144042056,-0.17523853728564792,-0.6874466534050949,-0.06267738138390529,-0.22576753896418947,-0.6449024330395562,-0.12557958193755983,-0.2575667765953935,-0.5763015668129889,-0.1536125970473782,-0.07873781377508536,-0.4767411766805712,-0.008123127333651545,-0.09586233841070227,-0.6680054950333236,-0.0799426932513991,-0.15439648523886515,-0.6074656512048731,-0.12415682369013242,-0.18674575271056137,-0.508548017033308,-0.13716909813562966,-0.0017029677336576478,-0.44308760269794945,-0.036973445950576986,-0.027184649395544894,-0.5865884096444367,-0.08562605288327187,-0.08425206997848857,-0.5610498394416117,-0.11162321088616345,-0.12300499211918912,-0.48868788591694734,-0.12159111347767451
0.0,0.0,0.0,-0.14490902511303097,-0.06400192458133663,-0.043828047872664366,-0.24224468075948147,-0.2176355202847277,-0.061111072515888744,-0.2840082395904945,-0.35964470289808115,-0.08723618999611742,-0.2996129890443696,-0.480199913567972,-0.11048755596898274,-0.21866405312481768,-0.4849049177134219,0.02742194178563364,-0.22991720714649588,-0.7122963900282684,-0.007641333646499353,-0.242088718136647,-0.8441678546309281,-0.045073323385110164,-0.25223925802338976,-0.9645927295289014,-0.07642529166583778,-0.14630816279503683,-0.4918114613984059,0.01403675774460305,-0.17395376471838447,-0.6883535088039712,-0.06408846630876339,-0.22579340897500264,-0.6465346353368134,-0.1250118316452754,-0.2576471673558398,-0.5783437791177801,-0.15136831961742603,-0.07809680562385053,-0.4789043106944474,-0.008947049141231643,-0.09358907689494529,-0.6685700769404614,-0.07939991663399756,-0.1530365184847362,-0.6119899658969652,-0.12114058847302558,-0.18661732864295424,-0.5180639470819974,-0.1325568925130855,-0.0010437717859010866,-0.4456113939765099,-0.03689208475877878,-0.026327800762708208,-0.5859172056068187,-0.08394889626416957,-0.08390284382285022,-0.5612095905376053,-0.10777108191371833,-0.1235249296115043,-0.4916680992456762,-0.1159566314051331
0.0,0.0,0.0,-0.14294572462657923,-0.06238952702976856,-0.04481629128825661,-0.24009743335420286,-0.21476972974155434,-0.06263697556017768,-0.28392621722640676,-0.3552681063104731,-0.08931586511475759,-0.3024520842255604,-0.47614378557751774,-0.11302070411814732,-0.2162206246243652,-0.4833662449112387,0.027087849213347816,-0.22857764718706766,-0.7123240533029879,-0.009090903824013981,-0.2419285593656443,-0.8442449465013204,-0.046792246245662555,-0.25204616313798084,-0.9645386228392987,-0.07802360575368693,-0.14451110511809404,-0.4912603005596034,0.013698193486750705,-0.1729927897758137,-0.6883092855855257,-0.06641952698023823,-0.22899659559634417,-0.6442192274910247,-0.1276909766542025,-0.2626423126699948,-0.5744463188340201,-0.15343561363686445,-0.07670163313319336,-0.47916431465956627,-0.009566103745713973,-0.09292574930482497,-0.669132218525831,-0.08210673869366938,-0.15644038487554573,-0.6098767997490858,-0.12417141207672745,-0.19194666176464192,-0.515439859329023,-0.13485768028763406,0.00013628811386511702,-0.44653226235278887,-0.03780816126455508,-0.026781747471186078,-0.5875823737102011,-0.08648948969977846,-0.08673338096581867,-0.5618233659630578,-0.11070183605008688,-0.12747064455080437,-0.4919797346209638,-0.11848874868966712
0.0,0.0,0.0,-0.14120862756756428,-0.06333212503073102,-0.04659353575703368,-0.23875300287571022,-0.21319760356792067,-0.06672393798613802,-0.28458527054969973,-0.35066591211972536,-0.09603424617857168,-0.3042799311868677,-0.47599335639579365,-0.12266731348448129,-0.21485301535767093,-0.48240765654182816,0.027181972618342414,-0.22869805005056143,-0.7106696386327548,-0.010151385504326699,-0.24242299252379992,-0.8431541325884644,-0.05047924906688023,-0.252549081184172,-0.9638600492557529,-0.08441590678669292,-0.1441767144372344,-0.4901532634570189,0.012854123301193362,-0.1770496648514795,-0.6886423102066068,-0.07007371745737104,-0.23335787197530244,-0.6449633143875918,-0.13763265561670546,-0.26752321357462394,-0.5767785127101321,-0.16845490504298113,-0.0773578831158655,-0.4782018289992368,-0.011488855742623729,-0.09622439300883079,-0.6707714898929754,-0.08690322813383142,-0.15962185685830488,-0.6139292438548651,-0.13634440135580908,-0.19476195832891308,-0.5193235447972429,-0.15253131459611977,-0.00012055288100592967,-0.4461577269190478,-0.04072370799148542,-0.029832490575688195,-0.5896273755318631,-0.0928886851324596,-0.09133402035310359,-0.5654302192552234,-0.12295909949515337,-0.13339731349319311,-0.4945917637544624,-0.1356027517308547
0.0,0.0,0.0,-0.13831586835051113,-0.060076923601663515,-0.051678932695126446,-0.23693686930538083,-0.20428993948919946,-0.07540585674898287,-0.285724737637971,-0.3399469974076125,-0.10770752830261751,-0.3043945639339832,-0.4698381073357782,-0.13721015571534828,-0.21573686903292122,-0.47856369358385425,0.024498728591244873,-0.22978535092634228,-0.7085772585523984,-0.014014535394352799,-0.24281916110703214,-0.8414638123413375,-0.056037615270082636,-0.25169321285443613,-0.9634183762189013,-0.09159544097984787,-0.14499976138910486,-0.48713733780732604,0.01182173205639141,-0.18148110603524686,-0.6862616358713752,-0.07191221436978931,-0.2346925537798621,-0.6415000782372325,-0.14232929015831697,-0.26585023235822536,-0.5754747113437173,-0.1759400240848379,-0.07833850720457985,-0.47643415285875856,-0.01128289333008793,-0.0985759938196457,-0.670553117614608,-0.08761742657664778,-0.15819279094868516,-0.6160382208907693,-0.1398533457157134,-0.19031644430266065,-0.5229667442576282,-0.15854632696982068,-0.0005342362181437225,-0.44642861186635574,-0.039617269824055015,-0.03240660367396539,-0.5918909071680487,-0.09267406142327089,-0.0917260190048232,-0.568533762634639,-0.1246350338700074,-0.13166576132332042,-0.4976350558200021,-0.13917756831846517
0.0,0.0,0.0,-0.13771304235392454,-0.056350446990329574,-0.05452121600984274,-0.23768221780901091,-0.20066931089487475,-0.07898373672200437,-0.2875685072896584,-0.33798634608732653,-0.11133246362162058,-0.3062927881234137,-0.46898575592730135,-0.14067679176459008,-0.21681533805568476,-0.47847640024756466,0.021603231391089692,-0.23050918862320618,-0.7090216050143239,-0.01710742480968409,-0.24343842757421041,-0.8413028267353881,-0.058752551037156674,-0.25259683289429385,-0.9629874079983782,-0.0938149585517918,-0.14480355058882022,-0.4870877604324303,0.010479081127092022,-0.1801172339651155,-0.6857034223440563,-0.07281558718469403,-0.23134847946183112,-0.6430496529356458,-0.14216512304787732,-0.2615298637675604,-0.5792908695060719,-0.17516190370771195,-0.07699926899267788,-0.4760622295006531,-0.011271735275541164,-0.09629690885401293,-0.6697731194258099,-0.0880199753751817,-0.15298463655545552,-0.6142357458618601,-0.13887944210533998,-0.18337127417587148,-0.5215234495489444,-0.15647953347202956,0.0017595522311757406,-0.4463815176198689,-0.038439461786186825,-0.029610083409722654,-0.5936380580549656,-0.09171880769019919,-0.08570861780504994,-0.5689721495296856,-0.12232467676942356,-0.12273613133363483,-0.4977176547325516,-0.13567238104691642
0.0,0.0,0.0,-0.14016908623383967,-0.05832313167005973,-0.04919918666536721,-0.2400822297876682,-0.2045467709960121,-0.07100199750830709,-0.2898352642696529,-0.3418960490899715,-0.10182622785393322,-0.3071327770635154,-0.471423333059306,-0.1300556624889723,-0.21391117626288975,-0.4808819354797722,0.02659223431606613,-0.22878987920718494,-0.7115501652956375,-0.011095526651995617,-0.24356750831945645,-0.8432682248261443,-0.05209614957991115,-0.2545166451807481,-0.9631196306471748,-0.08686436354991027,-0.14339438658414444,-0.489301107267184,0.012742782150348304,-0.179081411458402,-0.6883947438972073,-0.07098011594025427,-0.23529483370488646,-0.643144429007376,-0.1408022380682021,-0.26902268309618915,-0.5754063136485391,-0.1737475593887081,-0.07653291603470072,-0.4780849114159734,-0.011378544224580303,-0.09618872415593877,-0.6714470351332663,-0.08883608415038824,-0.15755339359102077,-0.6152748668366514,-0.14159255193603598,-0.1906461596438086,-0.5206792512846307,-0.16016898282482483,0.0017840496914092304,-0.44798253124646786,-0.04036903651564011,-0.030858716981342932,-0.5936030936288198,-0.09503670562615243,-0.08974280494880035,-0.5682598172179039,-0.12736256715221475,-0.12842073473164814,-0.495907296406072,-0.14167880218915604
0.0,0.0,0.0,-0.14016185178840546,-0.0565977692330088,-0.049630440392217666,-0.2411817336265557,-0.20315252172206327,-0.0712169619351072,-0.2918064774459761,-0.3419250290875805,-0.10160744730469151,-0.3080851473043903,-0.47222358893082705,-0.1293766226673963,-0.21506089402342965,-0.48130795972527135,0.027170112676794672,-0.23091361062829394,-0.7116844736098092,-0.009364816447449605,-0.24581851567237895,-0.8433335793654116,-0.04993400650428695,-0.25706438560662265,-0.962660572097356,-0.08457155264920183,-0.14501776145550346,-0.4903043181302952,0.013950177236454194,-0.1796602933294305,-0.688546927542222,-0.06871469722889473,-0.2381128448573445,-0.6451554340332564,-0.1388325833406534,-0.27447098987095525,-0.5772709369163014,-0.17211680283596698,-0.07868682344335251,-0.4793526984105245,-0.009491749735167714,-0.09816773009975474,-0.6713891053299845,-0.08625861982484408,-0.16099184501903252,-0.61642316977868,-0.1401810759617671,-0.195764603461852,-0.5215891736134484,-0.15965469698777,-0.0009526820368796439,-0.4489041204792943,-0.0377655862091513,-0.0342063748890088,-0.5929475697263351,-0.09243095277691618,-0.09351860638015541,-0.5687564208708773,-0.125668887683352,-0.13288932207188114,-0.4971568818142017,-0.14062299119880664
0.0,0.0,0.0,-0.14168647113858407,-0.05481819595251472,-0.05184800856249465,-0.24405395706227412,-0.19971005586934842,-0.07441235662613535,-0.2950066614181023,-0.33919447429392946,-0.10503738476101623,-0.31237818721263844,-0.46998199493396375,-0.13281926944628866,-0.2182704383476477,-0.47917226328400936,0.024612695883086337,-0.23627552694215748,-0.7096394753921065,-0.01152394385234946,-0.2514353146982178,-0.8409556888135244,-0.05211426501043234,-0.26272119569887187,-0.9609087308865959,-0.08698283158263098,-0.14789096198637264,-0.4891596917661608,0.012793539555598003,-0.183475545241567,-0.6876123399588547,-0.0673359334146088,-0.24018507651260235,-0.6505034292129529,-0.1370969576452329,-0.2756742683664355,-0.5890294668162301,-0.17163603470590968,-0.08085266755161855,-0.47883639166530284,-0.009334712849252455,-0.10096943051956085,-0.6740954495829936,-0.08434320920030734,-0.16182105402058047,-0.6251226933034748,-0.13814713891847358,-0.1955856461539961,-0.5337605169177796,-0.15881226348846392,-0.0021578702178763776,-0.44970174956509057,-0.03646920572342235,-0.03494238137927823,-0.5968087795537639,-0.09022972112001923,-0.09243075304810633,-0.5753184152178887,-0.12302520937422537,-0.13046750687838327,-0.5045310777804837,-0.1383725280890405
0.0,0.0,0.0,-0.1431624551216977,-0.056252727941678446,-0.05319008882387051,-0.245484599791784,-0.2038703972840615,-0.07520047952892642,-0.29496381335715766,-0.3498662034886746,-0.10483258708354287,-0.30919008446096474,-0.48330242861629913,-0.1312985927151492,-0.22041538639472996,-0.48054412043350303,0.02734240830942848,-0.23904064152404683,-0.7097328208170368,-0.00788545028360086,-0.2542576299910433,-0.840805698411079,-0.04818847663592961,-0.26599005688719424,-0.9603913080414623,-0.08267610525961178,-0.14891229011984664,-0.49176218623973633,0.017319593565180206,-0.18446881530182088,-0.6917803287630517,-0.06187558883835127,-0.24044390686680628,-0.6607845108940024,-0.13171149550694278,-0.27635014309707495,-0.601407058110301,-0.1660384720948465,-0.08101001723178075,-0.4824348528339679,-0.003268167649108817,-0.10158413566907763,-0.6796234799220053,-0.07707259419774407,-0.16138635555395298,-0.6364365576772582,-0.13056730693827823,-0.19552177453329866,-0.5472948142911773,-0.1508215020712802,-0.0010944263783886827,-0.4555329375468192,-0.02905860174048558,-0.03304923149908112,-0.6037605981753544,-0.08134875745616879,-0.08995158393826369,-0.5883415582640248,-0.11361288693444038,-0.12873763067324928,-0.5217934785535359,-0.12843184370082464
0.0,0.0,0.0,-0.14347872436276596,-0.05940568466265967,-0.05381409723070167,-0.24643441397752627,-0.21041764519550807,-0.07694340974577352,-0.29382405593073424,-0.3587762857316931,-0.10674062392162245,-0.30315153187254107,-0.49454109789540507,-0.13286106609243448,-0.22337806287348166,-0.48477795242696065,0.022849708891685923,-0.24640130981124947,-0.710819226747262,-0.01368912617895023,-0.26254129889908173,-0.8401509450173845,-0.0544371862753628,-0.27443844773304066,-0.9574486983000539,-0.08848983802367483,-0.1498612306123629,-0.4968470960568742,0.01385159869402835,-0.1794228087419431,-0.7016594571697263,-0.06387802915344393,-0.23425108252976662,-0.6698402654817766,-0.1301071783897759,-0.2707739023539901,-0.6072247981966277,-0.16175319494938922,-0.0793887032410669,-0.48913051100332333,-0.0055821547669187305,-0.09665987584084654,-0.6905483387693634,-0.07520049329143774,-0.15601702656845745,-0.6510067648899902,-0.12267060335059204,-0.1901392444445851,-0.5637162395931495,-0.13967487810911328,0.0022550974177603872,-0.4636313753250493,-0.03067673955438745,-0.025597893379475333,-0.6181131419940928,-0.07810579609444879,-0.08224098463603985,-0.605679832119441,-0.10527728522100337,-0.12179237376623636,-0.5390877354261298,-0.11691175214705138
0.0,0.0,0.0,-0.14472626527457957,-0.06153256467529021,-0.05534606131693348,-0.24786564481920614,-0.21433651649880583,-0.07994013532736262,-0.29262975227929533,-0.36386315998681823,-0.11044213801832059,-0.2979820863485196,-0.5009994461193744,-0.13708776504684383,-0.22469517759181232,-0.48778470817605213,0.019010517372140046,-0.2501359823848749,-0.70969149008754,-0.01843435934324539,-0.2659588020760584,-0.839635739224917,-0.06006978827129527,-0.2774215504326274,-0.9560313330671542,-0.0944579723882841,-0.14960168249411593,-0.5005285026687685,0.010923456920885342,-0.17836101314842645,-0.7100797058070142,-0.06717997892561359,-0.22914305433685023,-0.6762890988829537,-0.13326926640743608,-0.2632991835771302,-0.6079523956084312,-0.16430454245425302,-0.07797395128117068,-0.49268605145196775,-0.007345557456130068,-0.0945317581843869,-0.6960729858874013,-0.07587373449153323,-0.15130167438738645,-0.6587488115296338,-0.1224369688894763,-0.18393696688095523,-0.5706134793892088,-0.13883906248584965,0.0048441523242690795,-0.465264450692063,-0.031400324627346064,-0.021355099957039516,-0.6226795608800243,-0.07679082000267978,-0.07751246976541365,-0.6151251305695166,-0.10300028989007062,-0.11820845216179826,-0.5504539026529254,-0.11419953237767119
0.0,0.0,0.0,-0.1454399557248925,-0.06377805889780085,-0.05525094190984925,-0.2486251714880996,-0.2163320272844802,-0.07997298804904504,-0.292482805972138,-0.36639236258878227,-0.11045084949601397,-0.2966669191115433,-0.5044705974924962,-0.1369689183633459,-0.22642636430272284,-0.4890212875700403,0.019271703181682972,-0.25301323916532653,-0.709797128213943,-0.017840719951114185,-0.26888717579051785,-0.8393171510662261,-0.05957834822050704,-0.2805299435622881,-0.9552032728990437,-0.0939120861431885,-0.15053524079864267,-0.502086863711542,0.011460284848754238,-0.17769704495169833,-0.7130979825462109,-0.06511772092806412,-0.22612740069423187,-0.6808578480891196,-0.13041114842975704,-0.25861008361778276,-0.6127151544298844,-0.16114978324087265,-0.0778319937836536,-0.49473021447387255,-0.00651139715613221,-0.09448499739691377,-0.6996682521347359,-0.07284764786747622,-0.14974312628812997,-0.6643859053913714,-0.11804817483342211,-0.18104228850432136,-0.5769047974477575,-0.13407372619606014,0.005554584230839955,-0.4679028336353058,-0.0304077459086862,-0.021023407002230925,-0.6268039930460365,-0.07364782828578398,-0.07703949718998407,-0.6194196953087859,-0.09827484841137035,-0.11706343035039429,-0.5534831549403936,-0.10868156437144903
0.0,0.0,0.0,-0.14628361248900515,-0.068669964710432,-0.054596388448369323,-0.2508861813974423,-0.2218010516330715,-0.07866650740755542,-0.2984243853164058,-0.37427048552114056,-0.10867536870647107,-0.3019024046090013,-0.5133622046744504,-0.13443868975887502,-0.22820004227390325,-0.4885634146026644,0.02240634714788033,-0.25576289779911543,-0.7092318263474932,-0.015162095433828321,-0.27251405357201297,-0.8387752179894863,-0.056857268087899066,-0.28504287026110425,-0.9541723279508934,-0.0907708363910985,-0.15204285732528194,-0.5034128610625199,0.014663813406125943,-0.17866837081570336,-0.7207647094113967,-0.06347415933919168,-0.22838698538337585,-0.6858408554801115,-0.12788268420770088,-0.26155458857444824,-0.6119354290917962,-0.15648367934012203,-0.07896758003447063,-0.4966672274331561,-0.003431042170748268,-0.09585434216880909,-0.7027459359734942,-0.07037803429311756,-0.15274749688057696,-0.6663705542163605,-0.11407181947388705,-0.185423997388021,-0.5777013973317302,-0.12782334705468407,0.005378203292912127,-0.46873455016071136,-0.027462162429013927,-0.019997287997739303,-0.6289580328549844,-0.06985777160294968,-0.07754379333676101,-0.6248396454505489,-0.09341778194903815,-0.1198884800067539,-0.5612049783772661,-0.10247754475603535
0.0,0.0,0.0,-0.14604074657446697,-0.0684581361506118,-0.05522194462336355,-0.25225769327650216,-0.22126486717977717,-0.07943122024686144,-0.30278702359505816,-0.3741436713042499,-0.10942775992745858,-0.3052469896061861,-0.5139613577885782,-0.1349231285927146,-0.22885321296397293,-0.4888267478885302,0.022595334817997748,-0.25713445191979606,-0.7091596702241391,-0.015141507631054995,-0.2750398793267065,-0.8384610156870922,-0.056408026829141714,-0.2889340106316803,-0.9531025426240631,-0.08978997869763547,-0.1529281544034428,-0.5042930874505727,0.015216360560675948,-0.18082338174626056,-0.7221008440830465,-0.0633236814241861,-0.23209356443476808,-0.6885224127432314,-0.12681626998611145,-0.2666187197207641,-0.6136560661984066,-0.15409976567822148,-0.07946214091806098,-0.4976913551600034,-0.002721595074352546,-0.09823441241479493,-0.7036207691028763,-0.07056103946693001,-0.15660338223756706,-0.6675405923578286,-0.11342471271721632,-0.19093372553941218,-0.5793576952648805,-0.1258307935609164,0.005328484011788608,-0.46964598848725103,-0.02660195784782959,-0.021863023842309925,-0.6306757241181615,-0.06996125400085922,-0.07980776807492992,-0.6258251379258084,-0.09309054485940577,-0.12229927147826913,-0.562021266229635,-0.10117495285876552
0.0,0.0,0.0,-0.14811227954199618,-0.0704890557461643,-0.052035337008511755,-0.25408595854302496,-0.21779354703928472,-0.07766882602992631,-0.3103454669878151,-0.3646776450959942,-0.11162337536042241,-0.3168851366587569,-0.5096245426677559,-0.1419542468924514,-0.21864062574980309,-0.48751022235046104,0.035069719720343756,-0.2487465151143125,-0.7105207438249435,-0.00042923490302714407,-0.2700054481253302,-0.8391022927240619,-0.043391940349549206,-0.28851416721270445,-0.9540867924121471,-0.0796835109773614,-0.14976143362934685,-0.5016780028229225,0.02411071775148144,-0.18520712672891715,-0.7192019857148546,-0.055401994711449326,-0.2477936912090919,-0.6915129243666025,-0.12536044270440067,-0.29059638017235245,-0.6197731429972789,-0.1582920260105113,-0.08353433954428538,-0.49487496133427944,0.0020780205834272677,-0.10899838674191663,-0.7012146365179266,-0.0667575883722871,-0.17583776305909837,-0.6670993112903205,-0.1166991909583703,-0.21615638219884692,-0.577747197001901,-0.13437246641444817,-0.004317066023254222,-0.46752976433567167,-0.025778790526543985,-0.0333970743601634,-0.6309095777474234,-0.07064278938818336,-0.09563193415232166,-0.6305461910275805,-0.09922277545424117,-0.14302215259038628,-0.5679629566273214,-0.1120651979769273
0.0,0.0,0.0,-0.14705280258451237,-0.07334552796425761,-0.03967175946912113,-0.2543418037055871,-0.21642656906491292,-0.05888720496459568,-0.31642476707743405,-0.3603384562026187,-0.08910577868357206,-0.3326830655846538,-0.5020619234998552,-0.115640969921052,-0.20838502795662683,-0.48846409884472464,0.047650210349009015,-0.23846518803919678,-0.713385939299451,0.016504632083707827,-0.26281191027644746,-0.8422216175470176,-0.021433512813571504,-0.28414161820533756,-0.9568733500297607,-0.05382504528699284,-0.14672116087355028,-0.5034053627087,0.03125011217176489,-0.19086795487532393,-0.7145896961551752,-0.043346029268477984,-0.25986528915570295,-0.68905038546743,-0.10534770370209186,-0.3047834990201437,-0.6188639262918832,-0.13289703407289527,-0.08550215752937448,-0.4969424488025546,0.0037932952596461834,-0.12029812748954949,-0.7004713589817994,-0.0636787018430994,-0.19369231931089367,-0.6599959902462647,-0.10712576518826354,-0.23607729865800056,-0.569199680463977,-0.11973267075909702,-0.010984899439478961,-0.4728550696587258,-0.02870776636328505,-0.04683237832466014,-0.6357215266179002,-0.07411509584814416,-0.1130724020695823,-0.6266323459500494,-0.0990345806857624,-0.16008740584439993,-0.5572546569740557,-0.10814508518704685
0.0,0.0,0.0,-0.15469545622312694,-0.08051781583545294,-0.030991720821909017,-0.26119676504576056,-0.22203365613711054,-0.04286100926919556,-0.3244049763305811,-0.363558594429094,-0.06761346450824127,-0.35168467357866195,-0.5029672883462121,-0.08958528159395876,-0.2000112779112108,-0.49013386829789624,0.06978595554147973,-0.22902447562055023,-0.7138537492681447,0.05323496474225538,-0.24958257120491253,-0.845673773400645,0.02247769722167344,-0.2697688618716646,-0.9614194293646016,-0.006397495961486234,-0.14081588285300042,-0.5034581105260324,0.051913801170032726,-0.20346223770006866,-0.705625540019787,-0.00860143024714952,-0.2798487884800508,-0.6821987741476376,-0.06894178303662829,-0.32856702115850117,-0.6122062251547696,-0.09765594404853728,-0.0846566510668059,-0.4953368182709319,0.023332116261173163,-0.1342643532088852,-0.6989287833286634,-0.03496826448922871,-0.2144957152894548,-0.6588512587615385,-0.08055419572983416,-0.26062469383612447,-0.5668895514360979,-0.09598808993486999,-0.017538737286972805,-0.47132448613211086,-0.009528174529314724,-0.06027164837035593,-0.6393527152905605,-0.05058565507763997,-0.13184897180195249,-0.6397920084080652,-0.07785627772224976,-0.18354891052319472,-0.5797964986513551,-0.0894717519299526
0.0,0.0,0.0,-0.15576218322638308,-0.08192633727762275,-0.025977009213638214,-0.2642039360606322,-0.22635596566184352,-0.0347624566002902,-0.32945628672197336,-0.36956419875309987,-0.0574501557017099,-0.36116139174215356,-0.5073568962062011,-0.07750837270303176,-0.19517945552122087,-0.4902315705226824,0.07725226324880027,-0.2231007278061103,-0.7128652505459446,0.06457932133911973,-0.24363593622255722,-0.8463550181364721,0.037209121735104836,-0.2642893420484051,-0.9634701541592354,0.010827194268677679,-0.1374490819968978,-0.5039718906109769,0.057627676736758796,-0.20634475775044175,-0.7044600843322635,0.00021574022784935122,-0.2874524464350924,-0.6819305269579283,-0.05653351426569244,-0.337689712341968,-0.6113646771750131,-0.08194175736690401,-0.08350435085382213,-0.4953222922872865,0.027518956927700643,-0.14248397759603001,-0.6953389401119173,-0.028582520455058248,-0.2311922107121084,-0.6548635993077127,-0.07036357633212127,-0.2824841057067341,-0.5648685233095984,-0.08228991206658295,-0.020429130279424834,-0.4700994820470905,-0.006535724402845557,-0.06830615637691588,-0.6390666094372557,-0.045047035422231894,-0.14449227385518154,-0.6430987425988599,-0.06925549883146795,-0.19896734957472378,-0.5869108869043185,-0.07810932454408898
0.0,0.0,0.0,-0.1561277339598592,-0.0866577713392225,-0.020912118944173483,-0.26434757426229727,-0.23547856559425226,-0.028096218654425853,-0.33181672454079014,-0.37707939815055247,-0.050188266729811803,-0.36783373249890206,-0.5134339810485037,-0.07045403708360286,-0.18517692301493408,-0.49263845694192276,0.0820884552950844,-0.21066738825511597,-0.7179523817711904,0.07475988446426422,-0.22918075493962392,-0.8520492705364433,0.05089354149683714,-0.2497254680261639,-0.9672477206410883,0.02667927648713575,-0.12786079374934012,-0.5033958846990934,0.06073771641761017,-0.200162280260206,-0.7030750333919311,0.010040037468079306,-0.2882360212197365,-0.6909715924244049,-0.04397204369466603,-0.3457899026324107,-0.6282372036965225,-0.06890073211424343,-0.07649663954742067,-0.49239184833034266,0.02949573619330226,-0.14082049080160097,-0.6912609668861521,-0.01968749780610882,-0.23840406965882183,-0.6618303574810318,-0.05867535692095365,-0.29818340947464406,-0.5805918032467443,-0.07049132787895931,-0.01845230456923637,-0.46420481505779854,-0.005548333464163258,-0.07082886231206513,-0.6326321967599458,-0.03928742275990339,-0.1518531427091584,-0.6478247466179152,-0.06153783171077297,-0.2118298907870801,-0.6036845221345072,-0.0699590317262347
0.0,0.0,0.0,-0.15386965750826512,-0.08549805935879948,-0.0194693477097252,-0.26383846239034625,-0.24014164506792526,-0.02661005227682966,-0.33231265312804387,-0.3829238236224194,-0.04825355936177783,-0.36987513298495434,-0.5146597737177787,-0.06820648728646074,-0.1804322701235646,-0.4950053090461778,0.07410193241947927,-0.20629005971336592,-0.7210251034390709,0.06529701790251366,-0.22391058077610487,-0.8552353901520626,0.0424535318449909,-0.2436541600885053,-0.96926167741507,0.020011047287478857,-0.12328750036550329,-0.5050005924567336,0.0529582977542144,-0.19831096785986416,-0.7041602934544727,0.0024451471791598445,-0.2880304297913908,-0.693024251583492,-0.048288024925525724,-0.3475174142855085,-0.6320211442868031,-0.07033753979601655,-0.07204406710989952,-0.49322485442648123,0.022915801921306704,-0.14037125437817008,-0.6899251758395682,-0.024502809142120524,-0.2412913384492988,-0.662439342729209,-0.05857372977063652,-0.3042166015498374,-0.5845095744258275,-0.06682933317273593,-0.016228914221750552,-0.4624903170654168,-0.010732709377810979,-0.07184225811733211,-0.6300085681011034,-0.04142638443432734,-0.15654330523675264,-0.6506347235460468,-0.05930249463945189,-0.22038444837334267,-0.6127370432389483,-0.06420933838739523
0.0,0.0,0.0,-0.15899293161565564,-0.08508136951792375,-0.01113557145766206,-0.2667459519564934,-0.23529505707588397,-0.01641528483484121,-0.336678823233958,-0.372193457277043,-0.03866082488071615,-0.3768398705734409,-0.5043481448766632,-0.059849847737815376,-0.17226961986895134,-0.4927838943690513,0.08296305427333547,-0.19867893019069738,-0.7238304736869325,0.07468043755739251,-0.21982558823847448,-0.8575601297757904,0.051256781245946126,-0.2455615491144616,-0.9687422113341794,0.028059887588775673,-0.11750961317319274,-0.5008765770935768,0.056038555599039384,-0.19514457748516378,-0.7076465070276714,0.003830666410231484,-0.2927894044083059,-0.6895174832049169,-0.04876610884259558,-0.3564943832424691,-0.6173067121885043,-0.07162885831016574,-0.07114013284618483,-0.48791872925183566,0.020658959448864783,-0.14214572447076984,-0.6879264877995492,-0.02682672035180876,-0.24874472443834952,-0.6547549442758229,-0.06159758226232998,-0.31440667237495734,-0.5720213479478242,-0.07032672082948392,-0.02214127243243066,-0.4557782148563417,-0.0178311786314964,-0.0811226450762118,-0.6192820603937756,-0.048286494278429376,-0.17112340797470846,-0.6345555057493026,-0.06634898513836932,-0.23890317160228453,-0.5912739797705366,-0.0715065172670184
0.0,0.0,0.0,-0.16360891549723866,-0.08700380714611047,0.0036600048405650036,-0.27065450129146995,-0.23719758797800625,0.004792527116874713,-0.3422213703908511,-0.3732205215997093,-0.01557324382208155,-0.3846452068713967,-0.5071984305465019,-0.03589807664890833,-0.16507906123604368,-0.4889202143413326,0.10977535198427789,-0.19259859630959938,-0.721907271661183,0.10854297327597488,-0.21587645188552718,-0.8559896511059017,0.08740581046698567,-0.24479920539284922,-0.9666086845088118,0.06461077108385878,-0.11239307158462092,-0.49866714381846566,0.07359739235179111,-0.19520166157220842,-0.7073821934784634,0.025559645634990472,-0.2966890127439089,-0.6859891134052218,-0.028568812413581165,-0.36088836353174236,-0.6071362230343055,-0.05243779741733626,-0.0701219295072191,-0.48805550278700555,0.02914855410405042,-0.1471178496697204,-0.6880424448511331,-0.014043106320717131,-0.2585030778900526,-0.6536294649597764,-0.04923975975124803,-0.3258154946818131,-0.569104725866977,-0.058830396226680126,-0.02687239860159088,-0.45753308279099014,-0.017648974097226346,-0.09300181528666421,-0.6176738471381891,-0.044212473379659736,-0.18666929358508658,-0.6317940993876789,-0.06095552703042866,-0.2561707953924618,-0.587814104404975,-0.06583245385467765
0.0,0.0,0.0,-0.17095078704415606,-0.08819224893199182,0.032595281913867465,-0.2749575431820259,-0.22802283778969268,0.04581212108320202,-0.3456146219359052,-0.3621423972762561,0.02833955505628653,-0.3912258798194792,-0.49867937583837363,0.008526710661058593,-0.16296007639419685,-0.47717694988507225,0.17022387643053444,-0.19221967978040433,-0.704921648436707,0.19120570941502527,-0.21676105014428254,-0.8394306320508992,0.1816742707581932,-0.24753126134791517,-0.9490691657318802,0.16423414364312616,-0.11199989067836907,-0.4911300247033068,0.11888279306866859,-0.19615598721470628,-0.6915871029064697,0.09345446082287324,-0.29811433110510416,-0.6774913877077333,0.04454656219042644,-0.36253054641146937,-0.602323527646192,0.020913198789603377,-0.07475942220053783,-0.4867712029344569,0.05860761124737589,-0.1578186575264299,-0.6799946238452323,0.030979550879829156,-0.2712162041598932,-0.6436031541874705,-0.005109383902616199,-0.33943495936460544,-0.5566602000148324,-0.019184469705106847,-0.04051807903476568,-0.4641478564613204,-0.0025979094016988207,-0.11575995174164025,-0.6131005599861138,-0.0201205986328554,-0.2078202535226925,-0.6180188283091157,-0.03697185629533641,-0.2739030602248844,-0.5678706226286634,-0.044829890687975986
0.0,0.0,0.0,-0.17788731570406396,-0.08805375567042001,0.05843855860734248,-0.27748961611204914,-0.21734710920457068,0.0794242445596685,-0.3495978489074443,-0.3456669696101583,0.061115011311686084,-0.3978357719520874,-0.48260924325530036,0.038269898172058996,-0.15936490580330473,-0.46687710026093926,0.2170572196519532,-0.1894280843625199,-0.6861823984719712,0.2528975384462242,-0.21312965283917712,-0.8229049304823198,0.2529925764215665,-0.24177797295457848,-0.9338122717730799,0.24066388365188043,-0.1102052612994675,-0.48485794204499016,0.15112022563212385,-0.19296737919488893,-0.6822685705137388,0.14359741021201045,-0.2884300366644338,-0.6819142225415562,0.1014262892434023,-0.34910502315956127,-0.6226324589265658,0.07879760977727081,-0.07441196197888308,-0.48488380310582313,0.07541382785967367,-0.16735507764215052,-0.6780354184736186,0.05343625479644801,-0.2850681118339974,-0.6324529380004702,0.013735361887807971,-0.3546392308565904,-0.5367960256163669,-0.004611386063152584,-0.046311620637852505,-0.46789685106935336,0.0008749593384612961,-0.13467186659025387,-0.6123255132795753,-0.017815906415095735,-0.2294264470339013,-0.6049888078786319,-0.0396459119043107,-0.2952549461892311,-0.5444683865726969,-0.052558612590205174
0.0,0.0,0.0,-0.18351038798538538,-0.08965999833430746,0.06434292465660615,-0.2826308571892809,-0.21379497858192598,0.08599304897227034,-0.3572101009102097,-0.3409413927385939,0.06566210320373257,-0.40432986033525875,-0.4789407288588961,0.0413544414004704,-0.16055433239869205,-0.47052427933924434,0.22818897128229862,-0.19092434563343536,-0.682893811997338,0.26579599966044426,-0.213825052750796,-0.8209135890259679,0.2710596985592162,-0.23725657923690363,-0.9315009055256116,0.2638947621498336,-0.1116401296174764,-0.49192894907489426,0.15800054897163424,-0.17082108093678083,-0.7048901278685227,0.1610560247690177,-0.246694294241558,-0.7575686462548004,0.12818441774984385,-0.2979991887706466,-0.7549355367285814,0.1091255712680805,-0.07205258174793813,-0.49192525707715734,0.07629702352763607,-0.16854905432303074,-0.6904614287045632,0.04888668542332522,-0.28946764267003533,-0.6416878427144381,0.006218603816672103,-0.36191028885376864,-0.5441938853057231,-0.012392171917182494,-0.04257392526406455,-0.47703677759398483,-0.002983631234420781,-0.1424730961729755,-0.6234456241275482,-0.031041822192131634,-0.23794486412287535,-0.606753048072083,-0.057174256066758126,-0.30342058938472816,-0.5386462872819735,-0.07191348640771987
0.0,0.0,0.0,-0.18200564337161124,-0.08202903902781898,0.06048725817387591,-0.28022110946040846,-0.20853092957891473,0.08097697679163049,-0.35478129554638793,-0.33515543467925124,0.06064294816911012,-0.40185223979643814,-0.4695868210290639,0.03613043169455554,-0.1566697698886066,-0.46870721727684783,0.21390344173696374,-0.18130023942532109,-0.6858770669627339,0.24597764525260785,-0.20421673096717252,-0.8278287320759443,0.2487187439784212,-0.2275648145848533,-0.9416846962772902,0.23974083810520214,-0.1074937362490713,-0.4874539756891092,0.14526348624530616,-0.1766929523239082,-0.6905674464594901,0.1381578177109466,-0.2653100475565977,-0.709810035820863,0.10457030038273543,-0.32459280414626,-0.6771734087172856,0.08789861401989671,-0.06609848656144739,-0.48831103673094933,0.06596280062549166,-0.16075586576591777,-0.691403722925461,0.03379493516858491,-0.28275282359028775,-0.6424381966122588,-0.0030796829318640384,-0.3565594181130088,-0.5426913283358178,-0.016494710891766656,-0.035124245066795935,-0.4745621477414892,-0.011528191821770997,-0.13697336249496192,-0.620917276982302,-0.04466932138853577,-0.2365596054427881,-0.602009801821979,-0.06889554818582211,-0.3037319794761131,-0.5298718764023718,-0.08031541212075824
0.0,0.0,0.0,-0.1801621000892536,-0.0793531332407271,0.08747257012494336,-0.2734622026226177,-0.20106885989117096,0.11554920080719919,-0.3455837333458634,-0.32196431130157377,0.0958349274360775,-0.396091017993736,-0.45472687193981953,0.06862229045544466,-0.13247954213302582,-0.4626635725319621,0.2428580259233022,-0.15030053384018421,-0.6820902563886728,0.2799204871935137,-0.17893125421401462,-0.8263464932484246,0.2838253143270041,-0.20819419435060227,-0.9370040142165036,0.27407714894464197,-0.0853808205574085,-0.47996988896651954,0.15884784255756074,-0.17957927928306763,-0.6715028677952748,0.15042431656909944,-0.2859097240994458,-0.6519925054272815,0.11499735715325496,-0.34537282838196914,-0.5855682356294307,0.09860326820336326,-0.05206538279706398,-0.479359916590572,0.06606795697595505,-0.15981130231481008,-0.6713210643243662,0.03806775864239288,-0.2851595392650394,-0.6090587265010221,0.005520427015326184,-0.35247536639330307,-0.5035397474698857,-0.005496977840994927,-0.029056744499303774,-0.46590515048776315,-0.02325037102517365,-0.13699262654553945,-0.6014094784233731,-0.051483417710176275,-0.23917648678716247,-0.5756621291642889,-0.07139533132595738,-0.3019637891984589,-0.501469128432279,-0.07992832759928681
0.0,0.0,0.0,-0.17236344983341267,-0.07129310883017126,0.07240565180313635,-0.2674433489605032,-0.19502214467495,0.09166779158538049,-0.3402261913344163,-0.31364070927202586,0.06738210227212249,-0.38477701685913723,-0.44394725029932103,0.03683623665793212,-0.12002030891717004,-0.4686337570652392,0.20247148277853244,-0.12947841974757127,-0.6939081004832445,0.22443046386775778,-0.1600286142844938,-0.843466603072388,0.2242749624318094,-0.19194539003294642,-0.9546566122653544,0.21408646429767042,-0.07119566302164304,-0.48339788022459185,0.1242129727573563,-0.17480242849019373,-0.6714220085581819,0.09970268658105173,-0.2912176893420485,-0.6319726454380181,0.06795616778492759,-0.3530805078632825,-0.5488519892144378,0.05798117423432132,-0.03690202924395347,-0.4799396151035181,0.03734831174254942,-0.15065128968732588,-0.668363417939564,-0.003762090883514261,-0.280535228463275,-0.5968485549280627,-0.028171761486960496,-0.34624868043328816,-0.48646691525229857,-0.029495320693264725,-0.014713623219107264,-0.46268197468769656,-0.046952925689095606,-0.1259728283663743,-0.6018028375692679,-0.08389677439549945,-0.23098465841553573,-0.5734127836155531,-0.10005032061209548,-0.29283519658595675,-0.49506889465118736,-0.10242763891302115
0.0,0.0,0.0,-0.17292128543262675,-0.06921352544631948,0.10797877717718293,-0.2615601844496912,-0.18085328639915466,0.14044175310510842,-0.33136599416553386,-0.2948418969898211,0.11986450317266562,-0.38019440801810905,-0.42131558755536963,0.08857273978309971,-0.1104863334116218,-0.4590308019919245,0.25491530999940115,-0.12044361808330281,-0.6780757190020781,0.29140941229793343,-0.1514648435806889,-0.8262865058432253,0.2959850794172826,-0.18573098721798384,-0.9354153977049015,0.2862070273641879,-0.06194227816177673,-0.475455548160841,0.15774585046283102,-0.18532486845383156,-0.6485894136750461,0.14192210770254476,-0.3061243504296134,-0.5968434765177384,0.10462983157745445,-0.3670548950341013,-0.5043118000953276,0.08962430302347062,-0.03326234716891474,-0.4744878269489837,0.0538867610370503,-0.16071619589926261,-0.6412349623414637,0.018830790337329317,-0.2880595835804721,-0.5662147718681061,-0.01038289551619279,-0.35095243785615915,-0.458602051300939,-0.016574984121845444,-0.01701904763840379,-0.4606985442741103,-0.04443659190376344,-0.13556196510836993,-0.5861414861987627,-0.0750426585207046,-0.2373524572949895,-0.5541784788044575,-0.08981328860013457,-0.29586256262156857,-0.47917312874984375,-0.0931360319826384
0.0,0.0,0.0,-0.17599277821772255,-0.07149135669420453,0.1269374224237959,-0.2649441041736924,-0.17799520611789293,0.16323918708545826,-0.33557544352644053,-0.29000524898211366,0.1431813556866709,-0.3825071453084038,-0.4190799721072941,0.11076877494477738,-0.08952429837432517,-0.45715972842280495,0.26998607070490444,-0.10661068544697663,-0.6780795763563463,0.3104775282386781,-0.14161409518671075,-0.8265426469914956,0.31567478620522704,-0.17995543368760059,-0.9325318647435481,0.3054421632414328,-0.04122059315742614,-0.47157693909184395,0.1640258010275894,-0.1859943194530665,-0.6454600709778786,0.15387421450052077,-0.31456615501277974,-0.587338634575655,0.11631510534398377,-0.37638214021782246,-0.48997244604208995,0.09906502566947954,-0.020826377744710703,-0.467645473061427,0.053232781674364404,-0.16522482037524,-0.6331693061941116,0.024397050260998962,-0.2943766924106358,-0.5556903204922881,-0.001819997349414885,-0.3566336153718883,-0.4511026917794828,-0.008514381276582746,-0.017185034723739556,-0.4509878211217952,-0.05032290033879704,-0.14415978143569108,-0.5736340689815653,-0.07581557335269484,-0.24645234622587328,-0.5423619840570915,-0.08699633339713853,-0.3055013200807488,-0.4731677243276904,-0.08920438430424434
0.0,0.0,0.0,-0.17699052321758119,-0.07366116547924326,0.1471602791132085,-0.268049367165743,-0.1774139263429247,0.1884291283329105,-0.34101564086622715,-0.28877781665939534,0.16806788471277784,-0.3889851988243322,-0.41933155305607506,0.13312357248309947,-0.0872622824732329,-0.45208726349815886,0.29459937656310653,-0.10504279608191955,-0.6714519853096629,0.34253431876332074,-0.14294889744735212,-0.8161306287980699,0.3510294933949447,-0.18448433203823217,-0.9194734896760222,0.34158984475217835,-0.04121069807075091,-0.46522470109582104,0.1779504625259823,-0.19063454019542106,-0.6348392931580158,0.17447457731882815,-0.3215262296127507,-0.5778337790864738,0.13627692918023238,-0.38483563386097064,-0.48617377256850336,0.11689856655268296,-0.02438449730040463,-0.46175741461929654,0.05756561771130814,-0.17091957016824838,-0.6255204686987894,0.0347974535270139,-0.2974757087174066,-0.5472874040193555,0.007379199773699523,-0.3566135392980493,-0.44684800227024496,-0.002753429116965034,-0.023713601303390567,-0.44938428490312576,-0.053927184310509815,-0.15111741743797436,-0.5698144481013767,-0.07363350185805373,-0.25096626454763626,-0.5334394507236195,-0.08377292307289139,-0.3054992458134812,-0.46282374542257276,-0.087431038986679
0.0,0.0,0.0,-0.18362730657356713,-0.07090220267880071,0.10862479522540838,-0.2754271528599853,-0.181247245216275,0.13601171508744797,-0.3524385404388705,-0.29493812958025345,0.11222917335257951,-0.40327818502500434,-0.42664999937352827,0.07721513105331425,-0.07400560094539758,-0.4652622614284122,0.23888884772834773,-0.0902845124119185,-0.6914900432550022,0.27054989260777385,-0.12978594157563744,-0.8396964481860012,0.2718686373970733,-0.17351113492458942,-0.944949902738283,0.260033625266074,-0.024436675377055204,-0.4773183628470716,0.14255608890361915,-0.18707102597832811,-0.6525243823612293,0.12610598303642515,-0.32452985102166304,-0.5902385078519241,0.08683328446310928,-0.39110581624575524,-0.492970701966736,0.06835886896538787,-0.0057693860205034015,-0.46800348445159506,0.04132694398232403,-0.1654277733108591,-0.6295501627819272,0.006393431164552295,-0.30225074155052944,-0.5491082018479696,-0.019595488250106742,-0.3686714841620391,-0.4472693361334391,-0.025103294117712924,-0.010425846552652608,-0.44426931803472736,-0.053390163781993585,-0.14713315624059942,-0.5657836947291986,-0.08136853811918893,-0.2540249185831817,-0.5338590140263159,-0.09112303201978561,-0.3154502824540054,-0.46522323416325395,-0.09118990620816153
0.0,0.0,0.0,-0.1828205903398593,-0.07317837336905958,0.13909568936459268,-0.2767190588267988,-0.18178786183636858,0.1749698640380637,-0.3549501061002646,-0.2905805207671149,0.15278660947796457,-0.40655730225778625,-0.4214163295390754,0.11616342537555227,-0.07850134917297108,-0.45634931422105507,0.26750138066504303,-0.09883440965179474,-0.682147112562351,0.3102355444727144,-0.13811390991740402,-0.8274703253617868,0.3183912680669804,-0.18294240927087874,-0.929113925416791,0.30954101390852085,-0.0313276509051965,-0.46825626510971347,0.15526328150794644,-0.1958142683392663,-0.6438651679286274,0.1507214391279463,-0.33214074488819256,-0.5838121538597684,0.11586951583220884,-0.40008624328386766,-0.48911863754186313,0.09771212507084177,-0.0178788996652576,-0.45973294229790296,0.04010041051837598,-0.1801582862905287,-0.6220491395947338,0.017609642968206565,-0.31264623124695323,-0.5473823673442241,-0.0058808004310497725,-0.3778107558179569,-0.45077954622524496,-0.014921677622265678,-0.027768486469725108,-0.4395643549871707,-0.06646751581258686,-0.16405411714420814,-0.5562671256521309,-0.08553331102997151,-0.2668696727966323,-0.5276332570065669,-0.09419933841281693,-0.3266911007551729,-0.4653925118355066,-0.09744207833772296
0.0,0.0,0.0,-0.18666827754771595,-0.07510228358234894,0.14121775085696225,-0.2817708311227186,-0.18315457373378424,0.1784522543404204,-0.3604727544728603,-0.29063835073993816,0.1582036574512556,-0.4135677770404398,-0.42084614315498714,0.1235476786403688,-0.07615542464333172,-0.4553718386089167,0.26850945870440535,-0.10068188071200758,-0.6843995627621562,0.31363823369046895,-0.14048088525603483,-0.8278838848578824,0.32293947216180385,-0.18605055015907934,-0.9287082976813783,0.3148276393886445,-0.027871466232828896,-0.4693704773405887,0.1577243848058501,-0.2053499324974064,-0.6410986683706108,0.15744641688334088,-0.3417687360184296,-0.5758249976015146,0.1221542322956922,-0.4072812214187491,-0.4801207825447652,0.10224393603272519,-0.016006145866661946,-0.4625781530659768,0.044719410868136036,-0.1907499322144509,-0.6193765603948128,0.02663420973769173,-0.3225727495887226,-0.5387331124616078,0.0011437122667028307,-0.3855036777097656,-0.4416101401227003,-0.010728181459047692,-0.029318221991508298,-0.44414597243576387,-0.059123237364249806,-0.17752679126458387,-0.5547567354700202,-0.07536572756326126,-0.2797546430018781,-0.5196374330331641,-0.08449808375129861,-0.33766242234862687,-0.45444403598517313,-0.08867425745705136
0.0,0.0,0.0,-0.18741481435050739,-0.07933252865258397,0.12224118475316731,-0.28287002818675766,-0.1867733804507442,0.14518019159459086,-0.3637370952739587,-0.28986357742088,0.11745948577813312,-0.4207824831231063,-0.41641389624283764,0.07720116040762735,-0.07517540291302084,-0.46912757085523216,0.20926344218497,-0.10786044714096377,-0.7087328919691379,0.23851730999253054,-0.15217533284843693,-0.8498771603593012,0.24218054483227913,-0.20281526922438936,-0.9462482191834745,0.2330726734666113,-0.028474237967121587,-0.4755904235964128,0.10851827445463014,-0.21232801601811377,-0.6457915637530733,0.10305450026126112,-0.3488054579602584,-0.5848480721602136,0.07571464489638786,-0.41480475468572675,-0.49797216960768614,0.059644798671211044,-0.019685939953568057,-0.459952912985125,0.006392545694285271,-0.1981527681994737,-0.6147620572186347,-0.011003206578888152,-0.3307804750799873,-0.545008768934755,-0.02655110444438435,-0.39664612348076866,-0.45850646284232455,-0.03459963175672882,-0.0365170223561316,-0.43196633935816897,-0.08814950305720329,-0.1827205895360031,-0.5392641813585399,-0.10321495769980685,-0.28674039818257246,-0.5127155278202935,-0.1076904073863466,-0.3489542254343917,-0.45638242953696806,-0.1092140469874949
0.0,0.0,0.0,-0.1886134235227961,-0.08622560209761052,0.11153652520999888,-0.2864295629538983,-0.19592548989726388,0.131766460863597,-0.36729006623021854,-0.3018225105995267,0.1072781493853836,-0.4251454936012818,-0.42898218508107333,0.07205474555326272,-0.07954656903289015,-0.4797243261385492,0.1821691142486338,-0.11899804857627004,-0.7202876194840699,0.21110827002434673,-0.16346218643544458,-0.8569899521735698,0.21755765947594202,-0.21452685351312417,-0.9505854888721879,0.2126335459063779,-0.03628837102775346,-0.48203347640320704,0.09310163056842301,-0.22391550534446827,-0.6532205499123578,0.09571304258504253,-0.36161864481366723,-0.5890170888451206,0.08120160105675897,-0.42624773350266354,-0.499114681713445,0.07391513844078251,-0.031870447261727775,-0.45996159008701715,0.003109910422062727,-0.20833757836966993,-0.6113988084151163,-0.0032907021174081817,-0.3396357737569824,-0.5425159536655615,-0.007769422516707834,-0.4030801903567577,-0.4590151645360928,-0.009893595489008845,-0.04929151987275905,-0.4252218404138798,-0.08019941731364766,-0.18688521477982753,-0.5283530375661949,-0.08405676633506651,-0.2896772449349997,-0.5049613022903932,-0.08098794998690195,-0.351174054589892,-0.451953277989397,-0.07787364098942318
0.0,0.0,0.0,-0.1812091532510871,-0.08805925720407914,0.06997489122677022,-0.2777174148554749,-0.2006688112307266,0.07786003454202552,-0.36362697576098824,-0.310600027922582,0.05583415083442395,-0.42788379407436883,-0.4327050266067175,0.025770139892746034,-0.07571289972927417,-0.4891334374824302,0.13096347941730813,-0.12205189933835395,-0.7304399230861207,0.16833852243469682,-0.16394622616653043,-0.8646189051550108,0.18175070122599057,-0.2112358144011426,-0.9584310340898186,0.18225843265297986,-0.03516948959041985,-0.493125417046588,0.07752235413977605,-0.22295112172978296,-0.6616456727039886,0.09829609210015083,-0.3604298506837745,-0.6072745649590977,0.0930408704782486,-0.42891018214664056,-0.5301948305373171,0.08776899853184283,-0.03447846805694721,-0.4700378128627286,0.023717140506297887,-0.21072635900286105,-0.6148083391046567,0.03778090864915493,-0.3438613362470774,-0.5529385226412713,0.03320141440437668,-0.41209352537996957,-0.47217917802729026,0.02540498950617614,-0.05524774011563144,-0.4355862555017764,-0.025841670863401615,-0.191287403616974,-0.5285838159988128,-0.013907734942911709,-0.2926629127050982,-0.5030291606476087,-0.010609853274534287,-0.35476859341574407,-0.44899096755452966,-0.010268953759488112
0.0,0.0,0.0,-0.17237573824536392,-0.09131478893030423,0.00940516704022205,-0.2701389364111044,-0.2072958967280119,0.0005762942241504254,-0.3622276943420165,-0.3241395866294924,-0.023843663212803446,-0.4260252379391428,-0.44918972751044756,-0.05219992348668703,-0.07277707201384778,-0.5008194114052759,0.09139969160301997,-0.12668626216930712,-0.7361256700266041,0.12599633042578165,-0.1706847803867089,-0.8701456541366792,0.13542284607785474,-0.2167134438758373,-0.9649024791190153,0.1331525027527136,-0.04056918320488864,-0.5059286919962315,0.07256854239996548,-0.22514972860189836,-0.6754539012050483,0.08446497472335066,-0.364559294976056,-0.6246280611251085,0.06983093998992723,-0.43671442362137275,-0.5472709786895025,0.061181193870914155,-0.046124288412664464,-0.48610079703276304,0.049145997187796504,-0.2200259865992463,-0.6301221856459658,0.054505020374745916,-0.35402751975410285,-0.5742867138099355,0.03644175989787184,-0.4229199969523762,-0.49842406427645686,0.023183616889099607,-0.06878550896655053,-0.45482570889803897,0.02576311803467684,-0.20435408308186936,-0.5474694411254204,0.02952282762969078,-0.30487284222106237,-0.5257509418769021,0.02203384464974968,-0.36327960482996513,-0.47702223135962163,0.017005506773004365
0.0,0.0,0.0,-0.17541030003429736,-0.07936523357448613,-0.05973016941859289,-0.28868821729905925,-0.2134362379171344,-0.08677202597700966,-0.3926427525892979,-0.35442329996521227,-0.1061347163361406,-0.47175381785141435,-0.4829827273340246,-0.12316827881089801,-0.08997118943162369,-0.5357261142644864,-0.012068133063593944,-0.190742796208329,-0.7642564197512178,0.0017619326437435523,-0.2710238938717452,-0.862648028010309,0.002723993842600983,-0.3347245939211279,-0.9231077296141852,-0.0010953402000593443,-0.05468305647685589,-0.5630159000171968,0.014148069201346678,-0.2740650728720612,-0.7422362973935781,0.011014674272570486,-0.4253601049046874,-0.6727670343559244,-0.004441890936917207,-0.5011892511430694,-0.5850856651783818,-0.0136234937690864,-0.054812233672117155,-0.5565460125376726,0.03500798188957555,-0.24402899277309803,-0.7206814402134939,0.029222155116380075,-0.39332737640394094,-0.660243950782613,0.009095302727406471,-0.4745041446753556,-0.5798306307218535,-0.004227182128774912,-0.06846474172328654,-0.5311903175529951,0.052316422859911435,-0.19749302402623925,-0.6533495896493156,0.049438411137427044,-0.30175292048849667,-0.6480039752366153,0.03863567636824147,-0.3685927551028989,-0.6093099027145774,0.03227534757998596
0.0,0.0,0.0,-0.16516025705510223,-0.06888445200577177,-0.018475156069885305,-0.2745008370732014,-0.18949071586155444,-0.039978669532739736,-0.37583218862657314,-0.31381853665852966,-0.06264137245529387,-0.4507213801050687,-0.4332916280002529,-0.08541974713163115,-0.07364986917153582,-0.5038235156628521,-0.011312739519477234,-0.14271625160819545,-0.7510890567274366,-0.0075121285970561474,-0.20611863490155247,-0.872163973873787,-0.006311806829191413,-0.26288997305066153,-0.9522912354509712,-0.007709803466426705,-0.04401938515852872,-0.5232484427224486,-0.008737901773416072,-0.25934439447540725,-0.6946119509454113,-0.010715760645508691,-0.40436351035815243,-0.6301766305604997,-0.011251836272313962,-0.47150834958583354,-0.547728681378753,-0.011002003926165347,-0.0527453473296678,-0.5089537686074124,-0.007876347530096528,-0.24867605222946132,-0.6710337139657305,-0.014105228720377413,-0.3857041009638956,-0.6061924822828717,-0.018251008516118,-0.45280594560270326,-0.521242509360212,-0.020908653197027588,-0.0802416576191732,-0.47885629199965407,-0.007175022679422209,-0.22486171521159257,-0.5940539558189599,-0.010952954506185504,-0.3244614301741329,-0.5759549359324976,-0.011641520089358069,-0.3812057527369543,-0.5248595016464855,-0.009714691318620187
0.0,0.0,0.0,-0.15834840588388377,-0.06506605226911616,-0.05231243177949668,-0.2653940663140198,-0.18464190953134468,-0.08491591339143045,-0.3662428647189092,-0.30881536769058393,-0.10786325406929714,-0.4402941902302442,-0.4300098011508844,-0.12901816800679627,-0.07123687027170703,-0.4866935586567026,-0.06594825180863265,-0.1297480623342511,-0.7372853417019082,-0.06943355726217385,-0.1833531328980829,-0.8702748074245779,-0.06840662932387376,-0.23444697743636653,-0.9612164774859512,-0.0678615488849399,-0.042185081202998756,-0.5032827299826235,-0.0397682215406649,-0.25442551088678994,-0.6667130026518966,-0.044979088571105906,-0.3954118693571619,-0.607119590023904,-0.03824074099265605,-0.460191769936964,-0.5270729462698545,-0.03184460203637396,-0.04998312261164531,-0.4880056320715267,-0.01563404971365032,-0.24073584447686353,-0.6403694379211189,-0.024928929606947967,-0.3738502146479111,-0.5812436857943086,-0.025394724434742447,-0.44095574678172156,-0.5064750028726293,-0.023991583409775877,-0.07329925147116953,-0.4600085496807981,0.006628056991336792,-0.21288788375252582,-0.5652554478564018,0.0021933305970035406,-0.30962910041026753,-0.5466325394866604,0.0028877347986143408,-0.36613913077231175,-0.4983595424316877,0.0067710141159303665
0.0,0.0,0.0,-0.16465777496985984,-0.04482339635619433,-0.09525118515120704,-0.2858026964096148,-0.1744635855433857,-0.14412186196122367,-0.3995490359152471,-0.3266314117382879,-0.16930469356107525,-0.4858824022136033,-0.45055494997480605,-0.1858748321190024,-0.11263629040596876,-0.4698683327301384,-0.15116821664181868,-0.24169610562308236,-0.6873627431738201,-0.16677765125955002,-0.3295782266554504,-0.7408520113069281,-0.156939412427753,-0.39176747863592787,-0.757944355756288,-0.14821196298879735,-0.06482885973739452,-0.5220742118310087,-0.10414699797545565,-0.3010382238366017,-0.6924267703767075,-0.13200691883552462,-0.4402634447396927,-0.6271072686765508,-0.13034318828350755,-0.5043738537056206,-0.553330267566325,-0.12839135718423542,-0.050311219047978625,-0.5337348628848383,-0.056636538818987635,-0.2506008297250981,-0.7139479561326038,-0.08698525042894836,-0.3859482443332658,-0.6633685853257285,-0.0908077993868714,-0.4583720034043035,-0.5942950697178215,-0.09056904480253583,-0.054051354030079345,-0.5230389274118507,-0.012495499428709853,-0.15927153143655307,-0.6918956968739542,-0.03836444036527097,-0.2366989638204061,-0.7315888901930324,-0.048340756311479785,-0.28873816194147595,-0.7347937693065278,-0.05150704763217673
0.0,0.0,0.0,-0.16503781286234948,-0.025939574616981702,-0.11516983575270602,-0.2973000221580224,-0.16240693954134564,-0.1705899716864967,-0.4200380384005602,-0.3224466308865177,-0.1955160624387323,-0.510925102054851,-0.445237174146986,-0.2109138920004993,-0.12535954976946503,-0.4620150087145436,-0.20293981167701647,-0.2643641495250517,-0.7091198951377664,-0.22966864169803414,-0.363612612433841,-0.7712074473810322,-0.22140807915110264,-0.43054374798906975,-0.797912123777462,-0.21347600000753886,-0.07096736501379902,-0.5339462284483583,-0.1445357243657927,-0.3253886631385726,-0.7168473472422956,-0.18610893008849516,-0.4724072555909075,-0.6464847353047056,-0.1824783467247248,-0.5420433416803716,-0.5651122019058492,-0.17786415857800209,-0.050157548085093165,-0.5583995548469263,-0.08444003339760202,-0.26194347334128415,-0.7555232753017566,-0.12537433986279561,-0.40162522511198356,-0.6948392468599047,-0.12594173977781595,-0.47829035936380326,-0.6128752375362145,-0.12152829561259389,-0.048600843179361364,-0.5515930703822045,-0.028588246105200377,-0.167006387540546,-0.7203087673350079,-0.0630102827225467,-0.25465256895527877,-0.7394154133324553,-0.07407029758744108,-0.31492316253781977,-0.7180325399160764,-0.07603052859330699
0.0,0.0,0.0,-0.15694811578243445,-0.015450213343988956,-0.10319116469289918,-0.27913265594154285,-0.14379266605460211,-0.1516423464129243,-0.3936748777051653,-0.2937911266764781,-0.1695999869290462,-0.48106742564590166,-0.40680321571929867,-0.17722533455651301,-0.1407704078990088,-0.39896215081425146,-0.21465519187811366,-0.29695202435754836,-0.5994337308468709,-0.24379177319552586,-0.39778163047170556,-0.6148864502583254,-0.22986563580920166,-0.46128006722242687,-0.600947113914419,-0.21673397638833816,-0.08475346176094617,-0.4771357062029631,-0.16437795561244148,-0.3156426579697208,-0.6397439778898901,-0.21029649571125586,-0.44619182248106376,-0.5777868946089747,-0.20646610307383167,-0.5119481292335881,-0.5058428095130667,-0.20265045708962143,-0.054554675069861336,-0.5134942960097651,-0.11043286894680931,-0.239299121047163,-0.7070156356193544,-0.15485021853199415,-0.3678363023551741,-0.6692433159160038,-0.1589281323586151,-0.44664559238291657,-0.6054655315005294,-0.15848538985679828,-0.04225322835659276,-0.518664167251619,-0.059414421313151305,-0.11711178959941682,-0.7141722455705036,-0.10831398715016671,-0.17855348178638963,-0.7979835069056793,-0.13413392430167875,-0.23132965430322244,-0.8412673887892921,-0.1474564182205833
0.0,0.0,0.0,-0.1700153488391316,-0.008429686789628998,-0.11439217794194392,-0.3064128913455359,-0.14927631846067105,-0.1708774691744021,-0.431816112631423,-0.31478430140717506,-0.19463249648630043,-0.5280613433533199,-0.43603815903637794,-0.20800707092198922,-0.15309956914743172,-0.4176103749618596,-0.23937597422224174,-0.3308658988278836,-0.6429716920369651,-0.28046879732712465,-0.4470853048660247,-0.6591310100824772,-0.2734560008885961,-0.5178647605396087,-0.6454412504398005,-0.2634573506842426,-0.08897249154803577,-0.5108039108326349,-0.18599146471268585,-0.3438185951694585,-0.6996472572108638,-0.24577558570111574,-0.4898483055920513,-0.6388428289769091,-0.24798590512304478,-0.5647841262226367,-0.5636850821706519,-0.2464527767774957,-0.052401633436922584,-0.5580197120518549,-0.1286210954493745,-0.25795621245914563,-0.7732107917342802,-0.18486913467393434,-0.4008610515235299,-0.7351999473036936,-0.1923746704649382,-0.48781690446272713,-0.6678911685509507,-0.1912617331374356,-0.035410783561085665,-0.5720798117541287,-0.0743158582895489,-0.12479285011190205,-0.7857628166762809,-0.12650099506820744,-0.1961684668726278,-0.8626534118559239,-0.15081429652913708,-0.2533154020913839,-0.8931824256309301,-0.1617623833026372
0.0,0.0,0.0,-0.16222387607339353,-0.0043291236551870355,-0.09975886167200776,-0.29019638373345347,-0.1322808456717442,-0.14899512071275972,-0.4052618893194082,-0.2842499731905941,-0.16788512616760998,-0.49382901881023933,-0.3956343915481353,-0.1758420035192379,-0.15478267779504287,-0.3698468411332361,-0.2334953773539078,-0.33472216414797973,-0.5707142287424274,-0.2704393700986796,-0.4437293752008099,-0.5645743020637636,-0.25472822866227146,-0.5081418840961105,-0.5286444666810268,-0.23839249523983985,-0.08864121844579785,-0.4603336478768749,-0.18946846372388387,-0.326212695091854,-0.635154819509985,-0.2463266224354398,-0.4559045182006841,-0.5784719212868519,-0.2426779105306417,-0.5223064787555838,-0.5048110064905176,-0.2372706851982776,-0.04892018557406486,-0.5100869338262304,-0.14061437851173803,-0.24082903005396972,-0.717358773982637,-0.1932503183104099,-0.3687615735109834,-0.6871881199852199,-0.1969107683964589,-0.4487314022415225,-0.6266223654622447,-0.19466418215402354,-0.029891594346964052,-0.5292415151781689,-0.09422083189924382,-0.09384174625944923,-0.7502087856994386,-0.15178271735759075,-0.14883763255143193,-0.8609910338483826,-0.1820447107621547,-0.1997832231591803,-0.9271748224315886,-0.19789423444556042
0.0,0.0,0.0,-0.15829291745713853,-0.004699508938131949,-0.09809387337042177,-0.283934436672594,-0.1308907474348845,-0.1464222910244251,-0.3953152851671083,-0.27930104914917264,-0.16340432029180485,-0.4832772215039523,-0.3856341017094575,-0.16916995445113567,-0.15083403613371654,-0.3502764962313164,-0.24432171005020945,-0.3329707116649322,-0.5510175233257285,-0.28212509892500315,-0.4406155109794259,-0.5368144456849806,-0.262977200136288,-0.5007235148191833,-0.49056675531902816,-0.24329809257659257,-0.08538157932012405,-0.44007310170150565,-0.20118499600720421,-0.31666306317818504,-0.6213095548053014,-0.2597789464815812,-0.43977560128361903,-0.5684110763600216,-0.25453964310062455,-0.5016604659268891,-0.4964841337594337,-0.24782497096442704,-0.0451915932200255,-0.4931575468840912,-0.1522470830948977,-0.23028393088614368,-0.7037990372537803,-0.2053350650930342,-0.3523122687679786,-0.6811318458615796,-0.20911039462682712,-0.429052537619768,-0.625845858424816,-0.20736250626692815,-0.025995209771735105,-0.517248253349764,-0.10540530077744109,-0.08054847550212801,-0.7452986443892176,-0.16381940365889514,-0.12607675023535145,-0.8686206921345017,-0.19587031397126126,-0.17030818041656787,-0.9451220621930974,-0.21368981521003416
0.0,0.0,0.0,-0.1567764909324505,-0.006418219843123793,-0.08968104306801732,-0.2806561304296853,-0.1311201053730759,-0.13619875719652702,-0.39000323310503715,-0.27634716983522184,-0.1540757995621805,-0.47382156310885515,-0.380619151293393,-0.1609039298827944,-0.15059263610195542,-0.3414849460351025,-0.2384790599910086,-0.3382115925515382,-0.5356079624436306,-0.27554736910099764,-0.44493397791242456,-0.5140356557786644,-0.2544646273501316,-0.5043061623319847,-0.45894592260153044,-0.23309404813560464,-0.0818434936174394,-0.4322285259740002,-0.2010714201192111,-0.31166678829434047,-0.6141206552899592,-0.25928374324127046,-0.4322534568784706,-0.5604147898171083,-0.25328091321573026,-0.4925364273417846,-0.4837820914765619,-0.24561384079517318,-0.03855864013950612,-0.48568269265102126,-0.1571628765731685,-0.22238394112656723,-0.6986576201814565,-0.20858595985671735,-0.34094989959309474,-0.6763190348241273,-0.211022048722749,-0.4149247276361819,-0.6191739801822655,-0.2086181811482008,-0.01841368404770776,-0.5096037289702543,-0.11487957589743948,-0.06703054211867478,-0.7402536023402746,-0.17259840522526648,-0.10976650407825939,-0.8703923762442728,-0.20446087171548888,-0.15237423732621636,-0.9543745338787839,-0.2223317049376844
0.0,0.0,0.0,-0.16399779841317935,-0.005103867559064596,-0.09218806024342563,-0.2917767582628368,-0.13609513471618817,-0.14163007570362118,-0.4016833306355436,-0.2902534189670495,-0.16092110930881887,-0.4894368640324102,-0.39571762822296697,-0.16944047122005568,-0.15364701192088526,-0.3404686863456611,-0.25743229977078586,-0.35356488467365643,-0.5449528515305511,-0.2979542635974285,-0.4643554831229273,-0.52429104493885,-0.27599166400871183,-0.5250917457759441,-0.46745055881790654,-0.2527100538653585,-0.08055360853147395,-0.43534096691197965,-0.21870688375819514,-0.3213640124975089,-0.6301755096740493,-0.27888586940441656,-0.44551392443933224,-0.5786253306247862,-0.2713128967622358,-0.5072429455745543,-0.5006037851512903,-0.2621184025247467,-0.03529646346778971,-0.4961492428653827,-0.17216798412648915,-0.22947783910466402,-0.7170212316861462,-0.2234597197275016,-0.34849366046951175,-0.6956602586625099,-0.22388110230461794,-0.42177340304845945,-0.6387751745042737,-0.2197513082213972,-0.015363294102940652,-0.5272344923923069,-0.1271454307806949,-0.07478283109702037,-0.7607097972300736,-0.18167774811647514,-0.11800269071624934,-0.8828565277695715,-0.20878517318105655,-0.15930807245600853,-0.9574052100730239,-0.22288708649828826
0.0,0.0,0.0,-0.17136694134757663,-0.014320941147982076,-0.08960757485026899,-0.31129752618434403,-0.15285561788318663,-0.13889128842316806,-0.4242424420934934,-0.30925551298285237,-0.16034174802794066,-0.5110286491676945,-0.4206277249646703,-0.17392318819598532,-0.1586925260728804,-0.3730677289204341,-0.24443851135889288,-0.33457442240615576,-0.6303410653494121,-0.2959825812671414,-0.44568741028052417,-0.6574034284505624,-0.28963801491271507,-0.5095057783478818,-0.6417822739369232,-0.27635600796958004,-0.08344473524617814,-0.4617056414675871,-0.2064102491858827,-0.3373847863569108,-0.6874246080410054,-0.2763806893829515,-0.47476713757148126,-0.6333714226131767,-0.2742453506116149,-0.5390145065481529,-0.5471101198382736,-0.2646075561079426,-0.03534870579432549,-0.5173101294061367,-0.16188525473177523,-0.25113827927874216,-0.7496110148285056,-0.2192113002233667,-0.37683562021799744,-0.7113641742616135,-0.21729926356135548,-0.4436903263255628,-0.6412237597820251,-0.206907019887249,-0.006919681953730651,-0.5462812246451675,-0.11906652824899941,-0.09763137015832041,-0.7595983413265857,-0.17059989938020814,-0.16102518065368387,-0.828897452060605,-0.1885900490946617,-0.20511016127440745,-0.8551621893230161,-0.1926136092018555
0.0,0.0,0.0,-0.19833786660191716,-0.013904864205720192,-0.10615680783318708,-0.3616800483915459,-0.17849846974838038,-0.16015503931084443,-0.4960743337948561,-0.3635252760464431,-0.18042544584256043,-0.5998222367766322,-0.48970378393300346,-0.19209572182634593,-0.18171451308343348,-0.43502473576958767,-0.28038241407513953,-0.41588152884646384,-0.7136954868349814,-0.3563494504604574,-0.5774049560810424,-0.7099583967930062,-0.36443036418874836,-0.6683977338557506,-0.6529584817701577,-0.356215791986975,-0.10226611066451331,-0.54007104787366,-0.23426500308226905,-0.42334483918080806,-0.8204422134782318,-0.3246213526345798,-0.5975497578348006,-0.7262675794841668,-0.3232427133644857,-0.6692101599795315,-0.5985052438888804,-0.3086346684014889,-0.05745153558712547,-0.6033414058708603,-0.1832241872179395,-0.3499884054604501,-0.8717956442178239,-0.2621015552306405,-0.5088017586722827,-0.7934272040178268,-0.26496908721894974,-0.5815771867443434,-0.6863279117865482,-0.2516671873089165,-0.034410120881898244,-0.6344614989929676,-0.13376081089296063,-0.17275783940805228,-0.8479088435029135,-0.20042841489581398,-0.2677142187810423,-0.8687926129113408,-0.22329643956297057,-0.32605882702128375,-0.8418713988709235,-0.22686198041156644
0.0,0.0,0.0,-0.0914247408230137,-0.08350830236248265,-0.0659488367569827,-0.2157417164801426,-0.23150573913185102,-0.11072122817520949,-0.3527950698841547,-0.35533928206117704,-0.13481412352987793,-0.4583968792870535,-0.4310882298931339,-0.15540138965976427,-0.0836307601732255,-0.4322951174455526,-0.21033911812047396,-0.21924033375926816,-0.715634058378499,-0.2789325020170945,-0.3308662798171693,-0.787650221267473,-0.2923471714543269,-0.40705678912384496,-0.8080496349897812,-0.2911639824953991,-0.07639201950958442,-0.45533725478487275,-0.18888631966661656,-0.3323572237972538,-0.7062868345453945,-0.2701684338503928,-0.47691884672586116,-0.6383625755964879,-0.2723673533932913,-0.5337739676884912,-0.5383766448377363,-0.2600228274365679,-0.0949527637611762,-0.4503823826555572,-0.1625417869530114,-0.3317088042726112,-0.6874638239941321,-0.23327115571852425,-0.4542179258877942,-0.6323764447565353,-0.23292891748761227,-0.5031881126890894,-0.5524783696517106,-0.21683949552927512,-0.122892584668935,-0.4317457580728156,-0.1353204075647594,-0.25784483325031904,-0.6142754662660711,-0.19232539229706352,-0.3356949632962738,-0.6296133245181399,-0.20531691492187298,-0.3753375258098389,-0.6078083845289654,-0.2012137263122372
0.0,0.0,0.0,-0.0293565447582113,-0.14518856247081413,-0.02928199871384599,-0.11793972253562286,-0.30453215013593815,-0.06367178469484379,-0.23698174225901047,-0.4200678402740091,-0.08678833255130045,-0.33825108315291885,-0.4805853338833994,-0.1114811306622705,-0.048851462341903205,-0.43599918511609403,-0.1733407549108101,-0.13818751245359584,-0.7167555906819427,-0.2404256724801631,-0.22233410161355574,-0.8241149071969323,-0.25824580095755256,-0.28853633976730486,-0.8828312736721997,-0.2618490406421228,-0.07925746799055086,-0.4096749894702041,-0.1734210121539792,-0.3000129751262168,-0.6499222791057684,-0.25117742350223204,-0.42256876872133964,-0.6015749109888352,-0.25311177671070845,-0.46710516251777795,-0.5204935447024672,-0.24190927713859606,-0.12719208286971156,-0.3619120957246533,-0.16710844027163269,-0.3362881900876803,-0.586090148043048,-0.2339763400605585,-0.43874591269574725,-0.5501006700165177,-0.23104187054929015,-0.47248175917101976,-0.48927443929390535,-0.2149692614316754,-0.17435960176468301,-0.31029468765938145,-0.15721400072971142,-0.31157517033311327,-0.47133022364222565,-0.21026702833455557,-0.38137672079253143,-0.5006849171821234,-0.22015494961120355,-0.411043956632224,-0.5011365325663608,-0.21524921515744036
0.0,0.0,0.0,-0.014177378054161681,-0.1639980071278777,-0.004408616273400032,-0.10177196075127184,-0.3153130348803196,-0.029281460375538276,-0.22985083137459034,-0.4015182298352409,-0.05065034370838951,-0.3349779078874262,-0.4414128082181408,-0.0743559378882109,-0.03180958825198952,-0.4521384628243399,-0.12179305905134769,-0.0924336043717432,-0.7304439390208812,-0.17939729779077637,-0.16492545223278607,-0.8538842018382613,-0.19624765650719334,-0.2288471520283306,-0.9291831568097175,-0.2011330827487074,-0.07032924533062745,-0.41106491901444175,-0.13593868257949024,-0.28190299799003443,-0.6357332687393202,-0.20421241744294327,-0.3986488499503282,-0.5874422726363169,-0.20761085263329282,-0.43933733022158616,-0.5118578464258006,-0.1985194714050343,-0.12958406597089095,-0.34885035510530016,-0.14404382124056958,-0.33333484976750954,-0.5622119904796715,-0.20226776823895615,-0.42732153130925304,-0.5250937715001405,-0.19687744941600438,-0.452962719389424,-0.46625261895145953,-0.1799371727768345,-0.19134192373488518,-0.28688723692442547,-0.14750323371805196,-0.33758270562405035,-0.44185844810967645,-0.1924524396024831,-0.4060841656449026,-0.46385153454954187,-0.19726725976200554,-0.4303124806789926,-0.4604502511681333,-0.18923570541923285
0.0,0.0,0.0,-0.020649374703166884,-0.1676822237911342,0.025750645090195055,-0.1072760309194094,-0.3077199266887468,0.012023566178105172,-0.23233352660178513,-0.38103327864458236,-0.00815331647317978,-0.33400281138201454,-0.41640045150909355,-0.03177972933259955,-0.02463276643029872,-0.46382968399484126,-0.07018926602857668,-0.06557977056321736,-0.743231266744643,-0.11764764929903475,-0.1331195756292306,-0.8731641181022536,-0.13088725177595803,-0.19544101098599642,-0.9567467259697571,-0.13548768047316062,-0.05846443760280104,-0.42472305442761,-0.10137352835067892,-0.2688157791837844,-0.6418328672726867,-0.15826253198845341,-0.38317408498672767,-0.5854063017750712,-0.15695255260192956,-0.4175099048290577,-0.509666938002894,-0.14666693184767315,-0.1173093512283244,-0.3626533793860326,-0.1271062947351838,-0.3271310911517081,-0.5685019167531241,-0.17835787139212916,-0.4201325933158524,-0.5194460223239106,-0.16758864014000058,-0.44046529915830546,-0.45649628769011463,-0.148771496458603,-0.18288137219778272,-0.2999753478205074,-0.14697265779187266,-0.33967503022246415,-0.45754994459835474,-0.18748400977474644,-0.4129590988684039,-0.46230984545077775,-0.18737757050616027,-0.4355748254865442,-0.4421533655101819,-0.17690862094082083
0.0,0.0,0.0,-0.017188253213792148,-0.1743475237647251,0.04836082041863876,-0.10203201002239008,-0.31218572183908144,0.043323913035372814,-0.22754585900719154,-0.38107617427698715,0.024880465616891705,-0.3299738369292381,-0.41410754369875036,0.0014953147092788034,-0.020147459524433985,-0.47356884881805467,-0.033149794322939664,-0.054642850475675034,-0.751344042419894,-0.07084748774511634,-0.11789781917553913,-0.8844263963003065,-0.08019766870946711,-0.17656844498138657,-0.9718678876207874,-0.08343321858034368,-0.05634303599607003,-0.43512017473032616,-0.07623267836021612,-0.2663494044415793,-0.6466687632442266,-0.12270046165544493,-0.3795381191113116,-0.5895969870930495,-0.11862315318748494,-0.4107763789590977,-0.5166272006546488,-0.10821127706720443,-0.11715958194621894,-0.37359188228148776,-0.11346929993176329,-0.32752977479507084,-0.5743052882018158,-0.15541897284181025,-0.4176841183400892,-0.522354035592161,-0.1408143589408491,-0.43285290506493007,-0.4613204983378001,-0.12187677485397735,-0.18466752981794177,-0.311142074910632,-0.14388919804218123,-0.3451427683806753,-0.46641874238811587,-0.17664698901319742,-0.4177064074346207,-0.4622537725554603,-0.17120332654250384,-0.4349359820045033,-0.43573674901137405,-0.1583605679637823
0.0,0.0,0.0,-0.020213473037142726,-0.17529879207083124,0.05532864449812348,-0.10374633291122756,-0.31207624667327905,0.053278899769114346,-0.22646956317354455,-0.37848841663113464,0.03529685977896996,-0.32735066858970596,-0.41151656153327665,0.01232243494132228,-0.017826506762794965,-0.48306917527964155,-0.020169919952434747,-0.04975168128392536,-0.7573028415109041,-0.05665772427266595,-0.1111002509098459,-0.8908793778903652,-0.06601107286066545,-0.1686582814846751,-0.9786713855180936,-0.06909952696128423,-0.05048552527700885,-0.44692855465739656,-0.06752041766305203,-0.2571350513839208,-0.6514628354876559,-0.11161555793373484,-0.3719541273767263,-0.592993397763174,-0.10611298670481928,-0.4036748401747161,-0.5184365818626138,-0.09478572927327655,-0.11041680917245522,-0.38539968009921877,-0.10943866529343757,-0.3200198212422216,-0.5857673982337358,-0.1516065478424599,-0.410957244504087,-0.5296056915844638,-0.1348681775112325,-0.42420995032356246,-0.46505472626416355,-0.11374641295303345,-0.18047380586057177,-0.32024949240053996,-0.14414381475086713,-0.34496853154617024,-0.4794148923224255,-0.17620657348116636,-0.41726873364028977,-0.469584878529472,-0.16743172960599162,-0.42966047722762934,-0.43623429101066225,-0.15162596402738146
0.0,0.0,0.0,0.00789588461953626,-0.19506235754160567,0.06417831375453034,-0.05337413923623602,-0.3487327034001812,0.06925191416520997,-0.15275364668876074,-0.44066699336921983,0.05869398509230422,-0.2465875318174342,-0.4822650196803661,0.042258268949488365,-0.004603147524881722,-0.48118104463792344,-0.02355631199607191,-0.037238922889289136,-0.7610076880121692,-0.06351074070868339,-0.09852275551604692,-0.896507242611503,-0.07338315420502117,-0.15514359949068385,-0.982710990240058,-0.07412410198051445,-0.04600529535536493,-0.4443613042665594,-0.07026166553063243,-0.2420779557416401,-0.6543211200750784,-0.11014130714531079,-0.3533703232343418,-0.6019214634004788,-0.09639221702443813,-0.38181622041716545,-0.5274048429588272,-0.07927693472480923,-0.11369282172440852,-0.3838687234310915,-0.11046238487309391,-0.3113077406020981,-0.5875069475293287,-0.14959536471336826,-0.39788873600797237,-0.5327101931204543,-0.12605152082981302,-0.4052585032538343,-0.4656146313129421,-0.09971381209889504,-0.1860566742961494,-0.3196163147386035,-0.14231415935230768,-0.3441833313666339,-0.4834308575333983,-0.1683498787318355,-0.4095403372882832,-0.46825729856274195,-0.15088526680334785,-0.41455919295952315,-0.4278103978946117,-0.12837527532473336
0.0,0.0,0.0,0.021772754216756212,-0.20332197879517278,0.06724459022102863,-0.028683505751621728,-0.36635765973879064,0.07504141401991136,-0.11708432747930059,-0.4724500364238955,0.06758390139891597,-0.2080903790352386,-0.5178921715205975,0.053825421634129955,0.003966697745122323,-0.4798583595533136,-0.025689564514189456,-0.03104466889914521,-0.7623842494927913,-0.0670199344631405,-0.09222169624403506,-0.8997055303763883,-0.07721998806346453,-0.14874098564803728,-0.9846561261949764,-0.07692976172220484,-0.04252711438174585,-0.44303380327475944,-0.07143462453208486,-0.23331674830726468,-0.6567986546900636,-0.10894115891711116,-0.34232024412670436,-0.6073421215457877,-0.09172118460815319,-0.3695660485541205,-0.5326248427859341,-0.0723574966659758,-0.11479378961617678,-0.38347300728375067,-0.11015814783583797,-0.3060537992342345,-0.5901492781854885,-0.14793122579776052,-0.389888486218126,-0.5355905285458566,-0.12194456665404327,-0.3945088836292709,-0.46696098058407826,-0.09380034523365163,-0.18953788252166864,-0.3199809878937633,-0.1399858254374733,-0.3437351232337134,-0.4875428712335135,-0.16314420828455242,-0.40604000752785313,-0.4689074843778944,-0.1416902610983443,-0.40837545227026284,-0.4239700931528223,-0.1162909356988132
0.0,0.0,0.0,0.028545188423752463,-0.2103589838210046,0.0716115812034081,-0.016629300963422484,-0.37912598690067245,0.08278137441499253,-0.10060473810801625,-0.48951298297780244,0.07811378434331621,-0.19101033000809148,-0.5339101229776348,0.0669158396165255,0.008749407261874355,-0.4838789997529139,-0.020745164787592592,-0.026904555216865276,-0.7670573352230095,-0.06260104539919435,-0.08861390913447278,-0.9036745115219376,-0.07333620586432776,-0.1464446611228744,-0.985923745966382,-0.07264990853724607,-0.04377047463275502,-0.44607510007805073,-0.06697638733456185,-0.2319981959675229,-0.6599825886420903,-0.10320777956888716,-0.33503285409105155,-0.6062665154567795,-0.08470524671822235,-0.3572993890145034,-0.5285861989881797,-0.0641700921594914,-0.12014249660765423,-0.3870325089973262,-0.10599603050300603,-0.3064978377908133,-0.5973028495081267,-0.1430616913089142,-0.3855464847285327,-0.5370439872832058,-0.11522151707301678,-0.3854032645945787,-0.46383005571191227,-0.08526895950165149,-0.19702091837228547,-0.32500700001838684,-0.13567846736575326,-0.3482803977934731,-0.4966136944306299,-0.1580566792546635,-0.4066196985557466,-0.47361860392868904,-0.13461462564943213,-0.4039263948974198,-0.4245895387131091,-0.10720846604839948
0.0,0.0,0.0,0.03719959634570133,-0.21516845162094433,0.06854935086837909,-0.0017611127674766799,-0.3870069693094157,0.07861208080482149,-0.08225652845933859,-0.49694789492303476,0.07356042036630892,-0.17160472244784925,-0.5403586673163969,0.06194671708958635,0.01606690583371461,-0.4784360871462219,-0.023676434731777614,-0.021122941232057366,-0.7694938915387024,-0.06441773547109007,-0.08333777399406309,-0.9061994310477945,-0.0740057921565094,-0.14086694235200511,-0.9870215877082689,-0.07278321508120075,-0.04248095595592494,-0.44133054767634716,-0.06743221509478009,-0.22251544771898724,-0.6596681106777462,-0.10296242672885078,-0.3181048849366681,-0.5996952621499786,-0.08464886704224867,-0.3346174462665982,-0.5226749747219062,-0.06495997715174859,-0.12209456051070701,-0.3852751605476048,-0.10376797866870703,-0.2978763516439684,-0.5994270239493915,-0.13783283409871389,-0.368512861078648,-0.5298333423206193,-0.1084203310349004,-0.3631010680197607,-0.4546128162517148,-0.07888927583516184,-0.2004028940304995,-0.32560858526088493,-0.13127216408381542,-0.3437390659490289,-0.4990657717946919,-0.15022581122446566,-0.39635081214562023,-0.46906534121717636,-0.1249061062101412,-0.39129206790809823,-0.41705723891063634,-0.09734601999978537
0.0,0.0,0.0,0.047120583277607264,-0.21327992734548462,0.06315676383754153,0.015407038978953794,-0.39034736507781687,0.0716438350742941,-0.0622675424142682,-0.5034938434676558,0.06738759793326038,-0.15132708034896428,-0.5484663038556352,0.05682599429572313,0.028270896722894515,-0.4727600569974506,-0.03348116771206822,-0.012937101602287017,-0.7679339488724795,-0.07538385711630316,-0.07512074943963148,-0.904941891129706,-0.08614709492437556,-0.13256490775523222,-0.9871758978219827,-0.08573175055837871,-0.03622926638241006,-0.43397903529623716,-0.07315429091464122,-0.21166547487793771,-0.6564783178865239,-0.10787026232550559,-0.2975476156189018,-0.5969845368665241,-0.08852485591969021,-0.30692242828479666,-0.5239440981099159,-0.06901897232784947,-0.12000983007694123,-0.37924709395989836,-0.10502569774920574,-0.2870117882215082,-0.5994143091205961,-0.13730678441340283,-0.3447533062400766,-0.5297847617354976,-0.10450325456964937,-0.33024026174149584,-0.45557040971037044,-0.07331815689526791,-0.20066802580816492,-0.3231729421665276,-0.1285109793119234,-0.33574463958346823,-0.5046345892773583,-0.14528508957059505,-0.37677089936518715,-0.4732154502153215,-0.11611489039015489,-0.363139393386966,-0.41974417114091334,-0.08616614262469492
0.0,0.0,0.0,0.05555175083310969,-0.21241025899746313,0.05528891373654589,0.027138489895840383,-0.39369169745019456,0.0595725037022061,-0.05398047034578575,-0.5077503232031095,0.053281469410992224,-0.14480636014956666,-0.5516522199464251,0.04098483872108965,0.03764567406116599,-0.4684091402649077,-0.04575516835034418,-0.00380473441207905,-0.7663778500399328,-0.08986985213787121,-0.06690350751794637,-0.9040510550494152,-0.101620177283343,-0.12488514287045374,-0.9866331510020011,-0.10179085756891211,-0.033655488743445344,-0.4284613281052545,-0.0810195623806165,-0.20974099690207493,-0.6485210602326276,-0.11632892179708634,-0.28669485494191865,-0.5840231798548383,-0.09528150644655474,-0.2871622785852641,-0.5113783319109819,-0.07523793526093855,-0.12119928791617308,-0.3733300075713595,-0.10859797505197108,-0.28428912201883527,-0.5903028890672183,-0.14023479324548827,-0.3335845926219144,-0.5185798550046787,-0.10458656766279859,-0.31212201293896236,-0.4445766719000819,-0.07219525158404491,-0.20277002946096023,-0.31726974278552333,-0.1285092209569763,-0.3314405180608346,-0.49722801164803077,-0.1429083584756045,-0.36684600454790883,-0.4652774735652768,-0.11111087126467198,-0.34969357122942213,-0.4118824580949272,-0.07999066512981585
0.0,0.0,0.0,0.060582825441914366,-0.20855109452991988,0.04729274585318434,0.036526437332268555,-0.3943298562439289,0.047058775848442855,-0.045521095793728004,-0.5125630461064299,0.03842953307998065,-0.13729601509219935,-0.5571649779831936,0.02384768273513958,0.045747512164174324,-0.46173935757309326,-0.05573233081019793,0.004089715722030124,-0.7623482972669656,-0.09928128401236547,-0.05775821529127942,-0.9022939607595795,-0.11007238754218704,-0.11468264198223678,-0.9870485617091473,-0.11005369806442822,-0.030640225639896084,-0.42065212872482594,-0.08710217625164376,-0.205202310156747,-0.6431028471503597,-0.12238423788034129,-0.2742011141463936,-0.5776784151652206,-0.10041995983361182,-0.2695596277390375,-0.505579929370306,-0.08007064717334773,-0.12071141850275333,-0.36518611525966566,-0.11077464633401787,-0.2783064099470778,-0.5801571000306356,-0.140965034615944,-0.32072424279342737,-0.5112339619046137,-0.10394612739970743,-0.2976113423639979,-0.43902618437945784,-0.07156627307394774,-0.20325054058381248,-0.3102587017041575,-0.127546111992731,-0.32507354201971583,-0.48368788105932875,-0.14024948210748858,-0.3545293435081066,-0.45157837563127756,-0.10746593560347609,-0.3377185688115887,-0.39914783050106406,-0.07635732002112675
0.0,0.0,0.0,0.06324812055620191,-0.20903281696872825,0.04162405417294721,0.040552884514626776,-0.3999419609627673,0.0375772124189175,-0.042305223600184155,-0.5172649782263408,0.026881023161013075,-0.13404098280680715,-0.5616053218772132,0.010643492306777472,0.05051867662764222,-0.4540450778636438,-0.06652397269872472,0.010538295783383837,-0.7575918475660182,-0.11168942092226733,-0.05123841482422427,-0.8994386216427578,-0.12233333349282316,-0.10721117366558372,-0.9864668815583966,-0.12226218353408541,-0.03127487143531784,-0.4070244957713631,-0.09626598621374338,-0.1999370660604352,-0.6378535228391939,-0.1344594325740511,-0.26094387459335344,-0.5713057277625752,-0.11140897174904954,-0.24945559810941892,-0.499816759807631,-0.09000029835844178,-0.12421937959892156,-0.35021845383486355,-0.11830507777796816,-0.2716417457982616,-0.57170008482857,-0.14965166345645697,-0.30607947689432685,-0.5055036276754614,-0.11022990651648715,-0.27828070545793937,-0.43585429308826146,-0.07616884995508652,-0.20733461643458415,-0.2976900027371045,-0.13393621834686814,-0.31980185088500157,-0.478055296871402,-0.146042858147164,-0.33991269927127943,-0.4486614835198185,-0.11136457592732316,-0.31768526061778535,-0.39756959170425077,-0.07939536626304217
0.0,0.0,0.0,0.0684125349039124,-0.20509726670999928,0.033202892432117284,0.04893112508607934,-0.39969508974410206,0.02399941952588168,-0.032323081377407616,-0.5185640863951615,0.010597624749534693,-0.12388102377415569,-0.5633548729739261,-0.008342568828794441,0.05825278177481642,-0.4473937371568943,-0.08093979403163994,0.018327515195270247,-0.7508463092627378,-0.12685039142051394,-0.040848062542512775,-0.894914133476379,-0.13756274075870648,-0.09579335102845231,-0.9854666913691662,-0.13811563285033568,-0.02834303171583579,-0.3964451597791985,-0.10756695408818448,-0.192894743564954,-0.6299767395034213,-0.14762305146210042,-0.24337414359497545,-0.563892196060914,-0.12456770194248784,-0.2272641714498106,-0.49230744149348077,-0.10333794415139391,-0.1239934244197628,-0.33728953925172933,-0.12625014244256788,-0.26523151722541327,-0.5607867193736965,-0.15813098013754184,-0.28895904833212516,-0.49862478677703426,-0.11735438823022491,-0.2577350474844554,-0.4307584118716008,-0.08277125426875019,-0.20804995925206368,-0.2842140533019294,-0.13907642633608822,-0.3119677414448306,-0.4689851678959053,-0.15118446355736742,-0.32089933371990276,-0.44076194149753933,-0.11495059594538122,-0.29431648772923474,-0.3889492807167697,-0.0823185750639577
0.0,0.0,0.0,0.07187442852767105,-0.20393496011642964,0.03005234467886024,0.05441016750836425,-0.4004222765112627,0.018930879115547906,-0.02690932008849365,-0.5200357001773316,0.004836529787562803,-0.11848665332707285,-0.5646809790567616,-0.01474561089013282,0.06250233288623425,-0.4442940238539421,-0.08682556662084234,0.022234535289065382,-0.7465842889517957,-0.13294968006566163,-0.03584758176944423,-0.8922980520560282,-0.14394941479696388,-0.08981966168918268,-0.9851465039196065,-0.14502981670937937,-0.027149453328982852,-0.3921530229801673,-0.11192257951407325,-0.18898926088410634,-0.6259154255451314,-0.15195302876895445,-0.23340808586708214,-0.5597040509271155,-0.1281570009654065,-0.21393023601455358,-0.4872898406068011,-0.1067704952176321,-0.12450936170085314,-0.3322283001295252,-0.128966834890948,-0.2622902191854434,-0.5559457712373285,-0.1601703193070851,-0.28024299030275807,-0.4956948648679709,-0.11840153309086224,-0.2465156591026439,-0.42822191697203354,-0.08372407065898133,-0.20909713346946465,-0.2786090531518163,-0.14039195672024157,-0.309053949604708,-0.462329928353186,-0.15180495579399866,-0.3114529958366119,-0.4342966779429748,-0.1147656875601134,-0.2815629839984666,-0.3822571149672622,-0.08204841770330426
0.0,0.0,0.0,0.073600918997211,-0.20273026265612548,0.026832044069979438,0.059188321894188226,-0.4012980968378759,0.012848670207466974,-0.016694471644546807,-0.5240741000845675,-0.0026644191142322833,-0.10476684805600447,-0.5751693795622734,-0.024106839128527086,0.06588983074935384,-0.43876452436715796,-0.09925229230386143,0.026437149456543543,-0.7405082427520977,-0.14715279757976713,-0.029157016051290775,-0.8883287506628763,-0.15874665986517578,-0.08191652053748968,-0.9833799991734997,-0.1604878690158163,-0.026578543857540944,-0.38360142103161843,-0.12389897223799,-0.18240682237744388,-0.6198529022306063,-0.1652037646772493,-0.21295489886947577,-0.551376538866837,-0.13950011398585058,-0.1872455433195929,-0.4760119723702934,-0.11704014319657847,-0.12419665015246245,-0.32036430771800717,-0.1401475289647693,-0.2565937601148085,-0.5478664659922038,-0.17180444114844767,-0.2631409220492905,-0.48901571480232764,-0.12761700769690426,-0.22624153082911608,-0.42116688139074,-0.09180211721950449,-0.20695792832687915,-0.2629116874906963,-0.15091170128169257,-0.30218169447721327,-0.45115057357911326,-0.16347917997022482,-0.2945028544187741,-0.4242605527078859,-0.12516695332536254,-0.26167803286565583,-0.37068897828625036,-0.09190933442098842
0.0,0.0,0.0,0.07327214009154424,-0.20252410573293878,0.024797331869330384,0.061160513783567884,-0.40369710915594337,0.009803720299753453,-0.012849727293390192,-0.5314114360752548,-0.0060633327263131245,-0.09891482185783049,-0.5865392219658787,-0.02838866490668874,0.06606954786249185,-0.4392158603019915,-0.10291322825244084,0.0297224035733615,-0.7378347910516881,-0.14924987526217232,-0.02372769066910612,-0.8867229486175092,-0.159796953652866,-0.07583532288563319,-0.9837883225495305,-0.16162471258502178,-0.028009292789799765,-0.3846660228308381,-0.12707122876382212,-0.17696324181966927,-0.6181330668503016,-0.16721714623408418,-0.19866293411212835,-0.5472587015563182,-0.14022146435357877,-0.16997270658746433,-0.4700042134192018,-0.11737801715131564,-0.12522653171850046,-0.3196782133130558,-0.1426413524298819,-0.252007534136598,-0.5414181991838338,-0.17231055728454764,-0.25020666993777485,-0.4821053590338694,-0.12625030946594265,-0.21151364347061424,-0.41479086703024176,-0.09035685712313452,-0.20733435762150249,-0.2576443101306684,-0.15311192159532216,-0.29644460751462604,-0.4446502214398728,-0.16483382822204282,-0.2826638293632842,-0.41472312747411444,-0.12523778216988518,-0.24887512386933053,-0.358526311521125,-0.09178278904550763
0.0,0.0,0.0,0.07377085837618384,-0.20202090194652572,0.02334854977712754,0.06323586795109244,-0.4051492011107376,0.007862962168587333,-0.006386020206690147,-0.5407596792766949,-0.007327024681401362,-0.08983551157832007,-0.6021837896071494,-0.02908671163911904,0.06825635045928372,-0.437156419430429,-0.10730129973491798,0.03359327834693718,-0.7339244894741238,-0.1508895111932951,-0.017464195980473687,-0.8845254994007018,-0.1599214405126711,-0.0687779700768076,-0.9843237125166759,-0.16181098847050052,-0.026338013203571833,-0.3816441010932665,-0.130839175844073,-0.16842601729682488,-0.6172171741339972,-0.16774308763396675,-0.18000917702492297,-0.5473787815165871,-0.13880677493893642,-0.1480635030049639,-0.470417141873559,-0.11586737163017619,-0.12351575753730551,-0.3154816104173046,-0.14541279679872224,-0.2451564789691604,-0.5367250657446259,-0.16999929335686859,-0.23414859304763266,-0.48161653906711094,-0.12135565211916219,-0.19321730884183486,-0.41692125845507044,-0.08598929150965856,-0.20556512900716573,-0.2502476678921657,-0.1554097642335875,-0.28918629674947405,-0.4399865102946503,-0.16447163822708938,-0.268340310098534,-0.413222602049676,-0.12376170196108291,-0.23309105289217716,-0.3581779940874996,-0.09088734005394489
0.0,0.0,0.0,0.07374899238391333,-0.19980273723930786,0.023783211796265386,0.06362335806645325,-0.401191009007149,0.007404585003838334,-0.0020874184031137687,-0.5350677307714864,-0.008349302494786902,-0.08518153496871167,-0.5958632043028458,-0.031009591202374245,0.0700176119626532,-0.4345925007464587,-0.11316080820243071,0.034911448570779074,-0.7335062384060866,-0.15640769175486946,-0.014419832028416218,-0.8843198255844689,-0.16484736221711027,-0.0643914840866463,-0.9838951982399575,-0.16633482429494179,-0.024708376412680304,-0.37831302702966974,-0.13700366280662274,-0.16366019095875145,-0.6146738149334522,-0.173116202522681,-0.17251742095820238,-0.545977737709983,-0.14312429540037608,-0.1402842710997142,-0.4691911913536304,-0.12002499918219614,-0.12229458326129918,-0.311853479995,-0.15140945343022472,-0.24198076771039015,-0.534529780430383,-0.17440026275574796,-0.22758532757596428,-0.4809678649353447,-0.12527858386819746,-0.18590392402829917,-0.4170779089009288,-0.09050802809212471,-0.20437459039865025,-0.2462048076268158,-0.1610953190127935,-0.2857335166472781,-0.4383807974480064,-0.1692287631244614,-0.26191608387912396,-0.41116760002946784,-0.1277557656867387,-0.2261050105051492,-0.3549618621133563,-0.09483346217381905
0.0,0.0,0.0,0.07610876368945615,-0.1994719299541496,0.02517120338236475,0.06796211921904893,-0.3992810305782628,0.010963531842409682,0.003866736742916035,-0.5320628792791788,-0.0023443501111020983,-0.07965926397594673,-0.5913183651264659,-0.022425968042752976,0.07138138239264138,-0.43476681443335896,-0.11137229371815087,0.039257674190173786,-0.7322055292089866,-0.1533391586168401,-0.007640576616154126,-0.8841056526738132,-0.16196941881266402,-0.055296308100535846,-0.9848716582022177,-0.16374182387803082,-0.024727702138586737,-0.38105458829375327,-0.13446651115767536,-0.15692620908601498,-0.6142972576025194,-0.16646781294563326,-0.1632993739484449,-0.5464066489414212,-0.13522330796792803,-0.13185711523951074,-0.47031650370278544,-0.11236575210227313,-0.12283939426309494,-0.3165168756751604,-0.14809066757014533,-0.23551030137830448,-0.5362091189571836,-0.16669137879134488,-0.21804066823928434,-0.4830298101632341,-0.1175667102422924,-0.17681810988687197,-0.4192648473118036,-0.08414854367091382,-0.20431345259455863,-0.250981607663869,-0.15705789768218098,-0.28019738958913215,-0.4406649053367273,-0.161558254357398,-0.2544808821711349,-0.4139538135247637,-0.11941529643478088,-0.21991592926921427,-0.3573299457672065,-0.08684398515971767
0.0,0.0,0.0,0.07836210605006541,-0.2018931648551523,0.025872949519492684,0.07031010991545966,-0.40052019911524395,0.013321656109878607,0.006657560217830686,-0.5277929727167161,0.0007327510726596708,-0.07643019951460764,-0.5815417652634085,-0.01869833282777889,0.07270407572177295,-0.4374800340284566,-0.10263839410877634,0.04186254188768966,-0.7325542152737823,-0.14040989821994093,-0.003150268771964193,-0.8851831874807143,-0.14750376522282305,-0.049335014848631085,-0.9874214194791309,-0.1490940135249531,-0.025612321441873892,-0.3845378924358899,-0.12638655901405765,-0.14948794595485637,-0.6148429794565996,-0.15601693498984254,-0.15158476539142873,-0.5453808676623086,-0.12688330247691457,-0.12026363259225517,-0.46881452023829895,-0.10555866630124755,-0.1237444433815062,-0.3206847838846733,-0.14066346683568998,-0.22903923108835644,-0.5360562696000748,-0.1546170974463016,-0.20836850826163517,-0.48202565571973033,-0.1063042322453987,-0.16808169674635154,-0.4187490533711814,-0.07465217433162522,-0.2047365556587664,-0.2548039970967424,-0.15084617294250383,-0.2751892481049123,-0.44119000879996983,-0.15144642528640953,-0.24704118090529664,-0.41437358109024836,-0.10911706426488312,-0.2131425893699218,-0.3582213773257199,-0.0771641716255371
0.0,0.0,0.0,0.08075754154602618,-0.20251271987698455,0.027867669516609662,0.07173660861585662,-0.39862276155184084,0.017718061986594053,0.008613373417495029,-0.5213078112386238,0.0072532878785700255,-0.07416990639604126,-0.5705060454409447,-0.01033651462851408,0.07337811914167719,-0.4368868701586148,-0.09779740495711739,0.044555859936904876,-0.7281075325541815,-0.13404443388193485,0.001755591534403702,-0.882368010082187,-0.1429928266231281,-0.04419671836101598,-0.9880677785918764,-0.14686366041805815,-0.026673529959003604,-0.38628996277606253,-0.12137935412226776,-0.14294145748069997,-0.6148382484980359,-0.1474482487584161,-0.14060490244613616,-0.5457313706966023,-0.12014696245175975,-0.11013667317674192,-0.46892045015606165,-0.10151715100912093,-0.12559788756000959,-0.3243874522258381,-0.13530480978831083,-0.22346765809196228,-0.5376887229834835,-0.1444823152325761,-0.2004750304133423,-0.4833038664721415,-0.09723931112162224,-0.16166527276226542,-0.41900721025346893,-0.06811214974859031,-0.20678403121504293,-0.25939190884553887,-0.14522588564388972,-0.2721772082422975,-0.4442799885442784,-0.1425914096877128,-0.24269992323151698,-0.4162693538696901,-0.10049047493227765,-0.21058348807673288,-0.35975663993885176,-0.0697308561624291
0.0,0.0,0.0,0.08223182171236476,-0.20303749120123638,0.028598600456812368,0.07292262275093037,-0.3974592311273015,0.01946767077798326,0.011208813372931687,-0.5155003622053622,0.00989928913757115,-0.07200584713528042,-0.561364192581559,-0.006894634771097488,0.0746781300318674,-0.436682794254581,-0.09473626971349253,0.048389077776591724,-0.7263268844005819,-0.1292974599173437,0.006922556284121404,-0.8818682412130137,-0.13895888462447703,-0.04052774655185955,-0.9886735180853098,-0.1440858839655505,-0.026523432858668483,-0.3880730597598593,-0.11821718136495381,-0.1410629183063368,-0.6150567203520984,-0.14287207728251516,-0.13631017345587287,-0.5455763236958904,-0.11721546384797857,-0.10571889051908076,-0.4682641928895618,-0.10008670029723374,-0.12615556468205857,-0.32687299586877616,-0.13180118001441032,-0.2214120151680512,-0.5373930837585739,-0.1385896477694502,-0.1975058951909866,-0.4833481626029924,-0.09206715079277594,-0.15987987783735647,-0.4194810985877535,-0.06427823275291372,-0.20749506949702842,-0.2621447020139971,-0.14139667681448403,-0.2701751023906923,-0.44286719369111566,-0.13720007084338995,-0.24047095649030314,-0.41322432864683833,-0.09510503205834377,-0.20932873118447648,-0.35732140734644946,-0.06472682486922329
0.0,0.0,0.0,0.08286689429342534,-0.20015322375418304,0.026809041667970282,0.0752165826585772,-0.3956991398721045,0.016766508060892946,0.013868544227607627,-0.5173152048429983,0.006371173736941478,-0.06877523956066289,-0.5660337141782159,-0.011173165546019437,0.07655456362905258,-0.43530563526442057,-0.09519860255455728,0.04743538097693122,-0.7258627770785381,-0.12912836289756938,0.0067319433519305565,-0.881377998183225,-0.1374491663410895,-0.03908261172507133,-0.9891353173135562,-0.14147090332559686,-0.02518458583496473,-0.38660129463405113,-0.11853792620840878,-0.13605729687970758,-0.61573977234133,-0.14398966226123103,-0.13134301138306181,-0.5460375527668092,-0.11847871442113765,-0.10128111466806265,-0.46792572386511033,-0.1008251365384343,-0.12461946908014825,-0.32597180645089086,-0.13210290680268547,-0.2161752154307326,-0.5365154939333598,-0.13979964844149884,-0.1928646220030743,-0.4829833242732512,-0.0936538802027416,-0.15661413693687615,-0.4194823391250886,-0.06563492971610896,-0.20599039471332276,-0.2627737045664642,-0.14184603975272683,-0.2648656255320102,-0.4436812261689352,-0.13758092976668707,-0.23473033918484432,-0.4135830190239153,-0.09539811629626896,-0.20470632495771218,-0.35739608381433785,-0.06490268352568426
0.0,0.0,0.0,0.08513644316487073,-0.19441894714862692,0.024390689338736195,0.08065230509810514,-0.38997718733961373,0.012756202481211591,0.01863751322889559,-0.5147844390233923,0.0007814583270807575,-0.06434579676045096,-0.5662889034014407,-0.018220318867429884,0.07864084547087746,-0.43232631132434307,-0.09632755790230493,0.047334921495868466,-0.7267641020159434,-0.13094859836065054,0.0068931366771594685,-0.8822874301466048,-0.1384970583945046,-0.03702775845883933,-0.9892603674241077,-0.141257418935693,-0.024268565628649777,-0.3844141016169744,-0.11869808188703668,-0.12990869743239594,-0.6139856817675009,-0.14629281086462273,-0.12625044543784275,-0.5442636701257523,-0.12139812600656039,-0.09734890298607116,-0.465629704904409,-0.103296396571526,-0.12380164775372206,-0.32607122319423265,-0.1315835103679471,-0.21234629485576345,-0.5364450979141026,-0.14124242433224118,-0.19025794560305614,-0.48068542151670623,-0.09586429808123656,-0.1550286903396498,-0.4166273041352756,-0.06763692336078175,-0.2054514186726998,-0.26625746771267395,-0.14076040961785136,-0.262469574278245,-0.445563808061591,-0.13701968191096556,-0.232976392353774,-0.4125063202823446,-0.09520684555908522,-0.2037164659772355,-0.35608527606833745,-0.06471372406238249
0.0,0.0,0.0,0.08543104254453948,-0.19366936657887462,0.0215537746690977,0.08101381557326603,-0.3894997342532822,0.008927465749469973,0.01967051783128765,-0.5145565885066533,-0.0038349198771795955,-0.06270878278492151,-0.5674010232913884,-0.023346192244043364,0.07855346697160497,-0.43221773401501384,-0.09619781554139228,0.047157661978446556,-0.7264385940531917,-0.1305644759501717,0.008666253005498815,-0.881915428140203,-0.13795350280447127,-0.0335182448314194,-0.9894654791511608,-0.14072078748364913,-0.02421367146914461,-0.38460147744229406,-0.11823593808426784,-0.12676598369728118,-0.6149476974491356,-0.14762832134761383,-0.12171780912099801,-0.5458382252034235,-0.12434745262308758,-0.09300288565681286,-0.4671405838873237,-0.10698388174241555,-0.12366674524339426,-0.3268259301656403,-0.13115897671086005,-0.20926521792362138,-0.5407976139354891,-0.14324454415745785,-0.18597870585944454,-0.4847214446863608,-0.09898219198296082,-0.15124635486549576,-0.41981937858074825,-0.070960347157742,-0.2049731774042776,-0.26776794334902,-0.14063416109903665,-0.2597798510242798,-0.4506672815598415,-0.1392184379485271,-0.2290700658611925,-0.4163119060904388,-0.09833871084942478,-0.20038831621360925,-0.3576942499488325,-0.06823017300527995
0.0,0.0,0.0,0.08626151618930873,-0.1926846282612961,0.02028276112899783,0.08250259663037462,-0.39022143542761967,0.007779712781909364,0.020401031748744608,-0.5139144582152451,-0.004931307636270756,-0.06312245867901559,-0.565171187198719,-0.02442176135566026,0.0807029411374164,-0.4327695225458981,-0.0954350663716188,0.048966358388581904,-0.7277930922613607,-0.1297247340640183,0.009705379808460826,-0.8824020448280148,-0.1370159665993611,-0.03261290164338572,-0.9896497135540541,-0.1396846070600506,-0.022165498016939022,-0.3848690467557614,-0.11745356406940143,-0.12397432451550265,-0.6122230861832605,-0.14772468158014557,-0.11973492822589918,-0.541034732747893,-0.1253680895756938,-0.09104664800224979,-0.4624073606749486,-0.10846094671164638,-0.12195110732126051,-0.32702442285593347,-0.1305723457185536,-0.20720194327560126,-0.5397950616173915,-0.1440553956897519,-0.18474168639778357,-0.479722379941138,-0.10021304369682515,-0.15045456534436258,-0.41422171419321574,-0.07220551226730947,-0.2040841744594401,-0.2675125472262559,-0.14035638898034586,-0.2581513095546307,-0.44998250930531125,-0.14005667838056357,-0.22754365334764637,-0.4119723291663144,-0.09904242313712021,-0.19923675846656855,-0.3515326383467764,-0.0686743690333322
0.0,0.0,0.0,0.08806751434290663,-0.19238478987931365,0.024676072512484496,0.08729111343626259,-0.38944238311087404,0.014779877218414554,0.02758263253607897,-0.5147413914151098,0.0035389763904997715,-0.054930570656590724,-0.5657024641295845,-0.014939291365534022,0.0809036061514137,-0.4370021414111508,-0.08703308553064348,0.04928412500331951,-0.7294697521791498,-0.11809613452503004,0.010977162603801948,-0.8840568555701084,-0.1247527625258204,-0.030913513520156474,-0.9912656071226679,-0.12757630664413686,-0.022500417345435925,-0.3917052301727611,-0.10982076194444923,-0.11988447672242736,-0.6138994281353902,-0.13582258498820676,-0.11417555930320189,-0.5426841324116605,-0.11367164049910816,-0.08699253142513858,-0.46388478592179716,-0.09778957030529889,-0.12164863016100436,-0.3334329019205967,-0.12334677808113712,-0.20366376477391257,-0.5407070989682776,-0.1323977108817562,-0.18040702568673245,-0.48126769539981296,-0.08894018663308687,-0.1472485183968554,-0.41543692550044203,-0.062456490851943255,-0.20349140424480894,-0.27185837120120615,-0.13325717103995166,-0.255994456011034,-0.4495491170090018,-0.1296790686249521,-0.2251385245057973,-0.4117963335422804,-0.08832246359903104,-0.1974284398537957,-0.35174368442802295,-0.05835749043068634
0.0,0.0,0.0,0.08874170047610525,-0.1930425791425157,0.025787178412811286,0.08737645288793622,-0.39066087436386443,0.01769970682315366,0.023722049064657788,-0.511231973472428,0.007970468977565131,-0.06109042319718938,-0.5547120969716259,-0.009340977245965327,0.07941867170962358,-0.44106885988765104,-0.08163597532442715,0.04853590139685392,-0.7284076910399875,-0.1099636762054053,0.011184411284451705,-0.8831905104743722,-0.1160730725417165,-0.02928710541832331,-0.9923378012582829,-0.11940170130154323,-0.02397944449851542,-0.3990164458182429,-0.10367699373288145,-0.12021721196058138,-0.610296059819688,-0.1265759844836559,-0.11405965288356361,-0.5372371213131177,-0.10485152745912019,-0.08661743017660387,-0.4590098259154055,-0.08994170531006257,-0.12260760370597784,-0.3410404839885892,-0.11634244299185145,-0.204162508043614,-0.5370199669924872,-0.12238489755709775,-0.18033831373492776,-0.4766925908463591,-0.08022899589303181,-0.14679254015074605,-0.41194965139584605,-0.05556664826942122,-0.2044980558989291,-0.278075077327121,-0.12534251459495147,-0.25549961686864264,-0.4470693912453583,-0.11996918365441331,-0.22467762222112975,-0.4085194184396955,-0.0795255939976307,-0.19683208885370462,-0.34965841597265823,-0.05063437307708972
0.0,0.0,0.0,0.08936678669650264,-0.18918850518460129,0.022523527520568,0.09002734844384874,-0.38710298866443205,0.012876995415201643,0.02669156704145083,-0.5094718206307965,0.001746716890340764,-0.05780702320213678,-0.554151825182691,-0.016733934253230606,0.08265003660528969,-0.43855837706121786,-0.08256778077025198,0.050348646091374155,-0.7275404493013536,-0.11138330707764905,0.012923924882295334,-0.882705958017223,-0.11728301801902186,-0.02720428547022572,-0.9923201822295975,-0.12033197927897736,-0.020715693254822892,-0.396865333500825,-0.10386602312723493,-0.11681956578482997,-0.6087025679537168,-0.12914628383977475,-0.11125520372052333,-0.5353961870936235,-0.10848843947501358,-0.08382832539877323,-0.4571733638081223,-0.09346736229765748,-0.11963125938409594,-0.33942135853143135,-0.11609516221269561,-0.2007692493766849,-0.5358055245367666,-0.12503722823099694,-0.1781471505254586,-0.4748216920076994,-0.08346251552400721,-0.14538789837815264,-0.41012668099753735,-0.05824242080382863,-0.2025417734018999,-0.2777386177331654,-0.12490019832906579,-0.2520140703772968,-0.44566611731188044,-0.12177905039606443,-0.22210158403047167,-0.405829783296922,-0.08199298422173845,-0.19499737822839674,-0.34645565458008565,-0.05304364834346336
0.0,0.0,0.0,0.09288223904122614,-0.19022952489744355,0.021229721530984763,0.0932771937485784,-0.3896692207506559,0.011523526219109907,0.025608674542907894,-0.5098601511781631,0.000676321536706556,-0.06094378298844904,-0.5512079151985261,-0.01727567788772627,0.08181047210751514,-0.44085711186397686,-0.08133371843968033,0.0508542279559724,-0.7298750081591374,-0.1102324853320168,0.012994263694948615,-0.8837345700627162,-0.11678898619865136,-0.027982308640630546,-0.9923108973592772,-0.12039545328879997,-0.023326292567203526,-0.399055291762912,-0.10129015550779355,-0.11524124309444783,-0.6073539910036834,-0.1256987805102726,-0.1085681377968328,-0.5332868047510724,-0.10549216574767095,-0.08157581829450555,-0.45501855949420433,-0.09122492753156661,-0.12234339032800226,-0.34161946441176805,-0.11249649292543414,-0.19964712285407776,-0.5345704282601749,-0.11964698650647085,-0.17515518004634145,-0.473567349683419,-0.07851937770240726,-0.14230593513492773,-0.40915077463105487,-0.05420338169964689,-0.2048850796905859,-0.27978407441764197,-0.12054169221260208,-0.2516617046178491,-0.4445611961199857,-0.11574884130225352,-0.22033395159210617,-0.405250702109902,-0.07646444216803372,-0.1924329214674791,-0.34820825345755296,-0.04826994494383196
0.0,0.0,0.0,0.09305701408354067,-0.19018433644546018,0.02043412526202002,0.09394653153915468,-0.3895139812158698,0.010897013557646211,0.02489860844747439,-0.5077497938004356,-9.794304361173008e-05,-0.06187231018483638,-0.5460228114338708,-0.018086530533254083,0.08233675464384463,-0.443343101851269,-0.07859126498656333,0.05150548163929081,-0.7324228921132764,-0.1068336932910211,0.012541152338820909,-0.8856339996376215,-0.11264757896324042,-0.029327691400225078,-0.9928267050487607,-0.1157175764921295,-0.0226417242114318,-0.4008550605644533,-0.09868752363016536,-0.1158626676620544,-0.6054577263408898,-0.12396555706930694,-0.10974366180903876,-0.5298997327755769,-0.10463787583895963,-0.08233719060729008,-0.45152430991321546,-0.09038445898489353,-0.12122220759288076,-0.3420267446989692,-0.11026884915050694,-0.19974889923876915,-0.5322566190245954,-0.11851692035991737,-0.17598207876629385,-0.47047315687947666,-0.07796646870558926,-0.14319941184631627,-0.40687727753129765,-0.05352177168508222,-0.2036877013571709,-0.27819750372780416,-0.11878954530330901,-0.2514454761006404,-0.4397727990534629,-0.11450232870620447,-0.2207029436473456,-0.40018386525692673,-0.07529729155138806,-0.19263175648916248,-0.3436454004578135,-0.046846316947989755
0.0,0.0,0.0,0.09262312422270243,-0.1956585789414561,0.022606415972515573,0.09060770428871537,-0.3961013270302589,0.014004914434280228,0.019057715015290133,-0.5107142837402525,0.003789541842724923,-0.06832261470508956,-0.5477636411228779,-0.013598317368252105,0.0787917977944299,-0.4458763258687721,-0.07818327435160446,0.04916146709180652,-0.7333144016314213,-0.10649175368369403,0.009457040482725403,-0.8862587509197002,-0.11271683399421523,-0.03268741154764432,-0.9926792613560591,-0.11612798084050195,-0.02669559246544776,-0.4031349769653454,-0.09865863649666363,-0.12098461007285324,-0.6059599616443837,-0.12180590619827694,-0.11394261207143819,-0.5315863463750607,-0.10156565400740664,-0.08572105691471223,-0.45428022134918733,-0.08762665202613071,-0.12526137054449488,-0.3429107934339875,-0.11041002242257691,-0.20491341955215908,-0.5314614431581828,-0.11644624929763295,-0.178800281717291,-0.469672012201114,-0.07550836457818494,-0.14401349063910707,-0.40655882616640737,-0.0516486871012481,-0.20736278033526118,-0.2766178100751469,-0.11891958131808103,-0.25623604782438447,-0.4382619742852711,-0.11328649562282112,-0.2237046503549231,-0.40001290197228084,-0.07390341743035758,-0.1938747467344864,-0.3444400608992615,-0.04572957044647551
0.0,0.0,0.0,0.08888655253038945,-0.19634558024557433,0.021953887913035666,0.08454473015454249,-0.3984079798583735,0.012901492336975535,0.011626975541771997,-0.514745312642132,0.002394198129276175,-0.07522773560472605,-0.5531000077015673,-0.015455744163426655,0.07604608729057259,-0.44958161361209137,-0.08115088638007409,0.044794306718841354,-0.7355638261258515,-0.11135944534996453,0.002900132036840658,-0.8868914576310476,-0.11825800103107599,-0.04088949043689178,-0.9916433075626649,-0.12187442937685897,-0.02816603247551412,-0.4032920241200325,-0.10205962659074456,-0.13248203669502523,-0.6035688895076438,-0.1271449089917912,-0.1268164017527063,-0.5292169266709073,-0.10657351932870833,-0.09740357701577963,-0.4536596781185738,-0.09229320708432415,-0.12666795237547784,-0.34016141057117233,-0.11437585571764064,-0.21437213214125228,-0.5272719187906103,-0.1233169396153606,-0.18861025177615798,-0.4654311345106164,-0.08216098946740918,-0.15214870941738595,-0.40371964728806464,-0.05740822964134483,-0.20886948406075945,-0.27170930778714303,-0.12339714746419385,-0.2641767338205027,-0.4354314217010362,-0.1204060197941854,-0.23250978262848815,-0.39741759205881,-0.08123216872219716,-0.20115142916572387,-0.34245977796437144,-0.052680726698525734
0.0,0.0,0.0,0.08311388112514513,-0.19398645498993392,0.019253657243108128,0.07199171944780285,-0.3953796005644553,0.007146971071633475,-0.00944162273277162,-0.5133985478988958,-0.005201789327999386,-0.10010411410658396,-0.5528793467512436,-0.024243674204288638,0.07120237818717176,-0.44400629923679447,-0.09185711490602355,0.03403568129747614,-0.7345445976632515,-0.1298257351503806,-0.013520681046778615,-0.8836252972287866,-0.14026623294583876,-0.059560243243874364,-0.987177190972676,-0.1448402175287865,-0.027875072555024583,-0.39481991316666065,-0.1115722469089435,-0.1561272335007023,-0.5997493411612149,-0.1425460410627556,-0.16852142155805713,-0.5249581642005594,-0.12124547413486894,-0.14068434025681215,-0.4536233041656291,-0.10554731089339564,-0.12603777121138932,-0.33315018931640583,-0.12304617896596401,-0.23300737607953428,-0.5246750912554656,-0.1403512904342645,-0.22104899091075228,-0.45954836705393615,-0.09854569436852581,-0.18219739082917036,-0.39928223970498133,-0.07059569879821281,-0.2091227062104612,-0.27035604433696775,-0.13089660715019721,-0.27919987060053264,-0.432906791753214,-0.13340508947506746,-0.2580916189054682,-0.39246664242745477,-0.09470997179950288,-0.22467047092226786,-0.3381361316720883,-0.06484400916596955
0.0,0.0,0.0,0.07707373210417809,-0.19382981153224801,0.018382241168349772,0.06207696611678097,-0.39390823502854466,0.00342273389230123,-0.02198435388619731,-0.5148561138194637,-0.011890990813733333,-0.1144127065002617,-0.5561789202191172,-0.03383423369751515,0.06591934977129638,-0.4410722946313512,-0.09533890722189073,0.026806193957721196,-0.7331927237356466,-0.13720706702453744,-0.02294597879163117,-0.8822655767955521,-0.1491424981845505,-0.06987336909476534,-0.9852409314932784,-0.15409331126069045,-0.029833890840632045,-0.39122973191991506,-0.11554263814383076,-0.16854074996050833,-0.5973465171957227,-0.1509754547543885,-0.18668556810595724,-0.5227511324842447,-0.12940171724360897,-0.1583794931682298,-0.4524246893170498,-0.11261009166923945,-0.12732880292093807,-0.32972526953773346,-0.12777039195125692,-0.24318550610307288,-0.522258156232354,-0.1501740117569592,-0.2353050255408135,-0.45699296029129094,-0.10725159143529328,-0.195347575559925,-0.396619615289017,-0.07704369726493954,-0.211110253672951,-0.26887794890471595,-0.13625584734653834,-0.28843056677625245,-0.4286641831544314,-0.1424530472404912,-0.27028062471218917,-0.3869123722307528,-0.10393520696472552,-0.2360627974275451,-0.33344668304809005,-0.0732444401292592
0.0,0.0,0.0,0.07140547323055504,-0.19653262220557366,0.01935989921927335,0.0512632060658363,-0.3923557886768052,0.004892140565329688,-0.031607350028513274,-0.5130776157417394,-0.01070413045821808,-0.12145564621249488,-0.5587100314256517,-0.03261371367161814,0.055975789652019534,-0.44356693284124443,-0.09498870313939616,0.017047913364213702,-0.7340405449871543,-0.14094214773703856,-0.03443037042292767,-0.8825764345910952,-0.15504277005876965,-0.08219628915965646,-0.9833888169882631,-0.160190838779076,-0.034178903003719535,-0.3925502634457889,-0.11666428587130866,-0.1882049596894952,-0.6023878253723205,-0.1571382866024274,-0.22690737046899356,-0.5363314715736821,-0.13833466261561703,-0.20828490476609898,-0.4682626417872006,-0.12150508658741502,-0.12973924246949517,-0.3287665220635696,-0.13065757248173582,-0.26158332769493586,-0.5278181788641134,-0.16146179864524807,-0.2738157980700071,-0.46807805168673505,-0.12287625580753239,-0.2404949100084603,-0.40744655458668966,-0.09205244504636581,-0.21130811796370558,-0.2658073869198861,-0.14024644798594837,-0.3045825253455667,-0.42583930514696433,-0.1524363104508149,-0.3028086383164239,-0.39171278490571904,-0.11704705998981563,-0.27305017645275476,-0.3413100586956116,-0.08627282272093809
0.0,0.0,0.0,0.06188507911064674,-0.20419640821299273,0.028754590623257408,0.03248790913241411,-0.3910860871648188,0.020240512626190945,-0.0532456943998658,-0.5048426745679221,0.007708918278601486,-0.14334458935261235,-0.5465455267894544,-0.01101876402830912,0.03520680659114096,-0.4531031871542116,-0.07787960792655439,-0.0019469658401206399,-0.7409911263041362,-0.12236507304209493,-0.057192957249210793,-0.8874180959689812,-0.13573161334963882,-0.10889234726524642,-0.9834715032418261,-0.1397547452637512,-0.0477557438247808,-0.4037915811527928,-0.10271360415774478,-0.21717352872924156,-0.6069739483207169,-0.14376092962655732,-0.27217847089914715,-0.542477357066179,-0.1263455720592923,-0.26204689868686454,-0.47160582514003235,-0.10877826295689225,-0.13849933786973045,-0.33730805015278553,-0.11993738109373253,-0.288680442005237,-0.530914629340087,-0.1538271176620991,-0.31680930323406753,-0.47014735479984704,-0.11967197502155674,-0.2897187236009323,-0.4064784755807508,-0.08936917944016409,-0.21519404720090335,-0.27024431983025343,-0.13164606444373392,-0.3236469367074266,-0.42393382908259447,-0.14658018104518933,-0.3395556240023048,-0.3938736552912939,-0.11524120808037772,-0.31854952621466986,-0.34724423721289843,-0.08559978373937864
0.0,0.0,0.0,0.044674163083953715,-0.2082264224666992,0.042929444940000186,0.002972729227106367,-0.3843699154480142,0.041909915258332854,-0.08506594189437247,-0.4920050055749895,0.03177697440728955,-0.17395433170962377,-0.5339120993165327,0.014847712715123747,0.008547667938612164,-0.4665329741213744,-0.051308941109205225,-0.024830153729717863,-0.7463252884646518,-0.09157895849890715,-0.0819626931758471,-0.8905621247574576,-0.10317529305565755,-0.13669470127369202,-0.9835522809343888,-0.10664258982045438,-0.060067026053734,-0.4224598774772518,-0.08392227812122752,-0.24341499298315147,-0.6125087761132243,-0.12201889188279036,-0.31565207890634417,-0.5465113748676418,-0.10643687329378157,-0.3169824860349023,-0.47376021188023565,-0.09037137007262369,-0.14250966450309255,-0.3556750097961583,-0.10932016313707388,-0.31480054670575275,-0.5457096134658124,-0.1435444824701809,-0.3619674833843961,-0.47999214783064975,-0.11340916530398332,-0.34381487007276923,-0.41142987582171286,-0.08546895083159745,-0.21645446262611362,-0.2846817073246334,-0.1282150011962629,-0.34855948887149174,-0.43493472553813245,-0.14781825091576334,-0.38265863282536916,-0.404499244921594,-0.12221605638589468,-0.3688952964297291,-0.3564777992219902,-0.09566812747869247
0.0,0.0,0.0,0.03605015929838554,-0.21094024957766222,0.04843665698180377,-0.010848286329095822,-0.3838380262992177,0.050307062492683796,-0.09948735534174986,-0.48707019716407174,0.04078606726024296,-0.1891408672705795,-0.5254526049605648,0.02411572055020566,-0.0013778505193754271,-0.47163371744157934,-0.04063642595018961,-0.03662323143558831,-0.7499488678121535,-0.07846123905077707,-0.09555855938797077,-0.8913820697068344,-0.0882225286739994,-0.15284323853299045,-0.9831367995963304,-0.0910724218976861,-0.062422200781607325,-0.43017717928489796,-0.07735215048238256,-0.2522697993487603,-0.6161305215372612,-0.11491733008918055,-0.329363544134268,-0.54560562181078,-0.10044233373118454,-0.33336992512492436,-0.4719437112091082,-0.08534830591385674,-0.14016638732012263,-0.36408836111937287,-0.1069930620129006,-0.32249602709839453,-0.5564818112350711,-0.14338205860516673,-0.37668891294372564,-0.4826186420555993,-0.11489918734639906,-0.3614952486356862,-0.40996625755149996,-0.08763671900568212,-0.2132953045689087,-0.29178609932902494,-0.1296657380264351,-0.35929400416456436,-0.44366819370099353,-0.15309529046372025,-0.3992980705459157,-0.4070350534407148,-0.12973377443987608,-0.38536402876150294,-0.35427754457896016,-0.10431700687660744
0.0,0.0,0.0,0.01641275680128225,-0.19352258645019987,0.03217011354220335,-0.05445684438605221,-0.3481503889513857,0.02206921883918787,-0.17080390380194868,-0.42376374070036094,0.003635232980270471,-0.2723631214268958,-0.4499619478451844,-0.020457195006871685,-0.013379197285102196,-0.46968727404103994,-0.0584807770728476,-0.049369746245882105,-0.743368321747551,-0.1019597530853445,-0.10712946888173411,-0.8834224218571597,-0.11722245025926138,-0.16507326149431903,-0.9773551926019148,-0.12397139608763559,-0.07223586698766782,-0.4230307837597231,-0.08993880025947754,-0.2706750004282684,-0.602259835947203,-0.13499851742840535,-0.3603407041220628,-0.5394209951731173,-0.12869590142787182,-0.37759519205426983,-0.4687052665589394,-0.11848489306038831,-0.1475549679820677,-0.3515735928557175,-0.11496233855607363,-0.3397149608281156,-0.5280018168522368,-0.15490029985513823,-0.40015490761375605,-0.46716333872105864,-0.13300742601890056,-0.3940620718775533,-0.40271870025757855,-0.10943702275614633,-0.21928840007655925,-0.2765456053603784,-0.1343132002393115,-0.3666531187334201,-0.4158232785415614,-0.15903060127639157,-0.41101759679209215,-0.39358942642318356,-0.1402809845382088,-0.40426348085903174,-0.3538764259379929,-0.11786797772933671
0.0,0.0,0.0,-0.06785833990100848,-0.0983787734411494,-0.03750541794281026,-0.1640995232850097,-0.24307929377626794,-0.06539545164476751,-0.2778168000812423,-0.3591554144535453,-0.08228290870255281,-0.37351032223421726,-0.4247784701101356,-0.09699543549246857,-0.07811732937836088,-0.44285589323649777,-0.12783365727972754,-0.18566600832276778,-0.662890288033145,-0.16654959507777883,-0.27308884444952586,-0.722967159574111,-0.1716973992291026,-0.3372781147751724,-0.754991413441485,-0.17142377718975307,-0.08561000909265562,-0.4681520144519591,-0.12002250043719581,-0.30661205743976816,-0.6381485905550905,-0.1706726673392458,-0.41341212106719455,-0.5634091493897249,-0.17155156709386632,-0.44482733990710893,-0.48858727040357375,-0.16723960228541468,-0.1076740932207754,-0.4594291971883464,-0.10792942061440741,-0.30103762852821414,-0.6496279825492168,-0.1547319913769118,-0.39216854705505216,-0.5883217175297919,-0.14787422795330535,-0.4182275681377452,-0.5185149169164587,-0.13502499300889836,-0.13197092121718826,-0.4321526767021196,-0.09501670194491484,-0.2380703398035924,-0.6166497240639952,-0.12930725966455864,-0.28636900179137537,-0.6564832090696278,-0.12977511451428925,-0.3009959397775963,-0.6628874623382808,-0.12280258149588325
0.0,0.0,0.0,-0.10839304430227611,-0.07385719189222681,-0.031366353612077014,-0.20258904097928204,-0.20102802258826974,-0.055602476940653,-0.3037362492858864,-0.3111600364698435,-0.07456359664262463,-0.3886018674247613,-0.3900986621879421,-0.0914539242306489,-0.07596445883420141,-0.46378706838839,-0.0804038351928004,-0.13491347856776048,-0.7039923565406558,-0.10973136110237344,-0.2022621510727759,-0.8049339197360758,-0.11607781167644021,-0.25660482448454464,-0.8686126621602839,-0.11836399264406719,-0.0720907500449576,-0.4774056571589538,-0.0768708962381319,-0.2818397015302161,-0.6453316752577392,-0.11786764995829814,-0.40034143466059213,-0.57024236476457,-0.11916703412162552,-0.4382513916814149,-0.48920910585873395,-0.11334707975570202,-0.08850265155410976,-0.4584062755792352,-0.07312057552267008,-0.2806372053430964,-0.6312921591901077,-0.11484254755389739,-0.3865563358689597,-0.561874737863343,-0.11397918271668087,-0.4215554534445452,-0.48466939212689925,-0.10434129079648838,-0.1112231220487786,-0.42399193867605467,-0.06941138937154451,-0.24020542116420168,-0.563276534654508,-0.10380945847750983,-0.31565163050784956,-0.5660842118670125,-0.1097414989324801,-0.34856545937457456,-0.5424291795679407,-0.1051231409651308
0.0,0.0,0.0,-0.1509771925372143,-0.07180680371389218,-0.02272866789755562,-0.24830005625931836,-0.1939717188716516,-0.04761338351847236,-0.34072282250280816,-0.3131566806140047,-0.07456653513780838,-0.41213455650257314,-0.4093263988870062,-0.10118648209070637,-0.07466099678606947,-0.469916576598835,-0.03504075669756357,-0.12155638241561144,-0.7137144220915324,-0.05334974509135558,-0.17746949990069733,-0.8407715423373207,-0.05905191562496534,-0.22587079786276348,-0.9246731498697385,-0.06374194781105375,-0.0528348949534803,-0.48397107567439035,-0.04069035650329462,-0.25405540692128853,-0.6594058740138448,-0.07514223756039057,-0.3848220578040541,-0.5902542485552327,-0.07984378426573446,-0.4329114920964866,-0.5033108905030144,-0.07562745963497025,-0.05974108598016607,-0.46429411589233294,-0.04860921084598571,-0.25052570464070256,-0.629044651783693,-0.08415601943130369,-0.3717338410558392,-0.5617733557399811,-0.08598334051822715,-0.41718421139663,-0.48086889522839327,-0.07899632636993797,-0.08057509127217873,-0.42707069497700123,-0.057294055079762575,-0.2215700202929942,-0.5434399529242198,-0.08597398184157495,-0.3130266669365125,-0.5316507154071459,-0.09211713620971576,-0.3562649524245981,-0.4920967474682233,-0.08871930044639709
0.0,0.0,0.0,-0.16907627653343843,-0.07374241306618445,0.0465292749345703,-0.2651295222066804,-0.19075678876100233,0.044365767774906514,-0.35082729650301525,-0.3054945547976444,0.018143070875703472,-0.4160875719553835,-0.4130561251431243,-0.01299853416069114,-0.07877061542242965,-0.474043686377726,0.06987741638247776,-0.11534789980087248,-0.7166123480586571,0.06911006442645845,-0.1659856892239414,-0.8518217741123062,0.06754053728060873,-0.21388329224855715,-0.9429017673056929,0.06229175075990283,-0.04946529262656643,-0.4836948879367333,0.019798893923611057,-0.24287252372348817,-0.6626116212847917,0.0002634698506044572,-0.3763736552708552,-0.587781400207982,-0.004231630194995888,-0.4262445060189516,-0.4954625607847122,-0.0006368453339865229,-0.0527109385687375,-0.4624308000460243,-0.0322845543122957,-0.23902782483542875,-0.6267416095136856,-0.05822131520267283,-0.3606288151868786,-0.5492936126583842,-0.05488577090179526,-0.40451955769867753,-0.4649589335317745,-0.04632524733234814,-0.07193308765148668,-0.4249312308055894,-0.0814563720911222,-0.21365172473555458,-0.5354222970412391,-0.10090527200783193,-0.31025219783274693,-0.5113601919171571,-0.09855111720713286,-0.3567492330092642,-0.4621945962640938,-0.09138730512584334
0.0,0.0,0.0,-0.17588780257301637,-0.07228966991419745,0.02471638196759663,-0.2721317978411508,-0.1928324042503154,0.016439656153918986,-0.3549593695275424,-0.3133506226506505,-0.013465947662211646,-0.4150288427570608,-0.4267712950172453,-0.04653880274446166,-0.07327979304091702,-0.4782394809589422,0.06229079806180084,-0.10272565060838734,-0.7207539758975887,0.0554536450198202,-0.14971405845663446,-0.864169188511055,0.04874445026391707,-0.1950818320978961,-0.9635502602671835,0.03948321022491271,-0.03672171874487657,-0.4899431293247547,0.019543094854040557,-0.22530583162776144,-0.6640133758589271,-0.011685721327981019,-0.36263282710836986,-0.5898515480693909,-0.024276330027460314,-0.41762837108467965,-0.49679328800868383,-0.024088466281011855,-0.03231059126495698,-0.46897594670192544,-0.027812580647784663,-0.21372939572206534,-0.6264607982319043,-0.06515579405495574,-0.344495956326346,-0.5505667162732977,-0.06636374570573515,-0.39712984847839505,-0.4629517181354082,-0.05703486006772496,-0.04754050764046079,-0.4265208714857369,-0.07443217256453476,-0.18757327309795813,-0.5361835249598919,-0.10326023527266565,-0.28933678208484576,-0.5153085153799266,-0.10497729670114703,-0.3420129164324963,-0.4631424293158224,-0.09785275442715047
0.0,0.0,0.0,-0.1774820403222293,-0.07605513018411361,0.09531935041198136,-0.2714092615384827,-0.19125899827678133,0.1155595925931098,-0.3467519127661924,-0.310531033757933,0.09151948876064163,-0.3963098925466323,-0.4330335899101423,0.05737354697452845,-0.08400587444184048,-0.4633293481342402,0.19084412188497857,-0.1030867678914251,-0.6913991035858901,0.21415258634806647,-0.14327926716877792,-0.8346520462092781,0.21596728879983948,-0.18544057000464098,-0.9372227283315813,0.2063994100126321,-0.043164091929497814,-0.475709951558245,0.10512262652102145,-0.20803171421082106,-0.6496745745840907,0.0875268862398319,-0.3409455346858106,-0.5816943207793098,0.06063708796980533,-0.3987733155019719,-0.4871279218175367,0.050758777005631237,-0.03239564838421713,-0.46427248674808264,0.015689152407094637,-0.1928149437733679,-0.6246042884497806,-0.01501206244580295,-0.3197450738367299,-0.5471849962138373,-0.030428687152237312,-0.37335669264670523,-0.45360871840340766,-0.03118164665449935,-0.03784116242586013,-0.4384970978124722,-0.06810661328041434,-0.16824259990793095,-0.5555392198206175,-0.09163945615088878,-0.26814032900756263,-0.5243127435110616,-0.09707023183134125,-0.3199672818458744,-0.46132831947222697,-0.09537373829941972
0.0,0.0,0.0,-0.1757972706982789,-0.08234643857955026,0.11521459942943302,-0.26673496830199717,-0.1969005082714368,0.14456645806055396,-0.3371133463640602,-0.3146182940156425,0.1214254339461888,-0.38288121394880825,-0.4395914279126805,0.08658024579412116,-0.09534372391318005,-0.4641362423585267,0.23736439934122305,-0.10605272511456364,-0.6838491264560244,0.27014770406541944,-0.13948216685367765,-0.8301866320968572,0.2752148636678241,-0.17717705030241301,-0.9335589553544423,0.26657287368133264,-0.04927131903129563,-0.4765001266195691,0.13769938108624435,-0.19670295215276334,-0.6464873360246629,0.12241561876539922,-0.32348123916177984,-0.5834427107313636,0.09195268454064139,-0.3818809451710847,-0.4866705108616445,0.08116847020994485,-0.0296578611937982,-0.4690130270617391,0.03341312641968416,-0.1765604197558847,-0.6267654103104952,0.0018337356532532427,-0.3006315108721692,-0.5486351196025001,-0.01766606278121547,-0.3557850954517837,-0.44847016738030643,-0.019175658531395818,-0.024598867275298936,-0.44823444381156924,-0.06440652955860916,-0.1509094280212751,-0.5658363295437071,-0.09004259944287091,-0.2506016509533033,-0.5334379138590719,-0.09788697172332442,-0.30369980496264687,-0.46629660496539205,-0.09721587906330453
0.0,0.0,0.0,-0.17901933764166392,-0.08537757684742407,0.13247904495462398,-0.2681332818489687,-0.1936112324442586,0.16792345656187857,-0.33558531168707456,-0.3085576217588842,0.14389088491373825,-0.38119527585699087,-0.43446310954187217,0.1061928940004071,-0.10494461596996078,-0.45711429872816833,0.27861432937606784,-0.11289401819802727,-0.672528860942563,0.3199466193274667,-0.14406567119901437,-0.8189839880233932,0.3267091587831198,-0.1792040555173747,-0.9226254057008043,0.3176591993647882,-0.058326394333498045,-0.46967921732709383,0.1667963453687985,-0.19397134178875453,-0.6383847575036266,0.1529933250038782,-0.31790987567075146,-0.5792037596764257,0.11461595488430615,-0.3779422568030669,-0.4857467591755298,0.09915644185752663,-0.03649844253868874,-0.4667785185978872,0.04970329369725256,-0.17353146302915934,-0.6219698073116646,0.01754143105544355,-0.29466464808611037,-0.544327446919848,-0.012762535393063136,-0.350008306008163,-0.4436287776682979,-0.021074481027074744,-0.026309241889973814,-0.45361583859408067,-0.059593896202266,-0.147784999553411,-0.5684243518982195,-0.08537227254814783,-0.2455432875952005,-0.5341819859750178,-0.09890454721922093,-0.29836372343903306,-0.46743951107211246,-0.10326149289066927
0.0,0.0,0.0,-0.1811040713764543,-0.08235518670382463,0.12043226055216241,-0.2725971817384525,-0.19083770744310546,0.15487780552965896,-0.33959917878295925,-0.30857350613270984,0.1316707965482767,-0.37636737049226743,-0.4395867942072228,0.0973755041524999,-0.1330055438940557,-0.45338631585002953,0.2865153794123345,-0.1427355177457197,-0.6652023596650227,0.3330233077162621,-0.1692751675398824,-0.8080262546879642,0.342443526997658,-0.1954369721794283,-0.9170614850355763,0.33515887143325607,-0.08491543699478554,-0.47169603197194,0.18116697844053364,-0.18388405897410065,-0.6576553443425849,0.17300169747419214,-0.2905988138313808,-0.6306786389240595,0.13413382640764554,-0.3463091620363923,-0.5532036986576409,0.11802700149466872,-0.0556710117392796,-0.4748396122971654,0.06821303765184106,-0.16998986751246398,-0.6466212752708237,0.038460423862579356,-0.2917299392976514,-0.5785201664565947,-0.0008902946491728264,-0.35110783955870933,-0.4736586420776952,-0.015201481649895642,-0.03532233795596436,-0.46727680652728265,-0.03811942582183067,-0.1450237611837163,-0.5950360572405513,-0.06366520194607062,-0.24075902179414482,-0.5639981915391811,-0.08482462786566461,-0.29453813656648087,-0.4913064208918884,-0.09538925727621947
0.0,0.0,0.0,-0.1814766267502917,-0.0815842136311365,0.10590228673727917,-0.2724271260823531,-0.19671523670083912,0.13869879246425104,-0.33869555583232275,-0.31579810816381787,0.11817822478034487,-0.37759402849937074,-0.4501162068324049,0.08842218942081809,-0.1402743408478225,-0.45523183366327846,0.2685795051703757,-0.14871154359602595,-0.6727396399222036,0.3106642804987998,-0.1733467391781508,-0.8154147676326751,0.31689789403282975,-0.19740856210697594,-0.9278483759818641,0.30830202687864366,-0.09265649469886797,-0.4753816620038371,0.17249489967530346,-0.18430897598371582,-0.6680839058407546,0.16265485514713424,-0.2902222231029954,-0.6351742639105755,0.12417539376663736,-0.3448920642997698,-0.5506028786546062,0.10864493677781716,-0.05943484052095249,-0.4796952279575649,0.06857941623409355,-0.16259660540744902,-0.6647380098569499,0.04134104660732772,-0.28468442316793197,-0.596681969575409,0.007646094597696674,-0.34475328943631534,-0.4872137250154539,-0.00272002687517516,-0.0340325185594957,-0.47192627312164415,-0.030509966171847085,-0.13456730149574897,-0.6141597500123924,-0.05389671722141057,-0.2316539466792084,-0.5878494509921162,-0.07079691867876489,-0.28744971426409416,-0.5116184087813559,-0.0773163972264858
0.0,0.0,0.0,-0.1768048439661541,-0.08209559294260083,0.0781342151214893,-0.2698131109101674,-0.20089173967105506,0.09893620472057715,-0.3361140749246507,-0.32440284568893646,0.07279279938488602,-0.36698293591148645,-0.46477403506264,0.04059073979828848,-0.14227963293685075,-0.45766154260663733,0.23563692346615397,-0.15255342093518953,-0.6800504517664469,0.2695141984145705,-0.17675005690892753,-0.8256914663309711,0.27272484330263863,-0.19908881228559155,-0.9414259910779774,0.2633067459407864,-0.09354886342744925,-0.4779007775764504,0.15352171473845647,-0.16320028970267816,-0.688129871313317,0.14124549325786562,-0.2596297617057285,-0.68970546122825,0.10449185752486392,-0.3124124699997445,-0.6297677051154379,0.08895207636877073,-0.056204529297470746,-0.4795552296588024,0.061545305519638084,-0.14860552505052732,-0.6816716952610062,0.0313978448659236,-0.2729617357948914,-0.6268856854088527,-0.0038168695529330887,-0.3367203785866171,-0.519694563273894,-0.01510284739874048,-0.024991096613389736,-0.4651902502566056,-0.027884218097012452,-0.11340446572875967,-0.6236427218598695,-0.054394703083874715,-0.21142616020407667,-0.6123471503786511,-0.07554786049451309,-0.2718294702681794,-0.541783251694308,-0.08537526872689717
0.0,0.0,0.0,-0.1746532188746573,-0.08107329038811939,0.05963080631541495,-0.2700900135004731,-0.204321021472252,0.07543663617446508,-0.3366949258624387,-0.3327769868442026,0.04963470912287493,-0.3672569186895174,-0.4741204006340375,0.020391957026334,-0.14462468138926315,-0.4616096392799707,0.20993929176284637,-0.15476986452477687,-0.6862654579253586,0.23802183575129218,-0.17727671896172267,-0.8332546395177616,0.2399648133434116,-0.19792590866721455,-0.9507054265796102,0.23129445939939586,-0.09530807661972451,-0.4832783185777591,0.1394499675200273,-0.15056431566742728,-0.7026102664882884,0.12667156531025606,-0.2434786350876741,-0.7209185449212012,0.09519806032397973,-0.2980082809481924,-0.6727896633919387,0.08318940879372526,-0.05524548606736988,-0.4848242326395692,0.05811450143599586,-0.13897821448444425,-0.6952760282534289,0.027623032936268513,-0.26246083738266346,-0.645072692523011,-0.002180551550985302,-0.3276737784945415,-0.5386963514908554,-0.009182725266156395,-0.02075019693324929,-0.46860876559622355,-0.022364039903758383,-0.10320891757993111,-0.6319313222933782,-0.048944913838212006,-0.2012980574910886,-0.6256588973204968,-0.06768917434665413,-0.2638490843189252,-0.5569612193764106,-0.0749973141489095
0.0,0.0,0.0,-0.16320479628546136,-0.0773261222173035,0.02343657697032083,-0.2603163398979581,-0.21134550800443153,0.02559776297848093,-0.3250115065810242,-0.34168393898118754,-0.002490791732882601,-0.34878107939195946,-0.4838608748648675,-0.031607596464826276,-0.14720450792793494,-0.4693402060849229,0.14050426488596726,-0.15542252659775435,-0.7016267874864557,0.14189859929109133,-0.17874613753624885,-0.8464624848263498,0.12789826991395467,-0.19828822270613194,-0.9653624091338548,0.11064832566503281,-0.09491651315174611,-0.4859632787065308,0.08819621450310408,-0.14911202647949678,-0.7154454711308387,0.043178649509781473,-0.24609448532737108,-0.7137971995072335,-0.001163613918147649,-0.30233410381985415,-0.6446720361469109,-0.016305343649825083,-0.049129441686150514,-0.483751251466906,0.0259265716675957,-0.11571252930909033,-0.704167100615086,-0.023845791127331352,-0.229628891705006,-0.6591785817456568,-0.05594801350900427,-0.2907751457338875,-0.5581559609056419,-0.059394300407840044,-0.0015729956332374336,-0.46198070403582847,-0.037527060256541254,-0.061850955953096275,-0.6423785125909857,-0.0743011923630188,-0.15489576052033266,-0.6577462004844359,-0.09461542370653382,-0.22098333832394054,-0.6058254546755555,-0.09962142304564298
0.0,0.0,0.0,-0.1593333022926678,-0.07014172145270443,0.006146767581853992,-0.2621249411026167,-0.2122608722140118,0.002158011150662678,-0.32656633617754455,-0.35082496471386404,-0.02604284909204653,-0.3423706495039148,-0.4908453892640061,-0.05339117288645296,-0.15536073160614167,-0.4772385186752567,0.10664523214554932,-0.16609394395153537,-0.7102167343033986,0.09790949030507429,-0.19041171373262394,-0.8521335206956875,0.07950493794695929,-0.20848735860378814,-0.9705561326112824,0.06002616946617059,-0.10122295624520591,-0.493452789580635,0.06419547498428607,-0.15945193855787848,-0.7224753178883063,0.007991397434333547,-0.25727514878145885,-0.7071329069267852,-0.03685688547548124,-0.31136546737763215,-0.6270683203093016,-0.0504939456342798,-0.051215818238227816,-0.4901973749645513,0.012064496435735305,-0.11423924998047476,-0.7134800164872446,-0.04464390912634959,-0.22365913368035015,-0.6684121593280263,-0.0741892893547911,-0.2814110655044353,-0.5689667557529758,-0.07466676587331705,0.00521201838586647,-0.46739701098914954,-0.04220493779283219,-0.045186454790629285,-0.6551382059597013,-0.08270082682096469,-0.13430589590730438,-0.6744426752148354,-0.10213094729259249,-0.19863999527962123,-0.6243284503174951,-0.10560030092216705
0.0,0.0,0.0,-0.16104479047272027,-0.06801156932965215,0.002141888081992936,-0.26354516605460376,-0.21271568995441842,-0.0028086465740614322,-0.3259674722600769,-0.35452661884799375,-0.030297769610943246,-0.3351102875941264,-0.49400226356315935,-0.056947301207608894,-0.16224456775741924,-0.48379498178978897,0.10079943153317694,-0.17573673243408472,-0.715815980793508,0.08935596183312625,-0.2010236929791692,-0.8547150287839758,0.06652505160806613,-0.21997004112200336,-0.9715204543430762,0.0432701302385369,-0.10536266384362157,-0.49865591654592917,0.060274398442019844,-0.16495375502284934,-0.7268511648672281,-0.0021249391914135215,-0.2604901734237892,-0.7081248999562484,-0.05413306383648182,-0.31368172003983197,-0.622323754820922,-0.07238336025327138,-0.052350440486322265,-0.494243703753302,0.010366074976250353,-0.1103871364244491,-0.71831928052893,-0.048867150677856075,-0.21171805447486375,-0.6782809022503578,-0.08372306116440129,-0.2649095350308764,-0.5798383948960539,-0.08810321719180028,0.010800751568426156,-0.47077419189621145,-0.04179288359277576,-0.03321859103188996,-0.6610509446325099,-0.08351007140277589,-0.11799541934666918,-0.6872531822205405,-0.10627234137607253,-0.18182379925229242,-0.6427981330883064,-0.1126800180844433
0.0,0.0,0.0,-0.160966294667774,-0.06782958969506424,-0.0021384551340075534,-0.2652318640071507,-0.21557913696073783,-0.00948653607690805,-0.3266488288641555,-0.3610500782049768,-0.03885612199257704,-0.3288789213467245,-0.5032262025899548,-0.06745339621490296,-0.16935583246944652,-0.48735926497568455,0.0970527689798579,-0.18249941800507855,-0.7182888710167684,0.08400563287463071,-0.20881429414596653,-0.8549132282915584,0.05879690096395982,-0.22836093189433287,-0.9714161077536242,0.03283815719430793,-0.10949583967843934,-0.5029450880867979,0.05740888836079934,-0.16849974123585812,-0.7305021416155317,-0.008134739904332753,-0.2622569371129302,-0.7066651699087603,-0.06319153489604062,-0.3131412020313431,-0.6171621147060293,-0.08391943635337268,-0.0534325191019904,-0.49889353686105065,0.008128413412660226,-0.10747333778156398,-0.7262783627142506,-0.052408748129508076,-0.20325839206238439,-0.685342985271625,-0.08939103051637123,-0.2514886124422493,-0.5844857245617783,-0.09603648442529933,0.01443497852921316,-0.47711686681007415,-0.0438319924069114,-0.02880235273912895,-0.6694671768234698,-0.08677145834890043,-0.11119886778335733,-0.6889183870073479,-0.1110281684573448,-0.17133258884924552,-0.6361824432222782,-0.11919324715587615
0.0,0.0,0.0,-0.1616316811505624,-0.06776013687648424,-0.005056391398622715,-0.2664255159279355,-0.2169450731117567,-0.013529437384227634,-0.3271890797941,-0.36452182250530274,-0.04345689873764484,-0.3251279962753344,-0.5075557592964837,-0.07259055560817816,-0.17402179980901472,-0.4885729941695521,0.09477588817316558,-0.18768813520539607,-0.7191920959635184,0.08021981358952568,-0.21422353136995265,-0.8543271979576792,0.05252377263143023,-0.2340600601440309,-0.9710629412283867,0.024133754166182034,-0.11282904375535546,-0.504171391136629,0.05609439276525584,-0.16967603906750145,-0.7322402935641608,-0.01194776882180243,-0.26142049342319507,-0.7073631936381453,-0.07063952655751961,-0.3112933108699749,-0.6171362141230572,-0.094320749840445,-0.055071520810616434,-0.5002663007541563,0.007646881445323729,-0.10451904382734747,-0.7298645406679448,-0.054328430045302814,-0.19638466419774828,-0.6904627600038201,-0.09454900471597383,-0.24205389428501545,-0.5893244945030793,-0.10391469081432109,0.01525200907721134,-0.47927480999644373,-0.043675845618436446,-0.02657308431204117,-0.6712783886922189,-0.0880399334921976,-0.10713304631542647,-0.68759964959848,-0.11449986980350162,-0.16540131560094193,-0.6309394796682266,-0.12466391864138748
0.0,0.0,0.0,-0.16384362007899517,-0.07193863474131437,-0.00411594877288569,-0.2673114659346788,-0.22127948795400829,-0.012053176119689505,-0.32531685080040884,-0.3697594095330562,-0.04174713177249059,-0.31857204285447505,-0.5114632938676978,-0.0710068028085096,-0.17520540028629458,-0.49134085031170155,0.0984004613047595,-0.1885679010879478,-0.7207984913322626,0.08515398480535089,-0.2158181467951133,-0.8538761341652633,0.0559296559633506,-0.2364162071799407,-0.9708848349773994,0.025447924010443018,-0.11328607357142129,-0.5061756008488025,0.058863847113421366,-0.16448953974210284,-0.7344946233528895,-0.007853048180718972,-0.2572042101801657,-0.7126887076108813,-0.06948560598893269,-0.30778101967450344,-0.6250571091689128,-0.09645965224405334,-0.054624320121088275,-0.5010826575812368,0.00960541674970224,-0.09723012423560545,-0.7298788586014744,-0.050030227085491125,-0.19086234975684868,-0.6965293885546641,-0.09352932141208281,-0.23777981332500983,-0.5992531939897996,-0.10668429944890118,0.018172560652660753,-0.47839343703891474,-0.04256313617650609,-0.017218102687062687,-0.6721930116466761,-0.0843410565373394,-0.09706558299309762,-0.6879400965049645,-0.1114253173537747,-0.1548954906841734,-0.628566855031623,-0.12333598710413637
0.0,0.0,0.0,-0.16711627511567398,-0.07649229159769841,-0.011073281422091645,-0.2690288879693761,-0.22627582682610542,-0.021874827394182977,-0.3210817983852231,-0.37941245349456604,-0.05279546527680379,-0.30678418919197614,-0.5249262554013527,-0.08300213015511951,-0.18148139799370566,-0.4942160566380607,0.09429453094610427,-0.19694234548019784,-0.720633243611613,0.07790089933228517,-0.22512879535695365,-0.8519981972895757,0.043445127359719254,-0.24565957894157647,-0.9689095760480226,0.008770732278344904,-0.11708715972698223,-0.508622476335919,0.05770959420978927,-0.15673782501629507,-0.7410156984790104,-0.010198479738078654,-0.2452906180959383,-0.7213744462315531,-0.07659063173318652,-0.29628528559379697,-0.6368888180127027,-0.10803410565889027,-0.056955222353680716,-0.5022278174097008,0.010851543724093348,-0.08828025118287239,-0.7312861046524779,-0.047682177296970094,-0.17924326562709636,-0.7040519367304322,-0.09484940038354614,-0.22534898900878592,-0.60974821903124,-0.11219044331867387,0.018806684129024066,-0.4782625232316061,-0.03970521526054484,-0.011768780683060212,-0.6723019508001284,-0.07959518088051978,-0.08873882885559375,-0.6860122880668527,-0.10720121423039367,-0.14403038609017776,-0.6233163847662972,-0.12077370761979489
0.0,0.0,0.0,-0.16182484212426815,-0.07868275501364415,-0.025894013082147293,-0.26231642512975717,-0.23341597418134136,-0.043302520764273426,-0.3103949203037667,-0.39097321920504835,-0.07568435579038853,-0.2912753173087028,-0.5341164609897475,-0.10589842262869784,-0.18110147437929225,-0.49915238325716327,0.06634682714687624,-0.1977026778086144,-0.723827850729732,0.04080834146243404,-0.22439271569615699,-0.854775222776376,0.002888626878850154,-0.2427339626706989,-0.968503705708886,-0.03194140824759633,-0.1148291842513045,-0.5124732194173642,0.03926200447463764,-0.1476213796872963,-0.7495697191975148,-0.03299993384926757,-0.23043447837983172,-0.7349293741363503,-0.0957538245770431,-0.281009375883003,-0.651884727201402,-0.12357584685572755,-0.051408955623332565,-0.5041554328358471,0.0016651475411807413,-0.0765089039606159,-0.7341297769831967,-0.05844116244196055,-0.1622714180440268,-0.7170016968687944,-0.10066799362401413,-0.2092390124483013,-0.62884728048356,-0.11435363825506896,0.027075954954399812,-0.4766955266895885,-0.04083818416387838,0.003138336561301769,-0.6699482602797606,-0.08123354862470276,-0.07125791977295068,-0.6890337390094903,-0.10649079339426196,-0.12868794260090546,-0.6316559441792589,-0.11767198887787994
0.0,0.0,0.0,-0.16144889122000428,-0.07725011786237058,-0.03144222988475345,-0.26101114971777717,-0.2411424559082329,-0.04655599363848703,-0.3018651954748966,-0.402817102659701,-0.07349889302753462,-0.2791923017176861,-0.5293898217588849,-0.09783821008089887,-0.19002181119213615,-0.5037455931836943,0.05474430082556934,-0.20923271650773678,-0.7227517798833439,0.028942810879547587,-0.23502993175520712,-0.8540934767548727,-0.00862541301238237,-0.2521290510966352,-0.9661155818509675,-0.04259076778466634,-0.11650453145263157,-0.5175601179818186,0.0333106270927105,-0.14105456806778893,-0.7568117483918986,-0.03542966191343605,-0.2112170364270311,-0.7458225764060396,-0.09634309055059374,-0.2549333558146013,-0.6643323711502048,-0.12383465956694209,-0.04675781888035055,-0.5085609067609005,0.002016388768873995,-0.06630982365427845,-0.7368772518457558,-0.054524054245993464,-0.14278589303853007,-0.7278846444450868,-0.09642605593528453,-0.1851693913708884,-0.6414805346075849,-0.11130607038783148,0.035805909263618416,-0.4790754054129731,-0.03448766774606317,0.01635462291357961,-0.6705446750512423,-0.07160218145378702,-0.053576671673962475,-0.6936969206222431,-0.09585957172782869,-0.10816527896184,-0.6374685350209797,-0.10741292797691152
0.0,0.0,0.0,-0.16154872464449094,-0.07448465049250064,-0.037217400741015316,-0.2598400440628861,-0.24477447349472103,-0.051693539453035134,-0.29679129382025327,-0.41050128022630794,-0.07579299653528077,-0.2737349143808074,-0.5253222553535346,-0.09701810000000613,-0.19502233655822288,-0.5052073318658286,0.04710683025745186,-0.21488258067815214,-0.7210879468857798,0.02137155714461653,-0.240080574118946,-0.853093752378449,-0.016617730533430086,-0.2573533934517559,-0.9646020482013815,-0.050932547205268144,-0.11716211067200799,-0.519914963367176,0.029965569704516415,-0.1360187801268038,-0.7607754027806701,-0.03717468292413095,-0.19977852444246597,-0.7546612898649592,-0.09854478062376862,-0.24091451021094706,-0.6750760718664923,-0.1272203198819925,-0.04385212700731297,-0.5101096043037241,0.003130658985023112,-0.05790464754245962,-0.7371457855358438,-0.051828802486125786,-0.12956376127979716,-0.7351779507613313,-0.09578257951345148,-0.1703276088184214,-0.6498918470694457,-0.11309305230079214,0.041228579898063444,-0.47935574911729223,-0.02933404884227309,0.0268188634047674,-0.6685011437126076,-0.06536191220973916,-0.03951609120616979,-0.6956796196116295,-0.09104215506085597,-0.0920662549929803,-0.6408275587425922,-0.1044402987863402
0.0,0.0,0.0,-0.1610182085241119,-0.07452430619239803,-0.04195412051220684,-0.25589008647409434,-0.24725270096458488,-0.05710955371365748,-0.2855627730955901,-0.41733744892199776,-0.0802955889053033,-0.26079007725136466,-0.5385025282571454,-0.0998982712389157,-0.1960447411315588,-0.5037862392084824,0.04078541043196594,-0.2173219147648164,-0.7195025000561877,0.014151623741263917,-0.24326037947544815,-0.8522552748496331,-0.022976529316624875,-0.26093373585377067,-0.9635302027489842,-0.05590561030059824,-0.11636564776135583,-0.520226681345512,0.027338499678119965,-0.131303910017352,-0.7625471707952944,-0.03861696460384373,-0.19016341092198902,-0.7605589404432345,-0.09808428902070114,-0.22698759162992704,-0.6830646879848361,-0.12550688116764727,-0.04117574883949384,-0.5112192484260553,0.003976342320127677,-0.05353948398588124,-0.7382435694692284,-0.05026129617355245,-0.12189496550406446,-0.736359297120952,-0.09322207172662979,-0.15924737098074265,-0.6499435792082444,-0.1098471929194064,0.044338236107595796,-0.48152090674162784,-0.02536415859965243,0.030773428725694305,-0.6691526669300786,-0.06127458110333148,-0.03499603780259123,-0.6957764014712396,-0.08696311761569073,-0.0858909639069888,-0.6394146348216356,-0.10011791757932714
0.0,0.0,0.0,-0.15941114566893833,-0.07682999856688194,-0.047515276879252874,-0.2514541726542391,-0.2481217243938014,-0.06710696675972021,-0.27840318201921743,-0.41775474365802523,-0.09391421650047338,-0.25383940327560217,-0.5498291953383918,-0.11687535507447484,-0.19316027729804053,-0.5038507555980603,0.03452522143269452,-0.21783367282385152,-0.717052148230629,0.0033332823278681574,-0.24567327393326524,-0.8496669968146042,-0.03703313282786977,-0.26404904596476386,-0.9616068484499485,-0.07163002431807933,-0.11407150888781377,-0.5215057732331503,0.02282325895169407,-0.1323253919732003,-0.7652904819273951,-0.04669819532780973,-0.1905603363247255,-0.7621257424847535,-0.10861044968759254,-0.22637795788307336,-0.684411263088721,-0.1371366641150823,-0.03865700812090109,-0.5136813260602618,0.0008146758682050579,-0.05208815682494111,-0.742832042201133,-0.05547792937640475,-0.11947403200280574,-0.7413014093871564,-0.09859850610882556,-0.15624052335715613,-0.6553719680720609,-0.11480325338052069,0.047727918901549246,-0.48466143504470005,-0.027724074226714364,0.03526772515715584,-0.6734642419620804,-0.064600023609901,-0.030294615079985328,-0.7023182351713841,-0.09035617642154758,-0.08205406485917842,-0.6473621433945458,-0.10311197122098872
0.0,0.0,0.0,-0.16151776200329435,-0.07684523728119155,-0.04936804224270794,-0.2546845240756052,-0.24728600924400784,-0.06966260386918607,-0.27850757877841403,-0.42114802528136386,-0.09679769854104775,-0.24943734601020986,-0.5586313407973962,-0.11970289181468151,-0.1980277135324004,-0.49866434633362844,0.03397009363932539,-0.22845647912268124,-0.7095030987641686,0.0018030411335182967,-0.2562496844351852,-0.8442050183637044,-0.03939161003533531,-0.2746357956930686,-0.9584741772674031,-0.07445018504226902,-0.11939173513703616,-0.5195485154838789,0.023231269596221203,-0.13771068768236555,-0.760353852519787,-0.04625839667953888,-0.19427277320850467,-0.7605203309031168,-0.1085761471408829,-0.23028101683964425,-0.68658716159416,-0.13750509691933607,-0.043595339457163984,-0.5133641818113507,0.0018860822159779264,-0.056934257407470365,-0.7406548543778988,-0.05476534121939876,-0.12233028858054842,-0.74071597428489,-0.09777237980494956,-0.15820673352310644,-0.6548218486937841,-0.11367390091845155,0.04237019483284088,-0.4862734509006116,-0.026230951132848877,0.030891136997999093,-0.6728057306753035,-0.06356643443122006,-0.03238848487017877,-0.7050038986843645,-0.08957893175546294,-0.08273620239060925,-0.6521006371254008,-0.1022382529253501
0.0,0.0,0.0,-0.16384783099267974,-0.07908816434593763,-0.04638468140241095,-0.25553961549632465,-0.2513693706549895,-0.06424765708488088,-0.2782204603964449,-0.4272851316418948,-0.08990571543480842,-0.24748877716789,-0.565540256973077,-0.11167220077302267,-0.20152593878730624,-0.5006287657016361,0.04156285955333977,-0.2316325174932347,-0.7092825823591168,0.0104153728228899,-0.25926146316786103,-0.8431874030933602,-0.03102476612134819,-0.27743769997682544,-0.9583057034376081,-0.06654579102636066,-0.12123888122988263,-0.52250869414541,0.029331507912416118,-0.13835090601148334,-0.7637820454652164,-0.04013259673711962,-0.19410219765491024,-0.7596826636723031,-0.10381823703916718,-0.22935183001289816,-0.6850973491139973,-0.13354661516586075,-0.045409275318280276,-0.5170217810818886,0.006384401562634352,-0.05653654219777948,-0.7422430417986174,-0.0500827866482978,-0.12240614190071647,-0.7386536971663273,-0.0942328849221663,-0.15661475478683873,-0.6522105863554938,-0.11075488650045831,0.04081718375954564,-0.49040014047624564,-0.023216013400435165,0.029835254203801807,-0.6754202864157743,-0.059136126794653916,-0.03344485225081549,-0.7053051978621254,-0.08518668598615656,-0.08194916121333935,-0.6520448909677081,-0.09818734411875318
0.0,0.0,0.0,-0.16227257856650312,-0.07828421405271077,-0.045584896205232386,-0.25477678351302635,-0.25173381387423543,-0.06310820652830151,-0.27466789505200295,-0.42749001360543415,-0.08810937391242982,-0.2427825600170727,-0.5653325437982336,-0.10912789388124236,-0.1995079670572749,-0.5027794604609035,0.039558542139782035,-0.23577479542607835,-0.7098286836122711,0.009214898964253015,-0.2641248454881675,-0.8430962439804499,-0.031896020685303464,-0.28326338895038633,-0.9566005510040927,-0.0671929589484849,-0.12074052336623123,-0.5233544626446218,0.027451391341143,-0.13655866779135978,-0.7614423253375469,-0.041686522059713835,-0.19156840433148592,-0.7582858306673925,-0.1063304456613396,-0.22939988863167765,-0.684542984291124,-0.13704875172462508,-0.04561766412760767,-0.5170006808819163,0.005127138103568358,-0.055710673890136696,-0.7407410723114619,-0.050739879452278605,-0.12025031806472318,-0.7408694079870348,-0.09597904605820345,-0.15719150098046775,-0.6552593421276199,-0.11380007801273653,0.03959924716199005,-0.49046912349888183,-0.023666833290941672,0.03045836110675476,-0.6743365317747343,-0.059306221172783946,-0.03232212567124844,-0.7065781744963788,-0.08597418321839517,-0.08353501675139394,-0.6554638943088857,-0.09980834787385906
0.0,0.0,0.0,-0.16301022753268768,-0.08349326394570816,-0.04057948254393444,-0.2502602136830122,-0.25490269864654436,-0.05547615850317337,-0.2666350818596138,-0.4278901447169401,-0.07902389318499609,-0.2363517880170927,-0.5645098613805841,-0.09888377376331034,-0.19368678806773348,-0.5033297539057112,0.046146512395653136,-0.2327818032312997,-0.7102827869223401,0.01716284615144315,-0.26237922708732053,-0.8434969306080973,-0.023367137048444585,-0.2813103368708708,-0.9577670526843567,-0.058121699899532614,-0.11617277152893352,-0.5237480154040606,0.03249913289605899,-0.1311500303052619,-0.7586704866106392,-0.034275656391578105,-0.1852352112296331,-0.7548644571114305,-0.09790172049290047,-0.22153112842963912,-0.6829093995102655,-0.128559945883525,-0.04219248382576592,-0.5182397001824335,0.008644102198678458,-0.050725632758664874,-0.7401214608492246,-0.04483045576453961,-0.11497122296920806,-0.7388679507389188,-0.08916698596056559,-0.15025178263389205,-0.6533937020318297,-0.10702355080872594,0.04214471354135942,-0.49283105723960174,-0.021485335391220203,0.03529332655847285,-0.6750250887617595,-0.05444989989005184,-0.028504274758143905,-0.7050231778097529,-0.07985712332832798,-0.08070688822356578,-0.6519482238699632,-0.09331804980851209
0.0,0.0,0.0,-0.16182627294548824,-0.08343925704745805,-0.042675109365763034,-0.24609344877888673,-0.25180082159259204,-0.058962090244495405,-0.2568616236196076,-0.42515228756348716,-0.08302688755765616,-0.21979823904427143,-0.559758985861978,-0.10316313166089203,-0.19455526110395838,-0.5053309146798906,0.04266183538023349,-0.23707890863387165,-0.7108283945660709,0.012567551409457124,-0.26577586107300855,-0.8436788466768477,-0.028576212806834485,-0.28246627878426755,-0.957101962313434,-0.06365472916036405,-0.11390634770636697,-0.5270111107930637,0.03041981243868698,-0.12733203187630818,-0.7561275860762066,-0.03569889879423278,-0.17834949195320043,-0.7525993498960006,-0.09767241481508396,-0.21335822025372236,-0.6823536883036814,-0.1277523315631719,-0.03782155708252972,-0.5217859271057386,0.0077324580952898,-0.0445506553204576,-0.7409590540535823,-0.045273238239339285,-0.10594863370417512,-0.7383722847484022,-0.08684991267165906,-0.13988294054810757,-0.6523537689783563,-0.10324237086823726,0.047507537228157495,-0.49417124141444413,-0.02156511568562821,0.04099888463767277,-0.672756568322864,-0.05518674915407519,-0.02141608642413959,-0.7023091131952068,-0.0797113328501522,-0.07414416665240625,-0.6504598664965764,-0.09246492215174139
0.0,0.0,0.0,-0.16095017018659868,-0.07859674438373845,-0.04617532695690649,-0.2470876602047531,-0.24658474804909775,-0.06291453458003107,-0.2562448130463031,-0.42428082093633757,-0.08674696066150113,-0.21591997868569854,-0.5609346503925062,-0.10639093912336504,-0.1992049589171912,-0.5008094882032037,0.041675436206350426,-0.24299363391960507,-0.7073792260228853,0.012657541300458888,-0.27130825372595446,-0.8415620444939764,-0.02732686475740185,-0.28757059195506607,-0.9557146038649336,-0.06183115003072805,-0.1173613578868408,-0.5253438407586206,0.03159787266982349,-0.13237740724579594,-0.7503310631450731,-0.03366183238894343,-0.1800013562700008,-0.7477991634221881,-0.09565566603107509,-0.21184643093853797,-0.679373948191214,-0.12604182526053234,-0.04077759081584757,-0.5222706950449787,0.01074097269834227,-0.0480811935290853,-0.738681468209478,-0.043496178921729356,-0.10753930279829527,-0.7349763053304933,-0.08639110729265925,-0.13938449877179515,-0.6473939854814528,-0.1034325160575714,0.04454706791904728,-0.49633959675700257,-0.01680883567618367,0.037498611129332136,-0.6733398007875693,-0.05231961995009378,-0.023291028762942114,-0.7011833252407471,-0.07830436277526348,-0.0739486236377622,-0.6468730552035202,-0.09190276167752305
0.0,0.0,0.0,-0.15669399029243009,-0.07863999410070593,-0.048015593798956355,-0.2400908918410054,-0.24723062491424722,-0.06535748696769578,-0.24142295758506604,-0.42361457214249904,-0.08849494988368317,-0.19768212297698193,-0.5553327588987949,-0.1078279618213849,-0.2004309768088196,-0.5067176525466734,0.033355005829073886,-0.24234999218814993,-0.7093117714591846,0.0021018234606183153,-0.26689451505651485,-0.8450064404201574,-0.03961426016748447,-0.27853501196614894,-0.9573392200584061,-0.07495651314408046,-0.11327562642340176,-0.5296543247283882,0.024193168131332654,-0.12199692543687299,-0.7562622838643709,-0.04348365164210254,-0.15774298916816776,-0.7514882620672342,-0.10703852141406181,-0.17941976003095936,-0.6792671272790426,-0.13790502226723522,-0.032296054903912144,-0.5230323776340673,0.004986630651277236,-0.032893834576675704,-0.7355575506541034,-0.05153734799120299,-0.08400537942159439,-0.7325608813157731,-0.09545610214677297,-0.10893979600996805,-0.6442023544164939,-0.11258150192014432,0.05675212582634851,-0.4901624276902341,-0.020728303447255333,0.05462498391169046,-0.6619381658679474,-0.05808156233672238,-0.0009116842262925987,-0.6945371830226462,-0.08491035737713072,-0.048485176425660276,-0.647014120922451,-0.09870020889482295
0.0,0.0,0.0,-0.15281945100289399,-0.08074165606054153,-0.048935081942363026,-0.23195999638997583,-0.2528849698800603,-0.06676189097677894,-0.22699312089948265,-0.42915690040826615,-0.08959903639212999,-0.1778242526525231,-0.5570149866696577,-0.1086000234006208,-0.19604915728773542,-0.511568675698773,0.026079818629967767,-0.23603758447647444,-0.7129455660732793,-0.006763980178681823,-0.26018016054826554,-0.8480464142224512,-0.0473178828086534,-0.2695212297752976,-0.9594068374002935,-0.08136089160932652,-0.10615457087273156,-0.5326601686987005,0.017455837622593895,-0.10880227010854127,-0.7601990147702145,-0.05273321602234445,-0.1450349438774198,-0.7397195781619492,-0.11250691737179358,-0.16567766689456234,-0.6550568068458154,-0.13876928398491994,-0.023219472149284465,-0.5240904007064373,-0.00087954755981978,-0.019297110887975137,-0.7319491238288666,-0.058241126256943734,-0.07144752998603832,-0.7221878931348049,-0.09814349505172676,-0.09548825850085702,-0.6324491121730371,-0.1113080793932208,0.06706674093531909,-0.4879663945149295,-0.025811566949856007,0.06871514442701557,-0.6583711130079537,-0.062226822128346,0.014731169815505379,-0.6920176310783566,-0.08657240109019856,-0.030645992426322936,-0.6478945297357155,-0.0979308621158996
0.0,0.0,0.0,-0.15308539273471516,-0.08514206998982315,-0.0488848513953222,-0.22770348783011907,-0.2560996718704232,-0.06431744030181713,-0.2173272232343667,-0.43264854257343494,-0.08454461538998173,-0.16741116389791416,-0.557937997671948,-0.10069300422901845,-0.19676524923891037,-0.5082180720685341,0.029683197835070868,-0.23810622939631476,-0.7096971738994603,-0.001870723406806129,-0.26145807970300877,-0.8471930175067487,-0.04228771421200096,-0.2693242347267586,-0.9599364982980081,-0.07630096623530436,-0.10536490216193606,-0.5307122277264907,0.022302249213966247,-0.10438403833933085,-0.7555967947177533,-0.04627094490068914,-0.13110666099827142,-0.7365547866612456,-0.10694239256681243,-0.14488531489434006,-0.6546636536990849,-0.13427438838247463,-0.021457047035579588,-0.5233021691942592,0.005211135401345066,-0.013379408938925662,-0.7264806561139807,-0.05084542307636584,-0.05704230876105405,-0.7178721873328975,-0.09187366022965414,-0.07435478042105778,-0.6280619403390459,-0.10597309801539664,0.06974999436796651,-0.48704146342499555,-0.01855700427649083,0.07501039725702002,-0.6551148934174187,-0.053376552769754795,0.02606896449027777,-0.688421375866269,-0.07775941644135212,-0.014620537512413974,-0.6428802375688247,-0.08932724910146499
0.0,0.0,0.0,-0.14740909935726196,-0.07504017120094679,-0.05620573798648653,-0.21961602037523922,-0.2441150038748556,-0.0751835845168914,-0.20802290525787365,-0.4245670882664379,-0.09651126977484926,-0.16006892392329242,-0.5518858164569829,-0.11359985142885136,-0.1996983262714721,-0.5001285011283308,0.015530354041920826,-0.23835803485956342,-0.7044701783499905,-0.017892961445420467,-0.25967061828855115,-0.8444585650815224,-0.05740428556430894,-0.2669510305401226,-0.9593026424119244,-0.09047813246084364,-0.10601979582087664,-0.5273951435597701,0.011963899203484271,-0.1024660082487496,-0.750181768067886,-0.05866050130384222,-0.12101368000236759,-0.7224413577103381,-0.11727367143034349,-0.12999165853732766,-0.6374627189375577,-0.1421916874665924,-0.02051034819400676,-0.5217458752758477,-0.0008969797603534872,-0.011445196370831991,-0.7206912129696341,-0.05917212741323033,-0.04742175512142696,-0.7021003648060624,-0.09665709877660106,-0.06092071192139349,-0.6129515808154138,-0.10761515445253068,0.0691981280134015,-0.485196727641546,-0.020644270154533434,0.07571088453209349,-0.6475230932102437,-0.057145242507871986,0.03363820362781407,-0.6748193577054022,-0.07948846872996151,-0.000732981603689428,-0.6306775052154685,-0.08878584540705044
0.0,0.0,0.0,-0.14553151945944953,-0.07283842964935655,-0.06016602088737054,-0.21562540714980458,-0.2434038249831305,-0.08011664968285934,-0.2012793932052968,-0.4263775425958855,-0.10140983237488238,-0.1530848089088043,-0.5539979206148034,-0.11829941197533386,-0.19940048192886492,-0.49931326949231813,0.01242949597323639,-0.23614602004888152,-0.7048487094936411,-0.021037639543645043,-0.2565681059587772,-0.8452806503298578,-0.06039096112067183,-0.26308719887045007,-0.9601714722805184,-0.0932098478121148,-0.10503589257299753,-0.5280000450149951,0.011741547649492201,-0.1010434925771606,-0.7505510519209742,-0.05706871264984399,-0.1185801674480242,-0.7241092910192223,-0.1144159712533641,-0.12619536657332223,-0.6402304450386956,-0.13897635586860643,-0.019492386145045688,-0.5229847000094694,0.0013359534026930338,-0.010481623617098845,-0.7217683514018101,-0.055611657147190026,-0.04601502693077972,-0.7036423169237969,-0.09321412930525669,-0.058408493479044754,-0.6145658994624514,-0.10481553590582582,0.06911334540924276,-0.4878518648634288,-0.016346419839847408,0.0762702627703025,-0.649919110376544,-0.05325602211654438,0.03546299579742773,-0.6758777117567238,-0.07685763881059055,0.002868041098097625,-0.6305210136008879,-0.087121337049848
0.0,0.0,0.0,-0.14483499830176097,-0.07299002779073743,-0.06016558463006391,-0.21508446827763364,-0.2445662521226015,-0.07968037775346459,-0.19889159658676325,-0.429515588904579,-0.10042959817209217,-0.14911491253314357,-0.5549472355959408,-0.11663756508477338,-0.2016761262557954,-0.4998723562279825,0.012864593258328443,-0.23759904752159178,-0.7044486231025127,-0.02060278399495709,-0.25687301792345574,-0.8450914907097167,-0.06006457022595747,-0.2629408395830627,-0.9602740385616154,-0.0930156931221306,-0.10747246791026169,-0.5305589900696833,0.012664928557194248,-0.1038210704236239,-0.7537999910888746,-0.05523130151138865,-0.11703532099243313,-0.7233514585491242,-0.11138068096727542,-0.12112920408132628,-0.6378874281418989,-0.13515007712399843,-0.022150976373620714,-0.527222151004783,0.0027820606324294103,-0.013243789916421396,-0.72346832391785,-0.05279468691849108,-0.045667288330532116,-0.7027548005106922,-0.08851881417438487,-0.05482928762859536,-0.6133866715417724,-0.09921652771190545,0.06606709248955236,-0.4929884194167088,-0.014511591329347893,0.07353363473808361,-0.6522168493247346,-0.0498147396252201,0.034389875352433694,-0.6753578564210839,-0.07209336073854075,0.0051056407425151005,-0.6292923172896716,-0.08167854072940857
0.0,0.0,0.0,-0.13962547754037344,-0.07258607546465137,-0.061283920975442746,-0.20554816428683687,-0.24209942557570963,-0.08253602030364693,-0.18699707160534573,-0.4212877749170718,-0.10396981165156567,-0.14082368412995155,-0.5447315170754525,-0.12104587869304613,-0.19461028841648276,-0.5030847155818544,0.003596867058075244,-0.23090245273154786,-0.7100973413659601,-0.030369053743780225,-0.24843042338774587,-0.8493785888009354,-0.06822317289940333,-0.2527529695507321,-0.962334151191128,-0.09920005757339818,-0.09930960344181106,-0.5316707489315488,0.004691812453646188,-0.09376583941713361,-0.7503646062716142,-0.0625068959763268,-0.10256162548009073,-0.7161836570835296,-0.11594820044396766,-0.10348353521782513,-0.628828264910608,-0.13763499570053572,-0.013109508604385298,-0.5263474698881996,-0.003293740714328793,-0.0021003385540913156,-0.718765890515972,-0.05787426653259814,-0.02713410915389054,-0.6990848095649216,-0.0913408085015257,-0.03274906660623382,-0.6140412077511246,-0.10050933885012164,0.07465014177828905,-0.49032260043682047,-0.018454461497353115,0.0842262635302165,-0.64974406825415,-0.05305536227545425,0.05045405104926287,-0.6768785935565289,-0.0735185510042726,0.02329667606886577,-0.6379887479349525,-0.08144142352325878
0.0,0.0,0.0,-0.1351164699959371,-0.07350424552993882,-0.05864465718309522,-0.19838757159544748,-0.23663334542968145,-0.07913030426733536,-0.17625807542809147,-0.41455778752080513,-0.10018207949626802,-0.1343234446726898,-0.5406664050098648,-0.11738338046789246,-0.1917734706973897,-0.5017129559474153,0.005959822114925364,-0.22969265883589624,-0.711010800757838,-0.026901575328292918,-0.2476710676161284,-0.8505691103410286,-0.0632077643753323,-0.25321275387742326,-0.9628753875184387,-0.09283962944032355,-0.0973978233370654,-0.5314577458368894,0.006175633767887819,-0.0918902742467338,-0.7523213520955694,-0.061241884567400054,-0.09273521785912725,-0.7141566979762913,-0.11519057105698481,-0.08806517556906765,-0.6228757284507751,-0.13626875328668714,-0.010810819779932519,-0.5262210853001108,-0.002347851644082346,0.0014946373071337581,-0.7179895329191869,-0.058362957968166415,-0.016003459812696654,-0.6966878403792136,-0.09347478710218889,-0.0182044880701223,-0.6120623071877919,-0.10294469551683101,0.07663409699470297,-0.48950308683770044,-0.017257671463845044,0.08839721329587205,-0.6474991024363106,-0.0528356770396224,0.059420187423037944,-0.6745723186560564,-0.07386146692894671,0.03486506557881244,-0.6372201210509834,-0.08178004139600124
0.0,0.0,0.0,-0.1366493066947974,-0.07360590865426772,-0.06047441741531266,-0.200805093551793,-0.23426710299042217,-0.08353463511543,-0.1774686963111176,-0.41438755660490767,-0.10666466196466287,-0.1333390519750401,-0.5458313710468907,-0.12614961780231249,-0.19004902812580218,-0.5097148587413325,0.0059995763391220615,-0.22900761039593465,-0.7206871250362752,-0.027221013356327463,-0.24855968112322246,-0.8564636186803435,-0.062126124293505336,-0.25888916900438863,-0.9617007718415274,-0.0894156139825982,-0.0939061850630479,-0.5401018031859867,0.006510774735418488,-0.08781736306892572,-0.7627616808153527,-0.06508834331443245,-0.08324904432995525,-0.7191342802785553,-0.12029458565225543,-0.07552957676002886,-0.6211365414481484,-0.1394218354632663,-0.004887169831847516,-0.5360564569053725,-0.001758947772308519,0.0061529594507801376,-0.7326904964064127,-0.06216392577001891,-0.003879801040518263,-0.702383429804587,-0.09603162301022367,-0.0018614072836462053,-0.6131094748159218,-0.10183118089412944,0.08143339485646338,-0.4986663099472005,-0.015792609319553924,0.08963224024221911,-0.6582561336519304,-0.05113599302539694,0.060707992873932665,-0.6989514471368041,-0.06924261908947005,0.0347863127052604,-0.6821136642722114,-0.0740161313042827
0.0,0.0,0.0,-0.12965738245043043,-0.07309779060200519,-0.05993464876323436,-0.1909616653143053,-0.2303580792979412,-0.0827034367451254,-0.1668395170208551,-0.4082641695230083,-0.10476843852121728,-0.12580733360140672,-0.5369852956306278,-0.12310417247004539,-0.190196658395194,-0.5056196743943491,0.0025490885265723497,-0.22993811967507954,-0.7152555498313846,-0.030053793567094592,-0.24889048514483664,-0.8536157954179897,-0.06589083964616915,-0.2572164901334943,-0.9616459390068657,-0.09480747030329653,-0.09312343521124591,-0.5351908562965055,0.003727022360753388,-0.08786616198423641,-0.7537171827447233,-0.06333091582770865,-0.07889759014696815,-0.7233749156317324,-0.11792450394270904,-0.06792235352234641,-0.6376421743845692,-0.13948312233453936,-0.0045117935157374875,-0.5278005185448646,-0.003457892176907505,0.009146088635470957,-0.7214847753690996,-0.06060636129183516,0.0030835069046874705,-0.7054611673984823,-0.09490891660220989,0.0062994149019393285,-0.6251611240018545,-0.10350460523071667,0.08207184779484515,-0.4872844808414428,-0.016462706095279805,0.09192840295226845,-0.6429326397734636,-0.05255779113289684,0.06940627331405785,-0.6801899060564218,-0.07167826573711986,0.04926462609353886,-0.6592741096916037,-0.07784743298736208
0.0,0.0,0.0,-0.12554179653083147,-0.07472738115922498,-0.06562877050069395,-0.18455357810728495,-0.2348884239246704,-0.09154926956010513,-0.16126224555148616,-0.4156029823845744,-0.11545568317480123,-0.11910769142469457,-0.54877510844707,-0.13544156321539572,-0.19153315602305332,-0.5039933627617921,-0.001771934728914739,-0.2323973890799864,-0.712363640323951,-0.0357171693266666,-0.25101451203378244,-0.8521216201712496,-0.07339089742992451,-0.258755316105468,-0.9602658924384873,-0.1039388883532939,-0.0945677554944725,-0.5351289222130609,0.0019336856725125856,-0.0919003361965023,-0.7550025770472627,-0.06486861856247308,-0.07704474918136837,-0.7311266600689565,-0.12199035743792726,-0.06323151744269027,-0.6520735219859182,-0.14624304452623382,-0.006918426275223156,-0.5285994514378373,-0.0030040964398586685,0.007728193782754461,-0.723899784408434,-0.05994733435516321,0.006889410750114455,-0.7140825079516716,-0.0964861606880785,0.010501202736401306,-0.6386344062000509,-0.10763430891095871,0.07797979465502183,-0.4885369360413444,-0.014157384333529493,0.0878324838066492,-0.642652590911474,-0.05075534623089775,0.07211912723674323,-0.6800668341794509,-0.07127107354812467,0.056324098121887815,-0.6608167925997643,-0.07888729822226119
0.0,0.0,0.0,-0.11900993191990084,-0.07312275303188728,-0.06776636393220875,-0.17287654541580127,-0.24021500059579737,-0.09286566958451073,-0.14416465424172967,-0.42222094150944633,-0.11511850301102639,-0.095759281837896,-0.5493740792594233,-0.13332021149878082,-0.18842093018609984,-0.5073671080654101,-0.0010363693374248288,-0.22854728456101375,-0.7157427072276743,-0.03197522705998771,-0.2454407277595431,-0.8562411937602822,-0.06788918160344669,-0.25235051995167823,-0.9626047524009324,-0.09778026687349665,-0.0918500952321071,-0.5396661878187601,0.0050093942171146755,-0.09161670150819226,-0.7559763682110563,-0.05879791809370069,-0.06782743289962209,-0.7310518763041535,-0.11500784349912599,-0.04857381271872396,-0.6545958395417751,-0.13905832942661187,-0.004836126485710547,-0.53393661171457,0.0023511954262944775,0.0075555011194518296,-0.728280860322071,-0.05355376435997384,0.015458520180172533,-0.7145803960922061,-0.09019642828353382,0.024238257648465586,-0.6402216480151985,-0.10166277347012828,0.0802285581529758,-0.49638181302529716,-0.006528397347412892,0.08828752038876567,-0.64877922533494,-0.04329427024941156,0.08071852656192272,-0.6786979906836603,-0.06401794403577085,0.07266126229032333,-0.6575521425138176,-0.07177659594368935
0.0,0.0,0.0,-0.1133682100041547,-0.07646962494182574,-0.06817023750868104,-0.16158900667810977,-0.24844592527408074,-0.09291284801237307,-0.12682095165662607,-0.42866717018483935,-0.11475678298982778,-0.07118215228125724,-0.5471133111312911,-0.1327289838837013,-0.18485681514678032,-0.513690246541231,0.0006063194968205745,-0.22225682160038907,-0.7219155320841439,-0.026677542756113393,-0.23736549907849247,-0.8609951145717925,-0.06069639742333094,-0.24207631828793305,-0.9659238781595543,-0.09022951564130278,-0.08766694000284936,-0.5448206954246795,0.007804760216660667,-0.08551317634633715,-0.7526333887437728,-0.0507711483040932,-0.05287508992694782,-0.7257259927581956,-0.10538655906145393,-0.02765293925685764,-0.6553629381932722,-0.1300629193711515,-0.0011177655671670888,-0.5384736869217348,0.006315892586843395,0.010567437055036969,-0.7259009744393603,-0.04568492017748183,0.028783996448297117,-0.710937340873742,-0.08174347549387309,0.044126812852580535,-0.6399442665052433,-0.09445121577964335,0.08364581932296807,-0.5018629173663194,-0.001538881251350893,0.09041781869943083,-0.6550911329367505,-0.03568860706733309,0.09218203438083825,-0.6758631575056799,-0.05504544242176322,0.0922179796917306,-0.6482504487993584,-0.06286170242939557
0.0,0.0,0.0,-0.10894631179871656,-0.08142110100707678,-0.06891025485158364,-0.1534618889833036,-0.2559963214448434,-0.09388060860024366,-0.11593784186017426,-0.43483849017296683,-0.11571916054292317,-0.05754324954494004,-0.5518778450163512,-0.13369815434346027,-0.18104568350624453,-0.5194438942967904,0.002015919812863994,-0.21691040224548458,-0.7273095445443354,-0.02295054645739132,-0.23115013674618734,-0.8649640777037952,-0.05585026743871087,-0.23497958261821264,-0.9681612374913664,-0.08510216630837521,-0.08399073483092162,-0.548849166826358,0.010542266573387263,-0.08082027538871134,-0.7499225250608643,-0.04424642580135879,-0.043822436511044865,-0.7233417719956567,-0.09786855389803042,-0.015479788112608467,-0.65760210666667,-0.12316157329051355,0.0014999350848490566,-0.5409385319616193,0.010300111516923872,0.013027334777160388,-0.7240666022878812,-0.03795809728201964,0.03652047974946109,-0.7123134726579933,-0.07360183822619376,0.055885847045225354,-0.6456605394541644,-0.08759438027673125,0.08553412611932126,-0.5033334955367808,0.0034853527355509085,0.09215519859395577,-0.6557676235326546,-0.0280528611556808,0.09899869573210457,-0.6756532697990727,-0.046836756527699856,0.10359324429389592,-0.648786731060399,-0.05517626614791181
0.0,0.0,0.0,-0.1067903486053638,-0.08206076522579814,-0.06886303245528352,-0.15079271049980944,-0.25938557820435126,-0.09267346742843552,-0.11030610711395838,-0.4376762832456823,-0.11361494277711695,-0.04943460645952391,-0.5523364894844147,-0.13093748521771392,-0.17755806083620962,-0.5188908287918108,0.002294268885224435,-0.21370892153660376,-0.7288627199912592,-0.02061430179422244,-0.22681220728786913,-0.8658369690959986,-0.05307525436117913,-0.22938865880379938,-0.9697203911378542,-0.08295720799047279,-0.08116638561275198,-0.5478511288348082,0.010738447073572674,-0.0788117772434058,-0.7489092757923759,-0.042389188967189816,-0.04049904355242764,-0.7260100893349339,-0.09835571029492274,-0.011255228789569175,-0.6608693486779681,-0.12699839071972244,0.0034146538424200817,-0.5389097064536752,0.010643209640269243,0.014010203401861418,-0.7224745630776052,-0.03744133792015498,0.03904271961699127,-0.7138267726431125,-0.07812602078747563,0.05920420716406391,-0.6431371240299988,-0.09657772446081289,0.08716489472048344,-0.5017355887049728,0.004109285788535006,0.0940285311492565,-0.6562103184721466,-0.02912211120223393,0.10257388610862038,-0.6745885380167491,-0.05177655829747442,0.1083851066868181,-0.6387768280469981,-0.06362770490644701
0.0,0.0,0.0,-0.10501982987197017,-0.08509121482907175,-0.06994422442342735,-0.1457393813565312,-0.26259068356511267,-0.09326808275735872,-0.10165464401469185,-0.4397206734057112,-0.11358890601732385,-0.038265727344762655,-0.5541642080559079,-0.13021259474290645,-0.17529821473395896,-0.5192291330418699,0.0030915603983901322,-0.21091064321631908,-0.7297462368599386,-0.020028912465133795,-0.22292066245354691,-0.8667266817402228,-0.052396951569663286,-0.2240186160166621,-0.9710822018007537,-0.08193056330589157,-0.07868378056664532,-0.549834714229311,0.012465720161814898,-0.07556026102993399,-0.7489762899866599,-0.0399817526789581,-0.035513142596666436,-0.7257991812102547,-0.09489178376583625,-0.005171071005216828,-0.6617620201593672,-0.12265532976213381,0.006190993218234604,-0.5421353274552008,0.012847618834966178,0.017382902480479585,-0.7228755923281779,-0.03551508101513619,0.04414769115243051,-0.7112753880464727,-0.0755976476110149,0.06563002464229009,-0.6402208312634419,-0.09308236455779863,0.08991390993632242,-0.5063732729137198,0.0066077164578715285,0.09713221808027082,-0.6608655898117965,-0.026739906182215483,0.10720306985951138,-0.6772017645662511,-0.04904679337211841,0.11427937707027527,-0.6401587662417534,-0.06027265166985643
0.0,0.0,0.0,-0.10212301560462106,-0.087919287315553,-0.07616383487428968,-0.13977853167686377,-0.26401753552536156,-0.10174978864813061,-0.09509866114195525,-0.44046960604854224,-0.12286850907803312,-0.03236150107023611,-0.5595677295472292,-0.13992190886592615,-0.17495869894051314,-0.5185094600712953,-0.0010051272208671635,-0.2105412430210881,-0.7300443974641997,-0.024439623107596307,-0.22238879575190362,-0.8670114070191708,-0.05817774125173677,-0.22251428729083378,-0.9708091400706745,-0.0889609034698158,-0.0775543296596588,-0.5477177335164594,0.011564670263344949,-0.07301318903330134,-0.7485131893369343,-0.042718246976450935,-0.03311469533047448,-0.7286661245165353,-0.10161841371498763,-0.0026112095809640366,-0.663398972952772,-0.13230150688024578,0.00738964610604226,-0.5387197478513137,0.014910662462058561,0.019524450437082376,-0.7205504495405268,-0.03451937543488663,0.04703983102345338,-0.7148820983640473,-0.07939679478777575,0.06929806039813874,-0.6437954448319658,-0.10041974847673563,0.09071501510989757,-0.5018025335652151,0.01134635584897316,0.09912439953293123,-0.6558505959780805,-0.023026710967754896,0.11027747405051389,-0.6762285806333576,-0.04859536580332663,0.11767916529769606,-0.6394291020686834,-0.062408787449318014
0.0,0.0,0.0,-0.10210941038156218,-0.09093147554900217,-0.07831164523971428,-0.13740164847113798,-0.26608017259756844,-0.10313852616713567,-0.0887417787301753,-0.4419812539023912,-0.12322698769674903,-0.02382510012460628,-0.5631454635564448,-0.13916739536705963,-0.17533406028927964,-0.5148195953727237,0.0012073673042085759,-0.21086766104405,-0.7290368163642104,-0.02221614360951061,-0.22171243287598677,-0.8662481928385675,-0.05516019821337173,-0.22015855954136299,-0.9717277804346853,-0.08485639311996532,-0.07669270941761923,-0.54628388401828,0.015310277312523443,-0.06849292859482911,-0.7475160793914637,-0.04154638134103484,-0.027818371933767773,-0.7158124457410884,-0.10048035558422361,0.002728619924448416,-0.6431328650085668,-0.1290555433328694,0.009466838255004039,-0.5402220350600953,0.019709432664863382,0.022148542285314883,-0.72194614951575,-0.032466447517931374,0.04959741624980116,-0.7053402822427539,-0.07668831728421546,0.07121858996529042,-0.6310847909184937,-0.09509450885748555,0.0928587819753398,-0.5066623078609457,0.01727250288055959,0.09979619816900898,-0.664095468669117,-0.017469441780432814,0.11096499488448583,-0.6811796766983269,-0.04162091792474036,0.11773660717723587,-0.6439786326736695,-0.053355947607885895
0.0,0.0,0.0,-0.09860094185852332,-0.09131679085351296,-0.08396521928951228,-0.1314032086061862,-0.26489017922561536,-0.11062757238029877,-0.07999416470271986,-0.4399460847926364,-0.13105574229393302,-0.015544383403499359,-0.5663251223373384,-0.14740799979654462,-0.1739658525127194,-0.5135043916578514,-0.004511561262801739,-0.2085068972479287,-0.7276902612690364,-0.028376918456770404,-0.21857326976802688,-0.8652431955868748,-0.062185540038803465,-0.21675912202833714,-0.9717401913804886,-0.09286262154829353,-0.07329890082709953,-0.5451521631079331,0.012408812685166677,-0.061983728085366195,-0.7473697962709016,-0.04512911621156246,-0.018450572231252887,-0.7109293897746325,-0.10509060887826335,0.012877325529826284,-0.6337066898683912,-0.13444441569938312,0.014095563451716652,-0.5384917743896284,0.01944417314067462,0.028669864934410563,-0.7194306882549253,-0.03373688486530019,0.058171154339289544,-0.699285843911956,-0.0786655763512503,0.07956971355926157,-0.6236458397218857,-0.0974548161936615,0.09707295514133571,-0.5032677228915575,0.019397329553133457,0.10533955035194136,-0.6651119915390724,-0.01631478470573685,0.11893871184025026,-0.6786411919085793,-0.0405542056561487,0.12574468117749787,-0.6371935515204784,-0.052292661317549866
0.0,0.0,0.0,-0.09677094200151162,-0.09738180545806509,-0.08751028760249924,-0.12682184137590752,-0.2724138241340598,-0.112273314186327,-0.0698251063295374,-0.44633852515012495,-0.12955943280290322,-0.0013720117220236503,-0.5690702347441463,-0.14263079906283022,-0.17258903781911822,-0.5139029206273604,-0.0012732287594311629,-0.206546243676744,-0.72743914074955,-0.02178431957359728,-0.21748836524120113,-0.8654764710294106,-0.05437109208023096,-0.21649075108700822,-0.9725538496361675,-0.08452191625815593,-0.07050778969981367,-0.5431578121177414,0.019170795819738764,-0.05596171089594936,-0.7463938877502003,-0.035685532633286506,-0.011122450507537391,-0.7145793698804694,-0.09656921315422863,0.02330815399772935,-0.6396820919929784,-0.12671074483884867,0.016723865548003848,-0.5338678671741102,0.029351221999603976,0.0351354719493649,-0.7132162033273883,-0.02270869919433168,0.06471672431269102,-0.6966922404727072,-0.07119467263894423,0.08843507866540352,-0.6236432500879949,-0.09223606782552973,0.09815882576248255,-0.49670677593349666,0.03235378508094792,0.10988087183932913,-0.6576260239334825,-0.0031492515541961955,0.12271556250101917,-0.6772987051991262,-0.030151600810021363,0.1302855819432509,-0.6419143130890415,-0.043939619345134046
0.0,0.0,0.0,-0.08800587864260616,-0.10799673271108087,-0.09897522026083862,-0.10860047562420025,-0.2818493266537856,-0.12725663921055907,-0.043966880407210716,-0.4493305382801128,-0.1455103394584349,0.024490429575369954,-0.5760061768503937,-0.15927295935825536,-0.16526262700317307,-0.5140780095088908,-0.0073935472155360555,-0.19549040376088705,-0.727012239705968,-0.02699252719123755,-0.20462246886371743,-0.8661466146065719,-0.06163933720981705,-0.20258636470881955,-0.9745465897846165,-0.094150379370596,-0.06092909738394724,-0.5359157795361869,0.019199311351866113,-0.04054341716078241,-0.7355362593698962,-0.03571265381045839,0.008635067822808602,-0.7132408345072492,-0.10250199633506021,0.04602872860298422,-0.6469239865413228,-0.13829802084588722,0.027723425619659393,-0.5199801014505929,0.03479062808439518,0.053415634349458035,-0.6928156094936796,-0.018395996252340535,0.08761341388985558,-0.6861525982340038,-0.07608988172301213,0.11281227856445422,-0.6216691123500997,-0.10438659438436634,0.10827337909156654,-0.478213434349975,0.04271181897253366,0.12727655632804435,-0.6331316301127727,0.005395972725879767,0.14281999395135425,-0.6576999002142796,-0.02803484056729236,0.1506179258571213,-0.6300020414724302,-0.04752025493045662
0.0,0.0,0.0,-0.08522084782574849,-0.11142179085126798,-0.10728434230504455,-0.10463967566492977,-0.28937301366014934,-0.1376339144272457,-0.037848246461010315,-0.45472900207046923,-0.15668650990117133,0.033177776130113246,-0.5798194532661847,-0.17125938126826296,-0.16277358540573872,-0.514376663810024,-0.010189257208457163,-0.19424154101070104,-0.7272684265467926,-0.02964546029425265,-0.20166702813284798,-0.8679377508099175,-0.065854858322493,-0.1985253828757324,-0.9748931709126387,-0.09973215210907319,-0.05855031313571951,-0.5317410516932686,0.020256194635539265,-0.03768112532646412,-0.7334707357804348,-0.03705848121230789,0.015182637487924354,-0.7183082001328558,-0.11019957884276096,0.05545136364879343,-0.6521454794257243,-0.15054794490948192,0.029563730553124598,-0.513427008655507,0.039069386128613166,0.05809761538203197,-0.6895049244123745,-0.01853948569247784,0.09530500560612501,-0.6901631700604252,-0.08662192660776111,0.12268864365722089,-0.6227659133111162,-0.1211772122122898,0.10825876655706448,-0.47257016017661774,0.0500176077462089,0.1307083995742811,-0.6284176135594567,0.006905549877557372,0.15074271389849325,-0.6583364098597175,-0.03489156927428573,0.16364017761648972,-0.6295702591876968,-0.05987819826545791
0.0,0.0,0.0,-0.08206019054822053,-0.11176068824268219,-0.12077511741048604,-0.09741219739093748,-0.2846078861432173,-0.15693014093272267,-0.026449038354418575,-0.4450691686717979,-0.17965212505638023,0.04844558307507655,-0.57415673468992,-0.19803553031180546,-0.16123222522646014,-0.5124942488718888,-0.018174365192223374,-0.19403712867495088,-0.7237699775983264,-0.038490406674309655,-0.20118293708059093,-0.8660509342000167,-0.07821160954643572,-0.19784943060198829,-0.9732368785479575,-0.11535230360602768,-0.05444285589776629,-0.5280966967831779,0.01706273477229864,-0.0304064840453848,-0.7304790075516401,-0.04376562574660474,0.024367749988144668,-0.7220910237047764,-0.12690054484295749,0.06521822700205557,-0.6570268150307546,-0.17495450127970286,0.03481049150527833,-0.509332478792069,0.03979248502481203,0.0671820968766105,-0.6830683964190112,-0.021080340797817086,0.10761874313846834,-0.6906372340334973,-0.10151106836688155,0.13580101706134295,-0.6265837227561601,-0.14495125737307735,0.1131520934372922,-0.4693040488889438,0.05405255714837612,0.13844557815199648,-0.6199577786984227,0.00990869597397396,0.15926308059348576,-0.6572335562313143,-0.03915947583063005,0.1726645956614617,-0.6368254188349036,-0.07083536874066398
0.0,0.0,0.0,-0.0808673567352208,-0.1133303882314729,-0.1302466290218242,-0.09283875793434615,-0.28607533906870325,-0.16716357780356583,-0.02127507052011092,-0.44527193464221093,-0.18869844294594668,0.054473638463416435,-0.5745761237785185,-0.2054442676959204,-0.16084073555466505,-0.5114241320465096,-0.018430578131605764,-0.19430030320314845,-0.7230129209962479,-0.037535897431883736,-0.2015044333290839,-0.8661802269704435,-0.07834298670479328,-0.1965159994993104,-0.9733868705425794,-0.11711044803699815,-0.05268280916334746,-0.5243489153051974,0.02084761684008593,-0.029778884867556813,-0.7259844283782397,-0.04253494653266782,0.026766635921468048,-0.7239953537763467,-0.13253510296939486,0.07126550332168913,-0.6608560420995508,-0.18551670132961035,0.03721724213142745,-0.5044566380510376,0.04645334538138146,0.07065107136511978,-0.6774750235132518,-0.019941428872928303,0.11458711926274928,-0.6921146550669317,-0.11248915929356385,0.14668207712508768,-0.6309434124199265,-0.16364493197931984,0.11583381001932336,-0.46615200811922064,0.06326967727750499,0.1404695935386271,-0.6127103462319061,0.011288935607597495,0.16472985959287878,-0.649645083630125,-0.04807233681825682,0.18271232165163737,-0.6288379921992681,-0.08683121912123917
0.0,0.0,0.0,-0.07712794785236443,-0.11755111985452421,-0.13486536867570037,-0.08525864698007521,-0.28787877432383263,-0.1696983799745674,-0.010044210841195845,-0.4450743054079562,-0.18789639894936933,0.06262771142055651,-0.5761422233125122,-0.20041552425657616,-0.15996429695469863,-0.5067771083649881,-0.020252096244888475,-0.19588161517667174,-0.718636137717197,-0.04045051711536693,-0.2039410785731799,-0.863018850959961,-0.08174735436859963,-0.1983445992858388,-0.9726633245470155,-0.12032851363968139,-0.051335863069064555,-0.5210708936925238,0.02177204848957777,-0.029449824554126047,-0.7242227250212032,-0.04184814113850677,0.031135997194540313,-0.7199356308148053,-0.13226548379866804,0.07834423743434751,-0.6563625607415668,-0.1852361337183841,0.03838305529274563,-0.5022384166154945,0.04929274680994604,0.07272831976235292,-0.6762957174864286,-0.020095946019330586,0.12017916149222715,-0.6859637207471203,-0.11534944766510308,0.15306865670899414,-0.6212327179810548,-0.16687657359776223,0.11715922166744194,-0.4648170120972756,0.06772839630659844,0.14409115444333648,-0.6157604202054742,0.012139942079792266,0.17165903325792342,-0.6461572563568905,-0.04968679321423873,0.18978883574282948,-0.6133709835406116,-0.08919161462515204
0.0,0.0,0.0,-0.0789124592629998,-0.11120022327527268,-0.140212336017282,-0.08541434500533376,-0.281694575166232,-0.17767520396396397,-0.005049341926325336,-0.43756877725815885,-0.1974130776216919,0.06851023580784524,-0.5656443588918665,-0.21146139866771804,-0.1622975648036108,-0.5031305264144579,-0.029634510473113402,-0.2012266140768355,-0.7148304774545311,-0.05156660837970183,-0.2110016197224339,-0.8598437446383962,-0.09261198013891833,-0.2073460183120948,-0.9693986445584598,-0.13048308228921188,-0.05458631411229553,-0.5205895130448712,0.014370455244383335,-0.03442215414832213,-0.7286700291569649,-0.05069392886838008,0.02987132649374159,-0.7190320996156878,-0.14009773015370888,0.07967470295516671,-0.6484095649340573,-0.19120913744456097,0.035061090352265484,-0.5047986653519221,0.04394464813914899,0.06696478125620993,-0.6826361332941989,-0.025791175072400217,0.1180736582980661,-0.6833746602817687,-0.11854374297330966,0.15297263156781676,-0.6138442229398411,-0.16747557918542427,0.11372222409048338,-0.46863836635117506,0.0639828576797304,0.14029609818498562,-0.6241746745663646,0.010072598687787808,0.16949734762167473,-0.6541722425755321,-0.04917131792722576,0.18811068007301082,-0.6204159694962619,-0.08661074841526589
0.0,0.0,0.0,-0.07497206366427736,-0.11371500606928986,-0.15072328564382964,-0.07922584349130685,-0.28866899601975815,-0.18742999364918517,0.0030035270792930714,-0.44823700701961755,-0.20366776198348363,0.07650779302670652,-0.5848109038689391,-0.21315499018951078,-0.16839842682518807,-0.4996871408441126,-0.03307734886052852,-0.21005496300527543,-0.7114156802145752,-0.05509104086526151,-0.2214689374984175,-0.8569579673524369,-0.09521685394889035,-0.21773749889505173,-0.9669949917966671,-0.13142446451089052,-0.06215533998973636,-0.5170010298467049,0.017009137794505306,-0.03988817038141557,-0.7288356281037884,-0.048371598850383016,0.03235945338890454,-0.7212052426008178,-0.13797564711643842,0.0908979797252652,-0.6514228695339013,-0.18771934484927683,0.027734420328689682,-0.5026746447844115,0.051236048493910974,0.06058865006823237,-0.6838605391876671,-0.02257075427288916,0.11724819233408543,-0.679192208029626,-0.11888118970877115,0.1556923645182639,-0.6113894987492963,-0.1678905965598404,0.10623878493561514,-0.46964872913245753,0.07547544153426128,0.1354331182386918,-0.6284162742354399,0.017691958448629957,0.16743836712157367,-0.6535790955393558,-0.04378528762818917,0.18617195627871586,-0.6153043355223489,-0.08137073335245337
0.0,0.0,0.0,-0.07345532010851877,-0.11370402846848503,-0.1602264075600327,-0.07809226735214984,-0.2894643564125706,-0.2002409303789719,0.0026305558828463335,-0.45171876509686754,-0.21856388685885048,0.07415585267724448,-0.5949433935664942,-0.23001780881457157,-0.17354464439941952,-0.49541162034106634,-0.03721070635515458,-0.21878267107223592,-0.7066416259372349,-0.06064300069314694,-0.23292494154794413,-0.8527366199943534,-0.10285804696415968,-0.23096993202942892,-0.9625397369849777,-0.14061104711113104,-0.06846548825682239,-0.5139120367921652,0.016727589292645118,-0.047368299716233395,-0.7259660199640184,-0.052492651702339486,0.02884390392772823,-0.7226071639992726,-0.1471065928295423,0.09161613202592694,-0.654203035720752,-0.1996629702318224,0.021492959131690897,-0.5017618489822333,0.05392523533531027,0.05359734049049874,-0.6839239180196763,-0.024340499426838212,0.11414912639176425,-0.6803250658541852,-0.12637237622262354,0.15609475265548742,-0.6115565648844895,-0.17820746541713106,0.09976186836703485,-0.4717120842783766,0.08051119977873336,0.1286623255179856,-0.63161321874596,0.01918116169196153,0.1628045308463139,-0.6543075664663753,-0.04600104503985797,0.18380374509141673,-0.6114272344586578,-0.08577841811525364
0.0,0.0,0.0,-0.07119495261288149,-0.11357050072175474,-0.1539191753141123,-0.07681354283457853,-0.28891124045174144,-0.1927358395390213,0.0024164802547627902,-0.45440970212603804,-0.21133084032592314,0.0726083948732979,-0.5978460520054989,-0.22355842203304732,-0.17630239410594417,-0.4947450584876417,-0.03517677593498542,-0.2270672347569197,-0.7049015350164429,-0.0575636133606382,-0.2446734105930818,-0.8494075464113167,-0.09862017555127173,-0.2445403844449548,-0.9598827598290843,-0.13568441326944725,-0.07193227535634861,-0.5191229979004099,0.01652190680434867,-0.05387430613156298,-0.7297020260885219,-0.04963045626420316,0.022967774237041074,-0.7284414848481613,-0.14132349393388513,0.08769279061877394,-0.6658041247905727,-0.19272578816050318,0.017606191999504896,-0.5086538413156663,0.05233604177306184,0.04925184464682562,-0.6888447291582944,-0.022457678869789145,0.1105790893742721,-0.687425015342072,-0.12122299808827336,0.15573463229683204,-0.6196314127644496,-0.17175592539529272,0.09591475470209604,-0.4774893965409074,0.0779793428507911,0.12405437284949769,-0.640036153519355,0.018912886484685816,0.15918082134215433,-0.6622324526647057,-0.04396156753261435,0.18301316038522675,-0.6181302429573661,-0.08227504206910125
0.0,0.0,0.0,-0.06851070782054346,-0.11179562485288089,-0.15712300079731528,-0.07372559258661396,-0.2861909263110499,-0.19559056854014517,0.0042625661828487975,-0.454441874969902,-0.21254288376218006,0.07357343978616104,-0.6003792024709211,-0.22263819698467957,-0.1812125023417559,-0.4908215078405067,-0.039904303641922725,-0.23542070281833216,-0.7011146265351696,-0.0633566856858776,-0.25477681368646055,-0.8459721316277797,-0.10441212017127646,-0.25406275455417043,-0.9566842546512281,-0.14096506148768623,-0.07714052593228302,-0.5186584390317097,0.013902316729415968,-0.060664486955972,-0.7293281537494849,-0.05277358244196892,0.018802750803491156,-0.7302208341775873,-0.14379479412344115,0.08720735028725865,-0.6687566051755538,-0.19423104808945627,0.012943288670676515,-0.51061231867332,0.05158012174864303,0.04350227449275572,-0.6900835858636751,-0.024351042655364877,0.10652671810908829,-0.687782562153127,-0.1235991181044577,0.15309583295926088,-0.6212215397440688,-0.1739563376255787,0.09194298719447712,-0.48114471085426563,0.0789286919779345,0.12028371516678776,-0.6440426342980384,0.01815173703662863,0.15673656847420714,-0.6643291254785935,-0.045584949951981424,0.1813494753568769,-0.6176253506798175,-0.08396137294281693
0.0,0.0,0.0,-0.06567163968367426,-0.11313602937576056,-0.15886371658453502,-0.07275604928946519,-0.286902504327264,-0.19835296303993816,0.0006897411849505679,-0.45825331779959444,-0.2167006623058758,0.06644064720399202,-0.608911280369267,-0.22797045634541513,-0.19110926962400937,-0.48645006094006404,-0.03927882796933674,-0.251949270601562,-0.6953294084213788,-0.06513953378011891,-0.2733795040776818,-0.8399368327471894,-0.10832366855063555,-0.2719416194267123,-0.9508719054678725,-0.14609093298171902,-0.08777601221379391,-0.5179883559378826,0.014649108213058247,-0.07467252221683879,-0.7268042160672087,-0.05804101304090076,0.007911525568773203,-0.7285098076244014,-0.1543279378648766,0.07978427221698328,-0.6672934443502957,-0.20704294704202963,0.0029098387911634495,-0.5135724345598887,0.052297788630397773,0.0314325649573548,-0.6922389738123227,-0.02883710781751223,0.09815477467460104,-0.6908692218568456,-0.1328162569468183,0.1484069307224687,-0.6229838699261401,-0.18482083316561784,0.08211296217734418,-0.4865488530731071,0.07974337070369378,0.10896809753515657,-0.6483807673045772,0.01563205681500957,0.14776526321637973,-0.6680937111405136,-0.05120265379176275,0.17524272361695703,-0.6183999564848998,-0.0909448159194125
0.0,0.0,0.0,-0.06560424471437865,-0.10909415716375859,-0.16107099449653534,-0.07399001741316766,-0.2830901631462651,-0.2011232871452462,-0.0013348950009017062,-0.45402962737383556,-0.21947509566238182,0.06281535070554004,-0.6054546637268825,-0.2309047344829354,-0.19703936259009527,-0.4818053116540941,-0.04167636400062623,-0.26032569897346625,-0.6907131579694645,-0.06753839986093446,-0.2844861137684355,-0.8350832019180607,-0.11114768430611907,-0.2853100851891385,-0.9464632419832336,-0.14940693310084002,-0.09344449144672744,-0.5141544004735117,0.012945190498464446,-0.0805007683739126,-0.7260702630501676,-0.06085119487487791,0.004250427449233333,-0.7323512980609136,-0.15860956550938426,0.07800942800501037,-0.6738224516413064,-0.21226485053059738,-0.0029937438166933246,-0.5109520979254436,0.051166483079690905,0.02686798456703593,-0.6910612286774815,-0.03155849865473338,0.09641759939964009,-0.6931878709585928,-0.13776364953627013,0.1484160142031184,-0.6277783998068315,-0.19109401832561643,0.07667159207051541,-0.4862723952765323,0.07915938636116701,0.10244526451498528,-0.6484510072012518,0.013405880557499548,0.14329754036947262,-0.6665649835652159,-0.05464279422379452,0.17254040172597923,-0.6153903820505593,-0.09530003417323449
0.0,0.0,0.0,-0.06743180560358114,-0.10794149592550098,-0.15432896554624342,-0.07683653308545499,-0.28241724565528237,-0.19140830260284747,-0.0052458051803636555,-0.4550588856297899,-0.20759893183573125,0.05608594672808474,-0.6036971093632009,-0.2169912028287525,-0.20030858149458017,-0.4827829084216074,-0.03839667545952667,-0.26596705276161137,-0.6912522891300901,-0.06191037698431302,-0.2916682726301464,-0.8336133089565674,-0.1027627818154547,-0.29470094900488875,-0.9451696177747849,-0.13917492951004856,-0.09720690713783117,-0.5191985910298609,0.013766059414654374,-0.08805415630355862,-0.7315543920414365,-0.05597686165957526,-0.003928942342806649,-0.7355954196003366,-0.1490672256850013,0.06885811093508432,-0.6774024312503923,-0.1998939189019596,-0.007212480552531632,-0.5178914439177638,0.050218045123337766,0.020958355534104342,-0.6983895637850484,-0.02896463909188817,0.09035678905875516,-0.6987009611276105,-0.13043431213560724,0.1421307030083448,-0.6333927015741163,-0.18113283413245868,0.073424889905532,-0.4927717302229627,0.07691722381111116,0.09671350950903145,-0.6550727668050284,0.014019622502641849,0.13707629796473136,-0.6731623456103225,-0.050549791119755355,0.1657496365957455,-0.623424816134927,-0.08886713990186215
0.0,0.0,0.0,-0.06846551717270385,-0.10833543250994332,-0.14947470299966853,-0.08173889776687937,-0.2803734877873006,-0.18667623946702377,-0.011757678705425888,-0.4550117925410622,-0.20400596128126505,0.04926105219729555,-0.6034486910370706,-0.21485403764631483,-0.204291132435931,-0.48201431942743145,-0.03806850807205145,-0.27171623844195275,-0.6891673904164335,-0.06148547128883938,-0.2988761090455422,-0.8308046286832992,-0.10071336167923267,-0.3036437716556041,-0.9428842292839646,-0.1358510327214591,-0.10129093086075769,-0.5220064846205678,0.011730595086137913,-0.09396217203833614,-0.7310810033403533,-0.056280786930010214,-0.011254398338121103,-0.7318747544528303,-0.14542154279031133,0.06168442379529353,-0.6743446726139306,-0.19371322636066335,-0.010268261332320821,-0.5218080927315545,0.04635404800465562,0.015465680031436339,-0.6988776736741814,-0.030260776582100104,0.08306930177317592,-0.6994886947178043,-0.1268662993651452,0.13602148730465968,-0.6368349272140378,-0.17487504194638115,0.07113412215563084,-0.496064430061012,0.07152284500003803,0.0911476774008731,-0.6559246995658657,0.01233198662208759,0.12825019800374884,-0.675949052359336,-0.048094924751115514,0.1562141762689805,-0.6309191401502231,-0.08390437053021532
0.0,0.0,0.0,-0.07162515503116205,-0.1169261800697653,-0.145030392379421,-0.08394871122105299,-0.29605845357359706,-0.17758006594589376,-0.014185242526319837,-0.4716208293757419,-0.19076021445186536,0.04263879473688624,-0.6217599791251353,-0.19747627928190375,-0.20996479468166956,-0.4816323169129253,-0.028662324272602353,-0.27641913664144124,-0.68747708328822,-0.05143826439944739,-0.3027081497769464,-0.8308352843256737,-0.09113610032871533,-0.30779198451401946,-0.942868184081253,-0.12649845694639184,-0.10660285919786594,-0.5189635809278889,0.019464890808948705,-0.09917113299816269,-0.7333173002350377,-0.049792736928087396,-0.016131672485603977,-0.7331782637561721,-0.14132465895964808,0.05503153181692072,-0.6739324207119173,-0.19055339050585604,-0.015434451462102393,-0.5176591663306684,0.05252262137095755,0.00963807684492506,-0.700334079577458,-0.025631064404917074,0.07684267530007224,-0.7034367690109393,-0.12395833375206242,0.12827102285060046,-0.641646399225962,-0.17247045318617435,0.06631987986701562,-0.49008368610192854,0.07663307550210957,0.08531618281494066,-0.6529163135246261,0.016280548821522273,0.12374650309680883,-0.6778681697468558,-0.045201788798375706,0.15189342864169025,-0.6394827588817718,-0.0815187286316914
0.0,0.0,0.0,-0.07265948514779919,-0.11665601981317972,-0.14342484852947734,-0.08504747045927494,-0.2979209018309149,-0.17436985099543237,-0.015847717300829282,-0.47426344748152344,-0.18566133070305385,0.03899696160981381,-0.6252488619041292,-0.19063190801011642,-0.2108098004904822,-0.48253976666191256,-0.02910761833971412,-0.27870869474169435,-0.6875966710870117,-0.050264928711577284,-0.3051116546894136,-0.8313304697787811,-0.08832402240016968,-0.3104696647912255,-0.942617327804721,-0.12216479011887518,-0.10778237723738181,-0.5190306277514438,0.019314492159979435,-0.10062118798764916,-0.7329421747180778,-0.04727125510818961,-0.01955399272825433,-0.7338545669593894,-0.13634510995530352,0.05003320641747052,-0.674639088327199,-0.1839517425263827,-0.01659374130881071,-0.5170222108898499,0.0529818211134085,0.007836407393348899,-0.7007565284347592,-0.023371126320108293,0.07287945593044998,-0.704104462046426,-0.12039693175725241,0.12225568287918945,-0.6423041748154998,-0.16804732039936285,0.06489424433111479,-0.4887624757921353,0.07801562368156552,0.082729154827313,-0.6548922219280942,0.01885778212477101,0.1199228128697489,-0.6815085762784612,-0.041501444087714126,0.14668190899186945,-0.643981473592484,-0.07685658097977313
0.0,0.0,0.0,-0.08324394746297586,-0.11070629463474627,-0.12116190114336903,-0.10793218864930279,-0.28553345574018196,-0.15328208566991355,-0.048121244912651975,-0.4673189649522338,-0.1715634474544685,0.002391193075050785,-0.6198181413836604,-0.18482904968713432,-0.22150523610598621,-0.4830646703064388,-0.020485924596395776,-0.28450050740692984,-0.6871639254752813,-0.04662492323203584,-0.30658923012773964,-0.8301542469098429,-0.08643070756514729,-0.3113847899258366,-0.9425191161455253,-0.12089794872319107,-0.11726364056203079,-0.5262920977794646,0.014615146965980154,-0.11123595192782848,-0.7498316772218294,-0.05466621158103821,-0.041850841063848024,-0.7418200994649307,-0.13900969958065207,0.015063308644239269,-0.6799195770759336,-0.1832153386518466,-0.024827746062475602,-0.5291003261887844,0.03719248755947846,-0.006515902607870215,-0.7174936769478475,-0.03343781699335495,0.04762168562008529,-0.718483342212946,-0.11471020610350718,0.08844894284283614,-0.6564006562783864,-0.15371501477694244,0.058626634250677816,-0.500630672325565,0.05195259570915409,0.07242754376902716,-0.6654414159611749,0.003444215849200959,0.10024787277747133,-0.7088346849158904,-0.044565385384062864,0.1200952566281494,-0.6942879418138399,-0.07283237816396745
0.0,0.0,0.0,-0.09753324656902328,-0.10167692688998024,-0.10391609360230386,-0.13630317932975666,-0.27731775413551707,-0.1354019746038981,-0.09496072823673843,-0.4658605480787602,-0.15664968892605308,-0.04799724426479414,-0.617949261523591,-0.17326369109317818,-0.2303391089460778,-0.4894644885961176,-0.014686896196316754,-0.2905975840490197,-0.691285169391292,-0.043977575668312306,-0.30936426694120445,-0.8338983451133466,-0.0814444187518806,-0.31346667006935525,-0.9429287132961197,-0.11178596030275646,-0.12711160097616608,-0.535999359251393,0.010596844203216396,-0.12674844731813995,-0.7615138170155312,-0.06070680236158085,-0.06633696473479801,-0.7496144446155133,-0.1362586378288078,-0.017439071690963665,-0.6813714622437893,-0.17163789467494678,-0.032836544934172714,-0.5425615811251581,0.02486860014496714,-0.02364515080431578,-0.7357337949535363,-0.04358871346793197,0.021432346453804367,-0.7327653010921948,-0.10824999751635564,0.056769809443839005,-0.6677268384399075,-0.13486787361947966,0.05197556889474043,-0.5142441591188165,0.032237998001872714,0.05393920841519535,-0.6739478431760122,-0.009639036580661347,0.06737890223929771,-0.7325255241703164,-0.044825027945141,0.07685139750671414,-0.7392797962264823,-0.06315521359727133
0.0,0.0,0.0,-0.1036742353787813,-0.09675406100588554,-0.09245410422149941,-0.15189619612999672,-0.2699452243489665,-0.12283900756238667,-0.12521774417104015,-0.46280005066595997,-0.14567443693949603,-0.08788833016671246,-0.617882034058304,-0.16410486168993346,-0.2306061920355742,-0.4928762700563818,-0.006096045161193737,-0.28750955896583763,-0.6962839875738627,-0.03796465611609474,-0.3038102083673354,-0.8388314792776648,-0.07789396927413185,-0.3062835574086882,-0.9455636546026931,-0.1094148137037512,-0.13207749160680843,-0.5369285731495055,0.013853328115037103,-0.13665542263357178,-0.7649260413251919,-0.05614138972815267,-0.08588216234348583,-0.7606722827691527,-0.1301129081207198,-0.042338101881756074,-0.6967120192862634,-0.1653536266025089,-0.040354975682975525,-0.5425681332806471,0.02362249693942281,-0.034144572108221485,-0.7426962577335067,-0.040691285542132374,-0.0007768449772943883,-0.7445736548651778,-0.09905737793032014,0.028669811254773893,-0.6792661348534779,-0.12313252838534226,0.04483867832900247,-0.5128118776126604,0.02679940642934163,0.048735350006177174,-0.6654338580340022,-0.012649011190568493,0.054479632417275076,-0.7301369854054993,-0.04508015923591087,0.05849455541167485,-0.7447934850406721,-0.06172956133899936
0.0,0.0,0.0,-0.12255463977377656,-0.10345612245654959,-0.06814389203033433,-0.17487380884774925,-0.29016495014781063,-0.08819616654790705,-0.15428588790952388,-0.48392949411316283,-0.10673119252979661,-0.1185139307101765,-0.6318253567728376,-0.12159011265446845,-0.21056576378738354,-0.5140680704129477,0.020939209873824458,-0.2530270419756372,-0.714660806234377,-0.006828781242732838,-0.2670937074824008,-0.8522381667165746,-0.045741058644349616,-0.2701729737533889,-0.9583654888911476,-0.07733939709652896,-0.11561391384939476,-0.5455104706414644,0.0275576690778328,-0.11793941116710016,-0.7770500838637451,-0.03700670457243723,-0.10012593476080345,-0.7720423246117005,-0.10586584269868049,-0.08322360411014951,-0.7025158510275535,-0.13885148638602868,-0.029332176855571178,-0.54114375039036,0.024565801018838866,-0.02034434818627984,-0.7471055125842159,-0.03192851866549787,-0.021583108588332747,-0.7487618648597828,-0.08459279093289704,-0.016635107605567787,-0.6750251220538077,-0.10685509487000677,0.05403092334115781,-0.5029958695879456,0.015435876935286925,0.057926917606954856,-0.6604974362872811,-0.018860962692887985,0.04275124045220851,-0.711887806424718,-0.04784391407234437,0.0278770834472491,-0.7008502702903816,-0.06305700981606838
0.0,0.0,0.0,-0.1316984420917245,-0.10969794876107251,-0.055656536891334624,-0.18842046865543038,-0.30276721847242544,-0.07032677593477783,-0.17255086083538337,-0.4938320202275175,-0.08704710839211463,-0.14168956109348418,-0.638567944366033,-0.09996856421997984,-0.20178007653587837,-0.5288549788937174,0.038749347893214034,-0.23718200572409348,-0.7268655665446309,0.013702462270287354,-0.24859521837076837,-0.8596498693867936,-0.02480576085584233,-0.2503711034810007,-0.9653626104726174,-0.057070650815035394,-0.10844537646019023,-0.5517714369115296,0.03811632101264734,-0.10714616797333737,-0.784320141273807,-0.02386598813141251,-0.10569078682930137,-0.7772333259527496,-0.09176576548043097,-0.10378294485378348,-0.7059441737801416,-0.1251011398348554,-0.025068227614023622,-0.5424159403443436,0.027739283598345058,-0.012312747955512796,-0.7498520303625955,-0.024739672071553653,-0.03014285783522428,-0.7552764911875902,-0.07681434473903524,-0.03828951701332391,-0.6801581190975878,-0.10028177262955404,0.059387321806594714,-0.501682932709395,0.011475909044032276,0.06213454576917291,-0.660373828277192,-0.020130694397319404,0.03490706541973928,-0.7063812932029776,-0.04931791973046744,0.008878417338462403,-0.6852430960716195,-0.06601139103772832
0.0,0.0,0.0,-0.14082421046650298,-0.11225029201713871,-0.038245274512955146,-0.20630908847208806,-0.30882925578941,-0.04491090789486592,-0.19565420347257195,-0.49490009000720603,-0.05808863927600939,-0.16286258624250038,-0.6244132993434295,-0.06777328339639227,-0.1917799269328026,-0.532407445463617,0.05591799917941309,-0.21602442017875828,-0.7345840949179493,0.03758697848620435,-0.22560931035185872,-0.8627974190491955,0.0056553335539098575,-0.22713365569202487,-0.9721425106658004,-0.022677639840828396,-0.10535063397024218,-0.550192524326331,0.0475503616517407,-0.10709088568737019,-0.785169227060195,-0.007687554304094024,-0.11956223918580905,-0.78313547748455,-0.0666825990115113,-0.12471617506187195,-0.7181630462541568,-0.09391101309272352,-0.02730097261211667,-0.537235100346457,0.029918264633787876,-0.02126311714774644,-0.7509349666463838,-0.017645424889314188,-0.054962362889037414,-0.7527597044477297,-0.06298766671703002,-0.07352374146226348,-0.6768493773200007,-0.0814252189870347,0.054691562300060045,-0.49670720537303814,0.007278735998227932,0.0528604209048074,-0.6640863258756794,-0.02060654063501389,0.010194918746819895,-0.7037316641622451,-0.04567462388888051,-0.027905749069720976,-0.673146817607635,-0.059330048263725996
0.0,0.0,0.0,-0.14389785933223542,-0.11458538805906159,-0.03179523743190913,-0.21401569845054702,-0.3159427912380637,-0.03583211651351661,-0.2075931805333916,-0.5007798452608416,-0.04794018695856838,-0.17292163648888026,-0.6237065312905967,-0.05656469628952986,-0.18396666947219048,-0.5358404730040925,0.0609439110346899,-0.20442877887005434,-0.7384857953745778,0.0409342880066348,-0.21302513828877617,-0.8661741138253174,0.008321721859059626,-0.21371024411850448,-0.9758646164392074,-0.019927160473800828,-0.10171292732830804,-0.5502114157072671,0.04979339711406365,-0.10596541997212917,-0.7846677622770253,-0.007179200272571153,-0.1237825078140372,-0.7868505735835143,-0.06406825235278087,-0.13162463386615056,-0.7240988278032525,-0.0888386694514332,-0.026153068061207572,-0.5373510347099668,0.02949249014601478,-0.021153098866028074,-0.7521884065228004,-0.017719092607531614,-0.06138050391785709,-0.7561885431154632,-0.059126329384164164,-0.08517810445575127,-0.6826051976844898,-0.07429824153629784,0.054719136035995236,-0.49796366698629296,0.004301586510679664,0.05230439337324734,-0.6631834884720087,-0.022755557144643904,0.003735877945256875,-0.7021023421887798,-0.04560995057311223,-0.03991532117993246,-0.671429284073102,-0.05708476045025977
0.0,0.0,0.0,-0.1476616951486658,-0.11413581918288145,-0.023448023479842314,-0.23046922439531714,-0.2999025890257342,-0.028095547720902204,-0.24721596630093132,-0.48051375229137633,-0.04594220219384318,-0.21839338683274942,-0.6073887924613901,-0.06127179980016549,-0.1681245659861309,-0.5318543563698912,0.07870521534694631,-0.17701670232906247,-0.7363295811776587,0.06217970592038329,-0.18262842745052443,-0.8677848555193759,0.031929590201909865,-0.1852724847805699,-0.9815485603871252,0.003954495058306924,-0.0954746863980693,-0.5467504275011368,0.05980629165796536,-0.11244509603171085,-0.7689725859894223,0.0033307623392031614,-0.15552990514138348,-0.7770422450064182,-0.05202448005461572,-0.1869939925616011,-0.7219469809886124,-0.07664205702450877,-0.02812496936333682,-0.5362061033509655,0.030650634405405344,-0.04014316521620888,-0.7536776538203116,-0.022356345310698522,-0.10206513605224964,-0.7467108147182504,-0.06300052995612547,-0.14550062243988784,-0.6668356850355717,-0.0757068526576195,0.04480653945371449,-0.5024188393967323,-0.002838184249472795,0.027119936625034174,-0.6785956930735209,-0.03866817650276898,-0.0344517452972112,-0.7087804417216662,-0.06372148345468978,-0.08993366292471237,-0.6661253297988072,-0.0748057686302862
0.0,0.0,0.0,-0.15666503446182692,-0.11220977617519579,0.008434364931773042,-0.24493668281013056,-0.2901627871690341,0.014234582069730505,-0.28125628895740984,-0.4517797022561233,-0.001977489387082511,-0.27695354380884746,-0.5771329782599848,-0.018183510325876194,-0.14722189249435785,-0.5161742048670513,0.12008044065734513,-0.15139108590133846,-0.7338565328617485,0.12085349824250685,-0.15710016152788175,-0.8662435133702917,0.10170550963471985,-0.16409637907697058,-0.9793670781546115,0.08052994732562051,-0.08602811560544754,-0.5259737383887093,0.08367525751789465,-0.1254700116371662,-0.7462444373190102,0.040169170758668195,-0.19703209963278195,-0.743187717466955,-0.009865963546628685,-0.24428446555141173,-0.676485169280048,-0.030246598541384284,-0.03274232795949575,-0.5161910752080725,0.038774380542753686,-0.0700702437172207,-0.7285704331178335,-0.0006544821067227466,-0.1587032350556159,-0.7120702183060313,-0.03440583172009158,-0.21549940274977236,-0.6315300058379592,-0.04323645150844492,0.021967129002675216,-0.4862532317496282,-0.008460266580792936,-0.015455886992060349,-0.6579055238261471,-0.03163066019439575,-0.09053151817484424,-0.6886725652098133,-0.048602602861277336,-0.15087336642002258,-0.6533463160955759,-0.05449971829678571
0.0,0.0,0.0,-0.16957441518022892,-0.1115034536756058,0.06482727859215151,-0.25166702994115353,-0.26151558444564366,0.09189179285687447,-0.2974934045877228,-0.3997117726578535,0.08115624853091237,-0.3138744342578115,-0.5233486434524007,0.06532012024168507,-0.1364702339642857,-0.4880046376613596,0.20755436940754568,-0.13839996273868382,-0.7053432247975393,0.23583107162132158,-0.14482852191984624,-0.8404787231684333,0.22964856389979552,-0.15383654865230684,-0.9531499823595841,0.21360073871728408,-0.08350010469067902,-0.4995134953703998,0.14050997830030737,-0.15208098228403366,-0.7009343260953829,0.12091229697997763,-0.2417089690437946,-0.6882286511239094,0.07189769021589894,-0.2950443470528209,-0.6129966167295818,0.04797026219488851,-0.043179837490538976,-0.49577303854069565,0.06630831988361834,-0.11082004206102178,-0.6859866400115158,0.04217182344354496,-0.2133346900879109,-0.6583257225059218,0.004720311366456013,-0.27378378856483576,-0.5715621465121709,-0.010951384730766551,-0.006148854452697992,-0.47768021893706003,-0.0062596802628535324,-0.06957019234832616,-0.6255334393481415,-0.0209024586108322,-0.14950080092460785,-0.6370762164079392,-0.03749171548162225,-0.20663849488045194,-0.5913804299648222,-0.04617522619857142
0.0,0.0,0.0,-0.17195959678060246,-0.10797427596308962,0.10050006523117086,-0.25223338777681115,-0.2452459069925667,0.14027026177338875,-0.3052541415480956,-0.37113628699444917,0.13388731032798357,-0.34013216959852266,-0.4962951178696028,0.11956504573818046,-0.1183181218060523,-0.47587640790268243,0.2474733242593242,-0.11409794619195787,-0.6925330080340721,0.2875991450808071,-0.12113660462337272,-0.833817350087673,0.28854046595796057,-0.13336278432351265,-0.9435907695483128,0.2762414506996282,-0.06959582307503888,-0.48804359311568235,0.1618871138499016,-0.16319004850759483,-0.6755674948682305,0.1553213848348523,-0.26697720057782165,-0.6569049319675095,0.11227084636383491,-0.32809792069791194,-0.5786508675245051,0.08962483075772884,-0.03705525283853339,-0.4856805055605788,0.07050582763315322,-0.12934351623530985,-0.6640245774779889,0.053599394089457776,-0.24017812709948333,-0.6316672006840794,0.021070911787808504,-0.3050001163376584,-0.5462944112260207,0.006428125737958969,-0.011037531931988307,-0.47272301378535764,-0.016603131794643424,-0.09412067395865059,-0.6057914202740927,-0.029899202223490823,-0.18085432231256285,-0.6061765211983225,-0.043828542307782326,-0.24040807510327572,-0.5572994323796199,-0.051341839550408996
0.0,0.0,0.0,-0.17525073519126483,-0.09443844235649979,0.11194653071336302,-0.2596984303610582,-0.22284164079744773,0.1570742973528862,-0.32248679077023845,-0.34721047242597136,0.15789225392891507,-0.37009990055716224,-0.47073445396301283,0.14966485208393124,-0.09284403186586601,-0.46826683614270914,0.2510291046528698,-0.09459199359900489,-0.6863904666915439,0.3084866768488713,-0.1055527281509671,-0.8269999294743662,0.3233004952324794,-0.12185946188580823,-0.9337875643695328,0.3212015998677198,-0.050159653162491914,-0.47850129218224735,0.17147302484262728,-0.1796656064759639,-0.6444338196017894,0.19543524971436266,-0.2975816793340339,-0.6186457805170116,0.16961603533945005,-0.36303681943627375,-0.5466880748768745,0.15338386479394003,-0.034872675264409514,-0.47407363941938707,0.08842926737779075,-0.16147942380327054,-0.6306814474185902,0.09723748019105564,-0.2792049811027675,-0.5863819267093753,0.07187990022427597,-0.34422260506743696,-0.5043464242056906,0.056433909606345534,-0.030978442392261114,-0.4636512070120647,0.01133861516976842,-0.14226032138358027,-0.5722809735534119,0.01627755966526635,-0.23313846469438743,-0.5612622120966282,0.007795269938721067,-0.2927740691564533,-0.5109041442949804,0.001960069176339216
0.0,0.0,0.0,-0.18205109628939592,-0.08694467315074336,0.11271420644911131,-0.26989321407846534,-0.21006516454270502,0.1590054173704379,-0.33921115105448374,-0.33746017402022693,0.16040517359508036,-0.3951948160292402,-0.46577019346618304,0.1523307575859023,-0.08066964244112372,-0.46187569682396995,0.2630136764675373,-0.08557475571916034,-0.6784839403176919,0.3291701725225919,-0.09955758257537396,-0.818826928912354,0.34913129239294816,-0.11874596193181998,-0.9261782067821833,0.3495851928250612,-0.039300963584365745,-0.4774928150800949,0.1852160689905773,-0.19663774938125844,-0.6312416347621361,0.2186944973604848,-0.3252722709190024,-0.5952695600604969,0.19661283595762777,-0.3923448163413437,-0.5227566672583461,0.18161350660318945,-0.030587032467319215,-0.47556648904643756,0.10349884471279314,-0.18332969935401608,-0.6213286583006445,0.11836340765390402,-0.30808243825024584,-0.5689423905043758,0.09556182456227763,-0.3738597547244821,-0.48889896253353105,0.08124507449997907,-0.034825571502680466,-0.46488935655410324,0.02776880401484768,-0.16007430833059588,-0.5691706933567644,0.03839936315311964,-0.2522310499387541,-0.5568226785396337,0.03320574984868323,-0.3113997814518683,-0.5088240334154228,0.029496300473370828
0.0,0.0,0.0,-0.18072658897838256,-0.050319624561907965,0.02378222967199343,-0.2861081973776713,-0.1649359486145064,0.013219262826379969,-0.3789131428578904,-0.29231231502032434,-0.008636594088313573,-0.4718242900967359,-0.4061906138082657,-0.032608255298747696,-0.07724627790174834,-0.464891931823502,-0.021813835304633336,-0.13621683826364717,-0.7156439586347101,-0.04533696483498119,-0.18173913369572084,-0.8637666077147995,-0.05708215030136335,-0.22082973628808497,-0.972999404110653,-0.06712962960756635,-0.03472049917062718,-0.4888089856370519,-0.0575946995302774,-0.2496950664515457,-0.638182528722991,-0.0877372714379064,-0.40072166299784295,-0.5744328892229058,-0.08558452825893889,-0.4731121238447164,-0.4961356976454749,-0.08266915393425571,-0.023948826389370778,-0.4787515911433684,-0.09425717028017072,-0.2220043321360809,-0.6416233117868929,-0.12769155351076616,-0.3715874203068459,-0.5914013136863309,-0.12267123916671456,-0.4585528082185372,-0.5264572891906797,-0.11654138579730385,-0.030256946996475742,-0.4458268471750218,-0.12901379838757698,-0.15271922830179566,-0.5724267094181296,-0.15668152781899153,-0.25247961939408037,-0.6051583992579588,-0.16325691185800198,-0.332814983231526,-0.6002145204963968,-0.16437690889815335
0.0,0.0,0.0,-0.17530695142527047,-0.06114980405617472,0.05129251421584202,-0.2701677856810625,-0.17443059424145935,0.04705281958688458,-0.3591181688220788,-0.28585877389954284,0.01982242737647024,-0.4479188014123569,-0.39646244616597665,-0.013581686739530209,-0.06940667813663151,-0.4726434065498132,0.03219906861543986,-0.1087354630734009,-0.7196125128667545,0.018228690165376503,-0.14562680636384973,-0.8702569296548779,0.007347089852178211,-0.18137037609313716,-0.9806460891788392,-0.005552960447717085,-0.02393405233794128,-0.47608692851523426,-0.026180975871743995,-0.2242824713990338,-0.6245317952710658,-0.05681724574395165,-0.37293013467742997,-0.5720069528737504,-0.06682304598792568,-0.4489919944049048,-0.5007025608561344,-0.07223643408888612,-0.011717434325692618,-0.4460444241418298,-0.08482326511991675,-0.20326800083310148,-0.599809010597269,-0.12082411565395798,-0.3514074856687881,-0.5546009487455734,-0.12177935394077379,-0.43842634577054895,-0.49423145212178876,-0.1193201550315956,-0.021643596036686107,-0.39614338503945357,-0.13988280680710036,-0.15474150789553442,-0.5073319354345088,-0.17108432027580897,-0.2591014260137105,-0.5252525530982213,-0.17777797506740228,-0.3389491746244939,-0.5138500415696345,-0.17858699774640202
0.0,0.0,0.0,-0.1760611970820437,-0.08981428034917174,0.10293682804003886,-0.26829416263527667,-0.20123462736764414,0.11084147534862221,-0.35276801668067853,-0.2987918470315215,0.08129724274746992,-0.4370936558476147,-0.40748500885077643,0.042279949477304894,-0.08402833863169706,-0.48847007220657,0.08211740605897705,-0.11902241151868852,-0.7240820304314288,0.06877648262543137,-0.15154862453623,-0.8705064162371252,0.05537793926241992,-0.18751797375621743,-0.9790201176629985,0.0396332165567883,-0.04345422551958891,-0.4763189138675362,-0.009002117023148919,-0.23361234277977103,-0.6325812984311608,-0.04128685679345381,-0.3722085421473958,-0.5780769789768438,-0.051986743275697536,-0.441809663402933,-0.505349389756698,-0.05699263684049682,-0.036361273197052124,-0.4373030727619246,-0.09783378727490116,-0.2240484913719914,-0.5913530124726016,-0.13637991790795384,-0.3598683815939614,-0.542843493782259,-0.13016095112297238,-0.43419407191680903,-0.48046299092208977,-0.12219137117000042,-0.051768765219211685,-0.38356997647470026,-0.17951391912415973,-0.18636835596510518,-0.48567196952749625,-0.20900800015047477,-0.29073507321627506,-0.4907509572999909,-0.2061910360909262,-0.36549932815760544,-0.4693435760317771,-0.20073438829856827
0.0,0.0,0.0,-0.1748259463030659,-0.10860292039882588,0.13130628301455205,-0.26610272802054424,-0.22514161394452573,0.14293987494073854,-0.34977535963316525,-0.31915180118620556,0.10879638560468258,-0.4371630544577632,-0.4196535002262374,0.06279661655649571,-0.09570786858623538,-0.4956205197937177,0.10885891113664972,-0.12945884132004984,-0.7287727226727989,0.09714229383836265,-0.15961047144859303,-0.8713445716954833,0.0853826980550437,-0.19278144500310007,-0.9769442001836361,0.07083141623833245,-0.05751977251872095,-0.4773604433738427,-0.0013667083297301858,-0.23663460627009042,-0.6368194629484438,-0.03495239081433582,-0.37215321120797584,-0.5853372428644836,-0.04680456548600016,-0.4409374800585519,-0.5141865666364046,-0.05175641052489482,-0.052245857682821854,-0.4324389410003473,-0.10768275843773825,-0.22971758701428197,-0.5876482399300986,-0.14867437661814809,-0.35990082234668885,-0.5367513640868389,-0.14220791621941273,-0.42916261723361687,-0.47346121194786606,-0.13317193837433866,-0.0686034619187372,-0.376759226577827,-0.2042737554201055,-0.1987182457626191,-0.4815202702318326,-0.2339487330705505,-0.29749906564695194,-0.4787683114296395,-0.22795256002021097,-0.36448657384034605,-0.44982525762397246,-0.22024168321694024
0.0,0.0,0.0,-0.1756818754201184,-0.12231270294944994,0.13940013006786295,-0.2681369244774705,-0.24720222849459395,0.15218678455988355,-0.34857530867987596,-0.3410851458358882,0.11583855577931512,-0.43171162671452645,-0.43684288552352535,0.06708608320251433,-0.10138641194049255,-0.5024887821492676,0.12463967794496213,-0.13437148591012826,-0.7299580607146996,0.11377198510500414,-0.1656173658793147,-0.8696683318240146,0.10248297966325022,-0.1953665160259121,-0.9757586284792636,0.08790981777286108,-0.06006596603749751,-0.48123231361758345,0.008093081171627872,-0.23886276092282632,-0.6436770081259655,-0.025462468798122775,-0.3724048508987972,-0.5784551022295938,-0.034810077785982295,-0.43105062021469054,-0.504123792599102,-0.03654541345228599,-0.05281260322847552,-0.4307013194157675,-0.10474100313758758,-0.23325562953189755,-0.586224864798317,-0.14416054613011423,-0.35645896637517627,-0.5149117485159036,-0.13053194622647907,-0.40715721194004095,-0.4442766632335239,-0.11525405700457944,-0.0681632563441138,-0.3690426064383744,-0.20781685592862897,-0.20498079553199045,-0.47767983738975794,-0.23384834497734452,-0.2990068955859585,-0.4571097559195153,-0.22062263691210646,-0.34820840303429945,-0.4142264569978016,-0.20697142405050617
0.0,0.0,0.0,-0.17060678636256615,-0.13306520159767854,0.1521988863177401,-0.26250415859161524,-0.2608972753656429,0.16702988269343633,-0.34177611992655416,-0.3553859893551473,0.12845406409765187,-0.42510493277827854,-0.44933687472327305,0.07571689357908035,-0.10078127977277326,-0.5087149908473056,0.1358324328949182,-0.13700669237023316,-0.7342941794393629,0.12584523649694246,-0.16993834625254522,-0.8696921967313835,0.1163640884991223,-0.19913147530290368,-0.9739150952627389,0.10292506043744673,-0.06176302806132082,-0.4848787409825003,0.009957353936337236,-0.24033190106252855,-0.650726462813203,-0.02520674386465363,-0.3737108955714402,-0.5779400682462164,-0.03327794923569527,-0.4286374715923924,-0.4981870292551407,-0.032782365377423954,-0.05540419404221056,-0.4328333627764731,-0.11165757831760398,-0.23674060414978382,-0.5913452913977966,-0.15188062302028002,-0.3585069366658671,-0.5096767917106408,-0.13528525438748187,-0.40265712847671287,-0.4331304904948877,-0.11723072832590856,-0.07143257099691133,-0.3714169421261422,-0.2226904727396509,-0.20949028513531215,-0.4862816978451716,-0.24796156430185068,-0.29889521281181797,-0.4559882331005734,-0.23141652530410156,-0.336482078821555,-0.4028746966796656,-0.21511331212711537
0.0,0.0,0.0,-0.15758316010158518,-0.13970213039733548,0.15884644925494404,-0.2522432423767991,-0.26747747039789427,0.17262687367233087,-0.3300128339870397,-0.368469999923453,0.13147184230136016,-0.41069220735701334,-0.460700685780118,0.07565953601492985,-0.09380187849113292,-0.5110289761856175,0.13998429449471894,-0.13174408601879906,-0.738333650048401,0.12745547658139078,-0.16788229339849586,-0.8715442941465799,0.11724613861389091,-0.1960331111484092,-0.9746958731281863,0.10442828983906387,-0.05584396401291984,-0.4834590480867176,0.01061193246331293,-0.23382338092540617,-0.6531892033586182,-0.025290809634654594,-0.36348763075789386,-0.5707893320919559,-0.02870979570839017,-0.4096136573167831,-0.4882482550298162,-0.023289877941478188,-0.05118707354632949,-0.4290423035097702,-0.11456445215819124,-0.23100388329502347,-0.593236724680245,-0.1560435613356157,-0.34557158354008916,-0.5005162971621835,-0.135860023391211,-0.37515796114751143,-0.42170917716950307,-0.11405491103068537,-0.06582992672281085,-0.3705502783834799,-0.22815461188327826,-0.20908898380913693,-0.48526844246060047,-0.24956163175178322,-0.2891489216927684,-0.44263902245207554,-0.22729993960114914,-0.30734119323582987,-0.38276617353662357,-0.20699968666620416
0.0,0.0,0.0,-0.1596656647380911,-0.13599441575841206,0.16298736196075092,-0.25468120001014194,-0.2621585047725071,0.1775907831432519,-0.33236710973951267,-0.36483498764793776,0.1348967756609913,-0.41217474480871774,-0.4581474199064484,0.07662778567807732,-0.09828463253413383,-0.5134983887037909,0.15351475499394968,-0.1322821948123581,-0.739249325478071,0.14601211611295217,-0.16872086766402866,-0.8704111040932105,0.14020610832861885,-0.1969231662598843,-0.9713345409123948,0.12950870600937794,-0.06084326537189701,-0.4881003187076075,0.0211870251328255,-0.2418022462460464,-0.6514445098204358,-0.014246157084179678,-0.36878337656090465,-0.5611703475385978,-0.016901463894615474,-0.40931327021942543,-0.47481216970903356,-0.009930222403737124,-0.058047664990875256,-0.43408660090739,-0.10726463836382621,-0.2397310597090559,-0.5881518025310069,-0.14847518028181675,-0.34745796852216154,-0.4890736362952359,-0.12720969155219855,-0.3696779122863185,-0.40842419782221523,-0.10444765567919684,-0.07539859216947664,-0.3749204816688324,-0.22407575772835053,-0.22213401986198944,-0.47906852471356415,-0.24491697706944748,-0.29599124958930983,-0.4295201043875686,-0.2224454865413858,-0.3060479204308322,-0.3671978541795795,-0.202125997532849
0.0,0.0,0.0,-0.1626619112608931,-0.1423038794043412,0.16711486622274357,-0.2563589601250408,-0.2705534537486788,0.1814798369835418,-0.32967981497782983,-0.3775650040893464,0.13749568886035296,-0.4022368548068148,-0.4733591755452685,0.07761738337045035,-0.09158789127593867,-0.5195230002831244,0.15824015729539886,-0.12162890583445107,-0.7455396477213442,0.15172349500432242,-0.15659863185338085,-0.8740934412457989,0.14556569279134576,-0.1854191848479155,-0.9731324435882185,0.13415233919180486,-0.05248161533905475,-0.4919677950032109,0.023983029844286588,-0.23502999532368893,-0.6518209273577025,-0.008925598064729545,-0.35762369060393007,-0.5509041399026045,-0.010184241299777894,-0.39074638127967987,-0.46323758076753513,-0.003367183736742398,-0.051403681316736824,-0.4371033054399115,-0.10640697689994343,-0.2294062558912589,-0.5920772750886414,-0.14313400923977027,-0.33199197439273026,-0.4826035109008192,-0.12032565332292416,-0.3458256526087603,-0.39909618502374894,-0.09856814466775041,-0.07141396523696414,-0.3798208634052562,-0.22516817926238608,-0.2149551944824536,-0.48263385593153585,-0.24353917332135566,-0.2868683396043023,-0.42624044962150465,-0.2213333116001536,-0.29167115968867885,-0.3604315930321515,-0.2022995449272854
0.0,0.0,0.0,-0.16493791032666794,-0.13693571776105157,0.16333396092863783,-0.260958706862353,-0.2676028249081945,0.17628699123416927,-0.33712706399262926,-0.3707381950314749,0.1287476282802646,-0.4170509768434809,-0.46970168478910046,0.06461525418551844,-0.10380919085651706,-0.5184671990020716,0.16250896521844121,-0.13426769956752832,-0.7437586416189093,0.15625170719394443,-0.16982033815576097,-0.8725514450409522,0.1511309270899157,-0.1984181920724865,-0.9697984824215091,0.13996151962785086,-0.06803300293340556,-0.49319592062421025,0.025431142414045413,-0.2502147046412131,-0.66247118355535,-0.013423593161297414,-0.37297936692002887,-0.5567932786347344,-0.019051614024384707,-0.405901663673378,-0.4629166997318389,-0.01306995481290355,-0.06600614291023067,-0.4405152101468899,-0.1087338618628094,-0.24311203600495912,-0.6017809812626456,-0.15320862434374072,-0.3482234567847528,-0.493051231535326,-0.13482409714520888,-0.3651090448626071,-0.40202216398341106,-0.11348306557386108,-0.08349906577070591,-0.38103522972626946,-0.2315544510148595,-0.22258077584791092,-0.49674419574714607,-0.2541620947657942,-0.3000076897158353,-0.44603663092660173,-0.23427209792141626,-0.3106170886525879,-0.3767118732143945,-0.2165719288413953
0.0,0.0,0.0,-0.1683486756819522,-0.13893127686863133,0.14971310258927972,-0.2658519028204016,-0.27256604695689335,0.15867296123139885,-0.34302846941431553,-0.37222952863346004,0.10973650718673035,-0.4183844134402738,-0.47954498338260687,0.046144529392065516,-0.110169136014015,-0.5218088041227511,0.15256558467524328,-0.13662499935593708,-0.7439856099614588,0.14393074493860378,-0.1687752741599024,-0.8738888747769682,0.13448264537816426,-0.19794308161511914,-0.9725565238702429,0.11939710084474323,-0.07240694785280162,-0.495983859759778,0.020530956884463512,-0.2461289755647883,-0.6636310430234627,-0.020960819399944885,-0.3685059413435202,-0.5675002689721931,-0.03414236071018437,-0.4063500612985135,-0.47674535254829953,-0.035470205084065835,-0.06797988912830896,-0.4444219753050937,-0.10949026080666874,-0.23189399699748955,-0.6070334565090362,-0.15345614695787912,-0.3420321990792765,-0.5115567907134856,-0.14154910094365294,-0.3704578783673731,-0.4215188183133606,-0.12650320704232187,-0.08340040905575773,-0.3830604385684823,-0.22999487018964823,-0.20258407273504522,-0.5100309153695829,-0.2558036528818359,-0.28746381219183426,-0.4714132918841233,-0.24308929079924685,-0.31627010225811863,-0.4028491292158589,-0.23140587214104297
0.0,0.0,0.0,-0.17045611630980576,-0.14332558455594996,0.14534291568664287,-0.26903701172121414,-0.28169254854743137,0.1550660431393181,-0.34598306490050496,-0.38143918940346444,0.10776817940793268,-0.42193178233137785,-0.48789727339667543,0.04657226360830047,-0.10818818668518622,-0.5274298946233253,0.1498017928355752,-0.13180999942411423,-0.7472201259158187,0.1400591845107651,-0.16354573517306176,-0.8755689152224131,0.12990692688911953,-0.19357706039890685,-0.9742412681556347,0.11393783713496206,-0.06858708050322393,-0.5000988253392686,0.01941694071055384,-0.2423071130493994,-0.6694034793719295,-0.025237244544613957,-0.36677487274081133,-0.5725851591914323,-0.04027320772066183,-0.40573125490926076,-0.4811133155795422,-0.042641588214186545,-0.06351274595682278,-0.44750591033114123,-0.10958609819566967,-0.22447552244887858,-0.6104419221438955,-0.15654516079898842,-0.3387112498411503,-0.5185324693271649,-0.14662136891952363,-0.371157038351392,-0.42959111089310076,-0.13221107567667156,-0.07753558850744982,-0.38360082280796637,-0.22956561631112815,-0.18913065934278012,-0.5173974855251573,-0.25993235158188355,-0.27706670400096745,-0.4854578007302511,-0.2510935566748137,-0.31188676452167396,-0.4195456768485893,-0.24158250878186374
0.0,0.0,0.0,-0.17050474470918353,-0.14004147771502326,0.13420573630443275,-0.26661868515113685,-0.273884751544448,0.14279128806637134,-0.34471331254408166,-0.375005712223375,0.09561102432521823,-0.42069574168145396,-0.48578816948396897,0.03542721934572685,-0.10460528414653433,-0.5291709262035251,0.16227579139843035,-0.1250153405547783,-0.7454852091994475,0.15851691311972832,-0.1540904925559854,-0.8755037778048835,0.14803390928516186,-0.1849961715044767,-0.9737970707015761,0.130218205598857,-0.06280265392035424,-0.5074286828862579,0.03856636337203474,-0.23454278769343917,-0.6695325227527282,-0.002962824932981719,-0.3580498149961664,-0.5789670407268537,-0.025281488325574246,-0.4017124289691687,-0.4886887997306833,-0.033881938920212656,-0.05579379109828242,-0.45986659769396443,-0.08515537575571995,-0.21521606937537688,-0.611253987906035,-0.12865386375892587,-0.3299685238154222,-0.5248642706453066,-0.12522605231182754,-0.3695280268043606,-0.4363724976465708,-0.11655766106002288,-0.06837042885032857,-0.39784927256940494,-0.20141437316782612,-0.17573971942582015,-0.5187189414930576,-0.23117053193443984,-0.2665282994273228,-0.4925981388750703,-0.22752604374655055,-0.3118039935036975,-0.4333149316537249,-0.22231992460639222
0.0,0.0,0.0,-0.17428658849424972,-0.13707847987200322,0.13432280834564186,-0.2681251149709709,-0.26189826827322593,0.14683955669882748,-0.34636901952592997,-0.3623763974719223,0.1020649425087807,-0.42459494595001535,-0.472847258067517,0.04367954083751939,-0.10369148070480477,-0.5227978030141001,0.1929726513222904,-0.1216964541352837,-0.7367968859712053,0.20290901500703906,-0.14860322079950505,-0.8678133916804056,0.19677157684314917,-0.18148867559251186,-0.9652562428608638,0.18023763351873,-0.06207675168918866,-0.5053022085194596,0.07123196799120171,-0.22864437673070934,-0.6619336240053237,0.03957384380248348,-0.35079350040617585,-0.5810599343283991,0.011336042624173898,-0.4013615936964421,-0.49199753618823294,-0.0022746661876805775,-0.05489686759880046,-0.46371415457862075,-0.0515172532850164,-0.2087743128000905,-0.6072570003498303,-0.08835084258861006,-0.32447091675095474,-0.528988404269568,-0.09430756878059798,-0.37333058085764226,-0.44005926831167486,-0.09288976815248964,-0.06606687691172197,-0.4071387573802734,-0.1669300144554441,-0.17117835521890856,-0.5200473299591961,-0.1925195796914386,-0.2624487671532608,-0.4963595537143194,-0.19304030008571302,-0.3147441759932035,-0.4402703256710492,-0.19160307771414026
0.0,0.0,0.0,-0.1751436151334576,-0.13311503075130401,0.13728228986426816,-0.2662635645801869,-0.2520803599040763,0.153007825951405,-0.3434415538242751,-0.34992554848079793,0.1099777144614808,-0.42270901080134227,-0.46124561044101514,0.053109252989411715,-0.10107395119260276,-0.5156260148608223,0.20825904323613487,-0.1166153912304943,-0.7307162816347694,0.22238038282880596,-0.14273103831793355,-0.8642750087742996,0.21664339537999672,-0.17649683022058787,-0.962933759976943,0.1994486096954312,-0.06143243086029901,-0.5024908572541774,0.08442894072788851,-0.22382587176024527,-0.6590775697449992,0.05420070803759384,-0.34639896571994483,-0.5833301408034827,0.021874181304134568,-0.40003739773624525,-0.49265035119386474,0.005375775006241423,-0.05573829668460335,-0.46504151024999685,-0.0408632443898472,-0.20623990679260876,-0.6073775914520421,-0.07757579583803934,-0.3216025406390599,-0.5326383939954293,-0.08774883519890841,-0.37284302595820895,-0.44300205530857395,-0.08891241801765995,-0.06739971699962807,-0.41189991874366927,-0.1587391652081261,-0.1707801135481008,-0.5241385330206807,-0.18547820063161957,-0.2626378789700936,-0.5043683316126827,-0.18879576694557265,-0.3178765372186504,-0.45260297448641446,-0.18933643015374318
0.0,0.0,0.0,-0.1735591278008902,-0.1246732795960891,0.13756874840209593,-0.2653206843959909,-0.24105987979716303,0.15721070800373887,-0.3432629618848959,-0.339294357489357,0.11793276958348119,-0.41974002562508284,-0.4522495157097756,0.0647164381630472,-0.10228714877317294,-0.5079038098710131,0.22751146204451717,-0.11866767977012926,-0.724509628789473,0.2518021429297671,-0.14204682464350454,-0.8576504671216001,0.249094147721166,-0.17484904954785152,-0.9555956333192193,0.2327741277714739,-0.06393309528773375,-0.49477105161192253,0.1056786337014882,-0.2232864472497876,-0.6486442417602577,0.08253581845049503,-0.3434769947139349,-0.5722487513204809,0.04500080224185836,-0.3998235896628517,-0.4810822449977369,0.024469454351782924,-0.05835525402555507,-0.46133841787142765,-0.017790053547432686,-0.20280462417298106,-0.6001250810259591,-0.047839705801484333,-0.3178850432802008,-0.5283866420065046,-0.06606131777228735,-0.3727129220702096,-0.4391371823134002,-0.0737465716660213,-0.06614564311762733,-0.41345668855634254,-0.1335554144840943,-0.16401317498561954,-0.5263099007220438,-0.1527356400696519,-0.2528942030894995,-0.508655108257297,-0.157394285349554,-0.3089205570971067,-0.45884640296682677,-0.16044603553786368
0.0,0.0,0.0,-0.17819754311858194,-0.12329874755194623,0.13977546174990546,-0.27224481079876084,-0.2407475724019445,0.16419900876103904,-0.34959183744211464,-0.3459643089968545,0.12856019116034417,-0.4237010078710599,-0.4635698538958031,0.07850430977251602,-0.10888089913862284,-0.5040795304892516,0.2521877452654625,-0.12425342496054906,-0.7144953097019346,0.2872712793441645,-0.146014106493291,-0.8473406929809704,0.28807686344741457,-0.17789713006612662,-0.9439424562946157,0.27298809399471186,-0.07146809360931858,-0.49431570203194436,0.13073017457571817,-0.2226757292711976,-0.6524361775418739,0.11548402759284587,-0.3407115586840583,-0.5831520725447499,0.07452830408106284,-0.40035367646522135,-0.4921572522065679,0.05189999793698658,-0.06469503688807646,-0.4659393797135921,0.007140034908071155,-0.2008485457142155,-0.606966889336727,-0.015717742862547537,-0.3150074240982206,-0.5417390682153157,-0.040472457728342105,-0.3735928035492671,-0.4520300160124697,-0.05316732360513364,-0.07070800063478817,-0.4233356476115985,-0.10869755352903077,-0.16837011480798375,-0.5322843303001856,-0.12239341458911496,-0.25633773324264175,-0.5182743344766916,-0.1298858067413134,-0.3134400136423164,-0.4706416099984798,-0.13571986221755308
0.0,0.0,0.0,-0.17799523434371378,-0.12109143175958907,0.14787203129799037,-0.27260261866584234,-0.23773942116667945,0.177235147921826,-0.34848259497470335,-0.3431113892388392,0.14443387277714495,-0.4183702622977692,-0.4620432018881341,0.09718612376731202,-0.11178021005451973,-0.49968712954892475,0.26944193275819356,-0.12970634710468393,-0.7073869056618942,0.3117377010738205,-0.1509151830543946,-0.8371650608109545,0.31846718371414073,-0.18003383230840697,-0.9327878887965212,0.30781678148839475,-0.07429045859778763,-0.49285817377323615,0.144392846597313,-0.2147505051871731,-0.6530338959000104,0.1367865851014282,-0.3309394790591012,-0.5913746018765198,0.09874572152450303,-0.39154332822985427,-0.5054119604206535,0.07810305668386415,-0.06733752514504063,-0.4700108994372693,0.016847524821618637,-0.19793355108772404,-0.6129965425827862,-0.0025919360802004188,-0.3180938384831237,-0.551852955683276,-0.031189905253709772,-0.3814852507443617,-0.462029887803587,-0.04639919090169986,-0.07496912916454535,-0.4362595524881562,-0.10211793880914044,-0.16942725511073525,-0.5503622843263325,-0.11283095821520948,-0.2569414167855399,-0.541056859997841,-0.12252435675784937,-0.313146804546085,-0.4950833763586398,-0.13059037920516148
0.0,0.0,0.0,-0.17784287698910284,-0.11781162559452693,0.15032336972731242,-0.2731187883228845,-0.2338965671510084,0.18272910507265172,-0.34804792091746667,-0.3406210527967885,0.15278395927796,-0.41510039927155573,-0.46104148060593,0.10888750098508108,-0.11507672152812724,-0.4950070188581637,0.275402312828365,-0.13654189446953402,-0.7013117874315491,0.32268313161983403,-0.15734155058033783,-0.8300832962790354,0.3340192173614678,-0.18453933106564058,-0.9259323917039904,0.32679543053361926,-0.0766513636967888,-0.4902988133893711,0.15059045107620828,-0.20512388847063565,-0.6543300236150094,0.1513890119034711,-0.3161973550838132,-0.6108965173794978,0.11765488265650445,-0.3764561493670453,-0.5411146338870413,0.09821315555086463,-0.06817822715099053,-0.46942312976029155,0.02282218849050336,-0.19556651484922144,-0.6145336466144817,0.006164126303376552,-0.32060226385569596,-0.5573020088193279,-0.02501182849985069,-0.38847358474097016,-0.467784855908811,-0.04268763616626711,-0.07554425439238385,-0.43851987771451345,-0.09590571653758853,-0.17000569429242218,-0.554380519390206,-0.10580549889695172,-0.25927659815475046,-0.5450026531510591,-0.11806847541488036,-0.31704955235858445,-0.49682731430815746,-0.1288341305710235
0.0,0.0,0.0,-0.17813405892436218,-0.11020300689770182,0.16993161492107503,-0.27219710980554035,-0.22490125471348665,0.21254507957350988,-0.3427248776724683,-0.33977322751856204,0.18745808849243822,-0.40896557070517936,-0.4636299424273489,0.14707643427707948,-0.11486121717520816,-0.4805644519899741,0.3253500943834785,-0.13032911669677638,-0.6775999628233786,0.38546138355053294,-0.14760340507931932,-0.8019311374572895,0.4004620785606706,-0.17230761152600255,-0.8978100080024862,0.39686031663075605,-0.07837498449008058,-0.4882163670410935,0.1931785053890794,-0.2100525395017801,-0.6420188721333181,0.199283841917419,-0.3176205134475035,-0.5814690697058855,0.16017626888931463,-0.37085695250777023,-0.49760020120729176,0.14122117332755352,-0.06948666090650722,-0.4879840619594326,0.05892893320464934,-0.198036819170716,-0.6243918642361259,0.052994674937804374,-0.3122409886059101,-0.5537889289621009,0.026826792748114496,-0.3687788881562427,-0.4625674100431203,0.015007478321369963,-0.0738396054058987,-0.47931163007075783,-0.06531003295729697,-0.14520287219761122,-0.6294963063863158,-0.05244163496682349,-0.2093028707216809,-0.6658840818348675,-0.049400922971069856,-0.24780712887004802,-0.668125050224029,-0.0503403535815941
0.0,0.0,0.0,-0.17945065466996452,-0.10746672299932755,0.1677929876442301,-0.26822564987397524,-0.21970773817293227,0.21171225024744497,-0.33749472645773665,-0.3354415686233495,0.18788442847193182,-0.40216612705062427,-0.4633046215855136,0.14882724936661154,-0.1128541220697525,-0.4710740143998741,0.3351834734661032,-0.12773314686633325,-0.6675967652727243,0.4013887387968564,-0.14749054448044824,-0.7926325013087554,0.42076543950834133,-0.17206357645534165,-0.8891379633276254,0.41937008866370895,-0.07610160022888046,-0.4833230015673372,0.20702350816810608,-0.20066867708472408,-0.639733772849348,0.22344080663732901,-0.30909521725910005,-0.5901933879153267,0.18916451733088635,-0.3669960923684343,-0.5119428344293766,0.17159957818000998,-0.06601503275187576,-0.4841817772443189,0.07546797344207355,-0.18977185894370566,-0.6242106083295363,0.07657474776154431,-0.304873461744443,-0.5589727467920153,0.0453257503169794,-0.36486190462740353,-0.4660032794695727,0.02754935231726586,-0.06998948169625738,-0.48024199243525867,-0.04630638537265472,-0.1563580678175367,-0.6035997027243684,-0.033931537604768275,-0.22996567605836962,-0.6060607122075923,-0.03759041971029427,-0.2736848465563575,-0.5726348081957211,-0.043844516940362704
0.0,0.0,0.0,-0.18119473947572498,-0.0973671132714918,0.17698140956845076,-0.2673916975912149,-0.20360344578352269,0.22891931017802175,-0.3338721913132801,-0.3207633295299226,0.21022603529547043,-0.3905844769988204,-0.4510506683848877,0.17526342783109689,-0.11479560257078436,-0.45286074668677445,0.3686795742629967,-0.12702573059304823,-0.6405742439328439,0.4476187773152285,-0.14535311566426018,-0.7645332980399616,0.47170437965860207,-0.16931906830260546,-0.8618064634183467,0.47231808261313063,-0.07949678569145707,-0.47504043099615534,0.23978869181543616,-0.2029286198168848,-0.6214568231762814,0.26749292978833605,-0.3107140520026699,-0.575755386911176,0.2316665071287941,-0.3708101860040413,-0.4991582738873883,0.21266376567012682,-0.06950912552394709,-0.48606392943409404,0.10728797379532287,-0.19460185103968092,-0.6209110918446652,0.1177629398384562,-0.30509531744814067,-0.553653194713446,0.08277395696280053,-0.3635038085327111,-0.457958131202317,0.062260722842546024,-0.07209605260539163,-0.4937532571056698,-0.014888064229017305,-0.1620020826019362,-0.6109797548647103,0.005146242980322919,-0.23068216867809752,-0.6110954937698247,0.0012919244229433365,-0.2715551553426726,-0.5755307044698605,-0.005410414834276178
0.0,0.0,0.0,-0.1783114276362503,-0.08708442227988875,0.16655107399626162,-0.2709292017030056,-0.19953251475857975,0.22088495423062324,-0.33811555288173184,-0.3173620955876244,0.20599191786338317,-0.38620958044127485,-0.4532178340679657,0.17689990540350375,-0.12300090349625088,-0.4293767090721923,0.38336979443787944,-0.13916229481953074,-0.6088366696655614,0.4757890892131907,-0.15814327269342476,-0.7318928744324271,0.5133719309985213,-0.1789838519825834,-0.8284007618580849,0.5244273825984572,-0.08668264799303657,-0.46106710817929836,0.2643635519291664,-0.18494039085625147,-0.6156928091891147,0.31648604786259127,-0.27685013466767455,-0.6101082749158993,0.2984950555070069,-0.330249363609607,-0.5691672867174311,0.28912218161516795,-0.07308503477194844,-0.4784356319334565,0.1377153070551781,-0.18986242565169642,-0.6207414921361523,0.1576637079987817,-0.30284909951082833,-0.558424861236049,0.11891928599433771,-0.36328640516438654,-0.46540046366777715,0.09544611637134544,-0.07364934634084153,-0.49270288756253255,0.020582444594709984,-0.17146369043994591,-0.6058807901149251,0.04104228643401481,-0.24259465118052737,-0.5890686587860181,0.02926830045866821,-0.2842681334636967,-0.5342599129978667,0.016298700394510302
0.0,0.0,0.0,-0.173718287362575,-0.0853138248163486,0.1736818882028869,-0.2675300488872716,-0.1988219172007165,0.23431680435097052,-0.33485114308039154,-0.31342672191103016,0.22510388489005403,-0.390660374868955,-0.44857925747136435,0.2014681568570521,-0.12187554145061594,-0.4363577965268523,0.3878516743684717,-0.13760432575952242,-0.6194906080001048,0.4749036275586539,-0.1544570112834046,-0.7429039593834653,0.5033982639683687,-0.1771001159056974,-0.8409425643615551,0.5076030022709437,-0.08589662466227999,-0.4694951587615781,0.26348171423681066,-0.19141496213512635,-0.6220766880148986,0.3008939220053378,-0.28951752511399487,-0.6001764401190349,0.2661323812219226,-0.34577391751020087,-0.5369296298459334,0.24754388747008724,-0.07129939352244291,-0.4926503826965661,0.13360061899670508,-0.18842480770441167,-0.6345610536917573,0.1469449149396837,-0.29898882930545617,-0.5702162736304223,0.10797104253786904,-0.3579339671312288,-0.4751068675683707,0.08676863553328626,-0.06819246350320848,-0.5103031246110515,0.013699678243889506,-0.15488471883762367,-0.6461748949645216,0.03503344237580313,-0.21715793988999768,-0.6594260822687172,0.02877313010991573,-0.2532444337352846,-0.6343797521659444,0.020918301696369174
0.0,0.0,0.0,-0.17962753025187078,-0.0930400689691828,0.15682855596704054,-0.2762481592200482,-0.20959468416368526,0.20941408587891663,-0.3452508659324798,-0.32714600467090676,0.19563893917416073,-0.3991812590598801,-0.4681663312948922,0.17003680915522423,-0.14317144466357568,-0.4478100007753949,0.3636523726277416,-0.16607303496060583,-0.6323360447019586,0.4426396849630607,-0.18463756772575474,-0.7564668148019564,0.4701525799904696,-0.20544807659308895,-0.8534549087060043,0.4748445566677573,-0.10425791042653201,-0.4787383364644756,0.24557446859639223,-0.19061947765408044,-0.6518192437527952,0.2815014941852455,-0.2756619713110464,-0.6606141649151354,0.2526674471350906,-0.3269765207241154,-0.6220342478146388,0.23642301963282691,-0.08451857826371659,-0.4975357535923872,0.11963477888955786,-0.1938117610068988,-0.6559578848975294,0.12380053120064434,-0.30955560379819913,-0.5961942039645116,0.08010503884981249,-0.37401514428760807,-0.4996552534151542,0.05576810159162908,-0.07607788421303147,-0.5107008545352564,0.0029369422736375437,-0.16651297348806898,-0.645026105635227,0.010039788625859107,-0.24091812606668356,-0.6413462715238022,-0.005769131087774163,-0.28731699201149385,-0.5970418267941944,-0.019930874115367286
0.0,0.0,0.0,-0.1773959783776683,-0.10045500830751398,0.146914337704412,-0.272378935801151,-0.2233847127631332,0.1962563782149775,-0.3416759802423305,-0.3383531227542294,0.1823568267922609,-0.3957021496118731,-0.4779990305827417,0.15758293440409604,-0.1435595878300918,-0.46021362374839353,0.34287402643890214,-0.16496884169617124,-0.6532016000012444,0.41300052676683396,-0.1837070745307638,-0.7774987538350324,0.43331340402942764,-0.20489648297274088,-0.875490209580466,0.43280083670082153,-0.10403260963596526,-0.48540921313842966,0.22816751843519617,-0.19612532038832425,-0.6637775153513862,0.2511788005334255,-0.290277044510966,-0.6581443369926698,0.21668676433998368,-0.34568909722646246,-0.5997854484652734,0.19875961442490667,-0.08281028096350335,-0.49740408707506195,0.10603959136223876,-0.18803796711487597,-0.6646850291398312,0.10608449009504017,-0.3035147978451236,-0.611158805945361,0.06516486493584098,-0.36727598008584494,-0.5150051230465823,0.043240042770011304,-0.0707429253874322,-0.5004241683806798,-0.008273980089945045,-0.15835178952993262,-0.6370871468350651,-0.004648245286819216,-0.23918686355311036,-0.6320887643950351,-0.019707890718031452,-0.29137648230322233,-0.5817327008156303,-0.03214896028916964
0.0,0.0,0.0,-0.17381148587583634,-0.10676615605180781,0.13109604586190757,-0.2706331429870859,-0.2360960857519921,0.17238413116345236,-0.3409694501556758,-0.35511682118260823,0.15435583129044766,-0.39349923935728953,-0.4984109510892972,0.12765545491307137,-0.1473040869250165,-0.47828941280321846,0.312815038524628,-0.17050810636195085,-0.6706078577018437,0.37547284333942543,-0.18970356024185725,-0.7942998527571214,0.3969384211987379,-0.20880914004287623,-0.8908231039505563,0.39917811374875733,-0.1054318752412349,-0.5006159989807737,0.20534755962295767,-0.17535154701330247,-0.6966689496752612,0.23271079579576487,-0.24952900095958397,-0.7400896917546471,0.20826024003096738,-0.2949132571089892,-0.7295754762226565,0.19370392825054938,-0.07883399370681778,-0.5035315017927998,0.08889284815211931,-0.17962222278538426,-0.680228914624915,0.08304304684919862,-0.29737453889937515,-0.630587223056736,0.042453603360614524,-0.3650623316421032,-0.5366364885118637,0.02078309339170047,-0.0622319849626321,-0.49553986627110036,-0.020482838031832557,-0.15012406925263228,-0.6398207629239415,-0.026497435931953257,-0.23402170938012323,-0.6336631278350549,-0.04641277203401377,-0.2907608947637256,-0.5793239914183468,-0.06202003885434465
0.0,0.0,0.0,-0.17673395218288765,-0.10801927701953229,0.13159571620504296,-0.27380954961429016,-0.24074777452973117,0.1711592316652809,-0.34408028306394584,-0.3603692907613337,0.15271107430413933,-0.40132180504993864,-0.5015280307112575,0.12486257256250105,-0.15187967662764168,-0.48453436608045763,0.2857663696816004,-0.17567811011666318,-0.6888640320437442,0.3349459386672078,-0.1951612660910436,-0.8140816165495675,0.34562583901666305,-0.21557585546022012,-0.9124574841678503,0.339263830961399,-0.10920897049141126,-0.49823342759869693,0.17354717619374405,-0.19691090883308285,-0.6920671722821679,0.17745704963147002,-0.287166088992163,-0.6959352053919498,0.14011790835611243,-0.3396226546071611,-0.6513427456527201,0.1190101428686391,-0.08356934622388243,-0.4962397694060913,0.05495149650752038,-0.18573354009499324,-0.6764779756154066,0.037069636200878116,-0.3038478357575226,-0.6275050700556356,-0.0024556724593157095,-0.3710411038024243,-0.5332269728812018,-0.023112045118043684,-0.06654799201249528,-0.4824038588481516,-0.05651542097556153,-0.14940210761993467,-0.6323656442557801,-0.07039826831802641,-0.23734006007097036,-0.6327837499885347,-0.08945874417041835,-0.29872995965297466,-0.5834074547011243,-0.10402728611749636
0.0,0.0,0.0,-0.17521634449502302,-0.11018905830052302,0.11600147423209717,-0.2730438841410477,-0.24544614340486762,0.1512059418404107,-0.3446611702354641,-0.3662437905076561,0.13289631361739387,-0.3993900792284439,-0.5074742114027234,0.10636166025734925,-0.14730840318059185,-0.49413591151492725,0.2685205072124294,-0.16780844559124197,-0.7029870650491846,0.31105660628192155,-0.1860806068927573,-0.8282225279432338,0.3153997573023384,-0.20838216144650412,-0.9267694120587511,0.3055446744205929,-0.10452811399796433,-0.502295749572117,0.16608244718982013,-0.20241638070115933,-0.6943032505944245,0.161186149711391,-0.30281122806164296,-0.6792590529655509,0.11991861744888785,-0.3605288338211585,-0.6129296263463639,0.0990684842366831,-0.07868265715365735,-0.496962667875003,0.057215505419757125,-0.17946678708453306,-0.679105584446909,0.03924993059245586,-0.29515283389898256,-0.6340972267638201,0.006151912857183871,-0.3606120095074503,-0.5404689243609726,-0.008223592155944481,-0.05997974294052821,-0.4775739106056399,-0.046456699498412635,-0.14064074719169573,-0.62784728380005,-0.05815185095975886,-0.2300740407170171,-0.6356051438869799,-0.07165441261712505,-0.2941042860586742,-0.5901934365065379,-0.07991835162792228
0.0,0.0,0.0,-0.17214538740688365,-0.10785915832291246,0.09741878498874426,-0.27143013236532865,-0.24905688474934407,0.12466303473193163,-0.3438882242807179,-0.3719236098239015,0.10353218815430915,-0.40081297272523975,-0.5126014919833738,0.07573122390447495,-0.14874698842388218,-0.5006768082788218,0.23497535442298917,-0.16846864675954146,-0.7159444778131405,0.2672289137464321,-0.18531743245057716,-0.8420300793981689,0.26663953888186465,-0.2060198515546024,-0.9422478635852196,0.2543645503303148,-0.10427999356965767,-0.5043201701470229,0.1417362561977174,-0.2056737826478765,-0.6968767060777722,0.127067882728721,-0.31003708893500803,-0.6767734182118723,0.08491553067559032,-0.3701916930542362,-0.604248691500195,0.06447437352334781,-0.07587689688557564,-0.49401101846328255,0.04189579106727437,-0.17733745541297974,-0.6808067000131071,0.017877776248577636,-0.29541951075488737,-0.6399328391432018,-0.012618545649405207,-0.3634813529819496,-0.547158377147622,-0.02432475598761622,-0.05438724970756165,-0.46824438997236706,-0.054237769779231323,-0.13237014246368392,-0.6234455516713304,-0.07140884529856123,-0.22378863003982177,-0.637994207199049,-0.08548783108793252,-0.2909223909891605,-0.5955639072619467,-0.09285870132432746
0.0,0.0,0.0,-0.17333070906257186,-0.10709460298583279,0.0985131784271975,-0.27234208564124146,-0.24542183782528598,0.12968416445249814,-0.34385854534129334,-0.37049431249008313,0.11261016410156921,-0.40127278023047863,-0.5103998513473966,0.08973055534887597,-0.1521027819415276,-0.4954313639388125,0.2439387473070893,-0.17369946213540133,-0.7087924458987237,0.2829521691687785,-0.18925944557276597,-0.8341888078128934,0.2875587287866299,-0.20881278572660655,-0.9357213945891842,0.27869119367998707,-0.10783301753676931,-0.5034286083309902,0.15318794809430658,-0.2018667978520941,-0.694765704588706,0.14988028596944125,-0.2995269082457812,-0.6892544032343757,0.11365688164220877,-0.35733794991139034,-0.6295519064876711,0.09446469970637178,-0.07841018756677125,-0.4962535934560796,0.05499631767311979,-0.18089536416716667,-0.6805470447163114,0.03598393579820151,-0.3013530881015208,-0.6383758064669334,0.005155729471629918,-0.37157886546568675,-0.541946523935253,-0.008179934759132215,-0.056553463516444025,-0.4740222441589807,-0.03936847413721051,-0.1368686451529481,-0.6282554818365259,-0.05406124272963886,-0.22910642896754474,-0.6365802948101499,-0.06900538055600583,-0.29677095131799747,-0.5863921787807695,-0.07810723890590968
0.0,0.0,0.0,-0.16907758463919492,-0.10399610190327595,0.09276777788182393,-0.27014214422198524,-0.2446089551474782,0.12134643464416331,-0.34390779252206516,-0.36828533107991857,0.10278537850930204,-0.40324664987129516,-0.5086234847159057,0.07887508335531243,-0.15267682524826132,-0.49723979924921263,0.23993790484583,-0.17123569002342887,-0.7109605219197503,0.27782571241183207,-0.18645442330929146,-0.8370179501593791,0.2828401743855791,-0.2052952798476818,-0.9384118572695942,0.2750033954703462,-0.10855073545650785,-0.5054451382304127,0.1522469088338416,-0.20680435446311804,-0.6957976481189372,0.14758529391047753,-0.3072019049563934,-0.6817522792122499,0.11315525443816496,-0.3649730417509958,-0.6134200558087481,0.09705527280902543,-0.0784946140092384,-0.498740323217145,0.05672736132072783,-0.18178764177253648,-0.6806261330670701,0.0384340089627151,-0.3017492230207082,-0.6341942547784799,0.01038619060608102,-0.3699837629667206,-0.535569576198991,0.00011060566229689848,-0.055074563339741214,-0.4774186351297368,-0.03566850513334738,-0.13531526232438743,-0.630731689014622,-0.048473290974766034,-0.22836552926148176,-0.6389665114068632,-0.06146211802881425,-0.29602436411057953,-0.5885754678286101,-0.06830355937445198
0.0,0.0,0.0,-0.17101295315407616,-0.10697832059091242,0.10615367100755574,-0.27296632345842553,-0.24789914015431747,0.13586043654313765,-0.3466322186720432,-0.37106311224841615,0.11441023000161649,-0.4046555902860577,-0.5129712723671014,0.0858830161568497,-0.1534946440955714,-0.4951484054911661,0.2511869140014263,-0.1730767170756532,-0.7076968516203915,0.2899943089350785,-0.18951068600289928,-0.8339152360113808,0.2950496568579969,-0.2096974081340692,-0.9343874876026173,0.2863185795813028,-0.10857446447848572,-0.5023638222457616,0.1531201577976546,-0.20682573529993703,-0.6954926149934851,0.14615565475764006,-0.3076916566859056,-0.678676955284434,0.10876766635282047,-0.3658724283170982,-0.612287824503136,0.09071747210965506,-0.0798541486602985,-0.49452245625641694,0.048086768037753615,-0.1826236019239011,-0.6779556218958627,0.027909703992311477,-0.30255025623099435,-0.6314350563891322,-0.00309817149692957,-0.3705062665340384,-0.536325917375003,-0.015991793030015647,-0.05876375532222239,-0.471949609043134,-0.05249620752458369,-0.1378062512762176,-0.6274760299410032,-0.06557009906027082,-0.230752615029499,-0.6371645663507934,-0.07972619243637628,-0.2978634173967205,-0.591476497357335,-0.0887791853576178
0.0,0.0,0.0,-0.17204039823506323,-0.10992195305518593,0.10889427474531796,-0.2764805827332273,-0.253635332070406,0.13512988061934914,-0.35142284490452513,-0.37666436610325366,0.10965746212550576,-0.4105072118203692,-0.5168132185896074,0.07698432466032934,-0.16123061006007028,-0.5003987028375313,0.23560208516836195,-0.18373842879488825,-0.7129263500652125,0.26909683239128795,-0.2024580535349586,-0.838540209933107,0.2739479972812584,-0.22323688288214075,-0.9373774786372193,0.26527192063855537,-0.11503673333772435,-0.5058949544963335,0.13289836858463144,-0.20370080808804658,-0.7036950635337096,0.12286125008793741,-0.29991645359559327,-0.6995660116319911,0.08792358749081203,-0.35603126455049905,-0.6471300615684767,0.0698583273531358,-0.08443315351495699,-0.49543274219573297,0.023802406145659698,-0.18411965659795906,-0.6825921460722683,-0.0008772552247490011,-0.30844969660868665,-0.639636067305075,-0.0322900279465404,-0.38024562588314037,-0.5474475364942346,-0.04674743657014726,-0.061816966008571374,-0.4695163560364253,-0.08022612649420752,-0.13699047259136676,-0.6325580632665294,-0.09757056804551015,-0.22975334801619196,-0.6456081893942769,-0.11395273125097166,-0.2968068632000853,-0.6019085132621012,-0.12588561745160065
0.0,0.0,0.0,-0.17000489004237865,-0.10666932691511856,0.09788480179185846,-0.27643225644837055,-0.2540683568223204,0.12205567576476575,-0.3524101159541469,-0.3765502153541601,0.098101195636323,-0.40666612140515235,-0.5162299889518275,0.06768793764694253,-0.16323499167540756,-0.503704080688349,0.2182509523646722,-0.1850192991784355,-0.7205079126951643,0.24568167897532778,-0.20420435735712186,-0.8459296988332128,0.24555389347520265,-0.22664049884843163,-0.9446760783884565,0.23366060758411317,-0.11735628347860486,-0.5072702131822611,0.12161854403407751,-0.20668375505075548,-0.7087012756488709,0.10220841551241727,-0.30624240349521653,-0.6932507093773852,0.06208080263647736,-0.364303375080814,-0.6265292200617404,0.042493284467908794,-0.08731063180859586,-0.4960107641072317,0.018927664907080442,-0.1803090118678696,-0.6897676171819407,-0.009177411482789414,-0.3004294272851469,-0.6506516478561414,-0.04120896297945478,-0.36980128399310824,-0.5585236971616376,-0.05494730741553498,-0.06397026505366019,-0.46905806030757813,-0.07963544419627488,-0.13443777516263739,-0.6350472348180103,-0.09854709192800708,-0.22534657258028523,-0.6509412349575174,-0.11486088761032003,-0.2918393997572786,-0.6071328776352531,-0.12568362008752684
0.0,0.0,0.0,-0.17244156797380936,-0.10619775995473718,0.10523813815997381,-0.27782769057615386,-0.25118346264780456,0.1359644256038543,-0.3528949269050602,-0.3726973466238199,0.11714208568082035,-0.40644876270265806,-0.5089000603900763,0.09134105816796351,-0.16391172898480064,-0.5013459599625925,0.23878878603446385,-0.187274485771608,-0.7154408330108994,0.2766745649436714,-0.2080126641333942,-0.8366750454507823,0.28127717974515176,-0.23342107848422705,-0.9322441826794836,0.27195003188496436,-0.11889174653965448,-0.5066345835821653,0.14180150688121868,-0.2085654866914468,-0.7012884925139589,0.13253848404537497,-0.3079426951912512,-0.682339745779665,0.09413880875099129,-0.3661301650138503,-0.6107464047456586,0.07551514045129915,-0.0906446177785109,-0.49721217999756373,0.03915432131879901,-0.18118443031472178,-0.6839400831923561,0.023041033359607256,-0.29780800356000986,-0.6492395185946169,-0.006240730383416273,-0.36657476030769176,-0.5611588845517309,-0.019720666485617565,-0.06931209324322521,-0.47121998724235026,-0.059327271160617465,-0.13899438235444778,-0.6302232125738709,-0.0671964699844872,-0.22778907463487305,-0.6468149446452707,-0.0785792030287415,-0.2933705500126914,-0.605123154372504,-0.08674039621285223
0.0,0.0,0.0,-0.1698484037962476,-0.10648176425348019,0.09035154644593117,-0.2766375178931072,-0.25466526520609656,0.11237341338027987,-0.3512804634722788,-0.37715333731667583,0.08864375054312304,-0.40348242205336876,-0.5152256219171067,0.05908360837671514,-0.167611026051956,-0.5063256044537656,0.20692256840415213,-0.19083419987617206,-0.7233367646856566,0.2324498565268745,-0.21265501503301543,-0.8472136452198546,0.23136839172431173,-0.23790085978936454,-0.9439766839672687,0.2194489310922748,-0.12065892602406605,-0.5099539606584964,0.11544513105568018,-0.20962644692780047,-0.7100731699937612,0.09466831384796238,-0.30960549150258776,-0.6895732095339449,0.05563743870469176,-0.3678513802990079,-0.6169364409509959,0.038029028605980814,-0.08887106831799399,-0.4984209766761992,0.01814281744302349,-0.17487630957052142,-0.6935456564810538,-0.0054401985984673384,-0.29125352410485905,-0.6641969568757093,-0.032568125403469775,-0.35994766868918293,-0.5786468588604735,-0.04338163084682552,-0.062453242620545586,-0.46851482965612534,-0.07614995894785774,-0.12779989692158797,-0.634204811494168,-0.08957668962055615,-0.21698063043307683,-0.6598374455649602,-0.10161874816081554,-0.2836732617280847,-0.624880105491064,-0.10912185609806711
0.0,0.0,0.0,-0.1815477336604713,-0.1097836127399677,0.04405304258646512,-0.3089391730350658,-0.28001738511807106,0.05421384174884149,-0.3915981231954965,-0.4291089296606101,0.030870493907543362,-0.43846386954850103,-0.5741602471690573,0.0075025524239990815,-0.2053204387420706,-0.5526684618129264,0.16044954966319805,-0.2384745312485802,-0.7756072440560782,0.15510280438486443,-0.2821941999570247,-0.864130935500593,0.13260058028812502,-0.3249342201327794,-0.9275832821086107,0.11170655829544499,-0.15160174218445616,-0.5648115960946616,0.09687313684424237,-0.23290358500601482,-0.7985211041356424,0.04890398260789343,-0.33644667159335645,-0.770383137671068,-0.0027802554540869995,-0.40149503018421745,-0.6858457940164542,-0.02333548092028328,-0.10529161085593197,-0.55759598397299,0.023884488692930986,-0.18142228687321366,-0.7818464663163851,-0.02016151884953217,-0.2979650663976269,-0.7448598367131125,-0.05548324068766174,-0.3693214754929503,-0.6472628492231383,-0.0647769196756231,-0.05691300983506996,-0.5280985583449528,-0.048988686067184546,-0.11465217179623746,-0.711984682346319,-0.0741356553087133,-0.20785412811269324,-0.7400922282694029,-0.09183323993268114,-0.2806425502309736,-0.70406265249531,-0.098437830391631
0.0,0.0,0.0,-0.17066976280644264,-0.1028534342543916,0.03247119470408369,-0.2938158798322765,-0.2690538242777418,0.03813086869580563,-0.37408564116582677,-0.4130205079090894,0.013719139616865732,-0.41498187892710325,-0.5561351285069822,-0.010353547531970129,-0.19975737455787204,-0.5295621106509354,0.1380245561916844,-0.2255203551126439,-0.7543631512814188,0.1299849118736926,-0.2566859355345978,-0.8608436310352119,0.10662318697035437,-0.28984593519974905,-0.9464760515653201,0.08396723933264152,-0.1474531509373514,-0.5407634674557149,0.08016139455191129,-0.223360078248168,-0.7662326596725173,0.02632291668217866,-0.3230229708234861,-0.7422398625045282,-0.025647963384878125,-0.3862699576669019,-0.6594717978398893,-0.04603654453173807,-0.10065879426783718,-0.5324579617619835,0.013346804845103767,-0.1703919996829108,-0.7508036448509134,-0.03444542095777365,-0.28285495500388014,-0.7181202667844926,-0.06866196494975688,-0.35280681863614044,-0.6259826311468076,-0.07679977294464364,-0.049187504667069705,-0.5034548474044502,-0.0541844993480657,-0.10146351595091116,-0.6837723841752292,-0.08333063123633552,-0.19131014444055733,-0.714857431690529,-0.10239720926947914,-0.26232977315650036,-0.6828423967388716,-0.10949720505828348
0.0,0.0,0.0,-0.17217490600431967,-0.09663166514712979,0.021289416415383247,-0.2922307351153353,-0.258448974032439,0.026502247173802784,-0.3655240926733966,-0.4060566101653058,0.005326733607914282,-0.4013363616825131,-0.5461348703429798,-0.01543064368859594,-0.20759446945113755,-0.5100825727565795,0.1274184972352424,-0.23227907608679324,-0.7341252600547465,0.12184107585297277,-0.25531238533471023,-0.8518523274421883,0.09789977901405486,-0.28094206666385746,-0.9533952552906226,0.07277062408474459,-0.15365490548510502,-0.5233104780121386,0.07752555531881523,-0.22329141093202318,-0.7417841796095749,0.025049153384816704,-0.3134419411751106,-0.7270267384801209,-0.031312164229688744,-0.37110129728777663,-0.6522653375171542,-0.057279631821251085,-0.1049982126429883,-0.5156495807414532,0.01877593409950365,-0.16769736694895443,-0.7287756354007242,-0.029681405029080586,-0.2708785488452997,-0.7028002043110362,-0.07078974973561347,-0.3355586135751367,-0.6142670268260495,-0.08516818417419303,-0.049114638191154664,-0.4874720503493469,-0.041187087372680904,-0.09589279098253961,-0.6661883121112042,-0.07307092664569742,-0.18007011345620189,-0.6986369313862797,-0.09780999101184587,-0.24795139665359667,-0.6667439324468536,-0.11018362652962312
0.0,0.0,0.0,-0.16570873421396096,-0.09302074410209152,0.0050346113863819954,-0.28297590294491093,-0.25284277235259855,0.0020465201781477843,-0.35518654423484763,-0.3991966411909571,-0.022607454118253285,-0.3869862180269137,-0.5394921551816404,-0.04613776599672651,-0.21011966166972598,-0.5012427723713823,0.10112239937176506,-0.23055863338113747,-0.7250838244159437,0.08866339529775685,-0.24887163183332664,-0.8501201116164708,0.0600640332606899,-0.26927898676477974,-0.9597982708057927,0.03166517323406209,-0.15556403001205252,-0.5130061382999304,0.06031145792435928,-0.21834796097522685,-0.7280242978259819,0.0025104818196875437,-0.3021287756425717,-0.7193305572161715,-0.0560429619880297,-0.35554200784899553,-0.6512910740608093,-0.08396873613796214,-0.10432077723016606,-0.5040626093597171,0.01070377836948677,-0.154610032909884,-0.7170362815900513,-0.03934845163611443,-0.24676600807477692,-0.6993054421886433,-0.08022577937992831,-0.30592574172938625,-0.6176792475622885,-0.095229503893299,-0.042194148680073,-0.47284793042967477,-0.04134905308773576,-0.07651909621580248,-0.6493935762227723,-0.07472830469141328,-0.15186407886426942,-0.6906027708571505,-0.10057757556960017,-0.2151093101718672,-0.667469550705017,-0.1139335109899437
0.0,0.0,0.0,-0.1657350415890246,-0.09126928773031771,0.0006193704466359109,-0.2778104471804101,-0.24866929407764904,-0.0033620013685776422,-0.3418062470382377,-0.39566935866758063,-0.0284971943632086,-0.36156116754733714,-0.5356926800690822,-0.053240991212103864,-0.21560670851881825,-0.4966718260497407,0.097818717014373,-0.23370275700942572,-0.7167676649261527,0.08165222971684631,-0.24771778477963824,-0.8468104603363938,0.047157262709946794,-0.26413932443096033,-0.9628295628844667,0.01300487184014225,-0.15647264113813553,-0.5092745429446899,0.05655498567205093,-0.206587758595091,-0.7235911326929769,-0.008235012596276913,-0.2821506365014175,-0.7216311352331823,-0.07807774148379079,-0.3344960948707404,-0.6571824560142028,-0.11482586768970784,-0.10112991429795916,-0.5005330650391763,0.0061310828735420975,-0.13882122697484583,-0.7080514886379412,-0.052017349142118564,-0.22712859393537782,-0.6985545906616617,-0.10756856078142231,-0.28860384286248064,-0.6200875801016682,-0.13301900302695727,-0.034496931934382635,-0.4700004559594648,-0.046550477631593236,-0.06183968876786152,-0.64149851955197,-0.08791794597729816,-0.13453275238968493,-0.6807550276964616,-0.12408349441954597,-0.19917176787813418,-0.6539327122674418,-0.1459081827924759
0.0,0.0,0.0,-0.15867845455375734,-0.08432823662552834,-0.013558946742428057,-0.2683133434035534,-0.24218180332255546,-0.022763923149741707,-0.32680555273553713,-0.3893750750898447,-0.04922269042331549,-0.3399631441949773,-0.5276056366583244,-0.07486995690923892,-0.21462990102993623,-0.5001609767358314,0.0769612978178377,-0.23188319693257187,-0.7170963540948115,0.05340028512637045,-0.24740602612585802,-0.8470756157250594,0.014821447088606629,-0.26387304611434437,-0.9629503061883808,-0.020909357167230268,-0.1528303919596392,-0.5126470166286818,0.04366857844751748,-0.19242371864417124,-0.7334007515775016,-0.02814634659860077,-0.2616336783612966,-0.7249446915206317,-0.10003590079437225,-0.30981043584771745,-0.6540824545286602,-0.13579801665324065,-0.09304356787861057,-0.5032228292234473,0.0011608592700382396,-0.12145558568742693,-0.7125250996021122,-0.06106559654556176,-0.2036717081180564,-0.7047907796792257,-0.1170736707416474,-0.2610470530472847,-0.6256000133825798,-0.14101739458410828,-0.021236762994835037,-0.47168163680480935,-0.044424145053581776,-0.04405642471145057,-0.6470834004653336,-0.08716930086675714,-0.1122460178025255,-0.6799462460309099,-0.12145235474465546,-0.17225674131990187,-0.6421253643844064,-0.14049747135265933
0.0,0.0,0.0,-0.15513407487464917,-0.08017734355526648,-0.02496178055558827,-0.26443552885665605,-0.2428132124781496,-0.03755772858383813,-0.3173559876864374,-0.39903775587698587,-0.06446423512947098,-0.3217932998130227,-0.5400184737625184,-0.08978661702813212,-0.21367654847084394,-0.5023972961659131,0.06590146491301345,-0.22995721155615814,-0.7176765723543191,0.039949905017468756,-0.24496758688661327,-0.8481867602289643,0.00046276569360842543,-0.25939157499780513,-0.9643107533837755,-0.03545453513933573,-0.14972193038761888,-0.5159010347259038,0.03983685555608285,-0.18429195948134272,-0.7395702689658243,-0.033736207133549675,-0.24784192260924384,-0.7289514667060382,-0.10546110242192572,-0.29162256242676277,-0.6554097786607551,-0.14031677892803196,-0.08735808522521658,-0.5062479882826041,0.004161805844779657,-0.11156476331113375,-0.7188783869306188,-0.05955556154661268,-0.1859752415738276,-0.7095354274192487,-0.11467463655114495,-0.23703897952621286,-0.6265207464398246,-0.137202419853282,-0.012586231294892744,-0.4745893975504829,-0.035344168126137256,-0.0343343374324329,-0.6517904397458689,-0.07917387908217222,-0.09870166390317851,-0.6797554766763003,-0.112734456234478,-0.15472694011691268,-0.6337719708428877,-0.13047748717685204
0.0,0.0,0.0,-0.15880147836726788,-0.07847646136824443,-0.032383651663769254,-0.26832916347552327,-0.24776502308018739,-0.04582313373272813,-0.30759650870575184,-0.41040778089181434,-0.07112531196165628,-0.28766495198146685,-0.5356797254204761,-0.0942609300312675,-0.21993156585010099,-0.5085396897052876,0.0569889706373284,-0.23298231511884354,-0.7219247397678022,0.03152562139906496,-0.24755945204247354,-0.8497797081604385,-0.006286242493314234,-0.2597134856494379,-0.964396509529258,-0.040941228183188044,-0.15108523675056473,-0.5202488562978302,0.03688123069384691,-0.17929047528166614,-0.7444758760333037,-0.0348779331110188,-0.23331468374501327,-0.7291064936355428,-0.10270349328816394,-0.26837120696029776,-0.6533503642506895,-0.13459284847549163,-0.08429972027422167,-0.5086844412052789,0.007116258583109123,-0.10346505184925453,-0.7202001522109069,-0.05472689973831675,-0.169042996763732,-0.7076072208380146,-0.10667434360249464,-0.2127821227096371,-0.6203418084770858,-0.12692773015328723,-0.00539544301543364,-0.4762140911401178,-0.02712604767986708,-0.024088752968681463,-0.6528353457916396,-0.06872158564533105,-0.08463175416017014,-0.6750518464504744,-0.09968756736469009,-0.1356341045911361,-0.6216959963890487,-0.11548753538567036
0.0,0.0,0.0,-0.15715655154157582,-0.0788990267762689,-0.037521631668490235,-0.2659728252751555,-0.2496364733214651,-0.05296347802793114,-0.3020630610051833,-0.41187286852689814,-0.07766367661586851,-0.2687262715791878,-0.5232299841683891,-0.09987355327561746,-0.2254478385585701,-0.505418073335245,0.04267980587946747,-0.23924466478134668,-0.7213086874337886,0.01544088207696389,-0.25107538151579356,-0.8497540189802336,-0.02144007829822516,-0.26050830551847665,-0.9636591746354587,-0.05401985853634541,-0.1525294998174516,-0.5171721577398634,0.027721401827053085,-0.1732159303875706,-0.7398901940897051,-0.04152678203251123,-0.21938160376182209,-0.7274155596054688,-0.10364834086213084,-0.24968444640466303,-0.6556469651591674,-0.1313137122936748,-0.08098123632473815,-0.5058667489858226,0.0036766122291781397,-0.09403695540730886,-0.7150991852971872,-0.05362358584827459,-0.150274306443419,-0.7091284295501464,-0.09827840648694217,-0.18775459027687977,-0.6293041486909495,-0.1139157162040625,-0.000175522271061046,-0.47349232713223655,-0.025406023046231404,-0.013328604245424713,-0.6466798170499721,-0.06194877557864796,-0.06684539369311714,-0.6723013647087669,-0.08684064103533948,-0.11117461058232696,-0.6245642393017619,-0.09796371649032763
0.0,0.0,0.0,-0.15877347172709227,-0.08028764484825243,-0.03951786513063062,-0.2641563437027025,-0.2551394017126545,-0.054860734805756387,-0.28903190977510446,-0.42031544244012253,-0.07879563140358237,-0.2530215720506416,-0.5377186876632206,-0.10048715709853663,-0.22331526937303414,-0.5133869952484873,0.03833738570774105,-0.23697993440075055,-0.7272550677050517,0.010460681531732942,-0.2492312158562422,-0.8535875057235258,-0.026292407617735748,-0.2581584342917348,-0.9641912744474325,-0.05811776678610784,-0.14732010344177138,-0.5236570704740351,0.02506721342030716,-0.162614051222186,-0.7481695768222929,-0.04458062222990712,-0.20391330549937234,-0.725029032401303,-0.10652714395333704,-0.22976655512189517,-0.6460627064416675,-0.1336122876336558,-0.07388913342598227,-0.5115671317853011,0.002950103636859514,-0.08162408762680617,-0.7207076395605414,-0.054095552725811,-0.1324088848689369,-0.703535949752579,-0.09848131033200802,-0.16247953280254718,-0.6164070656345915,-0.11387532495548813,0.008237225037531047,-0.47796925497953635,-0.024257126059581736,-0.0022274186662171996,-0.6501716805257645,-0.05966843663435453,-0.05239553441029443,-0.6658119685934623,-0.08352122460453915,-0.09077653475185243,-0.6097586743350258,-0.09390278836846075
0.0,0.0,0.0,-0.1536723498892589,-0.0765600492744311,-0.04726896014544853,-0.2561615839148787,-0.24500102551851005,-0.0688962773585888,-0.2838729205045375,-0.40440882308849696,-0.09764949293220693,-0.24767323487935183,-0.5277562081223788,-0.12395581459637717,-0.21840034580459353,-0.5098088246846455,0.02754941125646524,-0.23873420935505468,-0.7238342650267761,-0.004871570269629534,-0.25211692074128533,-0.8507005735918782,-0.046008601231843624,-0.2608672528757549,-0.9616251752144446,-0.08085980841236769,-0.1425867618890415,-0.5193198047834834,0.017125341922182367,-0.15581882625143406,-0.7432338033020862,-0.05566611895727135,-0.19342562841915834,-0.7201267404795221,-0.12177003714265003,-0.21786767116277939,-0.6439559176170881,-0.15240270389021923,-0.06982520665389687,-0.5075745598654327,-0.0022525335201796317,-0.0750034201797303,-0.715791487583161,-0.05940034726934689,-0.1226120372520748,-0.7030493385824714,-0.10543691724137358,-0.1512060982790459,-0.6177821600839086,-0.12305583300220313,0.011873893983415911,-0.4721052215226589,-0.027460395079746916,0.00351952383762915,-0.6426960022478381,-0.061991419625757715,-0.04517679773480182,-0.6645926933500501,-0.08667701634417402,-0.0846337822819095,-0.6134765946451644,-0.09858147987145091
0.0,0.0,0.0,-0.1528453844480007,-0.0778033011021694,-0.046045984266058035,-0.25157947854287777,-0.24401471598128513,-0.0665742274925141,-0.2695861981500578,-0.40357390225653195,-0.0944319118823381,-0.23180782073008938,-0.5273181558330111,-0.1200057492408371,-0.21367285582952633,-0.5167051521853094,0.030389377631613403,-0.23717234401085469,-0.7265003532828547,-0.0005075613761983931,-0.25224188505115497,-0.8515639543961495,-0.04084830039825556,-0.26220321163638327,-0.9618819898947,-0.07520067640616143,-0.13660594703631168,-0.5256737344643276,0.019937909779609804,-0.15086017060644658,-0.7465922972773981,-0.05108354289267216,-0.18376438921813287,-0.7192715623405392,-0.11696932094377155,-0.20356165283813835,-0.6429732593799806,-0.14758248031187882,-0.06418894125386868,-0.5128904788582088,0.000616406953681204,-0.06836165160720348,-0.7185888338518585,-0.05588864093673139,-0.11347371126405771,-0.699184302574577,-0.1018509660836347,-0.1382501502022491,-0.6109358172421322,-0.11929728139002863,0.017091004503238666,-0.4760157737213923,-0.02439703803511934,0.008664200151833598,-0.6433150772164882,-0.05793430664093262,-0.04009715334816598,-0.6606719466568969,-0.0820567972088987,-0.07817911105271429,-0.6080809901492507,-0.09363868008174533
0.0,0.0,0.0,-0.1475080546944471,-0.07797720771623644,-0.042013384185977776,-0.24196651340859598,-0.24256054062870652,-0.060731289047807877,-0.25367624291802704,-0.4004981678953699,-0.08711510885605203,-0.21890866550729499,-0.5240891632642946,-0.11121708211927347,-0.20575549715302327,-0.5184894804939759,0.029929670122874282,-0.23484033862845327,-0.7257054558853258,-0.002069931690290115,-0.25155777312193084,-0.8521463323727458,-0.04206344092388001,-0.26129097239677435,-0.962198201449076,-0.0755770418517983,-0.13028015090167597,-0.5289142367488091,0.017613557450496784,-0.1407777509713223,-0.7475691238997915,-0.05243423790956152,-0.1737235647655621,-0.7182307232190311,-0.11544539662147582,-0.1939893297826188,-0.6425870520099168,-0.14431982372191152,-0.058505521404512,-0.5165754516566474,-0.0033951151007898784,-0.05745556885384122,-0.7185050844872648,-0.05932371019513146,-0.10426185125438849,-0.6967192568799747,-0.10274141142767841,-0.12918974758385102,-0.609748257787188,-0.11893168633932136,0.02211941587314376,-0.47918290382428885,-0.029875764025121116,0.017946166740109636,-0.6415213655789618,-0.06287961049096655,-0.03141352664894448,-0.655368389180428,-0.0854174708963881,-0.06910600354562142,-0.6023020306147289,-0.09603780019163327
0.0,0.0,0.0,-0.14498704326361195,-0.07852928526030617,-0.04512754918266577,-0.23510803077423142,-0.24032980223609574,-0.0660838943708966,-0.24164654463006127,-0.3967772217838558,-0.09385759161840047,-0.20788066481975648,-0.5238175489344953,-0.11881652081344357,-0.2028422451141318,-0.5184823631137163,0.02581008910016349,-0.2368795226486694,-0.7239022181178891,-0.00831071885963952,-0.2555604212023135,-0.850579876845751,-0.04954706166697573,-0.2651130995841028,-0.9604538838236114,-0.08402111624987019,-0.12614264601641945,-0.5309845293312314,0.01396442541060764,-0.13635356077183394,-0.7519429919614542,-0.05836619775082675,-0.16617915594682833,-0.7156759547393903,-0.12213295850973707,-0.183660668214387,-0.6353424625205483,-0.1516937748940428,-0.05402855377220844,-0.5191865792059629,-0.006906383006938548,-0.05029134684155655,-0.7210462254107581,-0.06510779257863884,-0.09453511223473596,-0.698029489489391,-0.10982010702427325,-0.11607714756153181,-0.610065300962142,-0.12729143899498202,0.028038588822106518,-0.4815489926372819,-0.0334514837369024,0.026134240011889243,-0.6434688218732156,-0.0682132112377157,-0.022441121024412522,-0.6563532385685099,-0.09241705501903574,-0.060186070572922246,-0.6027517414271731,-0.10486094391669942
0.0,0.0,0.0,-0.1449087286158744,-0.07440145885577779,-0.04526730879887296,-0.2343584318712879,-0.23661915209394024,-0.06476913439919127,-0.23742635287601555,-0.39727744291364275,-0.09060515566869773,-0.20123587106976615,-0.523788665310911,-0.11336229685477137,-0.20396026953048713,-0.5177823903354364,0.026847927119985637,-0.2398862742523526,-0.7227803957717445,-0.005621102864770592,-0.2589109074818942,-0.8501580997011169,-0.04547869420787892,-0.26741464203310006,-0.9602421033517304,-0.07941028733395236,-0.12583738107853376,-0.5337514444859516,0.015747639141240034,-0.1363674457310235,-0.7541456228861243,-0.05450464572515424,-0.16411027796085761,-0.7153393513631636,-0.11593251867246823,-0.17893770192124103,-0.6334869637414703,-0.14435691374325482,-0.053309598909135725,-0.5238163682248593,-0.004517854264325014,-0.049669461177528254,-0.7253680712139629,-0.06135380604513871,-0.0919612654021269,-0.7006630024312719,-0.10440569059157408,-0.10975315697097679,-0.6112065830870412,-0.12139070431190835,0.02986456098292318,-0.48763919218008545,-0.03064273789099902,0.02646797619358984,-0.6478498440117276,-0.06485545785736563,-0.021522618344900053,-0.6590014456590885,-0.0890024856564226,-0.05740529784713419,-0.6049062293694428,-0.10187552084496612
0.0,0.0,0.0,-0.1464286266790234,-0.07569448311814611,-0.052700929125719546,-0.22936226500654933,-0.23708158876653324,-0.07205606533927036,-0.2220400519583088,-0.4036278010736428,-0.0959414252628138,-0.18598645657470586,-0.5319082927558735,-0.11587536068287038,-0.206720240247174,-0.5105324749937066,0.028526197513861415,-0.24494270093121717,-0.7176295602140704,-0.0012609498670303686,-0.2624598821461661,-0.8473553675732868,-0.040011309517457655,-0.26932618800954344,-0.9601706965343689,-0.07376188142562333,-0.12490094512463433,-0.5310025443143669,0.0220649279281471,-0.13251046185346493,-0.7504350149829091,-0.04810830902451709,-0.1500243713548861,-0.7047175170732076,-0.11092879313608625,-0.15842515225444578,-0.6189207654135799,-0.13976660600259558,-0.05012810333822939,-0.5232028358683813,0.005599282182729166,-0.04563630775664456,-0.7199819849114562,-0.05375225008705653,-0.07942778125005642,-0.6899194980994939,-0.09991774742641603,-0.09128143387479708,-0.5997601911138897,-0.11791256562016886,0.03447941344157663,-0.49103536802752024,-0.017012195838065684,0.032155280484522604,-0.6493526659826723,-0.053825610873198204,-0.009446629527487971,-0.6564032676901244,-0.08034245511755962,-0.03905024796743686,-0.6019033636004217,-0.09432272889985979
0.0,0.0,0.0,-0.14650848651934303,-0.06928782079128608,-0.055467021609814024,-0.22923765632402213,-0.2327709179870036,-0.07546355242141135,-0.2172794231089961,-0.4040425178815724,-0.0989006378796737,-0.18082907482819088,-0.5338834321362275,-0.11817775249110918,-0.2096151861381832,-0.5060202092950266,0.022265083441124725,-0.248133314532709,-0.7145847964297385,-0.0073634504271481455,-0.265241926727917,-0.8461196441545324,-0.04447299860732293,-0.27123108271415663,-0.9594013945567946,-0.07694728855198442,-0.12533282899478984,-0.5305166849448419,0.01791701227574096,-0.1326938937326856,-0.7494673328256588,-0.05163741037038627,-0.14884655029491284,-0.6997667275154132,-0.11150015954186396,-0.15423652301498858,-0.6109213009226728,-0.13813332355947044,-0.04947993057871118,-0.5248737411383196,0.0036293044185299207,-0.045711507552050085,-0.7211579469798529,-0.05546835509026918,-0.07973099955717461,-0.687244008693153,-0.09957308447857782,-0.0896442027717628,-0.5952112877324263,-0.11629586697826247,0.03544255473504895,-0.4937799283506532,-0.01698852144198121,0.03449004051329264,-0.6482475023840086,-0.05455063795438929,-0.007545635330197829,-0.6546005607360925,-0.08149812575608731,-0.036543642356810666,-0.6001233752303868,-0.09564228592427151
0.0,0.0,0.0,-0.14440032449072315,-0.06892231281933657,-0.05918795256977453,-0.2236042364688146,-0.2328969850902358,-0.0814852490485416,-0.20836093390458085,-0.4055662390768373,-0.10578842059454947,-0.1691174006199736,-0.5345370665778635,-0.12593106601697074,-0.20706756978736263,-0.5072148120059579,0.013760889759765874,-0.2458371834347685,-0.7154908094442483,-0.016360400554458136,-0.2625748553335092,-0.8474454447937874,-0.05387158960055795,-0.26845509937695483,-0.9593187976089381,-0.08664136853619767,-0.12056482895731938,-0.5317940699062061,0.011750348090652441,-0.1253724548452035,-0.7488042569010299,-0.05478275563553571,-0.13747234904989494,-0.7082910672852016,-0.11332027899639932,-0.14041320306111765,-0.6263484147184128,-0.14095143590525727,-0.043347860887120976,-0.5256592958801227,-6.28630961172509e-05,-0.03783123653164299,-0.7200920192847221,-0.05640540869748281,-0.06803064596763747,-0.693144113766414,-0.10009323771162501,-0.07569428551203741,-0.6044274601892503,-0.1182804855744764,0.04161107881363926,-0.49381086545792163,-0.018589852261859788,0.042180636659322215,-0.647899629092478,-0.055711713965055414,0.002832358595919483,-0.6569615112615035,-0.08310878732252605,-0.024702433254322566,-0.6030727400688712,-0.09828058209643539
0.0,0.0,0.0,-0.14088980515666683,-0.07274597660000279,-0.06563158633888205,-0.2133331675649165,-0.2339422350094786,-0.09010876525652003,-0.19786880630991094,-0.406090717580991,-0.11439442897471179,-0.15776994279385043,-0.5321780192580762,-0.13420364072072505,-0.2090067487325008,-0.5025188738416112,0.006354105974797385,-0.24998185708663048,-0.7132843470047219,-0.023704318139106985,-0.26534653761275595,-0.8469992148236583,-0.06149178466323498,-0.26968358569289896,-0.9582642279651508,-0.09420368549683523,-0.11812018103487593,-0.5298960611868877,0.009169340232712356,-0.12395322877368883,-0.7462739754391099,-0.05595770435185705,-0.12432566391274832,-0.7088515816586967,-0.11506786732214666,-0.12023885215798935,-0.6287078245545908,-0.14345569611032266,-0.03707833910637896,-0.5252600293816589,0.0024495148350189427,-0.03597955415271181,-0.7173100827142576,-0.052050998804660055,-0.053170629506338274,-0.695559660797029,-0.09494201270786869,-0.05387814957388852,-0.6097283394171202,-0.11297166635629821,0.0478753273240145,-0.4941509251298451,-0.011325545419527046,0.046566930206987926,-0.6473828205782017,-0.0472988898478217,0.01773810335023296,-0.6619167633956694,-0.07360185902177473,-0.001938472968654863,-0.6143855211145438,-0.08780207583553948
0.0,0.0,0.0,-0.1388259165301471,-0.07518564140659045,-0.06799838347518716,-0.20779171531224055,-0.23485900816925126,-0.09367787888508704,-0.19081826488464826,-0.40812025358937776,-0.11856529356606736,-0.14822731693800423,-0.533121763136838,-0.13905990716364408,-0.20948847229989465,-0.49937673047674663,0.0030609136834765065,-0.2506656239712595,-0.7123035034948124,-0.02719369165002035,-0.26599554687527693,-0.8464696387668891,-0.06436807206847668,-0.2702237838223154,-0.9579185044137168,-0.09645069134014342,-0.11652057407518013,-0.52979337220541,0.0073998979081418,-0.120865683156577,-0.7467170738324914,-0.057542952617543955,-0.11653549351409051,-0.7054341361409215,-0.115264362530483,-0.10920240259788055,-0.6234239544903594,-0.14217436773601877,-0.03317203800822435,-0.5271910560391202,0.0022585006176616563,-0.03298817444183064,-0.7208387483290181,-0.052143247230045126,-0.04549931070034796,-0.6959706278643831,-0.09301895050479803,-0.04321143957981249,-0.6100975279147707,-0.10919067636911683,0.05214572802967245,-0.4969124421343981,-0.009992795196045382,0.04873438362499638,-0.6513437805503748,-0.045882754446952806,0.02445720679686679,-0.6638086297367123,-0.07042369662059199,0.009721870208592012,-0.6159052078207428,-0.08277855761592487
0.0,0.0,0.0,-0.13574898936864344,-0.07462807987927042,-0.07412295975152489,-0.2027389520844683,-0.2319036809338061,-0.10226791188164149,-0.18568592451364158,-0.407095076961449,-0.12789659120897595,-0.14247782727071112,-0.5350116979700866,-0.14913347612785818,-0.21046063124746228,-0.49487650625712887,-0.0040772395550589605,-0.2531809867100345,-0.7084338286609693,-0.03534408439544866,-0.26883564713060815,-0.8439142021424293,-0.0729844098804317,-0.2730137703865123,-0.9561460494534544,-0.10546023403813576,-0.11562013314684301,-0.5282314065452625,0.0036091035918997924,-0.12032804808887279,-0.7450495075125388,-0.0630456323652604,-0.10627786301558431,-0.7040589284383423,-0.12210578975805854,-0.09153431930324443,-0.6215818860134135,-0.14941954305821686,-0.030788913668795888,-0.5265326980768947,0.0017842066330228108,-0.03080618350692475,-0.7195747988169034,-0.05471550352444476,-0.03407602868621219,-0.697677759121411,-0.09681530893385633,-0.025873055561195044,-0.6136364950683293,-0.11318256154464776,0.05432294689448576,-0.4959748282383072,-0.007297563150725278,0.051463785497230415,-0.6502365717007144,-0.04571333562547392,0.033842993274628155,-0.6668641433901333,-0.07168306626476578,0.02353243542509127,-0.6230087895072829,-0.08446226430529624
0.0,0.0,0.0,-0.13229548862553758,-0.0705792283379279,-0.07811805499381949,-0.19828919329913147,-0.2290769542501176,-0.10773083409037701,-0.1796106023085997,-0.406200519505454,-0.13369903871461639,-0.13555895759646386,-0.536462635425771,-0.15509920439704203,-0.21207303854210086,-0.48934511501636146,-0.009603658450847739,-0.254951034743534,-0.7039668002245867,-0.04210142441229967,-0.2705873648169095,-0.841673908645471,-0.07991797349036675,-0.27478552626290365,-0.95483845862952,-0.11251087027137475,-0.11706468583174826,-0.5255111475117491,0.00013012707258074508,-0.12262998481949397,-0.7424599183830983,-0.06749721727439546,-0.10270423959130678,-0.7028927717863943,-0.12633569329130495,-0.0843109942060078,-0.6217919809756065,-0.15330756569380322,-0.031810810515407295,-0.5252615022014474,0.0001834837697236699,-0.03181463379990585,-0.718180962244158,-0.057458933722182845,-0.029055024498492375,-0.6988129781909997,-0.09977156160910144,-0.018119318628476096,-0.6180092978955286,-0.11609328943002528,0.05324345751333819,-0.4959860884046765,-0.00719732340488194,0.050997691508251904,-0.649878758935033,-0.04677216037974361,0.03862545932311745,-0.6683650478453218,-0.07340385913174641,0.031578453247753505,-0.628045039294501,-0.08651507577610026
0.0,0.0,0.0,-0.1293361959747963,-0.0707027720422015,-0.07598794019036342,-0.19252603947098879,-0.23581972632008902,-0.10404014878012052,-0.16984826311331136,-0.41771192969495063,-0.12816882957202025,-0.12564010248886867,-0.5508371569986583,-0.14792514335202184,-0.21464060858047293,-0.48880288466360544,-0.010290623450499164,-0.2570009975774563,-0.7003909106362562,-0.04347695722030602,-0.2728615521715205,-0.8409101639281145,-0.08177254920517686,-0.2780804689013108,-0.9536815981827101,-0.11440288087066483,-0.11885550723134766,-0.5264328320226079,-0.0010806897300350957,-0.12409564195187676,-0.744129422813762,-0.06723260976319173,-0.10367923570373885,-0.7097320976527124,-0.12431917604281198,-0.08695643577903797,-0.6316287534756784,-0.15028608289240744,-0.03281618026406751,-0.5262901750460979,-0.0011856588102010274,-0.03076503853410454,-0.7196835140585911,-0.05721959763010902,-0.027644866250501055,-0.7036168477828556,-0.0963931897822777,-0.01798693079018039,-0.6272797862812558,-0.11095022070602145,0.052424668307165925,-0.4952431137460712,-0.008578953230695435,0.051819776381159505,-0.6498684038007025,-0.04617432448022506,0.040527801744721606,-0.6743883062280752,-0.06995494170844978,0.03269915906387719,-0.6426539678182956,-0.08119345488794627
0.0,0.0,0.0,-0.1272016673901082,-0.07326472250403929,-0.08030384321924233,-0.188262677758957,-0.24102335010435627,-0.1078502764110417,-0.16660578563533435,-0.42420393451214466,-0.13082157868827077,-0.12224222841994925,-0.5576646083106079,-0.1492098262353854,-0.21562587934042726,-0.48735384626706446,-0.005971091867135054,-0.259106811929134,-0.6992083403022593,-0.037156794612090455,-0.275412550090971,-0.8410549129178901,-0.07622946584434176,-0.28029240060580946,-0.9535760549485397,-0.1098447816976554,-0.11943281507161499,-0.5244878534863291,0.006045600687292282,-0.1259737220638754,-0.7418013543163905,-0.059856103786278606,-0.10399039764505885,-0.7157307897110181,-0.12191022126331236,-0.08612482864451575,-0.6416658731475481,-0.15185090235297632,-0.03368775250295257,-0.524800384729194,0.008161074424731423,-0.03209442023605687,-0.7192411656670243,-0.04872425868825911,-0.02634931084380856,-0.710919517650858,-0.09510515333605582,-0.014301409050605169,-0.6347993297897789,-0.11463363505873178,0.05145204498573571,-0.4969036789499438,0.002785468993153641,0.04997309508515854,-0.6522809962607116,-0.03638466810544439,0.041904273267551,-0.6799964359625799,-0.06511285791783249,0.03729635323981827,-0.6475196319208454,-0.08007543376271095
0.0,0.0,0.0,-0.12350008940088514,-0.07110826504338857,-0.08223342111862725,-0.182432373877895,-0.2398689310472568,-0.11210196531472841,-0.1594181450314946,-0.4240908823205959,-0.13681846311389861,-0.11397634248272923,-0.5593360196131201,-0.15730185952994374,-0.2146256944485167,-0.4912033786196113,-0.009931052935457246,-0.2582453708126242,-0.7004945669204297,-0.04253906791002843,-0.2743376628926443,-0.8424876121164797,-0.08179298812288643,-0.28018503978531784,-0.9529936554064481,-0.11506657894825029,-0.11879458830862233,-0.5294058747966879,0.0028792010965260546,-0.1275882039223979,-0.7448869575760684,-0.06486960623628249,-0.0994868302562974,-0.7167677612719608,-0.1275845384085773,-0.0777328028856842,-0.6435735065984467,-0.15695558116211253,-0.033460980095410556,-0.5302044630246345,0.006008474526228193,-0.033054684020518615,-0.7245128094632065,-0.053281101037661045,-0.020633328497182767,-0.7135726552514193,-0.09899868309559212,-0.005241243136274352,-0.6392132344109823,-0.11718981351369537,0.050372275627765056,-0.5016634965995344,0.0019170141444242671,0.04752624022276741,-0.655783877048625,-0.038529174999166686,0.0452353764255334,-0.6866074755231479,-0.06650213875548307,0.04489269683501685,-0.6631846211545742,-0.08031822192705995
0.0,0.0,0.0,-0.12157089668123314,-0.07070590414095446,-0.07959811927687357,-0.18066957453308868,-0.242766441444554,-0.10778364279544614,-0.15488683972778725,-0.42754220793019093,-0.13112496326351045,-0.10687463833015663,-0.5599271681641864,-0.15014689929699118,-0.21169157332926436,-0.4914949480043735,-0.00938583636472874,-0.2562852850313998,-0.7014821724883995,-0.0400165071407627,-0.27294976995397413,-0.8433134735567716,-0.07717117612537892,-0.2774728852325591,-0.9544666152448902,-0.10922001326708919,-0.11645871268494593,-0.53037005960004,0.002631765470666253,-0.1235976982552861,-0.7408117882903253,-0.062335804320599604,-0.09292747821685318,-0.7212225730374201,-0.12263258245261499,-0.06663726069661226,-0.6546086250216632,-0.15124633240380314,-0.03189288662884334,-0.5308962337633032,0.005088438680006743,-0.028066874871274065,-0.7187056485418037,-0.05246428729009629,-0.01160567327297697,-0.7161771584986465,-0.0976332768951321,0.008601480478654198,-0.6479563132269612,-0.11619257410425396,0.051698808360694605,-0.5030209795928973,0.0003415065384455119,0.05128474081014882,-0.6530715711179249,-0.04036372792091081,0.05299618623954225,-0.6844336228351149,-0.06881075064391651,0.056951539305587426,-0.6612591599249852,-0.08309733424518323
0.0,0.0,0.0,-0.12266955196739288,-0.06925179734447909,-0.07521475399907238,-0.1826920526819632,-0.24316248458590567,-0.10220831924722207,-0.15525166875349927,-0.42781300923248133,-0.12556921173443159,-0.1080961576370577,-0.5579849309060166,-0.1449446812409542,-0.20948436767836198,-0.49118634360549773,-0.010413487049102945,-0.2550738113874421,-0.7035009190138046,-0.041843804500315024,-0.2715251434868616,-0.844274562312983,-0.07767810690950935,-0.2761307834208765,-0.954975689128595,-0.10832231460576483,-0.11468862583906377,-0.5290319939402195,-0.0012723590298071522,-0.11919608258822775,-0.740693284791144,-0.06713321926505733,-0.0928785180376592,-0.7122859317648746,-0.12434286298006947,-0.07133063151892398,-0.6393777053895425,-0.15011621522694013,-0.030095537754018267,-0.5298296285240762,-0.0013117883771162097,-0.024430308190252544,-0.720409500045541,-0.05921035588020848,-0.01197877759588008,-0.7093687738657277,-0.10146236874509229,0.003919393517887618,-0.6357780226479857,-0.11749791545146307,0.052206743312084095,-0.5025056464207813,-0.008255640117942827,0.05257848847694627,-0.6533484085379495,-0.0488625000313733,0.0511051179288942,-0.6776821059857625,-0.0754114556018899,0.0522307185707043,-0.6467586554557121,-0.08795768421222583
0.0,0.0,0.0,-0.1258421415596435,-0.07099220489768088,-0.06891352667045583,-0.18845003427625295,-0.24231784158841668,-0.09424120780516532,-0.15830397225723722,-0.42165857877218327,-0.1176929899162806,-0.11778502120726966,-0.5477664864353682,-0.13773629425583225,-0.2076796757208735,-0.49537467560374615,-0.00809893743763522,-0.2519002768065368,-0.7052324632868004,-0.04135814790827951,-0.26816399368557403,-0.8437537954159777,-0.07646381875226269,-0.2744961455759845,-0.9557602167150053,-0.10556336967758048,-0.11480109380210207,-0.5310696415380582,-0.002702070367394583,-0.12012308381909761,-0.7421952178351208,-0.06974169277333855,-0.09683193083003927,-0.7041800550861201,-0.12291521155275288,-0.0759357834582784,-0.6274618166665542,-0.14448122720087123,-0.031508056141971955,-0.5309330333691927,-0.006263876654500985,-0.02679116905646438,-0.7186287946968231,-0.06445895266980514,-0.020470453298675733,-0.691942500247796,-0.10089990935092989,-0.008033512768957174,-0.6132509334349022,-0.11180537641202738,0.048010718743383016,-0.5020704809080797,-0.016581626605382052,0.048094365682572214,-0.646922287671802,-0.05597771972211309,0.04154424985016972,-0.6569255623688285,-0.07844892610255455,0.04038040682463874,-0.6178622119056147,-0.08733511345941414
0.0,0.0,0.0,-0.12804910689045845,-0.06961194537472795,-0.06484923919890095,-0.19256169417664615,-0.23755887297815903,-0.09003938177434861,-0.16064433846518786,-0.4128377951204325,-0.11439459613135194,-0.12050952074363258,-0.5349592924570328,-0.1356063582628617,-0.20602116311904187,-0.497115399471376,-0.0077508249000953966,-0.24970053002143777,-0.7065328842403127,-0.0419113773561412,-0.26512608687376454,-0.8443548388609488,-0.07701832021794755,-0.27155958565650207,-0.9565772778706794,-0.10578581119745324,-0.1136207100392152,-0.531167865763321,-0.004916794520744094,-0.11717535276547944,-0.7409185267735657,-0.07191426442529972,-0.091725629887506,-0.6992183226855583,-0.123350845282579,-0.07052265548277775,-0.6209940555229665,-0.143619126732529,-0.030761607583983115,-0.5300578918731423,-0.010648017784423211,-0.02481987973525214,-0.7152412899213249,-0.06763627053722432,-0.017948920793937333,-0.6832292249192246,-0.10019248887404288,-0.00624180833280444,-0.6030143420444027,-0.10849630098668989,0.04781733193837798,-0.49960980311861947,-0.023046734087288388,0.04842460258838778,-0.6433025696087429,-0.06005856397813083,0.042306230589414295,-0.647440191700424,-0.0787551674643054,0.041710006974052756,-0.6045258406744991,-0.08496279473524761
0.0,0.0,0.0,-0.13247259387203075,-0.07018865356914422,-0.05875917986324658,-0.2079072745642946,-0.2378285323988435,-0.08055015980140279,-0.1775422885812794,-0.41624842756612646,-0.10377484415542632,-0.1307573836558378,-0.5379661770007409,-0.12304383308920261,-0.20972388431369393,-0.4935135826987762,0.000728276469661344,-0.25188879782897505,-0.7052033627788925,-0.03456545647793251,-0.2710613859331994,-0.8405905220993359,-0.06776373698452882,-0.2800992962985803,-0.9551772210982616,-0.09471587919836023,-0.12156629289432308,-0.527408484114237,-0.00015465308904179373,-0.12144099926138226,-0.7358150781668162,-0.0695799336943548,-0.112876682249196,-0.6773955418246757,-0.11254954595848518,-0.10135565750487889,-0.5908098551137382,-0.12464313054200069,-0.04107817316591599,-0.526485267351753,-0.010411611178833928,-0.03126743566979963,-0.7010605164600713,-0.06826661386934546,-0.04089195351684953,-0.6451542473041849,-0.08817428438085564,-0.03663585101279463,-0.5595542556218801,-0.08613129057512356,0.03680764523054447,-0.4964794260190736,-0.02789037167471646,0.04302492321181038,-0.6332735452861855,-0.062347771223313864,0.0208134501559275,-0.6127322819337679,-0.07221864514277336,0.01029663096050882,-0.552962094886442,-0.07130036584032555
0.0,0.0,0.0,-0.1394581206331971,-0.06655508469776217,-0.04615659944498793,-0.2297425763100928,-0.22411720911409233,-0.06473557061814428,-0.2202863968064045,-0.3771437836345616,-0.08896427893738516,-0.18362146603373772,-0.4763712881143718,-0.11016355424948132,-0.21852117048917563,-0.5024366447216349,0.013427684599707121,-0.25664641023844315,-0.7125068143979554,-0.01683676246389481,-0.27912341537275487,-0.8418133556849852,-0.04546833810841027,-0.2915369698527299,-0.9535592652486188,-0.0697973519814001,-0.13632442291072328,-0.5245134407604455,0.0040921180326888885,-0.14475617000975338,-0.7325690707043424,-0.061006245992168626,-0.1535616002473476,-0.6660937724602343,-0.09808944934033917,-0.15155209464747668,-0.5782888878582366,-0.10607410382457275,-0.059801950278208935,-0.5145217352608313,-0.014255609026978117,-0.05906619699357215,-0.6922807855125503,-0.06991761199628029,-0.08191849248909217,-0.6226142938710602,-0.08431758689377486,-0.08638944907189496,-0.5329274930898236,-0.07830290213165958,0.015525412725806721,-0.47616415326840233,-0.03895141357439517,0.011560003425128378,-0.616183697992118,-0.06983265326308136,-0.02151786490998899,-0.5827180513311649,-0.0734076637544766,-0.03705211886709725,-0.5158682022212717,-0.06831020640138175
0.0,0.0,0.0,-0.14469979547472694,-0.06490047019286818,-0.03823495906218957,-0.24187348795666558,-0.22182967835509865,-0.053638905493568347,-0.23878667106081092,-0.36337514140457716,-0.07640368218450093,-0.20252003859345202,-0.45727829121363894,-0.09683080915967625,-0.22134803434562195,-0.5070786452736311,0.01975084469284003,-0.25798210584093617,-0.7167353346609628,-0.007739074164238742,-0.2804191318680247,-0.8436300331556726,-0.03404843164875225,-0.2946640575222925,-0.9535973359197272,-0.05669285607194756,-0.1415574804271713,-0.5233342174809055,0.00648810253909713,-0.15068977416167412,-0.7296122605624108,-0.054556762242822465,-0.1641242599984932,-0.65787410783862,-0.0875620414130378,-0.1675837498974203,-0.5706593412576441,-0.09284584280003272,-0.06595465826425184,-0.5080017528884215,-0.015197903549867994,-0.06611576600505606,-0.6838460574970602,-0.06735107387319605,-0.09119261178228463,-0.6054502565614435,-0.07624259572546892,-0.1001163256354155,-0.5148991107065459,-0.0669765833524025,0.007958276776170437,-0.46292886482749357,-0.042710954674460636,0.0035655488698566416,-0.6014745314028406,-0.0704210990939493,-0.02941736229097625,-0.5562347649761449,-0.06799455901259793,-0.045146122828246725,-0.4851902311298915,-0.05859735376925575
0.0,0.0,0.0,-0.1495660773123027,-0.06543326521252413,-0.03630503052272442,-0.2507089964934952,-0.225192771965937,-0.05026548095705677,-0.24673998304191472,-0.36403156783011636,-0.07214520843756977,-0.20588877682097256,-0.4555954298591022,-0.0919955455183849,-0.22273630643243936,-0.5099645321438622,0.02355177774072914,-0.25767835847264164,-0.7196439579633775,-0.0021506734647296897,-0.28046772474631887,-0.8448780925590149,-0.02751238540520896,-0.2958351420509371,-0.9537489356430517,-0.04991648830883171,-0.1435897197385499,-0.523134703190685,0.009325353963435588,-0.15426957097072153,-0.7267382950067464,-0.04991263373360241,-0.17091710586142858,-0.6570161186894755,-0.08227730091504983,-0.17772106579686406,-0.5742697555400895,-0.08758366577502152,-0.0681923558264802,-0.5048364578871386,-0.013398291259251217,-0.0696537689842463,-0.6807845935172776,-0.06495492681334503,-0.09750370786766932,-0.6006546694500603,-0.07371182429432224,-0.11010850739147394,-0.5104906570085999,-0.06468534747725063,0.005916780075260442,-0.45676039544337566,-0.041790246311937326,-0.000830111921388594,-0.5926402214302846,-0.06992551557857082,-0.03516332854918248,-0.5426697655803356,-0.06701699461519192,-0.052226980541412046,-0.47020785794735553,-0.05733057805258954
0.0,0.0,0.0,-0.14655953288078455,-0.05330298884835798,-0.045786783996052786,-0.2512194954632324,-0.18665136031445478,-0.07210295382343748,-0.28442215010454325,-0.3039600236930047,-0.10679512643081633,-0.2773323284635374,-0.4048568324665551,-0.1383658377744168,-0.22395574421024317,-0.48682208493318885,0.00925449405344713,-0.2660426697290225,-0.7027571290909713,-0.028859947831830417,-0.29930543915698227,-0.831060141755881,-0.06216154413308344,-0.3215180765902318,-0.941378498071406,-0.08898066483090321,-0.15301784830791207,-0.4973837291919835,-0.004985087561087952,-0.1929125205935237,-0.6931737522445538,-0.08180630401227967,-0.23738921493170256,-0.6094345161273995,-0.12156356852272468,-0.25312711814482786,-0.5140359176223009,-0.12918010997160384,-0.08650102611047192,-0.48072246015330067,-0.028902522188639066,-0.11232891230268306,-0.6542959115887994,-0.09390276837265209,-0.1652737034634573,-0.5690803185128902,-0.10843075788816531,-0.18603840069274805,-0.4692335888849315,-0.10020554946519755,-0.01875865880076022,-0.4366461783779145,-0.059234022622336395,-0.044200667812029755,-0.5684119449452001,-0.09721622514831055,-0.0973526534329254,-0.5257708758818839,-0.10186008360871127,-0.1255175999405258,-0.45136775555532194,-0.09532971170450737
0.0,0.0,0.0,-0.15188711153921486,-0.05149969929365317,-0.044162607125105155,-0.25916233685642215,-0.1755664775623308,-0.07651402592632421,-0.3117817681516604,-0.2904931817036479,-0.12108936027479061,-0.32781052440222824,-0.405351089508312,-0.16380836437804747,-0.22134522968816395,-0.4789273930914618,0.02374251832918081,-0.27180660741097123,-0.6944177257498274,-0.012404821755286111,-0.3150207408478072,-0.8257042432736492,-0.046996336929341395,-0.34515455163914455,-0.9343727156517878,-0.07604880901813763,-0.15394877834368634,-0.48798141190503974,0.0035832522651258873,-0.2179380471670389,-0.676688209347615,-0.07688821212192486,-0.2752957617407934,-0.5847072323349516,-0.12458021333485014,-0.2931656443300754,-0.4835643748537444,-0.1368771610145544,-0.0939759495769009,-0.47260845843472965,-0.027078337577883367,-0.14234251939748324,-0.6416976305925122,-0.09344399789516039,-0.209286718562136,-0.5546037525760348,-0.11488478096684021,-0.23396868885388095,-0.4511374623189501,-0.11135728247714682,-0.03298864471807185,-0.4281067288625274,-0.06431311973203971,-0.07727375814594735,-0.5541205642109618,-0.1025683072444262,-0.14021086385855025,-0.5155382014180973,-0.112441763159195,-0.1725412544897729,-0.4415274895596696,-0.11035502411480502
0.0,0.0,0.0,-0.15552793831233885,-0.04756126999213521,-0.03328513800694537,-0.2645628109436834,-0.16655279914755972,-0.06270538124601059,-0.3298245693253299,-0.2742310107907263,-0.10725825657543153,-0.3598527796555548,-0.38959314473414286,-0.15080070586608812,-0.21890544054637012,-0.46751583468724117,0.03148274813163915,-0.2794362999623871,-0.686693804967649,-0.0038701809751383797,-0.3293091777851571,-0.8192193059668529,-0.039181263263490404,-0.3663402578056505,-0.9270564500342867,-0.06925588068466763,-0.15581778906618596,-0.4775813062611089,0.004439397840057198,-0.23603072988429172,-0.6661465785946947,-0.07695105834618737,-0.30831720219092895,-0.5772189519143616,-0.12809009709461244,-0.333979284420615,-0.4727542708905714,-0.1439365582552399,-0.10119982174647132,-0.4639987133650114,-0.03240238409134306,-0.16520261457290158,-0.6364140792008897,-0.09912662079219954,-0.24627842093280328,-0.5525009013242896,-0.1254589475084287,-0.2770671473347843,-0.4457577556879815,-0.1262512575158456,-0.04623433665345361,-0.42300768487957185,-0.07495803763124578,-0.09982088911337476,-0.5525850170810731,-0.11520201354131283,-0.171607117913996,-0.5176087575756234,-0.1297432165803633,-0.209219014073661,-0.44041852738678955,-0.1316672668679609
0.0,0.0,0.0,-0.1689986089636326,-0.04681287049186762,-0.026118566219574382,-0.28149364134372146,-0.15375948426262298,-0.051594460767747735,-0.3534133424584275,-0.26281354458204026,-0.09439098419789449,-0.3899475150919509,-0.3826660985217078,-0.13529083040658127,-0.23150339253063867,-0.473920124943802,0.06658092502110623,-0.29536460539322307,-0.6831459507205193,0.05728387937656921,-0.3470556471647764,-0.8135945470774794,0.0421477058803519,-0.3845939661228589,-0.9169596577883332,0.02724591176518725,-0.1719890314811151,-0.48850304167792447,0.04233780921832267,-0.25488750052362713,-0.692737876034323,0.010114035629008804,-0.3287697289489048,-0.7008035819557039,-0.0158055081935132,-0.3672889033217349,-0.687271250769252,-0.02393939839813277,-0.11738752935809244,-0.47742160197448646,0.005314893629030416,-0.19857113364653164,-0.6472949066101876,-0.03577361039602689,-0.2862456804662647,-0.5639623423186125,-0.06032989445309451,-0.32671526088710046,-0.45745893325795955,-0.06436253360566004,-0.06750688067758945,-0.445310543295095,-0.03694888169530045,-0.1368652173520272,-0.5619140724306868,-0.06333459988154223,-0.20926094669314343,-0.5237148469045563,-0.07837275047471783,-0.24888527237398475,-0.4478553298096383,-0.08367608740293611
0.0,0.0,0.0,-0.16029194294759197,-0.03765780305559608,-0.025441538387794713,-0.27140038123771737,-0.1420850287343793,-0.04959663952383021,-0.34791301829620924,-0.2444952116655173,-0.08965786074203852,-0.3884276665017662,-0.35721043948072817,-0.1276162168294746,-0.2192242026759059,-0.47093927595233814,0.053618028750256105,-0.2833259111021882,-0.685291487809712,0.03438618333090464,-0.33765676589244475,-0.8178408455077779,0.012397085264527192,-0.379433751204561,-0.9216801601412379,-0.006999438293330551,-0.16148580743707225,-0.4881786262155751,0.02939304597638746,-0.26345735732387365,-0.6628704787474724,-0.021501571154493363,-0.3400281182867464,-0.6181545497312296,-0.05351106297623778,-0.3720348860289351,-0.553921183861876,-0.06081798986118539,-0.10945987228175039,-0.4794604487304391,-0.005703440609371804,-0.20153666384618935,-0.6316030012643965,-0.0547384703650515,-0.2880673468991211,-0.5428122917252081,-0.07276070359506834,-0.3244201571603417,-0.43404073430708556,-0.06965014904326416,-0.06121557463201281,-0.44542040626082613,-0.0460940934107244,-0.13555134115587125,-0.5501172117107906,-0.07617151842514233,-0.21005356344001896,-0.5108247657608154,-0.0862233523052586,-0.2498034227396425,-0.4352823147108329,-0.08479960082803636
0.0,0.0,0.0,-0.1657138641692222,-0.030667818429496216,-0.024264327906581507,-0.2761903425319302,-0.13288061153275915,-0.04541908150969433,-0.35110646261081846,-0.23789137435376734,-0.0823415621579771,-0.39544038659098396,-0.34953465815149964,-0.11692247623877891,-0.22197745990084355,-0.4626403599251908,0.05534396550567197,-0.28698340527337324,-0.6795293657717322,0.03635625326560918,-0.33935466264257375,-0.8146683850107895,0.014045142462710818,-0.3813955420584739,-0.9226345497443647,-0.005770534929447187,-0.1632485900929515,-0.48347195144442867,0.031395377948646615,-0.265389452654411,-0.6588645590331237,-0.02213754007099345,-0.3429536128366726,-0.6155143248789644,-0.05771972687450144,-0.3770316421974503,-0.5443641001648394,-0.06719301416616622,-0.11101102128985421,-0.47848348298620824,-0.0032005597224578097,-0.20822861064570686,-0.6335125310861625,-0.05625950816155885,-0.3031974770639442,-0.5428784179847226,-0.07829124910101627,-0.34562265216353283,-0.4284143840046033,-0.07679571441834607,-0.0632023605175823,-0.44858707809057163,-0.04245830217634418,-0.1421768275506582,-0.5569728815380708,-0.07571016562825834,-0.221584219526078,-0.5165173263354599,-0.08817273973057368,-0.2655523553782281,-0.4381762596978689,-0.08787774301312792
0.0,0.0,0.0,-0.16516182198249574,-0.0300331457520418,-0.018958899654332922,-0.2778875769029328,-0.1342090247969528,-0.0365145598552286,-0.3586973429143123,-0.23909772667363852,-0.07143530766576234,-0.4090579886405371,-0.35073785921882783,-0.10479606156596072,-0.21387739065008124,-0.46006185654364445,0.06409061264171115,-0.2774666096956967,-0.680444565344452,0.044261112282025894,-0.33174073603921106,-0.8164919552571908,0.019687395134855193,-0.3768773457248157,-0.9253608057181367,-0.002009227400980509,-0.15886270405769815,-0.4818712664871361,0.03657285505503474,-0.2675210411056217,-0.6573966367533671,-0.022978025541364567,-0.3534621271598719,-0.5981950513615669,-0.06413887397192757,-0.3901627631981518,-0.5065636624229765,-0.07535493228700893,-0.11121772520285941,-0.4788888162581257,-0.0009469952877457278,-0.21213386656890743,-0.6370438921612284,-0.056236067080558685,-0.313557175174901,-0.5523389552327616,-0.07922770796174256,-0.35973330738045295,-0.4400494933903735,-0.07692440612742342,-0.06803611139490032,-0.45025906619533296,-0.04273206916462525,-0.15172863862510577,-0.5662389236894365,-0.07594319858606376,-0.2363010091202748,-0.532065543268924,-0.08645146462596515,-0.28448818239665197,-0.4545562108161947,-0.08360487721917838
0.0,0.0,0.0,-0.17496970027774386,-0.026208199658673006,0.01093864790735383,-0.2856899763054497,-0.12326653752916937,0.00609495664799126,-0.3662136201702071,-0.23129152617449203,-0.02555816169593584,-0.424719286490763,-0.34904930953387503,-0.058003374959372335,-0.21627014170700842,-0.4453399457153719,0.1271976983294115,-0.2813131892996764,-0.6667540133077202,0.13020554106090598,-0.33434724937800714,-0.8041050487952011,0.11490659536888925,-0.38052074894438115,-0.9140879866973343,0.09561665363407702,-0.16268289431661564,-0.4706691701234724,0.08209573002041762,-0.27458802218574085,-0.6413500867822759,0.04011103551866082,-0.3603606859244874,-0.5857381829971013,-0.0039878282480004,-0.39655651514621243,-0.4947685880840761,-0.020813827460790333,-0.11959555121703641,-0.4733028211770234,0.027012778822606824,-0.22729632456569634,-0.6285149081118264,-0.016076063007901785,-0.3312821039387874,-0.5432175950837688,-0.044797542703015975,-0.37777753079341947,-0.42891989808033265,-0.05016041138703038,-0.08004241480021869,-0.4535984036039793,-0.0305668518201182,-0.17126150458337158,-0.570647451576,-0.05643478266636521,-0.25628934625051136,-0.5336273932801403,-0.06913772910259626,-0.3033702885491555,-0.45372537015641956,-0.07121523949013514
0.0,0.0,0.0,-0.17422857422388038,-0.027496269611415915,0.013333661680840459,-0.28571285577373284,-0.12736506320145044,0.013255552279378625,-0.3686663421900681,-0.23462220338087342,-0.013863290273666241,-0.42388156463993887,-0.3531442464364074,-0.04224486486862629,-0.20720617235074773,-0.4407305452531267,0.13254597574884783,-0.26758883067399986,-0.6709288611887914,0.13393152470930592,-0.32045023286814933,-0.8106170253193703,0.1153089531619313,-0.3677385915536212,-0.9222355127705517,0.09361588863334819,-0.1542493284971591,-0.46677673737218583,0.08677198441939779,-0.2679010903503025,-0.6472172603457661,0.038226108012795905,-0.362416592226619,-0.5828319016768946,-0.012887139985513083,-0.4009022439336565,-0.4776455012754689,-0.03233714144180784,-0.11121366918964415,-0.46787927593646317,0.03157765454626176,-0.22134073725265294,-0.6332071366237306,-0.01698055840965023,-0.3296866836264991,-0.5465255143333054,-0.049957783113511525,-0.37589251397714574,-0.42980510300166747,-0.055059879957540483,-0.0703197564014293,-0.44697876324505725,-0.025507111386047485,-0.1651012715810573,-0.5748591853225931,-0.05604341414418502,-0.2545555785943399,-0.5416620692401757,-0.07080078244637503,-0.30340999360094467,-0.46180405998401264,-0.07201494885763118
0.0,0.0,0.0,-0.17754155219434503,-0.03372950578611772,0.012467328130508042,-0.29370924314902846,-0.13844086956915808,0.013699137663674497,-0.37942903322901406,-0.2509054057305033,-0.010440209054679241,-0.43414757894855427,-0.3750744989310689,-0.03491465722863121,-0.19949731699662726,-0.44669577764501256,0.13357004050444232,-0.25984652618666,-0.6766169081354312,0.14321563060809334,-0.31051474503414156,-0.8162717624618352,0.13083463645401888,-0.3577776054618108,-0.9251446864435371,0.11340304926599941,-0.150492507074463,-0.46974676704584284,0.09215180604217785,-0.2695422098015838,-0.6472740647919036,0.05655443928987293,-0.3669763117508106,-0.5928428999505052,0.013335814581919856,-0.4105079914043641,-0.49168978720894263,-0.002881050400690017,-0.11183749614783581,-0.47148965820264443,0.04142341151738199,-0.2274659210652305,-0.6401971756009441,0.0043380072575691635,-0.33853163985698703,-0.5650956349114193,-0.024183567265364955,-0.391732255405901,-0.4547081763779869,-0.029211538374759406,-0.07591487776776765,-0.4534604322108141,-0.011507529925043024,-0.175536506842207,-0.579372314453429,-0.03665251706816715,-0.26793155510299005,-0.5537136985947881,-0.05044388672845662,-0.3236234953181696,-0.4801146624169555,-0.052113680422833396
0.0,0.0,0.0,-0.1816652234290821,-0.0361668026933498,0.022471791916619382,-0.2992053928160048,-0.1436537823591885,0.026282072600807897,-0.38621996306450446,-0.2611791174153312,0.001557775351377983,-0.43911142573445083,-0.3910956300837921,-0.02427876899881609,-0.19703203195578553,-0.45217844299348287,0.14994833030504315,-0.25489310658002984,-0.6781363446314257,0.1651293437716746,-0.3033326237591285,-0.8174428528004842,0.1562269409203025,-0.3505434775266717,-0.9246305014935116,0.14058794186060908,-0.1492353544215992,-0.47397024535047183,0.10253715797097232,-0.27046546041136943,-0.6430040588301615,0.07301641120786709,-0.36951683906937705,-0.5912473361928703,0.03162323658407746,-0.41846830821642733,-0.49431046450471605,0.015379659252616227,-0.1116766146951017,-0.4769834310474388,0.04599973448135963,-0.22989136610775984,-0.6421831630542351,0.011882044388064908,-0.3409305268046482,-0.5688867817534655,-0.01599429711453132,-0.3973704943838643,-0.45915386554404913,-0.021664536510976204,-0.07823831348590105,-0.46141547058216925,-0.012014935466201627,-0.1838937939485344,-0.5835241016147812,-0.036594657035864855,-0.27725539931524135,-0.55653325820722,-0.04970983301339034,-0.33520862406751495,-0.4813909107852278,-0.051287839858694846
0.0,0.0,0.0,-0.18221058501330775,-0.047282459281655434,0.049560903634910974,-0.29502272043096445,-0.1547018641432027,0.06526443678389078,-0.38059941903435385,-0.2673135961743764,0.044966296957751194,-0.4330781369264409,-0.39766928001126745,0.02147157663678894,-0.18727300637236677,-0.45585124085890916,0.19462726864160054,-0.24147503130358836,-0.6802153176899105,0.22037120785745473,-0.28764636583346637,-0.8153304159463061,0.2146534750038776,-0.33243944288352967,-0.9190581353893139,0.19946149823489442,-0.14308832323481396,-0.47748072122106217,0.13217501637933132,-0.2683694819727118,-0.6485540584133329,0.10966354636581777,-0.36943610371820756,-0.5907250819259429,0.06429626173031046,-0.41510455315928874,-0.4881470660074793,0.04444573613711612,-0.11101136917283776,-0.482632263503416,0.06109213606699351,-0.23243799467381893,-0.6490278229544346,0.03244769290423356,-0.34255632082709647,-0.5734395183613057,0.00033790241388738547,-0.3936163135704851,-0.4620774783136614,-0.009436219692526872,-0.08319387537893719,-0.4694381799316809,-0.009711479987624047,-0.19206411781925137,-0.5939630679060927,-0.031069593175796585,-0.28440573475120534,-0.5668129478071442,-0.04612577379176504,-0.3383619813360843,-0.49237338675704057,-0.050275905537591786
0.0,0.0,0.0,-0.18297034991787037,-0.05014526732950901,0.048192160222975386,-0.29523263844123093,-0.1589062370822548,0.0628915498070513,-0.38150084340366414,-0.27019507796850756,0.04234672066152625,-0.43331616313602195,-0.39896736492557827,0.01909162843836837,-0.18564887091704446,-0.46115999199372193,0.1851450446497921,-0.23716892188890806,-0.6867814283449969,0.2065312032515521,-0.28125802010750894,-0.8215003897762002,0.19920397623699726,-0.3252134129682205,-0.9261376790167324,0.1833812715000036,-0.1414773828435018,-0.4820359394520979,0.12292121838149453,-0.26460526488118796,-0.6536313843390162,0.09701399939330009,-0.3670966546924649,-0.5969552485381142,0.05255192410880742,-0.4153687230942741,-0.495026895441659,0.0332120802277196,-0.1085221870771638,-0.4859688588984401,0.05221241489258799,-0.22898077874662182,-0.6525507914031174,0.02069619937443737,-0.3407232236226026,-0.5788843326909657,-0.009758861459606225,-0.3941602078965917,-0.4686653331602777,-0.01829762005873279,-0.08061961647216492,-0.47253863203283375,-0.018293564232398682,-0.1886371700960551,-0.59819458365386,-0.04193078085763463,-0.2816667783599968,-0.5735442172024008,-0.05631383540851462,-0.3361924786411258,-0.5004913108668381,-0.059644322289335035
0.0,0.0,0.0,-0.1836211579690632,-0.061319747084951075,0.06884635685929275,-0.296305299649788,-0.16978714820791882,0.09546468173123257,-0.38262132861594866,-0.28063220943450107,0.08147783236288947,-0.4365209227369623,-0.4132381687458747,0.0648613197670811,-0.18660512104040672,-0.46100349637196203,0.2232826094243403,-0.238760147859615,-0.6763112401486824,0.257931344219119,-0.2799071532416162,-0.8073390725260311,0.2618822210591462,-0.317532003939046,-0.9097362517834433,0.25443698753702637,-0.14496051522689157,-0.4864829116882786,0.1520061743443796,-0.23824512511932155,-0.6868764584449001,0.15113819178381446,-0.3231803117891823,-0.7094297657678865,0.11740521262139542,-0.36741148153217806,-0.6835375225490292,0.09880393319769534,-0.11156867850894751,-0.490328112846338,0.07050179183947405,-0.23145221636099633,-0.6688439319900037,0.04188888607252835,-0.3469339099829801,-0.5954354160399148,0.0028573411064784686,-0.4030741835968056,-0.48719320419449175,-0.012373901119251286,-0.08432435323941342,-0.4792103020376875,-0.008142280547096864,-0.19505926543333868,-0.6153413464580133,-0.036702783099016936,-0.28839891822045965,-0.5864677621032122,-0.06007182292735896,-0.3439397801363898,-0.511228276456982,-0.07134741214814312
0.0,0.0,0.0,-0.18431041861737557,-0.07051178817214555,0.0827793712111285,-0.29477529681129294,-0.18252976882518174,0.11903678251459093,-0.37812442603684726,-0.2907094346339766,0.11218084983086976,-0.430193293671783,-0.4188690672252711,0.10151410734024863,-0.1826014260692635,-0.46231965531881813,0.24526442845009838,-0.22823124748008777,-0.6803163926576329,0.2838284142905352,-0.2671240465661753,-0.8091078875527125,0.28545649425914915,-0.3056736849638364,-0.9094046818239246,0.27491633396441323,-0.14292046849689133,-0.48634298080102367,0.168342358698096,-0.2486852804709794,-0.6788344031657819,0.16344772121122964,-0.34242895277317636,-0.6631010675450815,0.12206835544501143,-0.38828252730707485,-0.5964534149534604,0.10063349059044657,-0.11366895783152053,-0.49322455421305134,0.08242559200973984,-0.2311846799513751,-0.6678080498235468,0.05818985414784293,-0.3430661812922457,-0.5931847679197538,0.018734785985192345,-0.39578534385529374,-0.4835764795185992,0.0026700363053837033,-0.08868820885588133,-0.4857666366140238,-0.00011489026316132984,-0.1947255625010219,-0.6141622556081969,-0.02358299656005565,-0.2878943390783123,-0.5860332550229432,-0.04603828860156774,-0.3435641608990459,-0.5147296647177624,-0.05706315481075804
0.0,0.0,0.0,-0.18069780881024378,-0.07619052913272652,0.07519280102094043,-0.2922371603286352,-0.1935829589822251,0.10993952424993383,-0.3736383316683677,-0.3034107401304479,0.10458293458532923,-0.4233425281225359,-0.4291724408275409,0.09603908702244277,-0.17774197769579292,-0.466330803687136,0.23211436464674645,-0.22574045665075165,-0.686373392430857,0.26996333161690655,-0.26207813947552183,-0.8144221957588855,0.27138706708236826,-0.30039497959043465,-0.9160932347428616,0.26133326239281807,-0.13838833134795991,-0.4884566744343986,0.16111270394489788,-0.24990384531376547,-0.6761829432737224,0.15490182185420898,-0.34551835009263826,-0.6463697862859127,0.11349790823366634,-0.3915571164509979,-0.5622015404984049,0.09344813526851653,-0.1103203357931983,-0.4946646416375192,0.0817612616516118,-0.22589453008470747,-0.666447959839523,0.06151762116996218,-0.33939296791378537,-0.5935662032298424,0.024490726978241346,-0.39407688707018973,-0.485027940111438,0.009903175037158683,-0.08620231170695958,-0.4859655017508263,0.005124038095519775,-0.18682156856680848,-0.6140912546745886,-0.01155012757239972,-0.28033445088309894,-0.5921473207628323,-0.030215670858509673,-0.3377602832996235,-0.5259592426394352,-0.03880287941865704
0.0,0.0,0.0,-0.18183363843106146,-0.08667778398483739,0.06088076571170736,-0.2989864373854355,-0.21196835387841192,0.08507374195185885,-0.38245033892916963,-0.32821915589149336,0.07155785169474531,-0.42219410972813487,-0.4600078998269741,0.05660849613869595,-0.18444090535424307,-0.4784618827017535,0.20643622082990132,-0.23271696666045658,-0.6945910601712779,0.23643081745812033,-0.26660750069465794,-0.8211596751650769,0.23720551500021136,-0.29866210962090733,-0.9255295909300786,0.2277126310767643,-0.14054680343541842,-0.4992563710783192,0.1395302076563833,-0.22055261187203853,-0.7116156169971084,0.13480353490164454,-0.29754482775928337,-0.7508119394942688,0.09785750358828527,-0.34077840288845185,-0.7408778149008787,0.07647961174146703,-0.10429880917940895,-0.497110551634232,0.06251291915597204,-0.21228504681601007,-0.6876643034488119,0.03243599409682123,-0.3264395947681852,-0.6241051862778644,-0.0105622991544181,-0.38641527433659395,-0.5243354958576192,-0.029033492611503245,-0.07357815157731731,-0.47909589664581953,-0.012024856379161813,-0.17110871244689896,-0.6291598525782409,-0.03939551498071585,-0.26586351848608936,-0.6159094932316094,-0.06590686150502283,-0.3279803154927002,-0.5567726793222886,-0.08100406105518324
0.0,0.0,0.0,-0.17809652357932487,-0.08319318005232729,0.040080196372092314,-0.2934699447051766,-0.21789523899514765,0.053516517335380404,-0.3749424521653023,-0.3366304982893218,0.03548153874911686,-0.40690095426074174,-0.46773730448564665,0.016552111860580254,-0.18937357801038346,-0.47887580329098506,0.16094240757611694,-0.22813768586178157,-0.7030215874964199,0.1687160801002931,-0.26182739080807416,-0.831930162367776,0.15383814756397818,-0.29460764026648034,-0.9407593691704162,0.13424997206321077,-0.14196042216263466,-0.49581315835941786,0.10266238311133857,-0.22455324383622965,-0.71084560375285,0.06766838552717941,-0.3129518014613011,-0.7193996183625335,0.018264686086750217,-0.3641375303597084,-0.6726163765263196,-0.006006176958064373,-0.09948879678788004,-0.49186521476018485,0.035323551399715075,-0.19321690219164256,-0.6907972982699744,-0.009023616311570108,-0.29882425379465727,-0.6392934993082424,-0.0497098412722336,-0.3569036411017952,-0.5445230947311033,-0.06337234998960597,-0.055864247277201615,-0.4695867628916448,-0.0313706940603487,-0.13561732614004113,-0.6305797573670198,-0.06564349200072526,-0.22558768485281036,-0.6444583286377179,-0.09166740429960052,-0.29175109922232634,-0.6087756704803677,-0.1041836053090244
0.0,0.0,0.0,-0.17043356253376582,-0.08366010638024034,0.019743379268132587,-0.28844753893325964,-0.23045280107942684,0.02402598965667123,-0.36922921398820063,-0.35763745995398494,0.0033159869919832576,-0.3980594186711274,-0.4827270360585397,-0.01686093227752479,-0.1918291760551892,-0.4865419055949951,0.11583888884175071,-0.22516001383133202,-0.7160748898875932,0.1055530937225341,-0.26057688027660864,-0.8431874366511893,0.08317329253290444,-0.29311966405618295,-0.9486082808152756,0.0611962923425195,-0.14240078584260832,-0.5056163244233284,0.06897281604113623,-0.22368069128070767,-0.7288936038199687,0.014235983239569233,-0.31871327942724725,-0.7160482933261964,-0.034324209661021746,-0.37417241267225587,-0.6484068688861213,-0.052687216437715956,-0.09509529697541488,-0.5030270347963404,0.013466285231470445,-0.17952907118736525,-0.7111308749589731,-0.04066660905574879,-0.2843605680555333,-0.6631309574928703,-0.07389944519699596,-0.3437350883164564,-0.5695151390683484,-0.07904961412686434,-0.04318042082613261,-0.48005206381855303,-0.042903336114927804,-0.11253365940963514,-0.6480728222038501,-0.08106108492545641,-0.20279959585446433,-0.6708418106007155,-0.10319446963094456,-0.27101861025045154,-0.6409859072665629,-0.11014530953219298
0.0,0.0,0.0,-0.17088005943282308,-0.08310830361025266,0.017440949190135314,-0.2867003820515791,-0.2301691791196913,0.0199901632788531,-0.3642382424293295,-0.3614768514939204,-0.0029951214857914486,-0.38282628074641795,-0.487553270173017,-0.025714219242675328,-0.20318321950718454,-0.4834317947991813,0.11720654949710929,-0.23706712553716525,-0.7088486918423937,0.10831160416546223,-0.2696244496809352,-0.8370539420898635,0.0844056007904197,-0.29939030689387364,-0.9495164449230002,0.05916581302555457,-0.15050244074081431,-0.5032919843133516,0.06839214589218656,-0.22482901556327806,-0.7214972471448207,0.010645774554266735,-0.31557068405248023,-0.7136457796576017,-0.04521494585418369,-0.36912593587990994,-0.6468495337402209,-0.06960177927642101,-0.09897271587293616,-0.5014420589301832,0.011039584707382803,-0.17338699552214737,-0.7103104455962048,-0.045668028765892134,-0.2707233954393279,-0.6675795212171786,-0.08517174897410473,-0.3249711192790326,-0.5734404541422713,-0.09529890799325559,-0.04143552887164202,-0.47862774784780704,-0.047353155461168105,-0.1066950861482588,-0.6496595226967531,-0.08746022253539984,-0.19469441719816222,-0.6753811317081664,-0.11319467233952943,-0.26128519352891993,-0.644943041260977,-0.1237709296640059
0.0,0.0,0.0,-0.1659288685582351,-0.07875859130613885,0.004067099942746746,-0.2836165993133465,-0.23160230410488658,0.00022474462289882,-0.3611616967987006,-0.3678775090784957,-0.02470721550241132,-0.3727322809385504,-0.49764630175510977,-0.048717802019080006,-0.2081631325584647,-0.4912681481765454,0.09011112890266457,-0.24129088533158816,-0.7163262210172506,0.0703115402923313,-0.2780478086299236,-0.843097921698738,0.03931897911859032,-0.31081554237082776,-0.9477200091303761,0.010945078742388217,-0.1540778340502333,-0.509046358961366,0.049127793246385165,-0.22270183441693342,-0.7311764930873577,-0.017522225574614872,-0.3080895418247401,-0.7246535951647319,-0.07492949097990576,-0.35740351746887133,-0.6475768130203434,-0.09860708801951518,-0.09836295334863188,-0.5059304179451956,-0.0004228127430496746,-0.15997922727615158,-0.7227681030773833,-0.06017079787620472,-0.2456018214096249,-0.6947963832403887,-0.09946399460937236,-0.2929338555162808,-0.6023824075960901,-0.10902075458716046,-0.0329927350310079,-0.4837275178664041,-0.051951238182151874,-0.0901714526740142,-0.6563109416740958,-0.09427512884398742,-0.17104102812137312,-0.6880229088521947,-0.12027734684715644,-0.23361476971444645,-0.6578776609371837,-0.12985927113739304
0.0,0.0,0.0,-0.1572009350811987,-0.07201212490459014,-0.011474906943771842,-0.27523142894331376,-0.22822806111528698,-0.022936079720652584,-0.35287301347219313,-0.36563362917831443,-0.05069733326327254,-0.36734454151981955,-0.4977358242047779,-0.07632305524542093,-0.20979764677893314,-0.4924351236260296,0.05821313801757848,-0.24379967350274528,-0.7205560013573458,0.028880554217964136,-0.2817603066867157,-0.8461588159262654,-0.004248357411177014,-0.3140330405701555,-0.9465897298723616,-0.031468369166935746,-0.15448335027150462,-0.5085040836941019,0.026296911171352234,-0.21956071456512175,-0.7347197491873251,-0.04944561852819487,-0.3029676056191096,-0.7234689030440533,-0.10398650324488382,-0.34962478970676736,-0.6384206456625152,-0.12227885931956592,-0.09592789314967035,-0.5046696062241851,-0.014081763196959063,-0.1494734146739268,-0.7233863081850649,-0.07800595167723753,-0.2283143601430293,-0.7000786831335771,-0.11262772424656287,-0.27148862373634525,-0.6098366473709879,-0.11685892551180281,-0.025638130685688806,-0.4820600077888251,-0.057460659914497905,-0.0752382885646275,-0.653282703077936,-0.10106708778462481,-0.15118534790093424,-0.6919107266367378,-0.1247562857899944,-0.21161692701172205,-0.66800725645271,-0.13080437781456258
0.0,0.0,0.0,-0.15151940614877,-0.06656057534486695,-0.023081937936868052,-0.27058797450599437,-0.23173847192672353,-0.03655165985275299,-0.3476537818378721,-0.37676589370969527,-0.06352480209120352,-0.3653375298892595,-0.5095596402460806,-0.08747578812902859,-0.21580898698468604,-0.4939593197353106,0.0472753902679007,-0.24766217790055178,-0.7172612329253034,0.01520354916644825,-0.28321067893797625,-0.8450515159604268,-0.018597846566370355,-0.3119491268184694,-0.9477463562923585,-0.04559502487084369,-0.15807595989553944,-0.513987330300305,0.022185305002979654,-0.21807045992113555,-0.743600598729365,-0.05618738369269613,-0.2987694725159812,-0.729829966255499,-0.11026491496569962,-0.3429029059923917,-0.6399003065810623,-0.1267675332638154,-0.09754277441049929,-0.5123113578264846,-0.011969155490648413,-0.14656232139758946,-0.7325541425322428,-0.0776836945138907,-0.2247165792660733,-0.7079200979494806,-0.11182213500260851,-0.26648684476766205,-0.6150487298431908,-0.11457818036094183,-0.02621935701832561,-0.4891037648538995,-0.04997882725740788,-0.07290074107620562,-0.6605843624437209,-0.09312807791060644,-0.1455616439898127,-0.6979518251547712,-0.11584756723872444,-0.20125331844277036,-0.6704893155547922,-0.12074153641916037
0.0,0.0,0.0,-0.14829428697531996,-0.06639890481735719,-0.029740236624592752,-0.2670659484611698,-0.2322858432107141,-0.04698097970685604,-0.3444036499820149,-0.37951269045612923,-0.07612956299384048,-0.35348720040309045,-0.5118757181385847,-0.10200101563539118,-0.21468503648129528,-0.4974629028673846,0.03794399288828302,-0.24714793746171138,-0.7209922729395826,0.0035809911795442167,-0.2820197101741422,-0.847431071148754,-0.03232371379761975,-0.3104557322881232,-0.9479022504588239,-0.060639381631140216,-0.15608068040915538,-0.5165224485039148,0.01673645632609882,-0.21300824588727815,-0.7481004085461158,-0.06215749656178128,-0.2942964438516388,-0.7396857744738901,-0.11691944298851088,-0.341231190063991,-0.6511163053489921,-0.1344756242090777,-0.09409018682815473,-0.5144195832593947,-0.013696488582546625,-0.13804619979001168,-0.7373583273910078,-0.07856991241193159,-0.21584448787442584,-0.7190981447099671,-0.113658587497177,-0.25995942870319233,-0.6269993852608065,-0.11791250273623374,-0.02104226585722287,-0.49118634942638906,-0.04855287193026164,-0.06362650102286413,-0.6630632050663807,-0.09092249655905474,-0.13283302700557015,-0.6981852624260703,-0.11379018468896449,-0.18666239725955153,-0.6650173928648728,-0.11918208301989221
0.0,0.0,0.0,-0.14661424622870484,-0.06571674332639822,-0.03872538725983741,-0.2648993786463286,-0.23176008882052834,-0.059654445834233544,-0.3403861273326635,-0.3829776904468581,-0.0901044390325063,-0.3475523210935483,-0.5230625207742383,-0.11671567527709366,-0.21434235516239222,-0.4981376773038657,0.02546728778510904,-0.24496281950633936,-0.7228009001271298,-0.013877280193662491,-0.2802163261441625,-0.8490892213187144,-0.053122863207141824,-0.30778272735039214,-0.9471848454574712,-0.08301561439062721,-0.152897721162457,-0.5184150461746087,0.00839876429676216,-0.20236440830361904,-0.7587863387871576,-0.07368132133046332,-0.2829341207821725,-0.7480542250428249,-0.12918708698055184,-0.3289145460542682,-0.6539327013631291,-0.14673454845928635,-0.08911096763063397,-0.5163702387550199,-0.01846124532263818,-0.12550735115255168,-0.7428119834860081,-0.08510717703277149,-0.2041325920507287,-0.7272736873762188,-0.12159262049555479,-0.24778730838373492,-0.6337495334879283,-0.1267741805099093,-0.014778795079881342,-0.4918507008899864,-0.050456971048289126,-0.05240669626656907,-0.6664547158519705,-0.09413595449706423,-0.12153198113578137,-0.6992127242627385,-0.11785118177652036,-0.1745583826641523,-0.6589903238218269,-0.12372567205042131
0.0,0.0,0.0,-0.14676695540823353,-0.06985502584862902,-0.039990298180606954,-0.26245789288525445,-0.23798401449399897,-0.061276257144711126,-0.3352965246143259,-0.39057133244484,-0.09189215293738373,-0.33967811711686635,-0.5358434887362461,-0.11885507039754159,-0.21083125501085595,-0.49886239317544767,0.026402176990681488,-0.24079456924567622,-0.7195886241427172,-0.012863680425913331,-0.27322897613920405,-0.847954159816447,-0.053749972423599975,-0.29726981722228585,-0.9505623476412126,-0.08557945099754877,-0.14865595765412148,-0.518982179995511,0.009142647974877951,-0.18962720574085473,-0.7632425367148152,-0.07199748948169576,-0.2663314881762969,-0.752643667530895,-0.1289071494293782,-0.31178045843648705,-0.6600780837221116,-0.1482182460847314,-0.08403921591908711,-0.5162867068755714,-0.01802142848513396,-0.11219519428982536,-0.7450383121844197,-0.08239797666289159,-0.18971354512457966,-0.7341197695772204,-0.11995897615047783,-0.2338391443453105,-0.6450050055166832,-0.1272023679510721,-0.008485796310022446,-0.48937246250720523,-0.05067071195985165,-0.04244784794831635,-0.6687187862721289,-0.09158315199755931,-0.11082533087085084,-0.6977241650621215,-0.11439109828267838,-0.16298476934022457,-0.6523364818856352,-0.12089131430202732
0.0,0.0,0.0,-0.1433588570465773,-0.06884961740924475,-0.042691112930989164,-0.25484791958047354,-0.23895055462934234,-0.06612078328927087,-0.32673554316616826,-0.38896404811162233,-0.09792950169298122,-0.32478085900118814,-0.5330157182035693,-0.12604784417657278,-0.19879945284653994,-0.5036483309753187,0.01922730081662938,-0.22807879818312563,-0.7249549781232758,-0.02275122276543614,-0.2624654313778364,-0.8525085646081824,-0.0655114611864228,-0.2855635367389658,-0.9529703285685709,-0.09813972310679145,-0.13808447205352306,-0.5205817324275646,0.003176249373926578,-0.17547988330135125,-0.7702526038747006,-0.07914510947991393,-0.2515340770549467,-0.757401769290569,-0.13578229792663715,-0.29402809999065765,-0.662171536141789,-0.15421807098207493,-0.07317623982320483,-0.5149304390078943,-0.022611636997600028,-0.09777263466842817,-0.7453806250055992,-0.08598494973734411,-0.1760077970912033,-0.7364179396033499,-0.12341108285124877,-0.21889081268113575,-0.648001820204879,-0.13061210326129383,0.0028235580916837607,-0.48425540699793,-0.054200949851442234,-0.02724751048194201,-0.6656769707417224,-0.09386863194686215,-0.09520773349086378,-0.6949241150652805,-0.11649901064939763,-0.1462775504808677,-0.64843238178077,-0.12279627724694808
0.0,0.0,0.0,-0.14523523976674269,-0.07025352280781223,-0.04325615248133184,-0.2573532630921162,-0.23787988280051287,-0.06836434034696612,-0.3271137004832875,-0.3843585737397755,-0.1018069487196849,-0.3225591924642077,-0.5266379133817125,-0.13138025581414053,-0.20081836002614412,-0.5043553906413194,0.01932570215618717,-0.23022995756500017,-0.7271492392441641,-0.0227956456337719,-0.26396385099935826,-0.855338429294483,-0.06659993260743519,-0.2844539331563568,-0.9532770595973843,-0.10004521136429803,-0.13875046611926467,-0.5206654792732321,0.003470114791354278,-0.17855061374356856,-0.7715229339214504,-0.07934121058283558,-0.25351084463041684,-0.756810708821958,-0.13784081815168003,-0.2942609698687051,-0.6590920611894584,-0.15787525153058712,-0.07368492156301437,-0.5162348931279626,-0.021961959368392313,-0.09891546625251685,-0.7471634919648242,-0.0835309039349517,-0.17502777006527365,-0.7425517448484076,-0.12132816288381384,-0.21617601105503226,-0.6551403656905866,-0.12996541457176589,0.004015109049438183,-0.4855602467471015,-0.05342100710544256,-0.023491486524389055,-0.666840777993518,-0.09057497573910045,-0.09159652570091766,-0.7002724824601356,-0.11251435140098695,-0.14426049043748643,-0.6551294026736881,-0.1193826640330639
0.0,0.0,0.0,-0.14143151356633715,-0.06998077441499337,-0.0432568074105983,-0.2509809271540924,-0.23666198198417,-0.06886062491226091,-0.3183696637028372,-0.3805503402897594,-0.10237417818240507,-0.31067599778956706,-0.5210830458851592,-0.13194276890431905,-0.19508016151711383,-0.5021975020107461,0.015587984120264582,-0.22407553574596248,-0.7264390546642874,-0.027181290482215795,-0.2569588315160475,-0.8562163480419448,-0.07041025000844495,-0.2754769351255978,-0.9556135925709447,-0.10319529721105758,-0.1327303639367105,-0.5179591234435359,-4.933130085270419e-05,-0.16951857449321306,-0.7686108943380653,-0.08354548211111468,-0.24369076674422058,-0.751013701414377,-0.13997222356002342,-0.28298447101790014,-0.6506272301220466,-0.15806711702333553,-0.06791312653319961,-0.5127655832883065,-0.025058077862083895,-0.09128622088322666,-0.7405393221020431,-0.08592086021038461,-0.1683184536701845,-0.7370480996228177,-0.1212212568469131,-0.21015593151307044,-0.6518981982641832,-0.12823091335996467,0.009994293778607749,-0.48000891832615833,-0.05624866625867268,-0.013325631109138042,-0.6609637386038795,-0.09210872409742862,-0.08036248829790871,-0.6943137953829182,-0.11239939946633301,-0.1329185996392999,-0.6490071826399275,-0.11819421801952312
0.0,0.0,0.0,-0.13873293593161853,-0.06751106486477867,-0.042121542329520624,-0.24837032883978027,-0.23317442752720494,-0.06635231734382938,-0.3155388128990513,-0.3738682878731314,-0.09842565826050576,-0.30861136228954794,-0.5082508656889126,-0.1261931441991159,-0.1944383351684595,-0.49786794469533724,0.015164347070491989,-0.2235545069057467,-0.7252131531205246,-0.027160877794538362,-0.2557515932870711,-0.8573619448657228,-0.06859415370917696,-0.2717936401818666,-0.9570922961581982,-0.09970814959879577,-0.1324964942504017,-0.5141628890754768,-0.00029347929706511055,-0.17096739086953788,-0.7635600999447743,-0.08313869825364639,-0.24387592932576566,-0.7455536114841806,-0.13696317577844802,-0.27944722319513654,-0.6446920581097448,-0.15313951841375695,-0.06772675112139286,-0.5097047208975656,-0.025149432480318694,-0.09387822031818412,-0.7361451300196908,-0.08632145131187824,-0.1698814145131613,-0.7320832969428863,-0.120597662039338,-0.20875330900257028,-0.6458708753509712,-0.12677988483174119,0.010580750564804724,-0.4783348394855528,-0.05601820694748162,-0.012632350734115762,-0.6581627334408693,-0.0926829101133359,-0.07994374844829029,-0.6895435746357368,-0.11312205203479503,-0.13185680224365373,-0.6410693497046883,-0.11886223095612844
0.0,0.0,0.0,-0.13688986745481116,-0.06772914964970445,-0.04464160257812083,-0.2453539231438299,-0.23406879796686964,-0.07020313880141363,-0.3125690231812521,-0.37546740524191713,-0.10344197529242492,-0.3069560493234844,-0.5128521549234191,-0.13233651178805256,-0.19511630625605086,-0.4976898619790682,0.01694656005066475,-0.22436838056432562,-0.7242208795713136,-0.024422219527783673,-0.25606090230175305,-0.8559812672256348,-0.06627843388984009,-0.2724468983424574,-0.9570947534762326,-0.09828245905864424,-0.13208215680858287,-0.5144140182501569,0.002259541898313289,-0.16817254206458493,-0.7630493278137682,-0.0791774286776083,-0.23991939231437204,-0.7483354350129907,-0.13432048181244,-0.27678272023285827,-0.6515512952884486,-0.15217302156041573,-0.0668864951238964,-0.5095727958872405,-0.022095453260490193,-0.09211007751460468,-0.7359189472782766,-0.08225533789146171,-0.16721165131170246,-0.7326993319139452,-0.11686792159255008,-0.20671573830408763,-0.6478788309541439,-0.12383461693248637,0.010953894461572952,-0.4770725085713814,-0.05278006273467481,-0.01172493217222327,-0.6585426724356476,-0.08894926164618774,-0.07869394240403907,-0.6885537128770447,-0.1089944043606347,-0.13058193377739566,-0.638163619557284,-0.11483375361601915
0.0,0.0,0.0,-0.1353863790014352,-0.062028245402904775,-0.0497660903624536,-0.24229887852785728,-0.22640296315463732,-0.07929437389539062,-0.30774091756981475,-0.36525433255031226,-0.11551895366513446,-0.3034391367215058,-0.5028656990305832,-0.14756684458562996,-0.19303998629395988,-0.49865832393328063,0.006103523108440213,-0.2234960537903236,-0.7240476461844155,-0.03953305664725877,-0.2555885781172683,-0.8550322395499903,-0.0840016601824296,-0.27239330679011653,-0.9547717071424451,-0.11746514193925725,-0.12932671325495482,-0.5142560248475796,-0.007778710841304746,-0.16386787727882823,-0.7653424085966187,-0.09545652245182354,-0.23532580113627327,-0.7435746478755476,-0.15402884442571269,-0.2725923728292905,-0.6415269840620894,-0.17270256502951126,-0.0632820688316465,-0.5070654172818659,-0.03109190054589488,-0.08700977491730816,-0.7327808546155976,-0.09561786239558334,-0.16048258137972185,-0.7228837450081017,-0.1321223928168379,-0.19792317519775404,-0.6348519820489558,-0.1390489089945245,0.015241820837000737,-0.47079840434133907,-0.06089139079877109,-0.005197323331498959,-0.6511329731820387,-0.09968197122021481,-0.07127653764014151,-0.6827322165152471,-0.12124478334020132,-0.12230819806945042,-0.6367933295580214,-0.127459891260747
0.0,0.0,0.0,-0.1352614824634903,-0.06081828893472414,-0.05079918838612879,-0.241958980788965,-0.22591862561828752,-0.0811686565374101,-0.3055551924400929,-0.36385466698070057,-0.11802127377992286,-0.30003430584299573,-0.5011569261732006,-0.15069499478658144,-0.19350351247116765,-0.49818461940616304,0.0037488886961461604,-0.2237029277598543,-0.7230305071875774,-0.04202202424183116,-0.2564134273203027,-0.8539998638835533,-0.08599451108088196,-0.27311359677667235,-0.9544490167829914,-0.11926759324117844,-0.1303086676857401,-0.5137971336869296,-0.009740510178204882,-0.16645140200579417,-0.7656372558704445,-0.09816007674746507,-0.23703648398353416,-0.741167429381983,-0.1564531759460786,-0.27213254821928146,-0.6378573641150945,-0.1747257422440499,-0.06492868039480079,-0.5062680880914855,-0.03254890206585705,-0.08994786192367595,-0.7330469664919756,-0.09770622092794144,-0.16199826812309326,-0.7223212923144464,-0.1335836814230008,-0.19787559122104198,-0.634299924521092,-0.14006819284740216,0.013399016949316722,-0.4689661242574283,-0.0619108605377373,-0.005953810996883241,-0.6485763118142766,-0.10121440580544222,-0.0720908192263642,-0.6810361037908719,-0.12291363540820929,-0.12398893452757921,-0.6360675893795391,-0.12933506566397546
0.0,0.0,0.0,-0.13390752087106667,-0.05857740950536512,-0.054367620664888074,-0.2390658011420444,-0.22305305853427443,-0.08570885103917518,-0.3018826375916999,-0.36271422906579187,-0.12322762453767411,-0.28848778554653026,-0.49907225738870287,-0.15720449416723892,-0.19270742933359536,-0.4944341006172406,-8.210058623318514e-05,-0.22204572220567614,-0.7196262654047216,-0.04693375588049024,-0.2524548705589506,-0.8513354056863162,-0.09215675034765908,-0.26674149746235704,-0.9552342262175776,-0.12715160013074617,-0.1289106254577228,-0.510790838335709,-0.012827432014426168,-0.162629433917808,-0.7606249941280085,-0.10168326837975644,-0.2265280213741877,-0.7277070460933417,-0.16166137108360223,-0.25627117517589476,-0.6244262910003382,-0.1823436813457362,-0.06290435034090938,-0.5025614641257878,-0.03512960313284776,-0.0855978945966333,-0.7298705411359228,-0.10255418677349164,-0.15217770671074204,-0.711268976789567,-0.1410536226702947,-0.18214016424982588,-0.6189100141576325,-0.14976880952760518,0.015808706266055378,-0.4657174342776213,-0.06404636060178014,-0.005023117582886739,-0.6466552378138666,-0.10583155282812641,-0.06590639388271505,-0.671462718043918,-0.1295819341513057,-0.11028914945849691,-0.6195147551994193,-0.13803535197981348
0.0,0.0,0.0,-0.1342885603832072,-0.056610125945954645,-0.05555937813323733,-0.23953789733474135,-0.22200488548020864,-0.08714197915282593,-0.3004089445075564,-0.3625934180273179,-0.12462605815746622,-0.28510142042528797,-0.4965256861262774,-0.15852712256636442,-0.19351834365970932,-0.4919795460558638,-0.0027189907502980634,-0.22358626325048525,-0.7185335623497849,-0.0499225813483294,-0.25229514656152596,-0.8507461234039592,-0.09430656377257421,-0.264756493348127,-0.9557154375569406,-0.12807214315023144,-0.12800739926350946,-0.5070385434820586,-0.014480389580344399,-0.1614648463348991,-0.7601562926066887,-0.1042724203741853,-0.22601553958744855,-0.7270550828403575,-0.1639556914583727,-0.2560608587434898,-0.6229379291725803,-0.1835003840457401,-0.061495910164529585,-0.4990102138027772,-0.035637530935486696,-0.0836835247790618,-0.7247520065650747,-0.10360261571794668,-0.15042431625198383,-0.7051363619024478,-0.1419198710083604,-0.18027791619815103,-0.6129089449476149,-0.1498111467874303,0.016793035303266333,-0.4632233784000879,-0.06344093060922383,-0.002882671802392109,-0.6438171554370998,-0.10462225278106313,-0.06444708844151928,-0.6677786068454528,-0.1276998468274202,-0.10948688999900821,-0.6152564266662227,-0.1354172919461556
0.0,0.0,0.0,-0.1369839730426432,-0.062039429370058914,-0.05711956414642469,-0.23866296900768344,-0.22700720547891712,-0.08768921938828125,-0.2950551742002603,-0.36926973599071033,-0.12361258854378268,-0.27121728943636936,-0.4974938150528827,-0.15641983659189537,-0.19473689090361007,-0.4959392049779714,-0.0005425464835115237,-0.22569616982318147,-0.7176104318675246,-0.044898504876560316,-0.25281206811611784,-0.8487877533434862,-0.09022353546369836,-0.26553538282466416,-0.9557594465552648,-0.12631861873019695,-0.12459358004996773,-0.5100056806553884,-0.011119464649758815,-0.150285468405013,-0.7534905866644785,-0.09452633726549683,-0.20352919917971568,-0.7209399517190707,-0.1555906393500164,-0.23026345029329315,-0.6249481983903217,-0.1798774023178294,-0.05503092758325641,-0.4989070165969478,-0.031063267026735578,-0.07067796002724797,-0.7192737595373784,-0.09484027047817684,-0.1303340262952728,-0.699727205349022,-0.13503033400803782,-0.1568192373693101,-0.6058867459331052,-0.14713139661035796,0.025713730699856715,-0.4600217812855973,-0.057890408592749173,0.007876590816020903,-0.6355375402197999,-0.09591249208760688,-0.04781987441954862,-0.6562573746344256,-0.1188890140493487,-0.08714467371335982,-0.6002817348006138,-0.12874793964524528
0.0,0.0,0.0,-0.13855892216063564,-0.06640058270245672,-0.05871558393103439,-0.2379039133714635,-0.2268718020242994,-0.09144899318164285,-0.2916734941125474,-0.36750150851270025,-0.12932825810248533,-0.26558330169307953,-0.4925358674549919,-0.1643031790338786,-0.19626666106799684,-0.4988681879233067,-0.001371052848199657,-0.23002496180701346,-0.7173189703745335,-0.04567010280783734,-0.2567171676811717,-0.8475353829724037,-0.09304068145876229,-0.27037693071162733,-0.9536927257755676,-0.13146512107515085,-0.1235169034071395,-0.5122208753643259,-0.011994315279076129,-0.1407623365312468,-0.7491446019643557,-0.09519264517695478,-0.1911395942318081,-0.7179134573592216,-0.16041559640042802,-0.22217264432770556,-0.6252175154190107,-0.18937343326971753,-0.05127062118979402,-0.5008811224121898,-0.03188625850374438,-0.05916022684420681,-0.7173131229246071,-0.09545362041908612,-0.11491520695942517,-0.7023205033798086,-0.1397655008429884,-0.1438917174075609,-0.6111602503574474,-0.15623154854916121,0.03056397832677566,-0.46067362010766716,-0.05860353684276237,0.01659254239551533,-0.6332997665524858,-0.09733137019337092,-0.03565083450567725,-0.6560561506388713,-0.12243073607714806,-0.0751341126965686,-0.6019846954063206,-0.13474439602089136
0.0,0.0,0.0,-0.14093227788407647,-0.06885135063652785,-0.057386407866599015,-0.2388131175418746,-0.2301729678439004,-0.08994138879357409,-0.28850796795449135,-0.3706052186982666,-0.12751386690807504,-0.2586543669782707,-0.49276946136444466,-0.16223380125427464,-0.1942854761920212,-0.49777518965357415,-0.004838602790086899,-0.22769849003451142,-0.7160128583612091,-0.05046038406117696,-0.2552982473024921,-0.8470403006650138,-0.09719891691318583,-0.2695837602321455,-0.9535218512477892,-0.13442305123209747,-0.11952330288524463,-0.5096359104832036,-0.01530560898221632,-0.13736602984668433,-0.7488226227289898,-0.09959811890699471,-0.18550555031298582,-0.7133143341905186,-0.1626560148973849,-0.2131149709715788,-0.6166893335272086,-0.18905867325945808,-0.046261495025304925,-0.4979394683063705,-0.03460046655405273,-0.055262348600273674,-0.7139459039326037,-0.09793765889742687,-0.10954627160482083,-0.6973122680686589,-0.13924496235782552,-0.13647165109898757,-0.6063598377051295,-0.15319560018079414,0.0364102756311024,-0.45743040554793757,-0.060644946147108594,0.02333755667863287,-0.6291100955382141,-0.09841787454020604,-0.030102537919597137,-0.6547606011096407,-0.12203635212033592,-0.07108607550879785,-0.6054172705261787,-0.13305576201350733
0.0,0.0,0.0,-0.14388543244845903,-0.07015366131956877,-0.05787337112943214,-0.24207229993666018,-0.22883133198910174,-0.08910809654862642,-0.28669018222799547,-0.3763000853433284,-0.1259394590995709,-0.25213528827087195,-0.5002844780774085,-0.16005695028385414,-0.19448256014696932,-0.4984467723993815,0.0026869395031697088,-0.22925780279600066,-0.7147943784867188,-0.03979515155808887,-0.2559195419247548,-0.8462022076501213,-0.08596108471051245,-0.2702536215989432,-0.9547017726050994,-0.12398003256591131,-0.11974394824950675,-0.5123284088506934,-0.00798602746703063,-0.1364563386711266,-0.7457591613948245,-0.0885480457536223,-0.18028255169880264,-0.7117776855497324,-0.15358028817022754,-0.20575411640822971,-0.6221389640826176,-0.1835433776603243,-0.04591844899238441,-0.5013123244813661,-0.028011324592955966,-0.05376069961614299,-0.7167939905215173,-0.09203820939004312,-0.10437553251400533,-0.6936825199442634,-0.13742559880808064,-0.12765434963304126,-0.5984199716982296,-0.15482196542126764,0.03776072907202456,-0.46267284049483665,-0.05461164681352566,0.021708814310260744,-0.636302741774322,-0.0944516080436541,-0.028758028306654852,-0.6501557894460791,-0.12013679301443195,-0.06415268290598483,-0.5883565893725691,-0.1330849718900715
0.0,0.0,0.0,-0.14549825277910677,-0.06964318453906398,-0.05724230411062782,-0.24316366492416083,-0.22555981466442004,-0.08819210298604416,-0.28483993546732334,-0.37297236802684064,-0.12470312265994549,-0.24757972861856378,-0.4945339366791853,-0.15817301811885626,-0.19183213288408762,-0.5010120067482515,0.005147704585024607,-0.22696036869919878,-0.7174123396233133,-0.03567597883840621,-0.25338831226527125,-0.847951976130844,-0.0813438095827779,-0.26848605350870647,-0.9557948874733351,-0.11949349554907351,-0.11563556977411804,-0.5128700252579818,-0.005789220431966599,-0.12701248261734893,-0.7442788569300385,-0.08597076287433303,-0.1716088644023559,-0.7093825383381467,-0.1518148488382551,-0.19968094710055195,-0.6199837131753644,-0.18262851479790188,-0.041988107675892325,-0.5004637696675256,-0.025972389830981536,-0.04482391851120656,-0.712477620135852,-0.08913369889632405,-0.09557010084446395,-0.6908818948240649,-0.13469560208476172,-0.11996805610349884,-0.597602423551736,-0.15274480140574642,0.041947655448646454,-0.4607842254196008,-0.052749550890821374,0.029239561412196947,-0.6311949864327241,-0.09147103887021382,-0.022217117193419855,-0.6440441163690511,-0.11672897826532727,-0.05942910421586312,-0.5826875190217364,-0.12986327310374782
0.0,0.0,0.0,-0.1473120522753758,-0.06734251801235008,-0.05881089727927703,-0.246204212234815,-0.21989045869035362,-0.0901643270218151,-0.2862985036478469,-0.37130945127914583,-0.12739294310707966,-0.24328049055071896,-0.4932147617469925,-0.16159302031856154,-0.19302904331948328,-0.5006346386275614,0.009057544585904851,-0.23136555078042279,-0.7157107509779551,-0.030928528639524704,-0.25830834329171093,-0.8457926474317099,-0.07694684904443128,-0.27380021963856865,-0.9546987561720648,-0.11617633552919457,-0.1167124741101738,-0.5137082416043132,-0.001596988780081239,-0.13112445288933486,-0.7424202044236841,-0.0812491330529573,-0.17197125709145783,-0.7056076977510926,-0.14912319251435724,-0.19731291396387787,-0.6182052619689694,-0.18218826220310572,-0.042837954314914696,-0.5019648380361885,-0.021964755043522462,-0.04752739560680463,-0.7140072410109433,-0.08653582326533625,-0.09428434927304385,-0.6867450638678949,-0.13472496893307315,-0.11516860148808872,-0.5893098299612476,-0.15469564379852752,0.041848921145182114,-0.4632974158589964,-0.049072172696454766,0.02617372009400113,-0.6327326214011992,-0.09025511851408512,-0.023512794278173356,-0.638123227059205,-0.11818361164278599,-0.05797539677681751,-0.5693775433435218,-0.13337596437495497
0.0,0.0,0.0,-0.1483568192710174,-0.06426838266873786,-0.05980155215659388,-0.2470064993667155,-0.21359070595870538,-0.09143517558403289,-0.28419957762352566,-0.3676167231214438,-0.12931338422670385,-0.2390030255764306,-0.4918189250388298,-0.1640577424126791,-0.19235556019509686,-0.4977387459512853,0.013260128550363966,-0.2329745376665715,-0.7142774150352234,-0.025569847129227732,-0.2602403241492828,-0.844195502019974,-0.07069651746666653,-0.2759224855806894,-0.954864325373295,-0.10958820810339272,-0.1162652856851509,-0.5112787365450412,0.0028706217477050913,-0.1354096018453501,-0.7371284243614351,-0.07720487873429963,-0.17249829372207384,-0.6930628502539158,-0.1457820750507388,-0.19279002866682293,-0.6042266844050743,-0.17903350146800595,-0.042895943124683374,-0.5003629918569223,-0.01760848202973666,-0.05135075611144101,-0.7115729178770249,-0.08429243198343449,-0.09522834795722063,-0.6738726234293657,-0.13302116943339248,-0.11119134641993371,-0.5721756010451016,-0.15259032677056678,0.04198491320551309,-0.46402558928484655,-0.04480918190699992,0.021647648289041914,-0.6309090374761499,-0.08790516539079607,-0.02658038471054977,-0.6245224388552291,-0.11627426196968349,-0.05573885978434652,-0.5477823838363707,-0.13133590578285995
0.0,0.0,0.0,-0.1462238977893855,-0.06401388776514778,-0.05631876709610885,-0.24535974552713158,-0.21032987880095877,-0.08524995554239348,-0.27865579746783875,-0.36358045089825763,-0.12025021260185204,-0.23292754481384315,-0.486527497379926,-0.15165546484219197,-0.1976258311105653,-0.5040290201439972,0.017223862557460674,-0.24098221259579045,-0.7179218231542099,-0.01819738918920011,-0.26732685736279194,-0.8442563279534625,-0.060324122315643956,-0.2816445322525153,-0.9544649283824969,-0.0971598069480121,-0.11936036291162642,-0.5198670863494397,0.0061441965061830054,-0.13829064513223682,-0.7439243536011526,-0.06851693531043612,-0.17244143436565962,-0.6934127566003745,-0.1317939699673054,-0.18908067731078282,-0.6026889420192614,-0.16174173619226442,-0.04432474800903177,-0.5089972040347728,-0.014994148245952358,-0.052966952248324685,-0.7181044464492654,-0.07714191592722716,-0.09503861775324202,-0.6755342213869995,-0.12078474757126996,-0.10741747534163784,-0.5751372804733119,-0.1377213676877033,0.04170831179306635,-0.4725045995867626,-0.04276951636367984,0.02137761581944446,-0.6403260664018118,-0.08219405264000806,-0.025992977402678447,-0.626324664705548,-0.10623355485304738,-0.05153056753188882,-0.547195289291765,-0.11859304122891207
0.0,0.0,0.0,-0.14407280673109624,-0.06223045123700682,-0.054870185050652304,-0.241863099151525,-0.20835879078671704,-0.08212570299372345,-0.2663586726357404,-0.362243659529466,-0.11520881589019016,-0.21980447838810802,-0.48197320193986926,-0.14490776124471053,-0.20300971614633428,-0.5027338315763303,0.013763640807917435,-0.24970088927290685,-0.7148528706325381,-0.02218288824902909,-0.27472456501212106,-0.8413434003630309,-0.06398112500165706,-0.2863775933815784,-0.9527447071742996,-0.10055829783959087,-0.122324878032008,-0.5208563235669044,0.002434048550714325,-0.1370202769345394,-0.7430791901771356,-0.07217295328528966,-0.16878993742939025,-0.6877139596017879,-0.13384446093767877,-0.1847156647413865,-0.5965457313156625,-0.16290628432518012,-0.045040623853351516,-0.5112649325911818,-0.01868488347073586,-0.04869341933213169,-0.7183407146094904,-0.08110798449654932,-0.08978016366287969,-0.6725628894018216,-0.12408234055779899,-0.10211041397045481,-0.571958148885086,-0.14073328916704686,0.041763526761674656,-0.475104000595141,-0.046265666629166854,0.025352414527616943,-0.640645177485403,-0.08618595976551466,-0.021199553169102613,-0.6249255456537146,-0.11023460866066098,-0.04640630456335884,-0.546567761191648,-0.12273632086951684
0.0,0.0,0.0,-0.14400594281717494,-0.06231284548459796,-0.05603129169000072,-0.2400077917429208,-0.20742396917733386,-0.08363274366476972,-0.25476080574095233,-0.3614838819959484,-0.11635662209798235,-0.2074608680440061,-0.4818023807632519,-0.1457300101747989,-0.20394756887935522,-0.5025394636587189,0.008490565165982077,-0.25116903974084875,-0.7138282457473291,-0.02758762997765061,-0.27586020692207913,-0.8400647351260151,-0.0682630410351262,-0.2869032588323166,-0.9522312049926247,-0.10417262635847702,-0.12103744423874761,-0.5229700163062824,-0.0025167709315585493,-0.13517949320654551,-0.7457001938707501,-0.07747620823442924,-0.1654153581631972,-0.682661965409276,-0.13665934416535325,-0.17982888062802593,-0.5880787584836518,-0.16376644706969723,-0.042574102974143546,-0.5131112589123977,-0.023224909114305962,-0.044220987719222296,-0.7173126401134967,-0.08709349005079542,-0.08443181666244291,-0.6659884263737565,-0.12807305561113153,-0.09568112048608898,-0.5653140046527174,-0.14317374620913315,0.045638811280632255,-0.47616134479237526,-0.050404532159264534,0.03060831709207889,-0.6381991392465907,-0.09184830789352597,-0.015750708830183886,-0.618483511041763,-0.11524624435299238,-0.04088235298502696,-0.5403782633809657,-0.12716440933481624
0.0,0.0,0.0,-0.14494887831228476,-0.06250305409447283,-0.0573885349420086,-0.23582758512905835,-0.21108576791748226,-0.08331399426415137,-0.23561588004755957,-0.3691239245693041,-0.11333960082677613,-0.1877077693521338,-0.48652057914621005,-0.1401941209810996,-0.21175000548438605,-0.4955412123720775,0.005846894608854532,-0.25972355110336576,-0.7064813076448643,-0.03098519788242297,-0.2827964263636803,-0.8354211770425624,-0.07124602218840306,-0.29388058124449074,-0.9498197635756682,-0.10663444080918433,-0.12546550877122434,-0.5229942482581146,-0.002951390246172577,-0.14208472878043116,-0.7434382275053217,-0.07919341358541696,-0.15620046593537007,-0.6789944893908294,-0.1376129273039695,-0.16023199089501977,-0.5837098226093604,-0.16302545136675162,-0.04479099888727219,-0.517359450237907,-0.02135115669161554,-0.04648859177311606,-0.7170903450419929,-0.08680390172635072,-0.0756074549352553,-0.6669461594605377,-0.1271229308873612,-0.08211111060650092,-0.5674256266708981,-0.14049620593431894,0.04274780485044421,-0.4835534122405699,-0.046180055540739444,0.030689514952452642,-0.6393681120167227,-0.08985265613886051,-0.00868341989375502,-0.6245671049681569,-0.1143183966655938,-0.030736933694878815,-0.5531002974144738,-0.12594055005498317
0.0,0.0,0.0,-0.1423359390232329,-0.060182943459484745,-0.061707504704666245,-0.22953275389594266,-0.21172006467743945,-0.08915140924609419,-0.22525211858311706,-0.3726345934988262,-0.11947155869051138,-0.1775962442339442,-0.4902114311672722,-0.14661856413255492,-0.21268560210001447,-0.49040571024316937,-0.0015243262561482752,-0.26280607191049765,-0.7022033454196042,-0.040635090264779634,-0.2849177909721394,-0.8329650765902827,-0.081137227289595,-0.29431119824456664,-0.9485862809326445,-0.11586707635789942,-0.12496521244570238,-0.5207540083418192,-0.007382700162535498,-0.14160704725604878,-0.7399087504672975,-0.08640841764820058,-0.1475733324068823,-0.6706797787549648,-0.1441270760009622,-0.14564054452591726,-0.5736102796669608,-0.1676223029206211,-0.04310965372330043,-0.5180825204060634,-0.02283358967632418,-0.04589507346553382,-0.7122503553701636,-0.0900832499327878,-0.06917681618536281,-0.6605365863086008,-0.12972535004777824,-0.07246966771231539,-0.561650730530563,-0.1414365217187191,0.04401520682302977,-0.48779361543264277,-0.04491512193726188,0.03239206811305805,-0.6398400480317994,-0.089135001414792,-0.002622568408451294,-0.6267843764749295,-0.11340603205177706,-0.021746326209479767,-0.5579922999819966,-0.12413369479030495
0.0,0.0,0.0,-0.14166337298275172,-0.05950232233501871,-0.06523354360354139,-0.2268597715491587,-0.21175267251849722,-0.09418880064637708,-0.2199057791247509,-0.3740103935045874,-0.12535157588596094,-0.17206891208281022,-0.4936794548825012,-0.15334149881742865,-0.2132048847453818,-0.48638124942070166,-0.006260778025139272,-0.2643362486060429,-0.6985439303736021,-0.04713519483432126,-0.28675322680122906,-0.8306858872420715,-0.08835181665980371,-0.29530115983005445,-0.9473646035767174,-0.12317373769711587,-0.12477900470715486,-0.5182986098083748,-0.010318432683709711,-0.14070979630690666,-0.7394303577990509,-0.09084650891110888,-0.1454473002393739,-0.6692081681782714,-0.14872240985339177,-0.14207555702516922,-0.5702001769452297,-0.1718077947339422,-0.04235796500392927,-0.5166870425900005,-0.024194548907409,-0.044289933863476336,-0.7114459737769563,-0.09253055920184877,-0.06756951678290432,-0.6600549267849779,-0.1329488251148716,-0.07105556860028911,-0.5598657493001871,-0.14472573747575745,0.044800224334350075,-0.4875794502936765,-0.04494577000260676,0.03459486862419835,-0.6396136100327952,-0.08995521820665386,-0.0004561436454542792,-0.6282548454510104,-0.11526073569499529,-0.02062591609582581,-0.5589910160003542,-0.12644565226947113
0.0,0.0,0.0,-0.13695973272869438,-0.058883865444937886,-0.06748178351581824,-0.21627112628245054,-0.2071803336143505,-0.097121038877315,-0.19797962489889567,-0.3672021941294116,-0.12746850719553482,-0.1469661761830557,-0.4817937574212737,-0.1547600765851858,-0.21162515264228104,-0.48332326694267913,-0.013900037068826938,-0.26411436384117404,-0.6976364690102045,-0.054467285681679425,-0.2859750427901593,-0.8305175761671972,-0.09458968392588077,-0.2950846098978732,-0.9467080777930266,-0.1287420774194426,-0.12100178378722759,-0.5177689898104431,-0.016327077567865014,-0.1374534241687126,-0.7297685105717424,-0.09679299044887507,-0.131191115908048,-0.6575386739937672,-0.15352346357628754,-0.1223317348348792,-0.5601193291768753,-0.17578189179311943,-0.03756886534730176,-0.5174519092461196,-0.02808855302990534,-0.03824999525324658,-0.7051507591839314,-0.09707456650796346,-0.04895847642236576,-0.6517382854622873,-0.13563271845833508,-0.04728444223680103,-0.555497741536316,-0.14585060713378764,0.047981290366347934,-0.4887549028804702,-0.04665597895464114,0.0389789397497568,-0.6355921673526059,-0.09280004844728472,0.015364329813780418,-0.6224480520494857,-0.11653758800580079,0.003252741069559596,-0.5587336289039884,-0.12596878044790694
0.0,0.0,0.0,-0.13506847118902782,-0.0625916686857896,-0.07174222868649521,-0.20705297867737282,-0.2081929390084658,-0.1007444826311149,-0.1747751710624479,-0.36824800029173776,-0.12848604680353815,-0.11912832136170752,-0.47828824916204826,-0.15282452838067517,-0.21124300331873533,-0.4830805966908388,-0.016471894896230042,-0.2632823486526269,-0.6985006045936479,-0.05497388667382416,-0.2852916559126971,-0.8308908125440246,-0.09387119452143625,-0.2957227568518699,-0.9467153416691614,-0.127391913911704,-0.11802741299009685,-0.5201176121204225,-0.015373483242390342,-0.13340238452063982,-0.7254668643764994,-0.09235865232904081,-0.11722763148073048,-0.6502707896454922,-0.14680510434481236,-0.10339660900453052,-0.5540818455907632,-0.1678944400955716,-0.034025267431882215,-0.5202688683963188,-0.023979922752160904,-0.03449242699163581,-0.7017007809133409,-0.09108424190161037,-0.03572399030357713,-0.6450203217731818,-0.12780132415715395,-0.030088570504231898,-0.5516692773070582,-0.13689247642348257,0.05049072034714599,-0.4914524384281841,-0.03977220555293383,0.041878268406242466,-0.6353273821979869,-0.0850162114239652,0.026226018423665017,-0.6183038274025279,-0.10686294603474933,0.019362916230824315,-0.5554952636962249,-0.1147824684723118
0.0,0.0,0.0,-0.13193860621152506,-0.057916895696877135,-0.07876537640999295,-0.19916567242313793,-0.20204025188167934,-0.1104848196362884,-0.16272477237125507,-0.36317333563296245,-0.13957006021787677,-0.11024368137534145,-0.4760198601987765,-0.16529087035221052,-0.21093268633370754,-0.47854652666861786,-0.0221113839442317,-0.26346408120354603,-0.6934137259367894,-0.06073261155602607,-0.28644714102908114,-0.8280720142424444,-0.09978017831051257,-0.2974819989808156,-0.9453098733260603,-0.1335156423476808,-0.11668661580736138,-0.5171735874563582,-0.017446585359764864,-0.13113813699628452,-0.7202724170053338,-0.09590305642579112,-0.109459582179295,-0.6484099778800848,-0.1530922152301002,-0.09207176641913895,-0.5525083160232527,-0.1757537096835688,-0.03137860509295122,-0.5178220883826965,-0.022662857914203003,-0.03190503797599766,-0.6955131007729323,-0.0924906098633522,-0.02670567221802394,-0.6414159659033722,-0.13311860930311165,-0.018460721641438402,-0.5486878999664944,-0.1441115062334764,0.05172427278195356,-0.49026954922015364,-0.03520735429725954,0.04301536029049169,-0.6326637807614006,-0.08325065099221887,0.033525521985136,-0.6162891604912732,-0.10777520921163136,0.030623712403937298,-0.5546225802281116,-0.11704212838387024
0.0,0.0,0.0,-0.12822313170911873,-0.05224123394139768,-0.09129164903908735,-0.19230976799411378,-0.18904301609678287,-0.1292544757718791,-0.15365974654317527,-0.34514492584252526,-0.16217883876909334,-0.10029866621123185,-0.45735304919167846,-0.19130228162885277,-0.21037235217727512,-0.4721335818613936,-0.03426308255752295,-0.2627940182557713,-0.6895949524071199,-0.07408817044241559,-0.2857767122625666,-0.825862780749363,-0.11415876314392562,-0.2962873647891452,-0.9432807428206696,-0.1488639760320697,-0.11516923955780606,-0.5106665908386068,-0.023610350419762432,-0.1282939042159094,-0.7093022002483838,-0.10544991539990733,-0.10034035034666201,-0.6386415862839925,-0.1662768173841176,-0.07819834756686311,-0.542423097360449,-0.1912568359283302,-0.029605742176253315,-0.5127679437054333,-0.023446304682231044,-0.030434871903869287,-0.6860336641928504,-0.09670640829784194,-0.016847215573781438,-0.6362879569175932,-0.14290728007797807,-0.0031667021488113326,-0.5444742823347191,-0.15718415957897108,0.05241065011594062,-0.48987324262760135,-0.031253761263648025,0.044355088090885786,-0.6312129493009424,-0.08257358763646229,0.04279218807390256,-0.61779648137814,-0.11159640335631321,0.045640407571813535,-0.5582361032184227,-0.12380294182636546
0.0,0.0,0.0,-0.12541470258778906,-0.052873413012851596,-0.10116034351339731,-0.18619040990449337,-0.1899590244539942,-0.14263245895355006,-0.14624669122823247,-0.3452139564700707,-0.17809743536828704,-0.09171048091983675,-0.45973767775464847,-0.20952438233034454,-0.2129192273949806,-0.4702077762045151,-0.03321734723875232,-0.26646420985840075,-0.6871048345753317,-0.07284593582016072,-0.289449473574267,-0.8243683776673598,-0.1156397764815858,-0.29886937024542526,-0.9418513253368647,-0.15306675023599803,-0.11731862165379879,-0.5059157464218915,-0.01865499003949171,-0.12767722799405823,-0.701757007128725,-0.1056168616529835,-0.09398783594815603,-0.6371193516249676,-0.17603621325050767,-0.06686478491640264,-0.543007004091853,-0.20723765774857683,-0.03149161157563965,-0.5076733705788201,-0.015468324263633348,-0.02971368132893649,-0.6805746240161363,-0.0952834458120358,-0.011049424689012311,-0.6374103747903299,-0.15272610140882487,0.006043530976570706,-0.5447728320344828,-0.17338428181205284,0.05056078437000426,-0.48793578595630505,-0.020517522672093762,0.04395159593247791,-0.6302142548290772,-0.07720088394537006,0.047236519460102405,-0.6209246521944024,-0.11343055573988489,0.05342104614418518,-0.5618568392211281,-0.1303770905327036
0.0,0.0,0.0,-0.1210091798994779,-0.049323238226499394,-0.10808091378486047,-0.1789015621120621,-0.18625055491633113,-0.15483798307037083,-0.1379387040480296,-0.3395543226526801,-0.19457833176028405,-0.08255655212391108,-0.45651368655826585,-0.2303501037839712,-0.2096298403464935,-0.46926713153094823,-0.04283641104008435,-0.26271940574627684,-0.6855501511329118,-0.0851100975177965,-0.2853362408938941,-0.8232208838074344,-0.12933724637232896,-0.29448422943399344,-0.9406645687703037,-0.16767057822028375,-0.1156024249218908,-0.503606066964612,-0.02597488529615937,-0.12397769375488339,-0.6971732264025132,-0.1162635469587868,-0.08874965372028355,-0.6321637397314128,-0.18831730681647896,-0.060775349099939174,-0.538235996604068,-0.22056765992216842,-0.030852703320892103,-0.5047444773519609,-0.02080294886003073,-0.029853124754142715,-0.6781151097500502,-0.10373160953492401,-0.008753938325521762,-0.6348558016365117,-0.16263715283899588,0.01040197071692051,-0.5425183286889643,-0.1840458862767597,0.05096689344057445,-0.4862480271685078,-0.024224205905894,0.04449844960010045,-0.6302492521926308,-0.08276608497560732,0.050383509056718984,-0.6237818464686311,-0.1202920449508709,0.05816166300162504,-0.5676897285073135,-0.13822363426900589
